row_num,ocr_text,current_classification,simulated_result,review_pathway,pathway_group,matched_brand,match_type,invalidation_reason,fuzzy_garbage_match,is_maybe_product,pattern_matched,garbage_assessment,assessment_reason,assessment_confidence,failure_pattern
95,KRISHNA PHARMA,REVIEW,REVIEW,NO_MATCH_FALLBACK,FALLBACK:AMBIGUOUS_NO_BRAND,,,,,False,,CANDIDATE FOR 1,company-like name without pharma dosage form,MODERATE,PHARMA_COMPANY_NAME
719,CURENAL 4T,REVIEW,REVIEW,NO_MATCH_FALLBACK,FALLBACK:AMBIGUOUS_NO_BRAND,,,,,False,,KEEP REVIEW,insufficient evidence; could be product or ambiguous OCR,LOW,INSUFFICIENT_EVIDENCE
832,NICOACE PLUS 10T,REVIEW,REVIEW,NO_MATCH_FALLBACK,FALLBACK:AMBIGUOUS_NO_BRAND,,,,,False,,KEEP REVIEW,insufficient evidence; could be product or ambiguous OCR,LOW,INSUFFICIENT_EVIDENCE
887,SAV HF100 10T,REVIEW,REVIEW,NO_MATCH_FALLBACK,FALLBACK:AMBIGUOUS_NO_BRAND,,,,,False,,KEEP REVIEW,insufficient evidence; could be product or ambiguous OCR,LOW,INSUFFICIENT_EVIDENCE
1109,Totals: 464937.00 --,REVIEW,REVIEW,NO_MATCH_FALLBACK,FALLBACK:AMBIGUOUS_NO_BRAND,,,,,False,,KEEP REVIEW,insufficient evidence; could be product or ambiguous OCR,LOW,INSUFFICIENT_EVIDENCE
1422,FDC BEDSEET,REVIEW,1,GARBAGE:pattern_garbage,GARBAGE:pattern_garbage,,,,,False,\b(BEDSHEET|BEDSEET|HOTPOT|TOWEL|DUFFAL|ELETRAL|WATER\s+JAR|CHOCOLATE)\b,KEEP REVIEW,insufficient evidence; could be product or ambiguous OCR,LOW,INSUFFICIENT_EVIDENCE
1425,MILTON WATER JAR,REVIEW,1,GARBAGE:pattern_garbage,GARBAGE:pattern_garbage,,,,,False,\b(BEDSHEET|BEDSEET|HOTPOT|TOWEL|DUFFAL|ELETRAL|WATER\s+JAR|CHOCOLATE)\b,KEEP REVIEW,insufficient evidence; could be product or ambiguous OCR,LOW,INSUFFICIENT_EVIDENCE
1426,MILTONHOTPOT,REVIEW,REVIEW,NO_MATCH_FALLBACK,FALLBACK:AMBIGUOUS_NO_BRAND,,,,,False,,KEEP REVIEW,insufficient evidence; could be product or ambiguous OCR,LOW,INSUFFICIENT_EVIDENCE
1431,STEEL GLASSSET,REVIEW,REVIEW,NO_MATCH_FALLBACK,FALLBACK:AMBIGUOUS_NO_BRAND,,,,,False,,KEEP REVIEW,insufficient evidence; could be product or ambiguous OCR,LOW,INSUFFICIENT_EVIDENCE
1749,ESPIN,REVIEW,REVIEW,NO_MATCH_FALLBACK,FALLBACK:VERY_SHORT,,,,,False,,KEEP REVIEW,insufficient evidence; could be product or ambiguous OCR,LOW,INSUFFICIENT_EVIDENCE
3368,NUCARE,REVIEW,REVIEW,NO_MATCH_FALLBACK,FALLBACK:AMBIGUOUS_NO_BRAND,,,,,False,,KEEP REVIEW,insufficient evidence; could be product or ambiguous OCR,LOW,INSUFFICIENT_EVIDENCE
3821,VONADAY600/300/3001X,REVIEW,REVIEW,NO_MATCH_FALLBACK,FALLBACK:AMBIGUOUS_NO_BRAND,,,,,False,,KEEP REVIEW,insufficient evidence; could be product or ambiguous OCR,LOW,INSUFFICIENT_EVIDENCE
3838,GALACTGRANULESE1X400 G,REVIEW,REVIEW,NO_MATCH_FALLBACK,FALLBACK:AMBIGUOUS_NO_BRAND,,,,,False,,KEEP REVIEW,insufficient evidence; could be product or ambiguous OCR,LOW,INSUFFICIENT_EVIDENCE
3887,SYLATE 500 NEW 1X10TAB,REVIEW,REVIEW,NO_MATCH_FALLBACK,FALLBACK:AMBIGUOUS_NO_BRAND,,,NEW_without_NORMET,,False,,CANDIDATE FOR 1,brand invalidated (NEW_without_NORMET) + no pharma signal,MODERATE,INVALIDATED_NO_PHARMA
4495,Totals 175972.00 287469.00 152052.00 427.49,REVIEW,REVIEW,NO_MATCH_FALLBACK,FALLBACK:AMBIGUOUS_NO_BRAND,,,,,False,,KEEP REVIEW,insufficient evidence; could be product or ambiguous OCR,LOW,INSUFFICIENT_EVIDENCE
4519,Totals 175972.00 287469.00 152052.00 427.49,REVIEW,REVIEW,NO_MATCH_FALLBACK,FALLBACK:AMBIGUOUS_NO_BRAND,,,,,False,,KEEP REVIEW,insufficient evidence; could be product or ambiguous OCR,LOW,INSUFFICIENT_EVIDENCE
4593,Totals 71828.00 157995.00 123529.00 24815.77,REVIEW,REVIEW,NO_MATCH_FALLBACK,FALLBACK:AMBIGUOUS_NO_BRAND,,,,,False,,KEEP REVIEW,insufficient evidence; could be product or ambiguous OCR,LOW,INSUFFICIENT_EVIDENCE
4825,HAJI ENTERPRISES,REVIEW,1,GARBAGE:pattern_garbage,GARBAGE:pattern_garbage,,,,,False,\b(AGENCIES?|DISTRIBUTORS?|MEDICO[SE]?|CORPORATION|ENTERPRISES?|TRADERS?|TRADING)\b,KEEP REVIEW,insufficient evidence; could be product or ambiguous OCR,LOW,INSUFFICIENT_EVIDENCE
4864,HAJI ENTERPRISES,REVIEW,1,GARBAGE:pattern_garbage,GARBAGE:pattern_garbage,,,,,False,\b(AGENCIES?|DISTRIBUTORS?|MEDICO[SE]?|CORPORATION|ENTERPRISES?|TRADERS?|TRADING)\b,KEEP REVIEW,insufficient evidence; could be product or ambiguous OCR,LOW,INSUFFICIENT_EVIDENCE
4908,HAJI ENTERPRISES,REVIEW,1,GARBAGE:pattern_garbage,GARBAGE:pattern_garbage,,,,,False,\b(AGENCIES?|DISTRIBUTORS?|MEDICO[SE]?|CORPORATION|ENTERPRISES?|TRADERS?|TRADING)\b,KEEP REVIEW,insufficient evidence; could be product or ambiguous OCR,LOW,INSUFFICIENT_EVIDENCE
4952,HAJI ENTERPRISES,REVIEW,1,GARBAGE:pattern_garbage,GARBAGE:pattern_garbage,,,,,False,\b(AGENCIES?|DISTRIBUTORS?|MEDICO[SE]?|CORPORATION|ENTERPRISES?|TRADERS?|TRADING)\b,KEEP REVIEW,insufficient evidence; could be product or ambiguous OCR,LOW,INSUFFICIENT_EVIDENCE
4996,HAJI ENTERPRISES,REVIEW,1,GARBAGE:pattern_garbage,GARBAGE:pattern_garbage,,,,,False,\b(AGENCIES?|DISTRIBUTORS?|MEDICO[SE]?|CORPORATION|ENTERPRISES?|TRADERS?|TRADING)\b,KEEP REVIEW,insufficient evidence; could be product or ambiguous OCR,LOW,INSUFFICIENT_EVIDENCE
5133,Totals 24865.00 65337.00 17381.11,REVIEW,REVIEW,NO_MATCH_FALLBACK,FALLBACK:AMBIGUOUS_NO_BRAND,,,,,False,,KEEP REVIEW,insufficient evidence; could be product or ambiguous OCR,LOW,INSUFFICIENT_EVIDENCE
5243,DAPAGZAM10/1000 10,REVIEW,REVIEW,NO_MATCH_FALLBACK,FALLBACK:AMBIGUOUS_NO_BRAND,,,,,False,,KEEP REVIEW,insufficient evidence; could be product or ambiguous OCR,LOW,INSUFFICIENT_EVIDENCE
5638,ZOLINEG 1MIU INJECTION 1MIU,REVIEW,REVIEW,NO_MATCH_FALLBACK,FALLBACK:AMBIGUOUS_NO_BRAND,,,,,False,,KEEP REVIEW,insufficient evidence; could be product or ambiguous OCR,LOW,INSUFFICIENT_EVIDENCE
6519,MAHESH PHARMA,REVIEW,REVIEW,NO_MATCH_FALLBACK,FALLBACK:AMBIGUOUS_NO_BRAND,,,,,False,,CANDIDATE FOR 1,company-like name without pharma dosage form,MODERATE,PHARMA_COMPANY_NAME
6679,DYDROFEMTAB,REVIEW,REVIEW,NO_MATCH_FALLBACK,FALLBACK:AMBIGUOUS_NO_BRAND,,,,,False,,KEEP REVIEW,insufficient evidence; could be product or ambiguous OCR,LOW,INSUFFICIENT_EVIDENCE
6680,EMDYDROTAB,REVIEW,REVIEW,NO_MATCH_FALLBACK,FALLBACK:AMBIGUOUS_NO_BRAND,,,,,False,,KEEP REVIEW,insufficient evidence; could be product or ambiguous OCR,LOW,INSUFFICIENT_EVIDENCE
6683,ENHEMO1000MGINJECTION,REVIEW,REVIEW,NO_MATCH_FALLBACK,FALLBACK:AMBIGUOUS_NO_BRAND,,,,,False,,KEEP REVIEW,insufficient evidence; could be product or ambiguous OCR,LOW,INSUFFICIENT_EVIDENCE
6684,ENHEMO500MGINJECTION,REVIEW,REVIEW,NO_MATCH_FALLBACK,FALLBACK:AMBIGUOUS_NO_BRAND,,,,,False,,KEEP REVIEW,insufficient evidence; could be product or ambiguous OCR,LOW,INSUFFICIENT_EVIDENCE
6687,FEMZACTCAPS,REVIEW,REVIEW,NO_MATCH_FALLBACK,FALLBACK:AMBIGUOUS_NO_BRAND,,,,,False,,KEEP REVIEW,insufficient evidence; could be product or ambiguous OCR,LOW,INSUFFICIENT_EVIDENCE
6689,MVISTACAPS,REVIEW,REVIEW,NO_MATCH_FALLBACK,FALLBACK:AMBIGUOUS_NO_BRAND,,,,,False,,KEEP REVIEW,insufficient evidence; could be product or ambiguous OCR,LOW,INSUFFICIENT_EVIDENCE
6693,OROFERCAPS,REVIEW,REVIEW,NO_MATCH_FALLBACK,FALLBACK:AMBIGUOUS_NO_BRAND,,,,,False,,KEEP REVIEW,insufficient evidence; could be product or ambiguous OCR,LOW,INSUFFICIENT_EVIDENCE
7949,BAREILLY PHARMACEUTICALS PVT LTD,REVIEW,1,GARBAGE:pattern_garbage,GARBAGE:pattern_garbage,,,,,False,\b(PVT\.?\s+)?LTD\.?\s*$,CANDIDATE FOR 1,company/entity keyword (PHARMACEUTICALS/BIOPHARMA/HOSPITAL etc.),STRONG,COMPANY_ENTITY
8008,BAREILLY PHARMACEUTICALS PVT LTD,REVIEW,1,GARBAGE:pattern_garbage,GARBAGE:pattern_garbage,,,,,False,\b(PVT\.?\s+)?LTD\.?\s*$,CANDIDATE FOR 1,company/entity keyword (PHARMACEUTICALS/BIOPHARMA/HOSPITAL etc.),STRONG,COMPANY_ENTITY
8067,BAREILLY PHARMACEUTICALS PVT LTD,REVIEW,1,GARBAGE:pattern_garbage,GARBAGE:pattern_garbage,,,,,False,\b(PVT\.?\s+)?LTD\.?\s*$,CANDIDATE FOR 1,company/entity keyword (PHARMACEUTICALS/BIOPHARMA/HOSPITAL etc.),STRONG,COMPANY_ENTITY
10396,ZZZZZZ 5015,REVIEW,REVIEW,NO_MATCH_FALLBACK,FALLBACK:AMBIGUOUS_NO_BRAND,,,,,False,,CANDIDATE FOR 1,all long alpha tokens lack vowels: ['ZZZZZZ'] → OCR noise,MODERATE,NO_VOWEL_OCR_NOISE
10987,PHARMA NXT,REVIEW,REVIEW,NO_MATCH_FALLBACK,FALLBACK:AMBIGUOUS_NO_BRAND,,,,,False,,CANDIDATE FOR 1,company-like name without pharma dosage form,MODERATE,PHARMA_COMPANY_NAME
11014,NUSURGE,REVIEW,REVIEW,NO_MATCH_FALLBACK,FALLBACK:AMBIGUOUS_NO_BRAND,,,,,False,,CANDIDATE FOR 1,starts with known Emcure company/division prefix,STRONG,COMPANY_DIVISION_PREFIX
11029,PHARMA,REVIEW,REVIEW,NO_MATCH_FALLBACK,FALLBACK:AMBIGUOUS_NO_BRAND,,,,,False,,CANDIDATE FOR 1,company-like name without pharma dosage form,MODERATE,PHARMA_COMPANY_NAME
11088,NUCRON,REVIEW,REVIEW,NO_MATCH_FALLBACK,FALLBACK:AMBIGUOUS_NO_BRAND,,,,,False,,CANDIDATE FOR 1,starts with known Emcure company/division prefix,STRONG,COMPANY_DIVISION_PREFIX
11149,FLORINA,REVIEW,REVIEW,NO_MATCH_FALLBACK,FALLBACK:AMBIGUOUS_NO_BRAND,,,,,False,,KEEP REVIEW,insufficient evidence; could be product or ambiguous OCR,LOW,INSUFFICIENT_EVIDENCE
12099,LAXIHUSK GRANULES,REVIEW,REVIEW,NO_MATCH_FALLBACK,FALLBACK:AMBIGUOUS_NO_BRAND,,,,,False,,KEEP REVIEW,insufficient evidence; could be product or ambiguous OCR,LOW,INSUFFICIENT_EVIDENCE
14469,EMC IVA,REVIEW,REVIEW,NO_MATCH_FALLBACK,FALLBACK:AMBIGUOUS_NO_BRAND,,,,,False,,KEEP REVIEW,insufficient evidence; could be product or ambiguous OCR,LOW,INSUFFICIENT_EVIDENCE
14722,ROOTSOFT HARD WA,REVIEW,REVIEW,NO_MATCH_FALLBACK,FALLBACK:AMBIGUOUS_NO_BRAND,,,,,False,,KEEP REVIEW,insufficient evidence; could be product or ambiguous OCR,LOW,INSUFFICIENT_EVIDENCE
16992,NUCRON,REVIEW,REVIEW,NO_MATCH_FALLBACK,FALLBACK:AMBIGUOUS_NO_BRAND,,,,,False,,CANDIDATE FOR 1,starts with known Emcure company/division prefix,STRONG,COMPANY_DIVISION_PREFIX
17284,LAST MONTH SALE JULY,REVIEW,REVIEW,NO_MATCH_FALLBACK,FALLBACK:AMBIGUOUS_NO_BRAND,,,,,False,,KEEP REVIEW,insufficient evidence; could be product or ambiguous OCR,LOW,INSUFFICIENT_EVIDENCE
17286,MODERN SALES AGENCY,REVIEW,REVIEW,NO_MATCH_FALLBACK,FALLBACK:DISTRIBUTION_ENTITY,,,,,False,,KEEP REVIEW,insufficient evidence; could be product or ambiguous OCR,LOW,INSUFFICIENT_EVIDENCE
17342,LAST MONTH SALE JULY,REVIEW,REVIEW,NO_MATCH_FALLBACK,FALLBACK:AMBIGUOUS_NO_BRAND,,,,,False,,KEEP REVIEW,insufficient evidence; could be product or ambiguous OCR,LOW,INSUFFICIENT_EVIDENCE
17344,MODERN SALES AGENCY,REVIEW,REVIEW,NO_MATCH_FALLBACK,FALLBACK:DISTRIBUTION_ENTITY,,,,,False,,KEEP REVIEW,insufficient evidence; could be product or ambiguous OCR,LOW,INSUFFICIENT_EVIDENCE
17399,LAST MONTH SALE JULY,REVIEW,REVIEW,NO_MATCH_FALLBACK,FALLBACK:AMBIGUOUS_NO_BRAND,,,,,False,,KEEP REVIEW,insufficient evidence; could be product or ambiguous OCR,LOW,INSUFFICIENT_EVIDENCE
17401,MODERN SALES AGENCY,REVIEW,REVIEW,NO_MATCH_FALLBACK,FALLBACK:DISTRIBUTION_ENTITY,,,,,False,,KEEP REVIEW,insufficient evidence; could be product or ambiguous OCR,LOW,INSUFFICIENT_EVIDENCE
17459,LAST MONTH SALE JULY,REVIEW,REVIEW,NO_MATCH_FALLBACK,FALLBACK:AMBIGUOUS_NO_BRAND,,,,,False,,KEEP REVIEW,insufficient evidence; could be product or ambiguous OCR,LOW,INSUFFICIENT_EVIDENCE
17461,MODERN SALES AGENCY,REVIEW,REVIEW,NO_MATCH_FALLBACK,FALLBACK:DISTRIBUTION_ENTITY,,,,,False,,KEEP REVIEW,insufficient evidence; could be product or ambiguous OCR,LOW,INSUFFICIENT_EVIDENCE
17516,LAST MONTH SALE JULY,REVIEW,REVIEW,NO_MATCH_FALLBACK,FALLBACK:AMBIGUOUS_NO_BRAND,,,,,False,,KEEP REVIEW,insufficient evidence; could be product or ambiguous OCR,LOW,INSUFFICIENT_EVIDENCE
17518,MODERN SALES AGENCY,REVIEW,REVIEW,NO_MATCH_FALLBACK,FALLBACK:DISTRIBUTION_ENTITY,,,,,False,,KEEP REVIEW,insufficient evidence; could be product or ambiguous OCR,LOW,INSUFFICIENT_EVIDENCE
17578,LAST MONTH SALE JULY,REVIEW,REVIEW,NO_MATCH_FALLBACK,FALLBACK:AMBIGUOUS_NO_BRAND,,,,,False,,KEEP REVIEW,insufficient evidence; could be product or ambiguous OCR,LOW,INSUFFICIENT_EVIDENCE
17580,MODERN SALES AGENCY,REVIEW,REVIEW,NO_MATCH_FALLBACK,FALLBACK:DISTRIBUTION_ENTITY,,,,,False,,KEEP REVIEW,insufficient evidence; could be product or ambiguous OCR,LOW,INSUFFICIENT_EVIDENCE
17640,LAST MONTH SALE JULY,REVIEW,REVIEW,NO_MATCH_FALLBACK,FALLBACK:AMBIGUOUS_NO_BRAND,,,,,False,,KEEP REVIEW,insufficient evidence; could be product or ambiguous OCR,LOW,INSUFFICIENT_EVIDENCE
17642,MODERN SALES AGENCY,REVIEW,REVIEW,NO_MATCH_FALLBACK,FALLBACK:DISTRIBUTION_ENTITY,,,,,False,,KEEP REVIEW,insufficient evidence; could be product or ambiguous OCR,LOW,INSUFFICIENT_EVIDENCE
17702,LAST MONTH SALE JULY,REVIEW,REVIEW,NO_MATCH_FALLBACK,FALLBACK:AMBIGUOUS_NO_BRAND,,,,,False,,KEEP REVIEW,insufficient evidence; could be product or ambiguous OCR,LOW,INSUFFICIENT_EVIDENCE
17704,MODERN SALES AGENCY,REVIEW,REVIEW,NO_MATCH_FALLBACK,FALLBACK:DISTRIBUTION_ENTITY,,,,,False,,KEEP REVIEW,insufficient evidence; could be product or ambiguous OCR,LOW,INSUFFICIENT_EVIDENCE
17710,TELLZY ACH 40/6.25,REVIEW,REVIEW,NO_MATCH_FALLBACK,FALLBACK:AMBIGUOUS_NO_BRAND,,,,,False,,KEEP REVIEW,insufficient evidence; could be product or ambiguous OCR,LOW,INSUFFICIENT_EVIDENCE
17760,LAST MONTH SALE JULY,REVIEW,REVIEW,NO_MATCH_FALLBACK,FALLBACK:AMBIGUOUS_NO_BRAND,,,,,False,,KEEP REVIEW,insufficient evidence; could be product or ambiguous OCR,LOW,INSUFFICIENT_EVIDENCE
17762,MODERN SALES AGENCY,REVIEW,REVIEW,NO_MATCH_FALLBACK,FALLBACK:DISTRIBUTION_ENTITY,,,,,False,,KEEP REVIEW,insufficient evidence; could be product or ambiguous OCR,LOW,INSUFFICIENT_EVIDENCE
17822,LAST MONTH SALE JULY,REVIEW,REVIEW,NO_MATCH_FALLBACK,FALLBACK:AMBIGUOUS_NO_BRAND,,,,,False,,KEEP REVIEW,insufficient evidence; could be product or ambiguous OCR,LOW,INSUFFICIENT_EVIDENCE
17824,MODERN SALES AGENCY,REVIEW,REVIEW,NO_MATCH_FALLBACK,FALLBACK:DISTRIBUTION_ENTITY,,,,,False,,KEEP REVIEW,insufficient evidence; could be product or ambiguous OCR,LOW,INSUFFICIENT_EVIDENCE
17835,LAST MONTH SALE JULY,REVIEW,REVIEW,NO_MATCH_FALLBACK,FALLBACK:AMBIGUOUS_NO_BRAND,,,,,False,,KEEP REVIEW,insufficient evidence; could be product or ambiguous OCR,LOW,INSUFFICIENT_EVIDENCE
17956,SUSTIMAX 4T(GKM NEW PHARMA),REVIEW,REVIEW,NO_MATCH_FALLBACK,FALLBACK:AMBIGUOUS_NO_BRAND,,,NEW_without_NORMET,,False,,CANDIDATE FOR 1,brand invalidated (NEW_without_NORMET) + no pharma signal,MODERATE,INVALIDATED_NO_PHARMA
17970,ROSUVAS EZ10 10T,REVIEW,REVIEW,NO_MATCH_FALLBACK,FALLBACK:AMBIGUOUS_NO_BRAND,,,,,False,,KEEP REVIEW,insufficient evidence; could be product or ambiguous OCR,LOW,INSUFFICIENT_EVIDENCE
21682,ST Value,REVIEW,REVIEW,NO_MATCH_FALLBACK,FALLBACK:AMBIGUOUS_NO_BRAND,,,,,False,,KEEP REVIEW,insufficient evidence; could be product or ambiguous OCR,LOW,INSUFFICIENT_EVIDENCE
21683,Sale Return Value,REVIEW,REVIEW,NO_MATCH_FALLBACK,FALLBACK:AMBIGUOUS_NO_BRAND,,,,,False,,KEEP REVIEW,insufficient evidence; could be product or ambiguous OCR,LOW,INSUFFICIENT_EVIDENCE
21725,ST Value,REVIEW,REVIEW,NO_MATCH_FALLBACK,FALLBACK:AMBIGUOUS_NO_BRAND,,,,,False,,KEEP REVIEW,insufficient evidence; could be product or ambiguous OCR,LOW,INSUFFICIENT_EVIDENCE
21726,Sale Return Value,REVIEW,REVIEW,NO_MATCH_FALLBACK,FALLBACK:AMBIGUOUS_NO_BRAND,,,,,False,,KEEP REVIEW,insufficient evidence; could be product or ambiguous OCR,LOW,INSUFFICIENT_EVIDENCE
21764,ST Value,REVIEW,REVIEW,NO_MATCH_FALLBACK,FALLBACK:AMBIGUOUS_NO_BRAND,,,,,False,,KEEP REVIEW,insufficient evidence; could be product or ambiguous OCR,LOW,INSUFFICIENT_EVIDENCE
21765,Sale Return Value,REVIEW,REVIEW,NO_MATCH_FALLBACK,FALLBACK:AMBIGUOUS_NO_BRAND,,,,,False,,KEEP REVIEW,insufficient evidence; could be product or ambiguous OCR,LOW,INSUFFICIENT_EVIDENCE
21800,ST Value,REVIEW,REVIEW,NO_MATCH_FALLBACK,FALLBACK:AMBIGUOUS_NO_BRAND,,,,,False,,KEEP REVIEW,insufficient evidence; could be product or ambiguous OCR,LOW,INSUFFICIENT_EVIDENCE
21801,Sale Return Value,REVIEW,REVIEW,NO_MATCH_FALLBACK,FALLBACK:AMBIGUOUS_NO_BRAND,,,,,False,,KEEP REVIEW,insufficient evidence; could be product or ambiguous OCR,LOW,INSUFFICIENT_EVIDENCE
21833,ST Value,REVIEW,REVIEW,NO_MATCH_FALLBACK,FALLBACK:AMBIGUOUS_NO_BRAND,,,,,False,,KEEP REVIEW,insufficient evidence; could be product or ambiguous OCR,LOW,INSUFFICIENT_EVIDENCE
21834,Sale Return Value,REVIEW,REVIEW,NO_MATCH_FALLBACK,FALLBACK:AMBIGUOUS_NO_BRAND,,,,,False,,KEEP REVIEW,insufficient evidence; could be product or ambiguous OCR,LOW,INSUFFICIENT_EVIDENCE
21840,ST Value,REVIEW,REVIEW,NO_MATCH_FALLBACK,FALLBACK:AMBIGUOUS_NO_BRAND,,,,,False,,KEEP REVIEW,insufficient evidence; could be product or ambiguous OCR,LOW,INSUFFICIENT_EVIDENCE
21841,Sale Return Value,REVIEW,REVIEW,NO_MATCH_FALLBACK,FALLBACK:AMBIGUOUS_NO_BRAND,,,,,False,,KEEP REVIEW,insufficient evidence; could be product or ambiguous OCR,LOW,INSUFFICIENT_EVIDENCE
21851,ST Value,REVIEW,REVIEW,NO_MATCH_FALLBACK,FALLBACK:AMBIGUOUS_NO_BRAND,,,,,False,,KEEP REVIEW,insufficient evidence; could be product or ambiguous OCR,LOW,INSUFFICIENT_EVIDENCE
21852,Sale Return Value,REVIEW,REVIEW,NO_MATCH_FALLBACK,FALLBACK:AMBIGUOUS_NO_BRAND,,,,,False,,KEEP REVIEW,insufficient evidence; could be product or ambiguous OCR,LOW,INSUFFICIENT_EVIDENCE
22332,TREDICALFT 100MG10S,REVIEW,REVIEW,NO_MATCH_FALLBACK,FALLBACK:AMBIGUOUS_NO_BRAND,,,,,False,,KEEP REVIEW,insufficient evidence; could be product or ambiguous OCR,LOW,INSUFFICIENT_EVIDENCE
22333,TREDICALFT 50MG10S,REVIEW,REVIEW,NO_MATCH_FALLBACK,FALLBACK:AMBIGUOUS_NO_BRAND,,,,,False,,KEEP REVIEW,insufficient evidence; could be product or ambiguous OCR,LOW,INSUFFICIENT_EVIDENCE
22443,CHHINDWARA PHARMACEUTICALS,REVIEW,REVIEW,NO_MATCH_FALLBACK,FALLBACK:PHARMA_ENTITY,,,,,False,,CANDIDATE FOR 1,company/entity keyword (PHARMACEUTICALS/BIOPHARMA/HOSPITAL etc.),STRONG,COMPANY_ENTITY
22444,STATEMENT PERIOD,REVIEW,REVIEW,NO_MATCH_FALLBACK,FALLBACK:AMBIGUOUS_NO_BRAND,,,,,False,,KEEP REVIEW,insufficient evidence; could be product or ambiguous OCR,LOW,INSUFFICIENT_EVIDENCE
22463,CHHINDWARA PHARMACEUTICALS,REVIEW,REVIEW,NO_MATCH_FALLBACK,FALLBACK:PHARMA_ENTITY,,,,,False,,CANDIDATE FOR 1,company/entity keyword (PHARMACEUTICALS/BIOPHARMA/HOSPITAL etc.),STRONG,COMPANY_ENTITY
22464,STATEMENT PERIOD,REVIEW,REVIEW,NO_MATCH_FALLBACK,FALLBACK:AMBIGUOUS_NO_BRAND,,,,,False,,KEEP REVIEW,insufficient evidence; could be product or ambiguous OCR,LOW,INSUFFICIENT_EVIDENCE
23074,M/S ECONOMIC TRADERS,REVIEW,1,GARBAGE:pattern_garbage,GARBAGE:pattern_garbage,,,,,False,\b(AGENCIES?|DISTRIBUTORS?|MEDICO[SE]?|CORPORATION|ENTERPRISES?|TRADERS?|TRADING)\b,KEEP REVIEW,insufficient evidence; could be product or ambiguous OCR,LOW,INSUFFICIENT_EVIDENCE
23119,M/S ECONOMIC TRADERS,REVIEW,1,GARBAGE:pattern_garbage,GARBAGE:pattern_garbage,,,,,False,\b(AGENCIES?|DISTRIBUTORS?|MEDICO[SE]?|CORPORATION|ENTERPRISES?|TRADERS?|TRADING)\b,KEEP REVIEW,insufficient evidence; could be product or ambiguous OCR,LOW,INSUFFICIENT_EVIDENCE
23169,M/S ECONOMIC TRADERS,REVIEW,1,GARBAGE:pattern_garbage,GARBAGE:pattern_garbage,,,,,False,\b(AGENCIES?|DISTRIBUTORS?|MEDICO[SE]?|CORPORATION|ENTERPRISES?|TRADERS?|TRADING)\b,KEEP REVIEW,insufficient evidence; could be product or ambiguous OCR,LOW,INSUFFICIENT_EVIDENCE
23214,M/S ECONOMIC TRADERS,REVIEW,1,GARBAGE:pattern_garbage,GARBAGE:pattern_garbage,,,,,False,\b(AGENCIES?|DISTRIBUTORS?|MEDICO[SE]?|CORPORATION|ENTERPRISES?|TRADERS?|TRADING)\b,KEEP REVIEW,insufficient evidence; could be product or ambiguous OCR,LOW,INSUFFICIENT_EVIDENCE
23838,Mfg. NUCRON PHARMACEUTICAL LTD,REVIEW,1,GARBAGE:pattern_garbage,GARBAGE:pattern_garbage,,,,,False,\b(PVT\.?\s+)?LTD\.?\s*$,CANDIDATE FOR 1,company/entity keyword (PHARMACEUTICALS/BIOPHARMA/HOSPITAL etc.),STRONG,COMPANY_ENTITY
24503,GARHWAL DRUG AGENCIES PVT. LTD.,REVIEW,1,GARBAGE:pattern_garbage,GARBAGE:pattern_garbage,,,,,False,\b(AGENCIES?|DISTRIBUTORS?|MEDICO[SE]?|CORPORATION|ENTERPRISES?|TRADERS?|TRADING)\b,KEEP REVIEW,insufficient evidence; could be product or ambiguous OCR,LOW,INSUFFICIENT_EVIDENCE
24607,RAMUKA INCORPORATION,REVIEW,REVIEW,NO_MATCH_FALLBACK,FALLBACK:AMBIGUOUS_NO_BRAND,,,,,False,,KEEP REVIEW,insufficient evidence; could be product or ambiguous OCR,LOW,INSUFFICIENT_EVIDENCE
24628,VOGLI TRIO 0.3,REVIEW,REVIEW,NO_MATCH_FALLBACK,FALLBACK:AMBIGUOUS_NO_BRAND,,,,,False,,KEEP REVIEW,insufficient evidence; could be product or ambiguous OCR,LOW,INSUFFICIENT_EVIDENCE
29124,DETTOL ANTISEPTIC LI,REVIEW,REVIEW,NO_MATCH_FALLBACK,FALLBACK:AMBIGUOUS_NO_BRAND,,,,,False,,KEEP REVIEW,insufficient evidence; could be product or ambiguous OCR,LOW,INSUFFICIENT_EVIDENCE
29295,LAMEPIL MR 100M,REVIEW,REVIEW,NO_MATCH_FALLBACK,FALLBACK:AMBIGUOUS_NO_BRAND,,,,,False,,KEEP REVIEW,insufficient evidence; could be product or ambiguous OCR,LOW,INSUFFICIENT_EVIDENCE
29307,LIQUID BASED HA UNIT,REVIEW,REVIEW,NO_MATCH_FALLBACK,FALLBACK:AMBIGUOUS_NO_BRAND,,,fuzzy→EXACT_ONLY(NUNIT),,False,,CANDIDATE FOR 1,brand invalidated (fuzzy→EXACT_ONLY(NUNIT)) + no pharma signal,MODERATE,INVALIDATED_NO_PHARMA
29470,STAYFREE SECURE,REVIEW,REVIEW,NO_MATCH_FALLBACK,FALLBACK:AMBIGUOUS_NO_BRAND,,,,,False,,KEEP REVIEW,insufficient evidence; could be product or ambiguous OCR,LOW,INSUFFICIENT_EVIDENCE
29861,EIRN001925 Dtd. 17/08/26,REVIEW,REVIEW,NO_MATCH_FALLBACK,FALLBACK:AMBIGUOUS_NO_BRAND,,,,,False,,KEEP REVIEW,insufficient evidence; could be product or ambiguous OCR,LOW,INSUFFICIENT_EVIDENCE
29862,EIRN001926 Dtd. 17/08/26,REVIEW,REVIEW,NO_MATCH_FALLBACK,FALLBACK:AMBIGUOUS_NO_BRAND,,,,,False,,KEEP REVIEW,insufficient evidence; could be product or ambiguous OCR,LOW,INSUFFICIENT_EVIDENCE
30556,zzzINFEN-P-SPAS TA 1*,REVIEW,REVIEW,NO_MATCH_FALLBACK,FALLBACK:AMBIGUOUS_NO_BRAND,,,,,False,,KEEP REVIEW,insufficient evidence; could be product or ambiguous OCR,LOW,INSUFFICIENT_EVIDENCE
30577,CARDERON-X-200 TA 1STP,REVIEW,REVIEW,NO_MATCH_FALLBACK,FALLBACK:AMBIGUOUS_NO_BRAND,,,,,False,,KEEP REVIEW,insufficient evidence; could be product or ambiguous OCR,LOW,INSUFFICIENT_EVIDENCE
30725,ELOVERA CRM 1,REVIEW,REVIEW,NO_MATCH_FALLBACK,FALLBACK:AMBIGUOUS_NO_BRAND,,,,,False,,KEEP REVIEW,insufficient evidence; could be product or ambiguous OCR,LOW,INSUFFICIENT_EVIDENCE
30726,GETLITE CRM 1,REVIEW,REVIEW,NO_MATCH_FALLBACK,FALLBACK:AMBIGUOUS_NO_BRAND,,,,,False,,KEEP REVIEW,insufficient evidence; could be product or ambiguous OCR,LOW,INSUFFICIENT_EVIDENCE
31650,EMPRI10 10,REVIEW,REVIEW,NO_MATCH_FALLBACK,FALLBACK:AMBIGUOUS_NO_BRAND,,,,,False,,KEEP REVIEW,insufficient evidence; could be product or ambiguous OCR,LOW,INSUFFICIENT_EVIDENCE
32113,ITEM DESCRIPTION PACK/SIZE,REVIEW,REVIEW,NO_MATCH_FALLBACK,FALLBACK:AMBIGUOUS_NO_BRAND,,,,,False,,KEEP REVIEW,insufficient evidence; could be product or ambiguous OCR,LOW,INSUFFICIENT_EVIDENCE
32148,ITEM DESCRIPTION PACK/SIZE,REVIEW,REVIEW,NO_MATCH_FALLBACK,FALLBACK:AMBIGUOUS_NO_BRAND,,,,,False,,KEEP REVIEW,insufficient evidence; could be product or ambiguous OCR,LOW,INSUFFICIENT_EVIDENCE
33277,SECOND FLOORABOVE VINOD,REVIEW,REVIEW,NO_MATCH_FALLBACK,FALLBACK:AMBIGUOUS_NO_BRAND,,,,,False,,KEEP REVIEW,insufficient evidence; could be product or ambiguous OCR,LOW,INSUFFICIENT_EVIDENCE
33303,SECOND FLOORABOVE VINOD,REVIEW,REVIEW,NO_MATCH_FALLBACK,FALLBACK:AMBIGUOUS_NO_BRAND,,,,,False,,KEEP REVIEW,insufficient evidence; could be product or ambiguous OCR,LOW,INSUFFICIENT_EVIDENCE
33332,SECOND FLOORABOVE VINOD,REVIEW,REVIEW,NO_MATCH_FALLBACK,FALLBACK:AMBIGUOUS_NO_BRAND,,,,,False,,KEEP REVIEW,insufficient evidence; could be product or ambiguous OCR,LOW,INSUFFICIENT_EVIDENCE
33390,SECOND FLOORABOVE VINOD,REVIEW,REVIEW,NO_MATCH_FALLBACK,FALLBACK:AMBIGUOUS_NO_BRAND,,,,,False,,KEEP REVIEW,insufficient evidence; could be product or ambiguous OCR,LOW,INSUFFICIENT_EVIDENCE
33670,ZZZZZZ 4024,REVIEW,REVIEW,NO_MATCH_FALLBACK,FALLBACK:AMBIGUOUS_NO_BRAND,,,,,False,,CANDIDATE FOR 1,all long alpha tokens lack vowels: ['ZZZZZZ'] → OCR noise,MODERATE,NO_VOWEL_OCR_NOISE
33671,ZZZZZZ 4049,REVIEW,REVIEW,NO_MATCH_FALLBACK,FALLBACK:AMBIGUOUS_NO_BRAND,,,,,False,,CANDIDATE FOR 1,all long alpha tokens lack vowels: ['ZZZZZZ'] → OCR noise,MODERATE,NO_VOWEL_OCR_NOISE
34171,AUGEOZ 1,REVIEW,REVIEW,NO_MATCH_FALLBACK,FALLBACK:AMBIGUOUS_NO_BRAND,,,,,False,,KEEP REVIEW,insufficient evidence; could be product or ambiguous OCR,LOW,INSUFFICIENT_EVIDENCE
34228,ZOLINEG 1MIU 1,REVIEW,REVIEW,NO_MATCH_FALLBACK,FALLBACK:AMBIGUOUS_NO_BRAND,,,,,False,,KEEP REVIEW,insufficient evidence; could be product or ambiguous OCR,LOW,INSUFFICIENT_EVIDENCE
34229,ZOLINEG 2 MIU 1,REVIEW,REVIEW,NO_MATCH_FALLBACK,FALLBACK:AMBIGUOUS_NO_BRAND,,,,,False,,KEEP REVIEW,insufficient evidence; could be product or ambiguous OCR,LOW,INSUFFICIENT_EVIDENCE
34483,Purchase 0.00 Purchase Return 0.00,REVIEW,REVIEW,NO_MATCH_FALLBACK,FALLBACK:STRUCTURAL_KW,,,,,False,,KEEP REVIEW,insufficient evidence; could be product or ambiguous OCR,LOW,INSUFFICIENT_EVIDENCE
34486,Purchase 0.00 Purchase Return 0.00,REVIEW,REVIEW,NO_MATCH_FALLBACK,FALLBACK:STRUCTURAL_KW,,,,,False,,KEEP REVIEW,insufficient evidence; could be product or ambiguous OCR,LOW,INSUFFICIENT_EVIDENCE
34489,Purchase 0.00 Purchase Return 0.00,REVIEW,REVIEW,NO_MATCH_FALLBACK,FALLBACK:STRUCTURAL_KW,,,,,False,,KEEP REVIEW,insufficient evidence; could be product or ambiguous OCR,LOW,INSUFFICIENT_EVIDENCE
34493,Purchase 0.00 Purchase Return 0.00,REVIEW,REVIEW,NO_MATCH_FALLBACK,FALLBACK:STRUCTURAL_KW,,,,,False,,KEEP REVIEW,insufficient evidence; could be product or ambiguous OCR,LOW,INSUFFICIENT_EVIDENCE
34496,Purchase 0.00 Purchase Return 0.00,REVIEW,REVIEW,NO_MATCH_FALLBACK,FALLBACK:STRUCTURAL_KW,,,,,False,,KEEP REVIEW,insufficient evidence; could be product or ambiguous OCR,LOW,INSUFFICIENT_EVIDENCE
34499,Purchase 0.00 Purchase Return 0.00,REVIEW,REVIEW,NO_MATCH_FALLBACK,FALLBACK:STRUCTURAL_KW,,,,,False,,KEEP REVIEW,insufficient evidence; could be product or ambiguous OCR,LOW,INSUFFICIENT_EVIDENCE
34502,Purchase 0.00 Purchase Return 0.00,REVIEW,REVIEW,NO_MATCH_FALLBACK,FALLBACK:STRUCTURAL_KW,,,,,False,,KEEP REVIEW,insufficient evidence; could be product or ambiguous OCR,LOW,INSUFFICIENT_EVIDENCE
34505,Purchase 0.00 Purchase Return 0.00,REVIEW,REVIEW,NO_MATCH_FALLBACK,FALLBACK:STRUCTURAL_KW,,,,,False,,KEEP REVIEW,insufficient evidence; could be product or ambiguous OCR,LOW,INSUFFICIENT_EVIDENCE
34516,Purchase 0.00 Purchase Return 0.00,REVIEW,REVIEW,NO_MATCH_FALLBACK,FALLBACK:STRUCTURAL_KW,,,,,False,,KEEP REVIEW,insufficient evidence; could be product or ambiguous OCR,LOW,INSUFFICIENT_EVIDENCE
34519,Purchase 0.00 Purchase Return 0.00,REVIEW,REVIEW,NO_MATCH_FALLBACK,FALLBACK:STRUCTURAL_KW,,,,,False,,KEEP REVIEW,insufficient evidence; could be product or ambiguous OCR,LOW,INSUFFICIENT_EVIDENCE
34544,Purchase 5168.82 Purchase Return 0.00,REVIEW,REVIEW,NO_MATCH_FALLBACK,FALLBACK:STRUCTURAL_KW,,,,,False,,KEEP REVIEW,insufficient evidence; could be product or ambiguous OCR,LOW,INSUFFICIENT_EVIDENCE
34547,Purchase 0.00 Purchase Return 0.00,REVIEW,REVIEW,NO_MATCH_FALLBACK,FALLBACK:STRUCTURAL_KW,,,,,False,,KEEP REVIEW,insufficient evidence; could be product or ambiguous OCR,LOW,INSUFFICIENT_EVIDENCE
34559,Purchase 0.00 Purchase Return 0.00,REVIEW,REVIEW,NO_MATCH_FALLBACK,FALLBACK:STRUCTURAL_KW,,,,,False,,KEEP REVIEW,insufficient evidence; could be product or ambiguous OCR,LOW,INSUFFICIENT_EVIDENCE
34562,Purchase 0.00 Purchase Return 0.00,REVIEW,REVIEW,NO_MATCH_FALLBACK,FALLBACK:STRUCTURAL_KW,,,,,False,,KEEP REVIEW,insufficient evidence; could be product or ambiguous OCR,LOW,INSUFFICIENT_EVIDENCE
34565,Purchase 0.00 Purchase Return 0.00,REVIEW,REVIEW,NO_MATCH_FALLBACK,FALLBACK:STRUCTURAL_KW,,,,,False,,KEEP REVIEW,insufficient evidence; could be product or ambiguous OCR,LOW,INSUFFICIENT_EVIDENCE
34569,Purchase 515.96 Purchase Return 0.00,REVIEW,REVIEW,NO_MATCH_FALLBACK,FALLBACK:STRUCTURAL_KW,,,,,False,,KEEP REVIEW,insufficient evidence; could be product or ambiguous OCR,LOW,INSUFFICIENT_EVIDENCE
34582,Purchase 3136.95 Purchase Return 0.00,REVIEW,REVIEW,NO_MATCH_FALLBACK,FALLBACK:STRUCTURAL_KW,,,,,False,,KEEP REVIEW,insufficient evidence; could be product or ambiguous OCR,LOW,INSUFFICIENT_EVIDENCE
34595,Purchase 1228.74 Purchase Return 0.00,REVIEW,REVIEW,NO_MATCH_FALLBACK,FALLBACK:STRUCTURAL_KW,,,,,False,,KEEP REVIEW,insufficient evidence; could be product or ambiguous OCR,LOW,INSUFFICIENT_EVIDENCE
34598,Purchase 0.00 Purchase Return 0.00,REVIEW,REVIEW,NO_MATCH_FALLBACK,FALLBACK:STRUCTURAL_KW,,,,,False,,KEEP REVIEW,insufficient evidence; could be product or ambiguous OCR,LOW,INSUFFICIENT_EVIDENCE
34604,Purchase 178.36 Purchase Return 0.00,REVIEW,REVIEW,NO_MATCH_FALLBACK,FALLBACK:STRUCTURAL_KW,,,,,False,,KEEP REVIEW,insufficient evidence; could be product or ambiguous OCR,LOW,INSUFFICIENT_EVIDENCE
34607,Purchase 0.00 Purchase Return 0.00,REVIEW,REVIEW,NO_MATCH_FALLBACK,FALLBACK:STRUCTURAL_KW,,,,,False,,KEEP REVIEW,insufficient evidence; could be product or ambiguous OCR,LOW,INSUFFICIENT_EVIDENCE
34617,Purchase 1787.00 Purchase Return 0.00,REVIEW,REVIEW,NO_MATCH_FALLBACK,FALLBACK:STRUCTURAL_KW,,,,,False,,KEEP REVIEW,insufficient evidence; could be product or ambiguous OCR,LOW,INSUFFICIENT_EVIDENCE
34623,Purchase 522887.67 Purchase Return 0.00,REVIEW,REVIEW,NO_MATCH_FALLBACK,FALLBACK:STRUCTURAL_KW,,,,,False,,KEEP REVIEW,insufficient evidence; could be product or ambiguous OCR,LOW,INSUFFICIENT_EVIDENCE
34627,Purchase 0.00 Purchase Return 0.00,REVIEW,REVIEW,NO_MATCH_FALLBACK,FALLBACK:STRUCTURAL_KW,,,,,False,,KEEP REVIEW,insufficient evidence; could be product or ambiguous OCR,LOW,INSUFFICIENT_EVIDENCE
34630,Purchase 0.00 Purchase Return 0.00,REVIEW,REVIEW,NO_MATCH_FALLBACK,FALLBACK:STRUCTURAL_KW,,,,,False,,KEEP REVIEW,insufficient evidence; could be product or ambiguous OCR,LOW,INSUFFICIENT_EVIDENCE
34644,Purchase 0.00 Purchase Return 0.00,REVIEW,REVIEW,NO_MATCH_FALLBACK,FALLBACK:STRUCTURAL_KW,,,,,False,,KEEP REVIEW,insufficient evidence; could be product or ambiguous OCR,LOW,INSUFFICIENT_EVIDENCE
34648,Purchase 0.00 Purchase Return 0.00,REVIEW,REVIEW,NO_MATCH_FALLBACK,FALLBACK:STRUCTURAL_KW,,,,,False,,KEEP REVIEW,insufficient evidence; could be product or ambiguous OCR,LOW,INSUFFICIENT_EVIDENCE
34652,Purchase 0.00 Purchase Return 0.00,REVIEW,REVIEW,NO_MATCH_FALLBACK,FALLBACK:STRUCTURAL_KW,,,,,False,,KEEP REVIEW,insufficient evidence; could be product or ambiguous OCR,LOW,INSUFFICIENT_EVIDENCE
34655,Purchase 957.96 Purchase Return 0.00,REVIEW,REVIEW,NO_MATCH_FALLBACK,FALLBACK:STRUCTURAL_KW,,,,,False,,KEEP REVIEW,insufficient evidence; could be product or ambiguous OCR,LOW,INSUFFICIENT_EVIDENCE
34658,Purchase 0.00 Purchase Return 0.00,REVIEW,REVIEW,NO_MATCH_FALLBACK,FALLBACK:STRUCTURAL_KW,,,,,False,,KEEP REVIEW,insufficient evidence; could be product or ambiguous OCR,LOW,INSUFFICIENT_EVIDENCE
34661,Purchase 0.00 Purchase Return 0.00,REVIEW,REVIEW,NO_MATCH_FALLBACK,FALLBACK:STRUCTURAL_KW,,,,,False,,KEEP REVIEW,insufficient evidence; could be product or ambiguous OCR,LOW,INSUFFICIENT_EVIDENCE
34664,Purchase 0.00 Purchase Return 0.00,REVIEW,REVIEW,NO_MATCH_FALLBACK,FALLBACK:STRUCTURAL_KW,,,,,False,,KEEP REVIEW,insufficient evidence; could be product or ambiguous OCR,LOW,INSUFFICIENT_EVIDENCE
34689,Purchase 0.00 Purchase Return 0.00,REVIEW,REVIEW,NO_MATCH_FALLBACK,FALLBACK:STRUCTURAL_KW,,,,,False,,KEEP REVIEW,insufficient evidence; could be product or ambiguous OCR,LOW,INSUFFICIENT_EVIDENCE
34703,Purchase 0.00 Purchase Return 0.00,REVIEW,REVIEW,NO_MATCH_FALLBACK,FALLBACK:STRUCTURAL_KW,,,,,False,,KEEP REVIEW,insufficient evidence; could be product or ambiguous OCR,LOW,INSUFFICIENT_EVIDENCE
34707,Purchase 0.00 Purchase Return 0.00,REVIEW,REVIEW,NO_MATCH_FALLBACK,FALLBACK:STRUCTURAL_KW,,,,,False,,KEEP REVIEW,insufficient evidence; could be product or ambiguous OCR,LOW,INSUFFICIENT_EVIDENCE
34710,Purchase 0.00 Purchase Return 0.00,REVIEW,REVIEW,NO_MATCH_FALLBACK,FALLBACK:STRUCTURAL_KW,,,,,False,,KEEP REVIEW,insufficient evidence; could be product or ambiguous OCR,LOW,INSUFFICIENT_EVIDENCE
34713,Purchase 0.00 Purchase Return 0.00,REVIEW,REVIEW,NO_MATCH_FALLBACK,FALLBACK:STRUCTURAL_KW,,,,,False,,KEEP REVIEW,insufficient evidence; could be product or ambiguous OCR,LOW,INSUFFICIENT_EVIDENCE
34744,Purchase 4735.74 Purchase Return 0.00,REVIEW,REVIEW,NO_MATCH_FALLBACK,FALLBACK:STRUCTURAL_KW,,,,,False,,KEEP REVIEW,insufficient evidence; could be product or ambiguous OCR,LOW,INSUFFICIENT_EVIDENCE
34747,Purchase 0.00 Purchase Return 0.00,REVIEW,REVIEW,NO_MATCH_FALLBACK,FALLBACK:STRUCTURAL_KW,,,,,False,,KEEP REVIEW,insufficient evidence; could be product or ambiguous OCR,LOW,INSUFFICIENT_EVIDENCE
34753,Purchase 0.00 Purchase Return 0.00,REVIEW,REVIEW,NO_MATCH_FALLBACK,FALLBACK:STRUCTURAL_KW,,,,,False,,KEEP REVIEW,insufficient evidence; could be product or ambiguous OCR,LOW,INSUFFICIENT_EVIDENCE
34757,Purchase 9054.80 Purchase Return 0.00,REVIEW,REVIEW,NO_MATCH_FALLBACK,FALLBACK:STRUCTURAL_KW,,,,,False,,KEEP REVIEW,insufficient evidence; could be product or ambiguous OCR,LOW,INSUFFICIENT_EVIDENCE
34785,Purchase 420837.00 Purchase Return 0.00,REVIEW,REVIEW,NO_MATCH_FALLBACK,FALLBACK:STRUCTURAL_KW,,,,,False,,KEEP REVIEW,insufficient evidence; could be product or ambiguous OCR,LOW,INSUFFICIENT_EVIDENCE
34788,Purchase 0.00 Purchase Return 0.00,REVIEW,REVIEW,NO_MATCH_FALLBACK,FALLBACK:STRUCTURAL_KW,,,,,False,,KEEP REVIEW,insufficient evidence; could be product or ambiguous OCR,LOW,INSUFFICIENT_EVIDENCE
34804,Purchase 1460.67 Purchase Return 0.00,REVIEW,REVIEW,NO_MATCH_FALLBACK,FALLBACK:STRUCTURAL_KW,,,,,False,,KEEP REVIEW,insufficient evidence; could be product or ambiguous OCR,LOW,INSUFFICIENT_EVIDENCE
34807,Purchase 0.00 Purchase Return 0.00,REVIEW,REVIEW,NO_MATCH_FALLBACK,FALLBACK:STRUCTURAL_KW,,,,,False,,KEEP REVIEW,insufficient evidence; could be product or ambiguous OCR,LOW,INSUFFICIENT_EVIDENCE
34808,G. Purchase 971949.67 G. Purchase Return 0.00,REVIEW,REVIEW,NO_MATCH_FALLBACK,FALLBACK:STRUCTURAL_KW,,,,,False,,KEEP REVIEW,insufficient evidence; could be product or ambiguous OCR,LOW,INSUFFICIENT_EVIDENCE
34809,G. Sales 796195.72 G. Sale Return 0.00,REVIEW,REVIEW,NO_MATCH_FALLBACK,FALLBACK:AMBIGUOUS_NO_BRAND,,,,,False,,KEEP REVIEW,insufficient evidence; could be product or ambiguous OCR,LOW,INSUFFICIENT_EVIDENCE
34835,COLLAFLEX PRO SACHETS,REVIEW,REVIEW,NO_MATCH_FALLBACK,FALLBACK:AMBIGUOUS_NO_BRAND,,,,,False,,KEEP REVIEW,insufficient evidence; could be product or ambiguous OCR,LOW,INSUFFICIENT_EVIDENCE
34836,COLLAFLEX PRO SOFTGEL,REVIEW,REVIEW,NO_MATCH_FALLBACK,FALLBACK:AMBIGUOUS_NO_BRAND,,,,,False,,KEEP REVIEW,insufficient evidence; could be product or ambiguous OCR,LOW,INSUFFICIENT_EVIDENCE
34842,COQ MAN,REVIEW,REVIEW,NO_MATCH_FALLBACK,FALLBACK:AMBIGUOUS_NO_BRAND,,,,,False,,KEEP REVIEW,insufficient evidence; could be product or ambiguous OCR,LOW,INSUFFICIENT_EVIDENCE
34843,ECOD OMEGA,REVIEW,REVIEW,NO_MATCH_FALLBACK,FALLBACK:AMBIGUOUS_NO_BRAND,,,,,False,,KEEP REVIEW,insufficient evidence; could be product or ambiguous OCR,LOW,INSUFFICIENT_EVIDENCE
34846,MULTIVITE CD,REVIEW,REVIEW,NO_MATCH_FALLBACK,FALLBACK:AMBIGUOUS_NO_BRAND,,,,,False,,KEEP REVIEW,insufficient evidence; could be product or ambiguous OCR,LOW,INSUFFICIENT_EVIDENCE
34847,MULTIVITE FM OMEGA,REVIEW,REVIEW,NO_MATCH_FALLBACK,FALLBACK:AMBIGUOUS_NO_BRAND,,,,,False,,KEEP REVIEW,insufficient evidence; could be product or ambiguous OCR,LOW,INSUFFICIENT_EVIDENCE
34849,MULTIVITE WOMAN,REVIEW,REVIEW,NO_MATCH_FALLBACK,FALLBACK:AMBIGUOUS_NO_BRAND,,,,,False,,KEEP REVIEW,insufficient evidence; could be product or ambiguous OCR,LOW,INSUFFICIENT_EVIDENCE
34850,PRIMOSA 1000,REVIEW,REVIEW,NO_MATCH_FALLBACK,FALLBACK:AMBIGUOUS_NO_BRAND,,,,,False,,KEEP REVIEW,insufficient evidence; could be product or ambiguous OCR,LOW,INSUFFICIENT_EVIDENCE
34854,TRIOMEGA CD,REVIEW,REVIEW,NO_MATCH_FALLBACK,FALLBACK:AMBIGUOUS_NO_BRAND,,,,,False,,KEEP REVIEW,insufficient evidence; could be product or ambiguous OCR,LOW,INSUFFICIENT_EVIDENCE
35125,RABHUBB DSR,REVIEW,REVIEW,NO_MATCH_FALLBACK,FALLBACK:AMBIGUOUS_NO_BRAND,,,,,False,,KEEP REVIEW,insufficient evidence; could be product or ambiguous OCR,LOW,INSUFFICIENT_EVIDENCE
35126,ROSAVE EZ 10/20 10,REVIEW,REVIEW,NO_MATCH_FALLBACK,FALLBACK:AMBIGUOUS_NO_BRAND,,,,,False,,KEEP REVIEW,insufficient evidence; could be product or ambiguous OCR,LOW,INSUFFICIENT_EVIDENCE
35527,MEDICASH AGENCIES,REVIEW,1,GARBAGE:pattern_garbage,GARBAGE:pattern_garbage,,,,,False,\b(AGENCIES?|DISTRIBUTORS?|MEDICO[SE]?|CORPORATION|ENTERPRISES?|TRADERS?|TRADING)\b,KEEP REVIEW,insufficient evidence; could be product or ambiguous OCR,LOW,INSUFFICIENT_EVIDENCE
35575,MEDICASH AGENCIES,REVIEW,1,GARBAGE:pattern_garbage,GARBAGE:pattern_garbage,,,,,False,\b(AGENCIES?|DISTRIBUTORS?|MEDICO[SE]?|CORPORATION|ENTERPRISES?|TRADERS?|TRADING)\b,KEEP REVIEW,insufficient evidence; could be product or ambiguous OCR,LOW,INSUFFICIENT_EVIDENCE
35660,BALLABH AGENCIES,REVIEW,1,GARBAGE:pattern_garbage,GARBAGE:pattern_garbage,,,,,False,\b(AGENCIES?|DISTRIBUTORS?|MEDICO[SE]?|CORPORATION|ENTERPRISES?|TRADERS?|TRADING)\b,KEEP REVIEW,insufficient evidence; could be product or ambiguous OCR,LOW,INSUFFICIENT_EVIDENCE
35694,I am satisfied with Marg ERP Computerise YOUR CHEMIST SHOP Rs.5400 Online Purchase Import 70007010648359064570,REVIEW,REVIEW,NO_MATCH_FALLBACK,FALLBACK:STRUCTURAL_KW,,,,,False,,CANDIDATE FOR 1,company/entity keyword (PHARMACEUTICALS/BIOPHARMA/HOSPITAL etc.),STRONG,COMPANY_ENTITY
35735,GAGAN MEDICAL AGENCY,REVIEW,REVIEW,NO_MATCH_FALLBACK,FALLBACK:DISTRIBUTION_ENTITY,,,,,False,,KEEP REVIEW,insufficient evidence; could be product or ambiguous OCR,LOW,INSUFFICIENT_EVIDENCE
35771,GAGAN MEDICAL AGENCY,REVIEW,REVIEW,NO_MATCH_FALLBACK,FALLBACK:DISTRIBUTION_ENTITY,,,,,False,,KEEP REVIEW,insufficient evidence; could be product or ambiguous OCR,LOW,INSUFFICIENT_EVIDENCE
36895,VASELINE PETROLEUM JELLY,REVIEW,REVIEW,NO_MATCH_FALLBACK,FALLBACK:AMBIGUOUS_NO_BRAND,,,,,False,,KEEP REVIEW,insufficient evidence; could be product or ambiguous OCR,LOW,INSUFFICIENT_EVIDENCE
37612,JAIN COMPANY,REVIEW,REVIEW,NO_MATCH_FALLBACK,FALLBACK:AMBIGUOUS_NO_BRAND,,,,,False,,KEEP REVIEW,insufficient evidence; could be product or ambiguous OCR,LOW,INSUFFICIENT_EVIDENCE
37815,JAIN COMPANY,REVIEW,REVIEW,NO_MATCH_FALLBACK,FALLBACK:AMBIGUOUS_NO_BRAND,,,,,False,,KEEP REVIEW,insufficient evidence; could be product or ambiguous OCR,LOW,INSUFFICIENT_EVIDENCE
37868,JAIN COMPANY,REVIEW,REVIEW,NO_MATCH_FALLBACK,FALLBACK:AMBIGUOUS_NO_BRAND,,,,,False,,KEEP REVIEW,insufficient evidence; could be product or ambiguous OCR,LOW,INSUFFICIENT_EVIDENCE
38092,HOSITTAB 1X10T,REVIEW,REVIEW,NO_MATCH_FALLBACK,FALLBACK:AMBIGUOUS_NO_BRAND,,,,,False,,KEEP REVIEW,insufficient evidence; could be product or ambiguous OCR,LOW,INSUFFICIENT_EVIDENCE
38195,INVENTIA(INVENTIA),REVIEW,REVIEW,NO_MATCH_FALLBACK,FALLBACK:AMBIGUOUS_NO_BRAND,,,,,False,,CANDIDATE FOR 1,starts with known Emcure company/division prefix,STRONG,COMPANY_DIVISION_PREFIX
38319,XENNEX 1 (EMC),REVIEW,REVIEW,NO_MATCH_FALLBACK,FALLBACK:AMBIGUOUS_NO_BRAND,,,,,False,,CANDIDATE FOR 1,starts with known Emcure company/division prefix,STRONG,COMPANY_DIVISION_PREFIX
39650,EXHEP60INJ,REVIEW,REVIEW,NO_MATCH_FALLBACK,FALLBACK:AMBIGUOUS_NO_BRAND,,,,,False,,KEEP REVIEW,insufficient evidence; could be product or ambiguous OCR,LOW,INSUFFICIENT_EVIDENCE
40502,XENNEX --,REVIEW,REVIEW,NO_MATCH_FALLBACK,FALLBACK:AMBIGUOUS_NO_BRAND,,,,,False,,CANDIDATE FOR 1,starts with known Emcure company/division prefix,STRONG,COMPANY_DIVISION_PREFIX
40742,NUCRON CV,REVIEW,REVIEW,NO_MATCH_FALLBACK,FALLBACK:AMBIGUOUS_NO_BRAND,,,,,False,,CANDIDATE FOR 1,starts with known Emcure company/division prefix,STRONG,COMPANY_DIVISION_PREFIX
40765,AVENTIS PHARMA LIMITED,REVIEW,1,GARBAGE:pattern_garbage,GARBAGE:pattern_garbage,,,,,False,\bLIMITED\.?\s*$,CANDIDATE FOR 1,starts with known Emcure company/division prefix,STRONG,COMPANY_DIVISION_PREFIX
41005,EMPREE MEDICAMENTS I PVT LTD,REVIEW,1,GARBAGE:pattern_garbage,GARBAGE:pattern_garbage,,,,,False,\b(PVT\.?\s+)?LTD\.?\s*$,KEEP REVIEW,insufficient evidence; could be product or ambiguous OCR,LOW,INSUFFICIENT_EVIDENCE
41057,NIMMOL-NIMUPARA LOOSE 100T,REVIEW,REVIEW,NO_MATCH_FALLBACK,FALLBACK:AMBIGUOUS_NO_BRAND,,,,,False,,KEEP REVIEW,insufficient evidence; could be product or ambiguous OCR,LOW,INSUFFICIENT_EVIDENCE
41060,EMz-CRIT-CARE,REVIEW,REVIEW,NO_MATCH_FALLBACK,FALLBACK:AMBIGUOUS_NO_BRAND,,,,,False,,KEEP REVIEW,insufficient evidence; could be product or ambiguous OCR,LOW,INSUFFICIENT_EVIDENCE
42602,NUCRON PHARMACEUTICALS LIMITED,REVIEW,1,GARBAGE:pattern_garbage,GARBAGE:pattern_garbage,,,,,False,\bLIMITED\.?\s*$,CANDIDATE FOR 1,company/entity keyword (PHARMACEUTICALS/BIOPHARMA/HOSPITAL etc.),STRONG,COMPANY_ENTITY
44192,GENERAL,REVIEW,REVIEW,NO_MATCH_FALLBACK,FALLBACK:AMBIGUOUS_NO_BRAND,,,,,False,,KEEP REVIEW,insufficient evidence; could be product or ambiguous OCR,LOW,INSUFFICIENT_EVIDENCE
44250,GENERAL,REVIEW,REVIEW,NO_MATCH_FALLBACK,FALLBACK:AMBIGUOUS_NO_BRAND,,,,,False,,KEEP REVIEW,insufficient evidence; could be product or ambiguous OCR,LOW,INSUFFICIENT_EVIDENCE
45623,AVIL 25 5X15TA,REVIEW,REVIEW,NO_MATCH_FALLBACK,FALLBACK:AMBIGUOUS_NO_BRAND,,,,,False,,KEEP REVIEW,insufficient evidence; could be product or ambiguous OCR,LOW,INSUFFICIENT_EVIDENCE
45716,HUMAN MIXTARD-40 1VAIL,REVIEW,REVIEW,NO_MATCH_FALLBACK,FALLBACK:AMBIGUOUS_NO_BRAND,,,,,False,,KEEP REVIEW,insufficient evidence; could be product or ambiguous OCR,LOW,INSUFFICIENT_EVIDENCE
45717,INSUMIN COMBO 25 1ING,REVIEW,REVIEW,NO_MATCH_FALLBACK,FALLBACK:AMBIGUOUS_NO_BRAND,,,,,False,,KEEP REVIEW,insufficient evidence; could be product or ambiguous OCR,LOW,INSUFFICIENT_EVIDENCE
46155,CELOLMAX 1X15CAP,REVIEW,REVIEW,NO_MATCH_FALLBACK,FALLBACK:AMBIGUOUS_NO_BRAND,,,,,False,,KEEP REVIEW,insufficient evidence; could be product or ambiguous OCR,LOW,INSUFFICIENT_EVIDENCE
48120,BHUSHAN MEDICOSE,REVIEW,REVIEW,NO_MATCH_FALLBACK,FALLBACK:AMBIGUOUS_NO_BRAND,,,,,False,,KEEP REVIEW,insufficient evidence; could be product or ambiguous OCR,LOW,INSUFFICIENT_EVIDENCE
48144,BHUSHAN MEDICOSE,REVIEW,REVIEW,NO_MATCH_FALLBACK,FALLBACK:AMBIGUOUS_NO_BRAND,,,,,False,,KEEP REVIEW,insufficient evidence; could be product or ambiguous OCR,LOW,INSUFFICIENT_EVIDENCE
48168,BHUSHAN MEDICOSE,REVIEW,REVIEW,NO_MATCH_FALLBACK,FALLBACK:AMBIGUOUS_NO_BRAND,,,,,False,,KEEP REVIEW,insufficient evidence; could be product or ambiguous OCR,LOW,INSUFFICIENT_EVIDENCE
48234,BHUSHAN MEDICOSE,REVIEW,REVIEW,NO_MATCH_FALLBACK,FALLBACK:AMBIGUOUS_NO_BRAND,,,,,False,,KEEP REVIEW,insufficient evidence; could be product or ambiguous OCR,LOW,INSUFFICIENT_EVIDENCE
48258,BHUSHAN MEDICOSE,REVIEW,REVIEW,NO_MATCH_FALLBACK,FALLBACK:AMBIGUOUS_NO_BRAND,,,,,False,,KEEP REVIEW,insufficient evidence; could be product or ambiguous OCR,LOW,INSUFFICIENT_EVIDENCE
48282,BHUSHAN MEDICOSE,REVIEW,REVIEW,NO_MATCH_FALLBACK,FALLBACK:AMBIGUOUS_NO_BRAND,,,,,False,,KEEP REVIEW,insufficient evidence; could be product or ambiguous OCR,LOW,INSUFFICIENT_EVIDENCE
48323,AVINTIS,REVIEW,REVIEW,NO_MATCH_FALLBACK,FALLBACK:AMBIGUOUS_NO_BRAND,,,,,False,,KEEP REVIEW,insufficient evidence; could be product or ambiguous OCR,LOW,INSUFFICIENT_EVIDENCE
48337,EM NUCRON-CD,REVIEW,REVIEW,NO_MATCH_FALLBACK,FALLBACK:AMBIGUOUS_NO_BRAND,,,,,False,,KEEP REVIEW,insufficient evidence; could be product or ambiguous OCR,LOW,INSUFFICIENT_EVIDENCE
48342,EM XENNEX,REVIEW,REVIEW,NO_MATCH_FALLBACK,FALLBACK:AMBIGUOUS_NO_BRAND,,,,,False,,KEEP REVIEW,insufficient evidence; could be product or ambiguous OCR,LOW,INSUFFICIENT_EVIDENCE
48372,AJIT MEDICAL STORES,REVIEW,REVIEW,NO_MATCH_FALLBACK,FALLBACK:DISTRIBUTION_ENTITY,,,,,False,,KEEP REVIEW,insufficient evidence; could be product or ambiguous OCR,LOW,INSUFFICIENT_EVIDENCE
48689,OPEL AGENCY,REVIEW,REVIEW,NO_MATCH_FALLBACK,FALLBACK:DISTRIBUTION_ENTITY,,,,,False,,KEEP REVIEW,insufficient evidence; could be product or ambiguous OCR,LOW,INSUFFICIENT_EVIDENCE
48743,OPEL AGENCY,REVIEW,REVIEW,NO_MATCH_FALLBACK,FALLBACK:DISTRIBUTION_ENTITY,,,,,False,,KEEP REVIEW,insufficient evidence; could be product or ambiguous OCR,LOW,INSUFFICIENT_EVIDENCE
48797,OPEL AGENCY,REVIEW,REVIEW,NO_MATCH_FALLBACK,FALLBACK:DISTRIBUTION_ENTITY,,,,,False,,KEEP REVIEW,insufficient evidence; could be product or ambiguous OCR,LOW,INSUFFICIENT_EVIDENCE
48841,OPEL AGENCY,REVIEW,REVIEW,NO_MATCH_FALLBACK,FALLBACK:DISTRIBUTION_ENTITY,,,,,False,,KEEP REVIEW,insufficient evidence; could be product or ambiguous OCR,LOW,INSUFFICIENT_EVIDENCE
48895,OPEL AGENCY,REVIEW,REVIEW,NO_MATCH_FALLBACK,FALLBACK:DISTRIBUTION_ENTITY,,,,,False,,KEEP REVIEW,insufficient evidence; could be product or ambiguous OCR,LOW,INSUFFICIENT_EVIDENCE
48944,OPEL AGENCY,REVIEW,REVIEW,NO_MATCH_FALLBACK,FALLBACK:DISTRIBUTION_ENTITY,,,,,False,,KEEP REVIEW,insufficient evidence; could be product or ambiguous OCR,LOW,INSUFFICIENT_EVIDENCE
48996,OPEL AGENCY,REVIEW,REVIEW,NO_MATCH_FALLBACK,FALLBACK:DISTRIBUTION_ENTITY,,,,,False,,KEEP REVIEW,insufficient evidence; could be product or ambiguous OCR,LOW,INSUFFICIENT_EVIDENCE
49095,E-TEL20 10T,REVIEW,REVIEW,NO_MATCH_FALLBACK,FALLBACK:AMBIGUOUS_NO_BRAND,,,,,False,,KEEP REVIEW,insufficient evidence; could be product or ambiguous OCR,LOW,INSUFFICIENT_EVIDENCE
49096,E-TEL40 10T,REVIEW,REVIEW,NO_MATCH_FALLBACK,FALLBACK:AMBIGUOUS_NO_BRAND,,,,,False,,KEEP REVIEW,insufficient evidence; could be product or ambiguous OCR,LOW,INSUFFICIENT_EVIDENCE
49097,E-TEL80 10T,REVIEW,REVIEW,NO_MATCH_FALLBACK,FALLBACK:AMBIGUOUS_NO_BRAND,,,,,False,,KEEP REVIEW,insufficient evidence; could be product or ambiguous OCR,LOW,INSUFFICIENT_EVIDENCE
49178,NUSAR25MG 10T,REVIEW,REVIEW,NO_MATCH_FALLBACK,FALLBACK:AMBIGUOUS_NO_BRAND,,,,,False,,KEEP REVIEW,insufficient evidence; could be product or ambiguous OCR,LOW,INSUFFICIENT_EVIDENCE
49179,NUSAR50MG 10T,REVIEW,REVIEW,NO_MATCH_FALLBACK,FALLBACK:AMBIGUOUS_NO_BRAND,,,,,False,,KEEP REVIEW,insufficient evidence; could be product or ambiguous OCR,LOW,INSUFFICIENT_EVIDENCE
50218,Batch : E16DG25013 Stock : 30 ExPDt : 03/27 MRP : 317.80 Value : 6537.60 --,REVIEW,REVIEW,NO_MATCH_FALLBACK,FALLBACK:AMBIGUOUS_NO_BRAND,,,,,False,,KEEP REVIEW,insufficient evidence; could be product or ambiguous OCR,LOW,INSUFFICIENT_EVIDENCE
50456,REIENCAR 30 NEW 1X10CAP,REVIEW,REVIEW,NO_MATCH_FALLBACK,FALLBACK:AMBIGUOUS_NO_BRAND,,,NEW_without_NORMET,,False,,CANDIDATE FOR 1,brand invalidated (NEW_without_NORMET) + no pharma signal,MODERATE,INVALIDATED_NO_PHARMA
50689,Batch : E16LB24004 Stock : 1 ExPDt : 11/26 MRP : 197.35 Value : 135.33 --,REVIEW,REVIEW,NO_MATCH_FALLBACK,FALLBACK:AMBIGUOUS_NO_BRAND,,,,,False,,KEEP REVIEW,insufficient evidence; could be product or ambiguous OCR,LOW,INSUFFICIENT_EVIDENCE
50855,Batch FIT4C04 Stock : 1,REVIEW,REVIEW,NO_MATCH_FALLBACK,FALLBACK:AMBIGUOUS_NO_BRAND,,,,,False,,KEEP REVIEW,insufficient evidence; could be product or ambiguous OCR,LOW,INSUFFICIENT_EVIDENCE
50878,Batch ADE04ANA Stock : 1,REVIEW,REVIEW,NO_MATCH_FALLBACK,FALLBACK:AMBIGUOUS_NO_BRAND,,,,,False,,KEEP REVIEW,insufficient evidence; could be product or ambiguous OCR,LOW,INSUFFICIENT_EVIDENCE
51363,R.K.DISTRIBUTORS,REVIEW,1,GARBAGE:pattern_garbage,GARBAGE:pattern_garbage,,,,,False,\b(AGENCIES?|DISTRIBUTORS?|MEDICO[SE]?|CORPORATION|ENTERPRISES?|TRADERS?|TRADING)\b,KEEP REVIEW,insufficient evidence; could be product or ambiguous OCR,LOW,INSUFFICIENT_EVIDENCE
51402,R.K.DISTRIBUTORS,REVIEW,1,GARBAGE:pattern_garbage,GARBAGE:pattern_garbage,,,,,False,\b(AGENCIES?|DISTRIBUTORS?|MEDICO[SE]?|CORPORATION|ENTERPRISES?|TRADERS?|TRADING)\b,KEEP REVIEW,insufficient evidence; could be product or ambiguous OCR,LOW,INSUFFICIENT_EVIDENCE
51454,Digital Purchase ERP Ordering Healthcare QRCode on bills for extra earnings Call MARG 08023304117080233041179880427548,REVIEW,REVIEW,NO_MATCH_FALLBACK,FALLBACK:PHARMA_ENTITY,,,,,False,,CANDIDATE FOR 1,company/entity keyword (PHARMACEUTICALS/BIOPHARMA/HOSPITAL etc.),STRONG,COMPANY_ENTITY
52887,Digital Purchase ERP Ordering Healthcare QRCode on bills for extra earnings Call MARG 93708145819370814581,REVIEW,REVIEW,NO_MATCH_FALLBACK,FALLBACK:PHARMA_ENTITY,,,,,False,,CANDIDATE FOR 1,company/entity keyword (PHARMACEUTICALS/BIOPHARMA/HOSPITAL etc.),STRONG,COMPANY_ENTITY
55088,TERLIBAX INJECTION,REVIEW,REVIEW,NO_MATCH_FALLBACK,FALLBACK:AMBIGUOUS_NO_BRAND,,,,,False,,KEEP REVIEW,insufficient evidence; could be product or ambiguous OCR,LOW,INSUFFICIENT_EVIDENCE
55297,AVIL 25 5X15TA,REVIEW,REVIEW,NO_MATCH_FALLBACK,FALLBACK:AMBIGUOUS_NO_BRAND,,,,,False,,KEEP REVIEW,insufficient evidence; could be product or ambiguous OCR,LOW,INSUFFICIENT_EVIDENCE
55390,HUMAN MIXTARD-40 1VAIL,REVIEW,REVIEW,NO_MATCH_FALLBACK,FALLBACK:AMBIGUOUS_NO_BRAND,,,,,False,,KEEP REVIEW,insufficient evidence; could be product or ambiguous OCR,LOW,INSUFFICIENT_EVIDENCE
55391,INSUMIN COMBO 25 1ING,REVIEW,REVIEW,NO_MATCH_FALLBACK,FALLBACK:AMBIGUOUS_NO_BRAND,,,,,False,,KEEP REVIEW,insufficient evidence; could be product or ambiguous OCR,LOW,INSUFFICIENT_EVIDENCE
55623,XENNEX-DIV 01/08/26-31/08/26,REVIEW,REVIEW,NO_MATCH_FALLBACK,FALLBACK:AMBIGUOUS_NO_BRAND,,,,,False,,CANDIDATE FOR 1,starts with known Emcure company/division prefix,STRONG,COMPANY_DIVISION_PREFIX
56101,MASTER MEDICO,REVIEW,1,GARBAGE:pattern_garbage,GARBAGE:pattern_garbage,,,,,False,\b(AGENCIES?|DISTRIBUTORS?|MEDICO[SE]?|CORPORATION|ENTERPRISES?|TRADERS?|TRADING)\b,CANDIDATE FOR 1,company-like name without pharma dosage form,MODERATE,PHARMA_COMPANY_NAME
56145,Digital Purchase ERP Ordering Healthcare QRCode on bills for extra earnings Call MARG 9716114999,REVIEW,REVIEW,NO_MATCH_FALLBACK,FALLBACK:PHARMA_ENTITY,,,,,False,,CANDIDATE FOR 1,company/entity keyword (PHARMACEUTICALS/BIOPHARMA/HOSPITAL etc.),STRONG,COMPANY_ENTITY
56591,PHARMA TRADERS,REVIEW,1,GARBAGE:pattern_garbage,GARBAGE:pattern_garbage,,,,,False,\b(AGENCIES?|DISTRIBUTORS?|MEDICO[SE]?|CORPORATION|ENTERPRISES?|TRADERS?|TRADING)\b,CANDIDATE FOR 1,company-like name without pharma dosage form,MODERATE,PHARMA_COMPANY_NAME
56643,PHARMA TRADERS,REVIEW,1,GARBAGE:pattern_garbage,GARBAGE:pattern_garbage,,,,,False,\b(AGENCIES?|DISTRIBUTORS?|MEDICO[SE]?|CORPORATION|ENTERPRISES?|TRADERS?|TRADING)\b,CANDIDATE FOR 1,company-like name without pharma dosage form,MODERATE,PHARMA_COMPANY_NAME
56695,PHARMA TRADERS,REVIEW,1,GARBAGE:pattern_garbage,GARBAGE:pattern_garbage,,,,,False,\b(AGENCIES?|DISTRIBUTORS?|MEDICO[SE]?|CORPORATION|ENTERPRISES?|TRADERS?|TRADING)\b,CANDIDATE FOR 1,company-like name without pharma dosage form,MODERATE,PHARMA_COMPANY_NAME
56747,PHARMA TRADERS,REVIEW,1,GARBAGE:pattern_garbage,GARBAGE:pattern_garbage,,,,,False,\b(AGENCIES?|DISTRIBUTORS?|MEDICO[SE]?|CORPORATION|ENTERPRISES?|TRADERS?|TRADING)\b,CANDIDATE FOR 1,company-like name without pharma dosage form,MODERATE,PHARMA_COMPANY_NAME
56799,PHARMA TRADERS,REVIEW,1,GARBAGE:pattern_garbage,GARBAGE:pattern_garbage,,,,,False,\b(AGENCIES?|DISTRIBUTORS?|MEDICO[SE]?|CORPORATION|ENTERPRISES?|TRADERS?|TRADING)\b,CANDIDATE FOR 1,company-like name without pharma dosage form,MODERATE,PHARMA_COMPANY_NAME
56851,PHARMA TRADERS,REVIEW,1,GARBAGE:pattern_garbage,GARBAGE:pattern_garbage,,,,,False,\b(AGENCIES?|DISTRIBUTORS?|MEDICO[SE]?|CORPORATION|ENTERPRISES?|TRADERS?|TRADING)\b,CANDIDATE FOR 1,company-like name without pharma dosage form,MODERATE,PHARMA_COMPANY_NAME
56968,SHREE JWALA JEE AGENCY,REVIEW,REVIEW,NO_MATCH_FALLBACK,FALLBACK:DISTRIBUTION_ENTITY,,,,,False,,KEEP REVIEW,insufficient evidence; could be product or ambiguous OCR,LOW,INSUFFICIENT_EVIDENCE
57027,SHREE JWALA JEE AGENCY,REVIEW,REVIEW,NO_MATCH_FALLBACK,FALLBACK:DISTRIBUTION_ENTITY,,,,,False,,KEEP REVIEW,insufficient evidence; could be product or ambiguous OCR,LOW,INSUFFICIENT_EVIDENCE
57086,SHREE JWALA JEE AGENCY,REVIEW,REVIEW,NO_MATCH_FALLBACK,FALLBACK:DISTRIBUTION_ENTITY,,,,,False,,KEEP REVIEW,insufficient evidence; could be product or ambiguous OCR,LOW,INSUFFICIENT_EVIDENCE
59212,ALLSTAR REUSABLE INSULIN PEN 1PEN,REVIEW,REVIEW,NO_MATCH_FALLBACK,FALLBACK:AMBIGUOUS_NO_BRAND,,,,,False,,KEEP REVIEW,insufficient evidence; could be product or ambiguous OCR,LOW,INSUFFICIENT_EVIDENCE
59589,TOUJEO SOLOSTAR 1 UNIT,REVIEW,REVIEW,NO_MATCH_FALLBACK,FALLBACK:AMBIGUOUS_NO_BRAND,,,fuzzy→EXACT_ONLY(NUNIT),,False,,CANDIDATE FOR 1,brand invalidated (fuzzy→EXACT_ONLY(NUNIT)) + no pharma signal,MODERATE,INVALIDATED_NO_PHARMA
60678,ROSUVAS 10,REVIEW,REVIEW,NO_MATCH_FALLBACK,FALLBACK:AMBIGUOUS_NO_BRAND,,,,,False,,KEEP REVIEW,insufficient evidence; could be product or ambiguous OCR,LOW,INSUFFICIENT_EVIDENCE
60679,ROSUVAS 20,REVIEW,REVIEW,NO_MATCH_FALLBACK,FALLBACK:AMBIGUOUS_NO_BRAND,,,,,False,,KEEP REVIEW,insufficient evidence; could be product or ambiguous OCR,LOW,INSUFFICIENT_EVIDENCE
61196,RAJESH PHARMA PU RAIPUR,REVIEW,REVIEW,NO_MATCH_FALLBACK,FALLBACK:AMBIGUOUS_NO_BRAND,,,,,False,,CANDIDATE FOR 1,company-like name without pharma dosage form,MODERATE,PHARMA_COMPANY_NAME
61197,RAJESH PHARMA PU RAIPUR,REVIEW,REVIEW,NO_MATCH_FALLBACK,FALLBACK:AMBIGUOUS_NO_BRAND,,,,,False,,CANDIDATE FOR 1,company-like name without pharma dosage form,MODERATE,PHARMA_COMPANY_NAME
61198,RAJESH PHARMA PU RAIPUR,REVIEW,REVIEW,NO_MATCH_FALLBACK,FALLBACK:AMBIGUOUS_NO_BRAND,,,,,False,,CANDIDATE FOR 1,company-like name without pharma dosage form,MODERATE,PHARMA_COMPANY_NAME
61199,RAJESH PHARMA PU RAIPUR,REVIEW,REVIEW,NO_MATCH_FALLBACK,FALLBACK:AMBIGUOUS_NO_BRAND,,,,,False,,CANDIDATE FOR 1,company-like name without pharma dosage form,MODERATE,PHARMA_COMPANY_NAME
61200,RAJESH PHARMA PU RAIPUR,REVIEW,REVIEW,NO_MATCH_FALLBACK,FALLBACK:AMBIGUOUS_NO_BRAND,,,,,False,,CANDIDATE FOR 1,company-like name without pharma dosage form,MODERATE,PHARMA_COMPANY_NAME
61201,RAJESH PHARMA PU RAIPUR,REVIEW,REVIEW,NO_MATCH_FALLBACK,FALLBACK:AMBIGUOUS_NO_BRAND,,,,,False,,CANDIDATE FOR 1,company-like name without pharma dosage form,MODERATE,PHARMA_COMPANY_NAME
61202,RAJESH PHARMA PU RAIPUR,REVIEW,REVIEW,NO_MATCH_FALLBACK,FALLBACK:AMBIGUOUS_NO_BRAND,,,,,False,,CANDIDATE FOR 1,company-like name without pharma dosage form,MODERATE,PHARMA_COMPANY_NAME
61203,RAJESH PHARMA PU RAIPUR,REVIEW,REVIEW,NO_MATCH_FALLBACK,FALLBACK:AMBIGUOUS_NO_BRAND,,,,,False,,CANDIDATE FOR 1,company-like name without pharma dosage form,MODERATE,PHARMA_COMPANY_NAME
61204,RAJESH PHARMA PU RAIPUR,REVIEW,REVIEW,NO_MATCH_FALLBACK,FALLBACK:AMBIGUOUS_NO_BRAND,,,,,False,,CANDIDATE FOR 1,company-like name without pharma dosage form,MODERATE,PHARMA_COMPANY_NAME
61205,RAJESH PHARMA PU RAIPUR,REVIEW,REVIEW,NO_MATCH_FALLBACK,FALLBACK:AMBIGUOUS_NO_BRAND,,,,,False,,CANDIDATE FOR 1,company-like name without pharma dosage form,MODERATE,PHARMA_COMPANY_NAME
61206,RAJESH PHARMA PU RAIPUR,REVIEW,REVIEW,NO_MATCH_FALLBACK,FALLBACK:AMBIGUOUS_NO_BRAND,,,,,False,,CANDIDATE FOR 1,company-like name without pharma dosage form,MODERATE,PHARMA_COMPANY_NAME
61207,RAJESH PHARMA PU RAIPUR,REVIEW,REVIEW,NO_MATCH_FALLBACK,FALLBACK:AMBIGUOUS_NO_BRAND,,,,,False,,CANDIDATE FOR 1,company-like name without pharma dosage form,MODERATE,PHARMA_COMPANY_NAME
62707,NUCRON,REVIEW,REVIEW,NO_MATCH_FALLBACK,FALLBACK:AMBIGUOUS_NO_BRAND,,,,,False,,CANDIDATE FOR 1,starts with known Emcure company/division prefix,STRONG,COMPANY_DIVISION_PREFIX
63588,AMAR PHARMA,REVIEW,REVIEW,NO_MATCH_FALLBACK,FALLBACK:AMBIGUOUS_NO_BRAND,,,,,False,,CANDIDATE FOR 1,company-like name without pharma dosage form,MODERATE,PHARMA_COMPANY_NAME
63620,NUCRON,REVIEW,REVIEW,NO_MATCH_FALLBACK,FALLBACK:AMBIGUOUS_NO_BRAND,,,,,False,,CANDIDATE FOR 1,starts with known Emcure company/division prefix,STRONG,COMPANY_DIVISION_PREFIX
63634,AMAR PHARMA,REVIEW,REVIEW,NO_MATCH_FALLBACK,FALLBACK:AMBIGUOUS_NO_BRAND,,,,,False,,CANDIDATE FOR 1,company-like name without pharma dosage form,MODERATE,PHARMA_COMPANY_NAME
63677,NUCRON CV DIVISION,REVIEW,REVIEW,NO_MATCH_FALLBACK,FALLBACK:STRUCTURAL_KW,,,,,False,,CANDIDATE FOR 1,starts with known Emcure company/division prefix,STRONG,COMPANY_DIVISION_PREFIX
63685,AMAR PHARMA,REVIEW,REVIEW,NO_MATCH_FALLBACK,FALLBACK:AMBIGUOUS_NO_BRAND,,,,,False,,CANDIDATE FOR 1,company-like name without pharma dosage form,MODERATE,PHARMA_COMPANY_NAME
63734,XENNEX PHARMA,REVIEW,REVIEW,NO_MATCH_FALLBACK,FALLBACK:AMBIGUOUS_NO_BRAND,,,,,False,,CANDIDATE FOR 1,starts with known Emcure company/division prefix,STRONG,COMPANY_DIVISION_PREFIX
63736,AMAR PHARMA,REVIEW,REVIEW,NO_MATCH_FALLBACK,FALLBACK:AMBIGUOUS_NO_BRAND,,,,,False,,CANDIDATE FOR 1,company-like name without pharma dosage form,MODERATE,PHARMA_COMPANY_NAME
63754,Digital Purchase ERP Ordering Healthcare QRCode on bills for extra earnings Call MARG 8839424695,REVIEW,REVIEW,NO_MATCH_FALLBACK,FALLBACK:PHARMA_ENTITY,,,,,False,,CANDIDATE FOR 1,company/entity keyword (PHARMACEUTICALS/BIOPHARMA/HOSPITAL etc.),STRONG,COMPANY_ENTITY
65213,EOPTAL150 10,REVIEW,REVIEW,NO_MATCH_FALLBACK,FALLBACK:AMBIGUOUS_NO_BRAND,,,,,False,,KEEP REVIEW,insufficient evidence; could be product or ambiguous OCR,LOW,INSUFFICIENT_EVIDENCE
65264,NEEDLES,REVIEW,REVIEW,NO_MATCH_FALLBACK,FALLBACK:AMBIGUOUS_NO_BRAND,,,,,False,,KEEP REVIEW,insufficient evidence; could be product or ambiguous OCR,LOW,INSUFFICIENT_EVIDENCE
65875,EMCEE PHARMA PVT.LTD.,REVIEW,1,GARBAGE:pattern_garbage,GARBAGE:pattern_garbage,,,,,False,\b(PVT\.?\s+)?LTD\.?\s*$,CANDIDATE FOR 1,company-like name without pharma dosage form,MODERATE,PHARMA_COMPANY_NAME
66242,EMC CV,REVIEW,REVIEW,NO_MATCH_FALLBACK,FALLBACK:VERY_SHORT,,,,,False,,KEEP REVIEW,insufficient evidence; could be product or ambiguous OCR,LOW,INSUFFICIENT_EVIDENCE
66264,EMC GENERIC,REVIEW,REVIEW,NO_MATCH_FALLBACK,FALLBACK:AMBIGUOUS_NO_BRAND,,,,,False,,KEEP REVIEW,insufficient evidence; could be product or ambiguous OCR,LOW,INSUFFICIENT_EVIDENCE
66285,EMC INVENTIA,REVIEW,REVIEW,NO_MATCH_FALLBACK,FALLBACK:AMBIGUOUS_NO_BRAND,,,,,False,,KEEP REVIEW,insufficient evidence; could be product or ambiguous OCR,LOW,INSUFFICIENT_EVIDENCE
66292,EMC NUCARE,REVIEW,REVIEW,NO_MATCH_FALLBACK,FALLBACK:AMBIGUOUS_NO_BRAND,,,,,False,,KEEP REVIEW,insufficient evidence; could be product or ambiguous OCR,LOW,INSUFFICIENT_EVIDENCE
66296,EMC NUCRON,REVIEW,REVIEW,NO_MATCH_FALLBACK,FALLBACK:AMBIGUOUS_NO_BRAND,,,,,False,,KEEP REVIEW,insufficient evidence; could be product or ambiguous OCR,LOW,INSUFFICIENT_EVIDENCE
66340,EMC NUSURGE,REVIEW,REVIEW,NO_MATCH_FALLBACK,FALLBACK:AMBIGUOUS_NO_BRAND,,,,,False,,KEEP REVIEW,insufficient evidence; could be product or ambiguous OCR,LOW,INSUFFICIENT_EVIDENCE
66351,EMC ORION,REVIEW,REVIEW,NO_MATCH_FALLBACK,FALLBACK:AMBIGUOUS_NO_BRAND,,,,,False,,KEEP REVIEW,insufficient evidence; could be product or ambiguous OCR,LOW,INSUFFICIENT_EVIDENCE
66403,EMC PHARMA,REVIEW,REVIEW,NO_MATCH_FALLBACK,FALLBACK:AMBIGUOUS_NO_BRAND,,,,,False,,CANDIDATE FOR 1,company-like name without pharma dosage form,MODERATE,PHARMA_COMPANY_NAME
66418,EMC PHRMANEXT,REVIEW,REVIEW,NO_MATCH_FALLBACK,FALLBACK:AMBIGUOUS_NO_BRAND,,,,,False,,KEEP REVIEW,insufficient evidence; could be product or ambiguous OCR,LOW,INSUFFICIENT_EVIDENCE
66813,NUCRON CV,REVIEW,REVIEW,NO_MATCH_FALLBACK,FALLBACK:AMBIGUOUS_NO_BRAND,,,,,False,,CANDIDATE FOR 1,starts with known Emcure company/division prefix,STRONG,COMPANY_DIVISION_PREFIX
66980,NUCRON PHARMA.LTD,REVIEW,1,GARBAGE:pattern_garbage,GARBAGE:pattern_garbage,,,,,False,\b(PVT\.?\s+)?LTD\.?\s*$,CANDIDATE FOR 1,starts with known Emcure company/division prefix,STRONG,COMPANY_DIVISION_PREFIX
67211,RASOTAN40TAB,REVIEW,REVIEW,NO_MATCH_FALLBACK,FALLBACK:AMBIGUOUS_NO_BRAND,,,,,False,,KEEP REVIEW,insufficient evidence; could be product or ambiguous OCR,LOW,INSUFFICIENT_EVIDENCE
67377,OROFERXTSUS,REVIEW,REVIEW,NO_MATCH_FALLBACK,FALLBACK:AMBIGUOUS_NO_BRAND,,,,,False,,KEEP REVIEW,insufficient evidence; could be product or ambiguous OCR,LOW,INSUFFICIENT_EVIDENCE
69124,EMC NUC CV --,REVIEW,REVIEW,NO_MATCH_FALLBACK,FALLBACK:AMBIGUOUS_NO_BRAND,,,,,False,,KEEP REVIEW,insufficient evidence; could be product or ambiguous OCR,LOW,INSUFFICIENT_EVIDENCE
69227,EMC PH --,REVIEW,REVIEW,NO_MATCH_FALLBACK,FALLBACK:VERY_SHORT,,,,,False,,KEEP REVIEW,insufficient evidence; could be product or ambiguous OCR,LOW,INSUFFICIENT_EVIDENCE
69500,EMSITAGM 50/2/1000 TAI 10.,REVIEW,REVIEW,NO_MATCH_FALLBACK,FALLBACK:AMBIGUOUS_NO_BRAND,,,,,False,,KEEP REVIEW,insufficient evidence; could be product or ambiguous OCR,LOW,INSUFFICIENT_EVIDENCE
69615,GENNOVA,REVIEW,REVIEW,NO_MATCH_FALLBACK,FALLBACK:AMBIGUOUS_NO_BRAND,,,,,False,,CANDIDATE FOR 1,starts with known Emcure company/division prefix,STRONG,COMPANY_DIVISION_PREFIX
69642,GENNOVA NEPHRO.,REVIEW,REVIEW,NO_MATCH_FALLBACK,FALLBACK:AMBIGUOUS_NO_BRAND,,,,,False,,CANDIDATE FOR 1,starts with known Emcure company/division prefix,STRONG,COMPANY_DIVISION_PREFIX
69853,ROSEVAS 10,REVIEW,REVIEW,NO_MATCH_FALLBACK,FALLBACK:AMBIGUOUS_NO_BRAND,,,,,False,,KEEP REVIEW,insufficient evidence; could be product or ambiguous OCR,LOW,INSUFFICIENT_EVIDENCE
69958,MATERNA1200 HMG HP,REVIEW,REVIEW,NO_MATCH_FALLBACK,FALLBACK:AMBIGUOUS_NO_BRAND,,,,,False,,KEEP REVIEW,insufficient evidence; could be product or ambiguous OCR,LOW,INSUFFICIENT_EVIDENCE
69977,ORION,REVIEW,REVIEW,NO_MATCH_FALLBACK,FALLBACK:VERY_SHORT,,,,,False,,KEEP REVIEW,insufficient evidence; could be product or ambiguous OCR,LOW,INSUFFICIENT_EVIDENCE
70030,PHARMA NXT,REVIEW,REVIEW,NO_MATCH_FALLBACK,FALLBACK:AMBIGUOUS_NO_BRAND,,,,,False,,CANDIDATE FOR 1,company-like name without pharma dosage form,MODERATE,PHARMA_COMPANY_NAME
70081,XENNEX,REVIEW,REVIEW,NO_MATCH_FALLBACK,FALLBACK:AMBIGUOUS_NO_BRAND,,,,,False,,CANDIDATE FOR 1,starts with known Emcure company/division prefix,STRONG,COMPANY_DIVISION_PREFIX
71359,GENONVA,REVIEW,REVIEW,NO_MATCH_FALLBACK,FALLBACK:AMBIGUOUS_NO_BRAND,,,,,False,,KEEP REVIEW,insufficient evidence; could be product or ambiguous OCR,LOW,INSUFFICIENT_EVIDENCE
72805,DOSPrinter 3.5 DEMO,REVIEW,REVIEW,NO_MATCH_FALLBACK,FALLBACK:AMBIGUOUS_NO_BRAND,,,,,False,,KEEP REVIEW,insufficient evidence; could be product or ambiguous OCR,LOW,INSUFFICIENT_EVIDENCE
73494,ITEMCODE ITEMNAME,REVIEW,REVIEW,NO_MATCH_FALLBACK,FALLBACK:AMBIGUOUS_NO_BRAND,,,,,False,,KEEP REVIEW,insufficient evidence; could be product or ambiguous OCR,LOW,INSUFFICIENT_EVIDENCE
76547,GENNOVA EX,REVIEW,REVIEW,NO_MATCH_FALLBACK,FALLBACK:AMBIGUOUS_NO_BRAND,,,,,False,,CANDIDATE FOR 1,starts with known Emcure company/division prefix,STRONG,COMPANY_DIVISION_PREFIX
76555,GENNOVA GB,REVIEW,REVIEW,NO_MATCH_FALLBACK,FALLBACK:AMBIGUOUS_NO_BRAND,,,,,False,,CANDIDATE FOR 1,starts with known Emcure company/division prefix,STRONG,COMPANY_DIVISION_PREFIX
76558,NUCRO CV EV,REVIEW,REVIEW,NO_MATCH_FALLBACK,FALLBACK:AMBIGUOUS_NO_BRAND,,,,,False,,KEEP REVIEW,insufficient evidence; could be product or ambiguous OCR,LOW,INSUFFICIENT_EVIDENCE
78941,TRICPLANT 10t,REVIEW,REVIEW,NO_MATCH_FALLBACK,FALLBACK:AMBIGUOUS_NO_BRAND,,,,,False,,KEEP REVIEW,insufficient evidence; could be product or ambiguous OCR,LOW,INSUFFICIENT_EVIDENCE
79355,GENOVA,REVIEW,REVIEW,NO_MATCH_FALLBACK,FALLBACK:AMBIGUOUS_NO_BRAND,,,,,False,,KEEP REVIEW,insufficient evidence; could be product or ambiguous OCR,LOW,INSUFFICIENT_EVIDENCE
79823,ERINYLE HEALTH CARE PVT.LTD,REVIEW,1,GARBAGE:pattern_garbage,GARBAGE:pattern_garbage,,,,,False,\b(PVT\.?\s+)?LTD\.?\s*$,KEEP REVIEW,insufficient evidence; could be product or ambiguous OCR,LOW,INSUFFICIENT_EVIDENCE
80943,POVIZ DIV,REVIEW,REVIEW,NO_MATCH_FALLBACK,FALLBACK:AMBIGUOUS_NO_BRAND,,,,,False,,KEEP REVIEW,insufficient evidence; could be product or ambiguous OCR,LOW,INSUFFICIENT_EVIDENCE
80999,CONSIVASEZ40 10,REVIEW,REVIEW,NO_MATCH_FALLBACK,FALLBACK:AMBIGUOUS_NO_BRAND,,,,,False,,KEEP REVIEW,insufficient evidence; could be product or ambiguous OCR,LOW,INSUFFICIENT_EVIDENCE
81000,CORDARONE100MG 20*15T,REVIEW,REVIEW,NO_MATCH_FALLBACK,FALLBACK:AMBIGUOUS_NO_BRAND,,,,,False,,KEEP REVIEW,insufficient evidence; could be product or ambiguous OCR,LOW,INSUFFICIENT_EVIDENCE
81001,CORDARONEX200MG 10*15T,REVIEW,REVIEW,NO_MATCH_FALLBACK,FALLBACK:AMBIGUOUS_NO_BRAND,,,,,False,,KEEP REVIEW,insufficient evidence; could be product or ambiguous OCR,LOW,INSUFFICIENT_EVIDENCE
81006,HOSITFCM1K 1,REVIEW,REVIEW,NO_MATCH_FALLBACK,FALLBACK:AMBIGUOUS_NO_BRAND,,,,,False,,KEEP REVIEW,insufficient evidence; could be product or ambiguous OCR,LOW,INSUFFICIENT_EVIDENCE
81010,PLAVIX75 10*14T,REVIEW,REVIEW,NO_MATCH_FALLBACK,FALLBACK:AMBIGUOUS_NO_BRAND,,,,,False,,KEEP REVIEW,insufficient evidence; could be product or ambiguous OCR,LOW,INSUFFICIENT_EVIDENCE
81106,ACEGABANT200 15,REVIEW,REVIEW,NO_MATCH_FALLBACK,FALLBACK:AMBIGUOUS_NO_BRAND,,,,,False,,KEEP REVIEW,insufficient evidence; could be product or ambiguous OCR,LOW,INSUFFICIENT_EVIDENCE
81121,EMBLOBULINING 1,REVIEW,REVIEW,NO_MATCH_FALLBACK,FALLBACK:AMBIGUOUS_NO_BRAND,,,,,False,,KEEP REVIEW,insufficient evidence; could be product or ambiguous OCR,LOW,INSUFFICIENT_EVIDENCE
81334,OROFERXTDROP 1,REVIEW,REVIEW,NO_MATCH_FALLBACK,FALLBACK:AMBIGUOUS_NO_BRAND,,,,,False,,KEEP REVIEW,insufficient evidence; could be product or ambiguous OCR,LOW,INSUFFICIENT_EVIDENCE
81379,STABOSE2MG,REVIEW,REVIEW,NO_MATCH_FALLBACK,FALLBACK:AMBIGUOUS_NO_BRAND,,,,,False,,KEEP REVIEW,insufficient evidence; could be product or ambiguous OCR,LOW,INSUFFICIENT_EVIDENCE
81437,EMSITAMPTAB 1,REVIEW,REVIEW,NO_MATCH_FALLBACK,FALLBACK:AMBIGUOUS_NO_BRAND,,,,,False,,KEEP REVIEW,insufficient evidence; could be product or ambiguous OCR,LOW,INSUFFICIENT_EVIDENCE
81462,CELOLD3PLUS 10,REVIEW,REVIEW,NO_MATCH_FALLBACK,FALLBACK:AMBIGUOUS_NO_BRAND,,,,,False,,KEEP REVIEW,insufficient evidence; could be product or ambiguous OCR,LOW,INSUFFICIENT_EVIDENCE
81472,FERIUMING500MG 1,REVIEW,REVIEW,NO_MATCH_FALLBACK,FALLBACK:AMBIGUOUS_NO_BRAND,,,,,False,,KEEP REVIEW,insufficient evidence; could be product or ambiguous OCR,LOW,INSUFFICIENT_EVIDENCE
81485,OSTERI600MCGINJ 1,REVIEW,REVIEW,NO_MATCH_FALLBACK,FALLBACK:AMBIGUOUS_NO_BRAND,,,,,False,,KEEP REVIEW,insufficient evidence; could be product or ambiguous OCR,LOW,INSUFFICIENT_EVIDENCE
81512,EXHEP40MG ING 1,REVIEW,REVIEW,NO_MATCH_FALLBACK,FALLBACK:AMBIGUOUS_NO_BRAND,,,,,False,,KEEP REVIEW,insufficient evidence; could be product or ambiguous OCR,LOW,INSUFFICIENT_EVIDENCE
81513,EXHEP60MG ING 1,REVIEW,REVIEW,NO_MATCH_FALLBACK,FALLBACK:AMBIGUOUS_NO_BRAND,,,,,False,,KEEP REVIEW,insufficient evidence; could be product or ambiguous OCR,LOW,INSUFFICIENT_EVIDENCE
81520,FERRIING 1*,REVIEW,REVIEW,NO_MATCH_FALLBACK,FALLBACK:AMBIGUOUS_NO_BRAND,,,,,False,,KEEP REVIEW,insufficient evidence; could be product or ambiguous OCR,LOW,INSUFFICIENT_EVIDENCE
81526,MATERNAFSH150 IU 1,REVIEW,REVIEW,NO_MATCH_FALLBACK,FALLBACK:AMBIGUOUS_NO_BRAND,,,,,False,,KEEP REVIEW,insufficient evidence; could be product or ambiguous OCR,LOW,INSUFFICIENT_EVIDENCE
81527,MATERNAFSH75 I.U 1,REVIEW,REVIEW,NO_MATCH_FALLBACK,FALLBACK:AMBIGUOUS_NO_BRAND,,,,,False,,KEEP REVIEW,insufficient evidence; could be product or ambiguous OCR,LOW,INSUFFICIENT_EVIDENCE
81529,MATERNAHCG10000 IU 1,REVIEW,REVIEW,NO_MATCH_FALLBACK,FALLBACK:AMBIGUOUS_NO_BRAND,,,,,False,,KEEP REVIEW,insufficient evidence; could be product or ambiguous OCR,LOW,INSUFFICIENT_EVIDENCE
81530,MATERNAHMG150I.U 1,REVIEW,REVIEW,NO_MATCH_FALLBACK,FALLBACK:AMBIGUOUS_NO_BRAND,,,,,False,,KEEP REVIEW,insufficient evidence; could be product or ambiguous OCR,LOW,INSUFFICIENT_EVIDENCE
81531,MATERNAHMG75 1,REVIEW,REVIEW,NO_MATCH_FALLBACK,FALLBACK:AMBIGUOUS_NO_BRAND,,,,,False,,KEEP REVIEW,insufficient evidence; could be product or ambiguous OCR,LOW,INSUFFICIENT_EVIDENCE
81542,C-LET1GM 1,REVIEW,REVIEW,NO_MATCH_FALLBACK,FALLBACK:AMBIGUOUS_NO_BRAND,,,,,False,,KEEP REVIEW,insufficient evidence; could be product or ambiguous OCR,LOW,INSUFFICIENT_EVIDENCE
82754,SHEDULED DRUG --,REVIEW,REVIEW,NO_MATCH_FALLBACK,FALLBACK:AMBIGUOUS_NO_BRAND,,,,,False,,KEEP REVIEW,insufficient evidence; could be product or ambiguous OCR,LOW,INSUFFICIENT_EVIDENCE
82902,SHEDULED DRUG --,REVIEW,REVIEW,NO_MATCH_FALLBACK,FALLBACK:AMBIGUOUS_NO_BRAND,,,,,False,,KEEP REVIEW,insufficient evidence; could be product or ambiguous OCR,LOW,INSUFFICIENT_EVIDENCE
82977,ALLEGRA M,REVIEW,REVIEW,NO_MATCH_FALLBACK,FALLBACK:AMBIGUOUS_NO_BRAND,,,,,False,,KEEP REVIEW,insufficient evidence; could be product or ambiguous OCR,LOW,INSUFFICIENT_EVIDENCE
82979,ALLEGRA-120,REVIEW,REVIEW,NO_MATCH_FALLBACK,FALLBACK:AMBIGUOUS_NO_BRAND,,,,,False,,KEEP REVIEW,insufficient evidence; could be product or ambiguous OCR,LOW,INSUFFICIENT_EVIDENCE
82980,ALLEGRA-180,REVIEW,REVIEW,NO_MATCH_FALLBACK,FALLBACK:AMBIGUOUS_NO_BRAND,,,,,False,,KEEP REVIEW,insufficient evidence; could be product or ambiguous OCR,LOW,INSUFFICIENT_EVIDENCE
82991,APIDRA CATRIDGE,REVIEW,REVIEW,NO_MATCH_FALLBACK,FALLBACK:AMBIGUOUS_NO_BRAND,,,,,False,,KEEP REVIEW,insufficient evidence; could be product or ambiguous OCR,LOW,INSUFFICIENT_EVIDENCE
83016,FRISIUM-10,REVIEW,REVIEW,NO_MATCH_FALLBACK,FALLBACK:AMBIGUOUS_NO_BRAND,,,,,False,,KEEP REVIEW,insufficient evidence; could be product or ambiguous OCR,LOW,INSUFFICIENT_EVIDENCE
83017,FRISIUM-5,REVIEW,REVIEW,NO_MATCH_FALLBACK,FALLBACK:AMBIGUOUS_NO_BRAND,,,,,False,,KEEP REVIEW,insufficient evidence; could be product or ambiguous OCR,LOW,INSUFFICIENT_EVIDENCE
83020,LANTUS CARTRIDGE,REVIEW,REVIEW,NO_MATCH_FALLBACK,FALLBACK:AMBIGUOUS_NO_BRAND,,,,,False,,KEEP REVIEW,insufficient evidence; could be product or ambiguous OCR,LOW,INSUFFICIENT_EVIDENCE
83034,PRIMOSA BOOST,REVIEW,REVIEW,NO_MATCH_FALLBACK,FALLBACK:AMBIGUOUS_NO_BRAND,,,,,False,,KEEP REVIEW,insufficient evidence; could be product or ambiguous OCR,LOW,INSUFFICIENT_EVIDENCE
83036,PRIMOSA-1000,REVIEW,REVIEW,NO_MATCH_FALLBACK,FALLBACK:AMBIGUOUS_NO_BRAND,,,,,False,,KEEP REVIEW,insufficient evidence; could be product or ambiguous OCR,LOW,INSUFFICIENT_EVIDENCE
83047,VALPARIN CHRONO 200,REVIEW,REVIEW,NO_MATCH_FALLBACK,FALLBACK:AMBIGUOUS_NO_BRAND,,,,,False,,KEEP REVIEW,insufficient evidence; could be product or ambiguous OCR,LOW,INSUFFICIENT_EVIDENCE
83048,VALPARIN CHRONO 300,REVIEW,REVIEW,NO_MATCH_FALLBACK,FALLBACK:AMBIGUOUS_NO_BRAND,,,,,False,,KEEP REVIEW,insufficient evidence; could be product or ambiguous OCR,LOW,INSUFFICIENT_EVIDENCE
83049,VALPARIN CHRONO 500,REVIEW,REVIEW,NO_MATCH_FALLBACK,FALLBACK:AMBIGUOUS_NO_BRAND,,,,,False,,KEEP REVIEW,insufficient evidence; could be product or ambiguous OCR,LOW,INSUFFICIENT_EVIDENCE
83050,VALPARIN-200,REVIEW,REVIEW,NO_MATCH_FALLBACK,FALLBACK:AMBIGUOUS_NO_BRAND,,,,,False,,KEEP REVIEW,insufficient evidence; could be product or ambiguous OCR,LOW,INSUFFICIENT_EVIDENCE
83051,VALPARIN-500,REVIEW,REVIEW,NO_MATCH_FALLBACK,FALLBACK:AMBIGUOUS_NO_BRAND,,,,,False,,KEEP REVIEW,insufficient evidence; could be product or ambiguous OCR,LOW,INSUFFICIENT_EVIDENCE
86375,DOXOTEC 10T,REVIEW,REVIEW,NO_MATCH_FALLBACK,FALLBACK:AMBIGUOUS_NO_BRAND,,,,,False,,KEEP REVIEW,insufficient evidence; could be product or ambiguous OCR,LOW,INSUFFICIENT_EVIDENCE
87244,Printed Using PharmAssist From C-Square. --,REVIEW,REVIEW,NO_MATCH_FALLBACK,FALLBACK:AMBIGUOUS_NO_BRAND,,,,,False,,KEEP REVIEW,insufficient evidence; could be product or ambiguous OCR,LOW,INSUFFICIENT_EVIDENCE
87283,MONTEMUNE-LC 10T,REVIEW,REVIEW,NO_MATCH_FALLBACK,FALLBACK:AMBIGUOUS_NO_BRAND,,,,,False,,KEEP REVIEW,insufficient evidence; could be product or ambiguous OCR,LOW,INSUFFICIENT_EVIDENCE
87287,SYNBETA-1000 10T,REVIEW,REVIEW,NO_MATCH_FALLBACK,FALLBACK:AMBIGUOUS_NO_BRAND,,,,,False,,KEEP REVIEW,insufficient evidence; could be product or ambiguous OCR,LOW,INSUFFICIENT_EVIDENCE
87715,NAVEEN KAMANI MEDICAL AGENCIES,REVIEW,1,GARBAGE:pattern_garbage,GARBAGE:pattern_garbage,,,,,False,\b(AGENCIES?|DISTRIBUTORS?|MEDICO[SE]?|CORPORATION|ENTERPRISES?|TRADERS?|TRADING)\b,KEEP REVIEW,insufficient evidence; could be product or ambiguous OCR,LOW,INSUFFICIENT_EVIDENCE
87753,SITAGLYN M 50/1000,REVIEW,REVIEW,NO_MATCH_FALLBACK,FALLBACK:AMBIGUOUS_NO_BRAND,,,,,False,,KEEP REVIEW,insufficient evidence; could be product or ambiguous OCR,LOW,INSUFFICIENT_EVIDENCE
87839,TENECTASEINFIUS 1,REVIEW,REVIEW,NO_MATCH_FALLBACK,FALLBACK:AMBIGUOUS_NO_BRAND,,,,,False,,KEEP REVIEW,insufficient evidence; could be product or ambiguous OCR,LOW,INSUFFICIENT_EVIDENCE
87919,NUCRON CV,REVIEW,REVIEW,NO_MATCH_FALLBACK,FALLBACK:AMBIGUOUS_NO_BRAND,,,,,False,,CANDIDATE FOR 1,starts with known Emcure company/division prefix,STRONG,COMPANY_DIVISION_PREFIX
87968,NUCRON PHARMACEUTICALS LTD.,REVIEW,1,GARBAGE:pattern_garbage,GARBAGE:pattern_garbage,,,,,False,\b(PVT\.?\s+)?LTD\.?\s*$,CANDIDATE FOR 1,company/entity keyword (PHARMACEUTICALS/BIOPHARMA/HOSPITAL etc.),STRONG,COMPANY_ENTITY
89734,received Zq12,REVIEW,REVIEW,NO_MATCH_FALLBACK,FALLBACK:AMBIGUOUS_NO_BRAND,,,,,False,,KEEP REVIEW,insufficient evidence; could be product or ambiguous OCR,LOW,INSUFFICIENT_EVIDENCE
90257,ZZZZZZATOREC F 10,REVIEW,REVIEW,NO_MATCH_FALLBACK,FALLBACK:AMBIGUOUS_NO_BRAND,,,,,False,,KEEP REVIEW,insufficient evidence; could be product or ambiguous OCR,LOW,INSUFFICIENT_EVIDENCE
91912,XPLODEPOWDER 1 X200GM,REVIEW,REVIEW,NO_MATCH_FALLBACK,FALLBACK:AMBIGUOUS_NO_BRAND,,,,,False,,KEEP REVIEW,insufficient evidence; could be product or ambiguous OCR,LOW,INSUFFICIENT_EVIDENCE
92948,Purchase Invoice No. Receipt Date,REVIEW,REVIEW,NO_MATCH_FALLBACK,FALLBACK:STRUCTURAL_KW,,,,,False,,KEEP REVIEW,insufficient evidence; could be product or ambiguous OCR,LOW,INSUFFICIENT_EVIDENCE
92949,EIJP003807 0,REVIEW,REVIEW,NO_MATCH_FALLBACK,FALLBACK:AMBIGUOUS_NO_BRAND,,,,,False,,KEEP REVIEW,insufficient evidence; could be product or ambiguous OCR,LOW,INSUFFICIENT_EVIDENCE
92950,EIJP003966 0,REVIEW,REVIEW,NO_MATCH_FALLBACK,FALLBACK:AMBIGUOUS_NO_BRAND,,,,,False,,KEEP REVIEW,insufficient evidence; could be product or ambiguous OCR,LOW,INSUFFICIENT_EVIDENCE
92951,EIJP003967 0,REVIEW,REVIEW,NO_MATCH_FALLBACK,FALLBACK:AMBIGUOUS_NO_BRAND,,,,,False,,KEEP REVIEW,insufficient evidence; could be product or ambiguous OCR,LOW,INSUFFICIENT_EVIDENCE
94667,Reorder Values 0.00,REVIEW,REVIEW,NO_MATCH_FALLBACK,FALLBACK:AMBIGUOUS_NO_BRAND,,,,,False,,KEEP REVIEW,insufficient evidence; could be product or ambiguous OCR,LOW,INSUFFICIENT_EVIDENCE
94686,Reorder Values 0.00,REVIEW,REVIEW,NO_MATCH_FALLBACK,FALLBACK:AMBIGUOUS_NO_BRAND,,,,,False,,KEEP REVIEW,insufficient evidence; could be product or ambiguous OCR,LOW,INSUFFICIENT_EVIDENCE
94706,Reorder Values 0.00,REVIEW,REVIEW,NO_MATCH_FALLBACK,FALLBACK:AMBIGUOUS_NO_BRAND,,,,,False,,KEEP REVIEW,insufficient evidence; could be product or ambiguous OCR,LOW,INSUFFICIENT_EVIDENCE
94733,Reorder Values 0.00,REVIEW,REVIEW,NO_MATCH_FALLBACK,FALLBACK:AMBIGUOUS_NO_BRAND,,,,,False,,KEEP REVIEW,insufficient evidence; could be product or ambiguous OCR,LOW,INSUFFICIENT_EVIDENCE
94755,Reorder Values : 0.00 --,REVIEW,REVIEW,NO_MATCH_FALLBACK,FALLBACK:AMBIGUOUS_NO_BRAND,,,,,False,,KEEP REVIEW,insufficient evidence; could be product or ambiguous OCR,LOW,INSUFFICIENT_EVIDENCE
94757,Free Sales Value : 2740.94 --,REVIEW,REVIEW,NO_MATCH_FALLBACK,FALLBACK:AMBIGUOUS_NO_BRAND,,,,,False,,KEEP REVIEW,insufficient evidence; could be product or ambiguous OCR,LOW,INSUFFICIENT_EVIDENCE
94779,Reorder Values 0.00,REVIEW,REVIEW,NO_MATCH_FALLBACK,FALLBACK:AMBIGUOUS_NO_BRAND,,,,,False,,KEEP REVIEW,insufficient evidence; could be product or ambiguous OCR,LOW,INSUFFICIENT_EVIDENCE
94791,UPPER(,REVIEW,REVIEW,NO_MATCH_FALLBACK,FALLBACK:VERY_SHORT,,,,,False,,KEEP REVIEW,insufficient evidence; could be product or ambiguous OCR,LOW,INSUFFICIENT_EVIDENCE
94812,UPPER(,REVIEW,REVIEW,NO_MATCH_FALLBACK,FALLBACK:VERY_SHORT,,,,,False,,KEEP REVIEW,insufficient evidence; could be product or ambiguous OCR,LOW,INSUFFICIENT_EVIDENCE
94942,UPPER(,REVIEW,REVIEW,NO_MATCH_FALLBACK,FALLBACK:VERY_SHORT,,,,,False,,KEEP REVIEW,insufficient evidence; could be product or ambiguous OCR,LOW,INSUFFICIENT_EVIDENCE
95063,UPPER(,REVIEW,REVIEW,NO_MATCH_FALLBACK,FALLBACK:VERY_SHORT,,,,,False,,KEEP REVIEW,insufficient evidence; could be product or ambiguous OCR,LOW,INSUFFICIENT_EVIDENCE
95091,UPPER(,REVIEW,REVIEW,NO_MATCH_FALLBACK,FALLBACK:VERY_SHORT,,,,,False,,KEEP REVIEW,insufficient evidence; could be product or ambiguous OCR,LOW,INSUFFICIENT_EVIDENCE
95118,UPPER(,REVIEW,REVIEW,NO_MATCH_FALLBACK,FALLBACK:VERY_SHORT,,,,,False,,KEEP REVIEW,insufficient evidence; could be product or ambiguous OCR,LOW,INSUFFICIENT_EVIDENCE
95170,UPPER(,REVIEW,REVIEW,NO_MATCH_FALLBACK,FALLBACK:VERY_SHORT,,,,,False,,KEEP REVIEW,insufficient evidence; could be product or ambiguous OCR,LOW,INSUFFICIENT_EVIDENCE
95303,UPPER(,REVIEW,REVIEW,NO_MATCH_FALLBACK,FALLBACK:VERY_SHORT,,,,,False,,KEEP REVIEW,insufficient evidence; could be product or ambiguous OCR,LOW,INSUFFICIENT_EVIDENCE
95419,UPPER(,REVIEW,REVIEW,NO_MATCH_FALLBACK,FALLBACK:VERY_SHORT,,,,,False,,KEEP REVIEW,insufficient evidence; could be product or ambiguous OCR,LOW,INSUFFICIENT_EVIDENCE
95464,UPPER(,REVIEW,REVIEW,NO_MATCH_FALLBACK,FALLBACK:VERY_SHORT,,,,,False,,KEEP REVIEW,insufficient evidence; could be product or ambiguous OCR,LOW,INSUFFICIENT_EVIDENCE
95804,ELOXIB60 10,REVIEW,REVIEW,NO_MATCH_FALLBACK,FALLBACK:AMBIGUOUS_NO_BRAND,,,,,False,,KEEP REVIEW,insufficient evidence; could be product or ambiguous OCR,LOW,INSUFFICIENT_EVIDENCE
95907,KETOPATCH 1PCS,REVIEW,REVIEW,NO_MATCH_FALLBACK,FALLBACK:AMBIGUOUS_NO_BRAND,,,,,False,,KEEP REVIEW,insufficient evidence; could be product or ambiguous OCR,LOW,INSUFFICIENT_EVIDENCE
95948,NOTALOWEDTOPICKUP 10T,REVIEW,REVIEW,NO_MATCH_FALLBACK,FALLBACK:AMBIGUOUS_NO_BRAND,,,,,False,,KEEP REVIEW,insufficient evidence; could be product or ambiguous OCR,LOW,INSUFFICIENT_EVIDENCE
96045,TIKLA,REVIEW,REVIEW,NO_MATCH_FALLBACK,FALLBACK:VERY_SHORT,,,,,False,,KEEP REVIEW,insufficient evidence; could be product or ambiguous OCR,LOW,INSUFFICIENT_EVIDENCE
96270,Claim No Date,REVIEW,REVIEW,NO_MATCH_FALLBACK,FALLBACK:AMBIGUOUS_NO_BRAND,,,,,False,,KEEP REVIEW,insufficient evidence; could be product or ambiguous OCR,LOW,INSUFFICIENT_EVIDENCE
98175,EMCOR CREM 15 M,REVIEW,REVIEW,NO_MATCH_FALLBACK,FALLBACK:AMBIGUOUS_NO_BRAND,,,EMCOR_without_CREAM_TUBE,,False,,CANDIDATE FOR 1,brand invalidated (EMCOR_without_CREAM_TUBE) + no pharma signal,MODERATE,INVALIDATED_NO_PHARMA
98334,SHANTI MEDICAL STORES,REVIEW,REVIEW,NO_MATCH_FALLBACK,FALLBACK:DISTRIBUTION_ENTITY,,,,,False,,KEEP REVIEW,insufficient evidence; could be product or ambiguous OCR,LOW,INSUFFICIENT_EVIDENCE
98390,SHANTI MEDICAL STORES,REVIEW,REVIEW,NO_MATCH_FALLBACK,FALLBACK:DISTRIBUTION_ENTITY,,,,,False,,KEEP REVIEW,insufficient evidence; could be product or ambiguous OCR,LOW,INSUFFICIENT_EVIDENCE
98421,SYLATE250 1X10TAB,REVIEW,REVIEW,NO_MATCH_FALLBACK,FALLBACK:AMBIGUOUS_NO_BRAND,,,,,False,,KEEP REVIEW,insufficient evidence; could be product or ambiguous OCR,LOW,INSUFFICIENT_EVIDENCE
98422,SYLATE500 1X10TAB,REVIEW,REVIEW,NO_MATCH_FALLBACK,FALLBACK:AMBIGUOUS_NO_BRAND,,,,,False,,KEEP REVIEW,insufficient evidence; could be product or ambiguous OCR,LOW,INSUFFICIENT_EVIDENCE
98436,SHANTI MEDICAL STORES,REVIEW,REVIEW,NO_MATCH_FALLBACK,FALLBACK:DISTRIBUTION_ENTITY,,,,,False,,KEEP REVIEW,insufficient evidence; could be product or ambiguous OCR,LOW,INSUFFICIENT_EVIDENCE
98486,SHANTI MEDICAL STORES,REVIEW,REVIEW,NO_MATCH_FALLBACK,FALLBACK:DISTRIBUTION_ENTITY,,,,,False,,KEEP REVIEW,insufficient evidence; could be product or ambiguous OCR,LOW,INSUFFICIENT_EVIDENCE
98543,SHANTI MEDICAL STORES,REVIEW,REVIEW,NO_MATCH_FALLBACK,FALLBACK:DISTRIBUTION_ENTITY,,,,,False,,KEEP REVIEW,insufficient evidence; could be product or ambiguous OCR,LOW,INSUFFICIENT_EVIDENCE
99544,GENNOVA NEPHROLOGY --,REVIEW,REVIEW,NO_MATCH_FALLBACK,FALLBACK:AMBIGUOUS_NO_BRAND,,,,,False,,CANDIDATE FOR 1,starts with known Emcure company/division prefix,STRONG,COMPANY_DIVISION_PREFIX
99967,EMC C.V.,REVIEW,REVIEW,NO_MATCH_FALLBACK,FALLBACK:VERY_SHORT,,,,,False,,KEEP REVIEW,insufficient evidence; could be product or ambiguous OCR,LOW,INSUFFICIENT_EVIDENCE
99974,EMC INVENTIA,REVIEW,REVIEW,NO_MATCH_FALLBACK,FALLBACK:AMBIGUOUS_NO_BRAND,,,,,False,,KEEP REVIEW,insufficient evidence; could be product or ambiguous OCR,LOW,INSUFFICIENT_EVIDENCE
99984,EMC MAIN,REVIEW,REVIEW,NO_MATCH_FALLBACK,FALLBACK:AMBIGUOUS_NO_BRAND,,,,,False,,KEEP REVIEW,insufficient evidence; could be product or ambiguous OCR,LOW,INSUFFICIENT_EVIDENCE
100006,EMC ORION,REVIEW,REVIEW,NO_MATCH_FALLBACK,FALLBACK:AMBIGUOUS_NO_BRAND,,,,,False,,KEEP REVIEW,insufficient evidence; could be product or ambiguous OCR,LOW,INSUFFICIENT_EVIDENCE
100012,EMC NUCRON,REVIEW,REVIEW,NO_MATCH_FALLBACK,FALLBACK:AMBIGUOUS_NO_BRAND,,,,,False,,KEEP REVIEW,insufficient evidence; could be product or ambiguous OCR,LOW,INSUFFICIENT_EVIDENCE
100858,Trental 400 1*15T,REVIEW,REVIEW,NO_MATCH_FALLBACK,FALLBACK:AMBIGUOUS_NO_BRAND,,,,,False,,KEEP REVIEW,insufficient evidence; could be product or ambiguous OCR,LOW,INSUFFICIENT_EVIDENCE
102964,LUCKY MEDICAL AGENCY,REVIEW,REVIEW,NO_MATCH_FALLBACK,FALLBACK:DISTRIBUTION_ENTITY,,,,,False,,KEEP REVIEW,insufficient evidence; could be product or ambiguous OCR,LOW,INSUFFICIENT_EVIDENCE
103333,NUCRON,REVIEW,REVIEW,NO_MATCH_FALLBACK,FALLBACK:AMBIGUOUS_NO_BRAND,,,,,False,,CANDIDATE FOR 1,starts with known Emcure company/division prefix,STRONG,COMPANY_DIVISION_PREFIX
103413,NUCRON,REVIEW,REVIEW,NO_MATCH_FALLBACK,FALLBACK:AMBIGUOUS_NO_BRAND,,,,,False,,CANDIDATE FOR 1,starts with known Emcure company/division prefix,STRONG,COMPANY_DIVISION_PREFIX
103729,OOFE XT-DHA 1KIT,REVIEW,REVIEW,NO_MATCH_FALLBACK,FALLBACK:AMBIGUOUS_NO_BRAND,,,,,False,,KEEP REVIEW,insufficient evidence; could be product or ambiguous OCR,LOW,INSUFFICIENT_EVIDENCE
107996,OM DRUG HOUSE,REVIEW,REVIEW,NO_MATCH_FALLBACK,FALLBACK:AMBIGUOUS_NO_BRAND,,,,,False,,CANDIDATE FOR 1,supply chain / medical store entity keyword,MODERATE,SUPPLY_CHAIN_ENTITY
108037,OM DRUG HOUSE,REVIEW,REVIEW,NO_MATCH_FALLBACK,FALLBACK:AMBIGUOUS_NO_BRAND,,,,,False,,CANDIDATE FOR 1,supply chain / medical store entity keyword,MODERATE,SUPPLY_CHAIN_ENTITY
108065,OM DRUG HOUSE,REVIEW,REVIEW,NO_MATCH_FALLBACK,FALLBACK:AMBIGUOUS_NO_BRAND,,,,,False,,CANDIDATE FOR 1,supply chain / medical store entity keyword,MODERATE,SUPPLY_CHAIN_ENTITY
108415,AMARYL1MG 30,REVIEW,REVIEW,NO_MATCH_FALLBACK,FALLBACK:AMBIGUOUS_NO_BRAND,,,,,False,,KEEP REVIEW,insufficient evidence; could be product or ambiguous OCR,LOW,INSUFFICIENT_EVIDENCE
108780,ST Value,REVIEW,REVIEW,NO_MATCH_FALLBACK,FALLBACK:AMBIGUOUS_NO_BRAND,,,,,False,,KEEP REVIEW,insufficient evidence; could be product or ambiguous OCR,LOW,INSUFFICIENT_EVIDENCE
108781,Sale Return Value,REVIEW,REVIEW,NO_MATCH_FALLBACK,FALLBACK:AMBIGUOUS_NO_BRAND,,,,,False,,KEEP REVIEW,insufficient evidence; could be product or ambiguous OCR,LOW,INSUFFICIENT_EVIDENCE
108801,ST Value,REVIEW,REVIEW,NO_MATCH_FALLBACK,FALLBACK:AMBIGUOUS_NO_BRAND,,,,,False,,KEEP REVIEW,insufficient evidence; could be product or ambiguous OCR,LOW,INSUFFICIENT_EVIDENCE
108802,Sale Return Value,REVIEW,REVIEW,NO_MATCH_FALLBACK,FALLBACK:AMBIGUOUS_NO_BRAND,,,,,False,,KEEP REVIEW,insufficient evidence; could be product or ambiguous OCR,LOW,INSUFFICIENT_EVIDENCE
108822,ST Value,REVIEW,REVIEW,NO_MATCH_FALLBACK,FALLBACK:AMBIGUOUS_NO_BRAND,,,,,False,,KEEP REVIEW,insufficient evidence; could be product or ambiguous OCR,LOW,INSUFFICIENT_EVIDENCE
108823,Sale Return Value,REVIEW,REVIEW,NO_MATCH_FALLBACK,FALLBACK:AMBIGUOUS_NO_BRAND,,,,,False,,KEEP REVIEW,insufficient evidence; could be product or ambiguous OCR,LOW,INSUFFICIENT_EVIDENCE
109397,PURC 930545 SALE 1186526 STOCK 1042940 STK120 76597 EXP6M 12162 LZSTK 113345,REVIEW,REVIEW,NO_MATCH_FALLBACK,FALLBACK:AMBIGUOUS_NO_BRAND,,,,,False,,KEEP REVIEW,insufficient evidence; could be product or ambiguous OCR,LOW,INSUFFICIENT_EVIDENCE
109400,Report End 290 Records,REVIEW,REVIEW,NO_MATCH_FALLBACK,FALLBACK:AMBIGUOUS_NO_BRAND,,,,,False,,KEEP REVIEW,insufficient evidence; could be product or ambiguous OCR,LOW,INSUFFICIENT_EVIDENCE
109401,Prepared by Swapnil Vele on 03-Sep-2026 1557 From System Nc9,REVIEW,REVIEW,NO_MATCH_FALLBACK,FALLBACK:AMBIGUOUS_NO_BRAND,,,,,False,,KEEP REVIEW,insufficient evidence; could be product or ambiguous OCR,LOW,INSUFFICIENT_EVIDENCE
109402,This is a Computer Generated Report Which Does Not Require Stamp or Signature,REVIEW,REVIEW,NO_MATCH_FALLBACK,FALLBACK:AMBIGUOUS_NO_BRAND,,,,,False,,KEEP REVIEW,insufficient evidence; could be product or ambiguous OCR,LOW,INSUFFICIENT_EVIDENCE
109884,RIVAROXABAN,REVIEW,REVIEW,NO_MATCH_FALLBACK,FALLBACK:AMBIGUOUS_NO_BRAND,,,,,False,,KEEP REVIEW,insufficient evidence; could be product or ambiguous OCR,LOW,INSUFFICIENT_EVIDENCE
110204,ALPHABET DISTRIBUTORS,REVIEW,1,GARBAGE:pattern_garbage,GARBAGE:pattern_garbage,,,,,False,\b(AGENCIES?|DISTRIBUTORS?|MEDICO[SE]?|CORPORATION|ENTERPRISES?|TRADERS?|TRADING)\b,KEEP REVIEW,insufficient evidence; could be product or ambiguous OCR,LOW,INSUFFICIENT_EVIDENCE
110205,SHYAMGOKUL COMPLEX,REVIEW,REVIEW,NO_MATCH_FALLBACK,FALLBACK:AMBIGUOUS_NO_BRAND,,,,,False,,KEEP REVIEW,insufficient evidence; could be product or ambiguous OCR,LOW,INSUFFICIENT_EVIDENCE
110334,Batch KS313 Stock : 1,REVIEW,REVIEW,NO_MATCH_FALLBACK,FALLBACK:AMBIGUOUS_NO_BRAND,,,,,False,,KEEP REVIEW,insufficient evidence; could be product or ambiguous OCR,LOW,INSUFFICIENT_EVIDENCE
111252,HOSTR XT,REVIEW,REVIEW,NO_MATCH_FALLBACK,FALLBACK:AMBIGUOUS_NO_BRAND,,,,,False,,KEEP REVIEW,insufficient evidence; could be product or ambiguous OCR,LOW,INSUFFICIENT_EVIDENCE
112507,ALLSTAR REUSABLE PEN,REVIEW,REVIEW,NO_MATCH_FALLBACK,FALLBACK:AMBIGUOUS_NO_BRAND,,,,,False,,KEEP REVIEW,insufficient evidence; could be product or ambiguous OCR,LOW,INSUFFICIENT_EVIDENCE
112523,APIDRA CATRIDGE,REVIEW,REVIEW,NO_MATCH_FALLBACK,FALLBACK:AMBIGUOUS_NO_BRAND,,,,,False,,KEEP REVIEW,insufficient evidence; could be product or ambiguous OCR,LOW,INSUFFICIENT_EVIDENCE
112529,AVIL VAIL,REVIEW,REVIEW,NO_MATCH_FALLBACK,FALLBACK:AMBIGUOUS_NO_BRAND,,,,,False,,KEEP REVIEW,insufficient evidence; could be product or ambiguous OCR,LOW,INSUFFICIENT_EVIDENCE
112554,COLLAFLEX SAC,REVIEW,REVIEW,NO_MATCH_FALLBACK,FALLBACK:AMBIGUOUS_NO_BRAND,,,,,False,,KEEP REVIEW,insufficient evidence; could be product or ambiguous OCR,LOW,INSUFFICIENT_EVIDENCE
112572,DEPURA 60K LIQ,REVIEW,REVIEW,NO_MATCH_FALLBACK,FALLBACK:AMBIGUOUS_NO_BRAND,,,,,False,,KEEP REVIEW,insufficient evidence; could be product or ambiguous OCR,LOW,INSUFFICIENT_EVIDENCE
112611,VICKS VAPORUB,REVIEW,REVIEW,NO_MATCH_FALLBACK,FALLBACK:AMBIGUOUS_NO_BRAND,,,,,False,,KEEP REVIEW,insufficient evidence; could be product or ambiguous OCR,LOW,INSUFFICIENT_EVIDENCE
114155,EMCEE PHARMACEUTICALS LTD ECE,REVIEW,REVIEW,NO_MATCH_FALLBACK,FALLBACK:PHARMA_ENTITY,,,,,False,,CANDIDATE FOR 1,company/entity keyword (PHARMACEUTICALS/BIOPHARMA/HOSPITAL etc.),STRONG,COMPANY_ENTITY
114162,Movel Dt 10,REVIEW,REVIEW,NO_MATCH_FALLBACK,FALLBACK:AMBIGUOUS_NO_BRAND,,,,,False,,KEEP REVIEW,insufficient evidence; could be product or ambiguous OCR,LOW,INSUFFICIENT_EVIDENCE
114401,Oroferxt-Dha Kit,REVIEW,REVIEW,NO_MATCH_FALLBACK,FALLBACK:AMBIGUOUS_NO_BRAND,,,,,False,,KEEP REVIEW,insufficient evidence; could be product or ambiguous OCR,LOW,INSUFFICIENT_EVIDENCE
114729,TOTAL CAL D 3MG TAB.20S 1X20S,REVIEW,REVIEW,NO_MATCH_FALLBACK,FALLBACK:STRUCTURAL_KW,,,,,False,,CANDIDATE FOR 1,structural/aggregate keyword present,MODERATE,STRUCTURAL_KEYWORD
116480,SHWEIZ 651,REVIEW,REVIEW,NO_MATCH_FALLBACK,FALLBACK:AMBIGUOUS_NO_BRAND,,,,,False,,KEEP REVIEW,insufficient evidence; could be product or ambiguous OCR,LOW,INSUFFICIENT_EVIDENCE
117871,EPOTREND 10000 0,REVIEW,REVIEW,NO_MATCH_FALLBACK,FALLBACK:AMBIGUOUS_NO_BRAND,,,,,False,,KEEP REVIEW,insufficient evidence; could be product or ambiguous OCR,LOW,INSUFFICIENT_EVIDENCE
117881,TRULICITY1.5 0,REVIEW,REVIEW,NO_MATCH_FALLBACK,FALLBACK:AMBIGUOUS_NO_BRAND,,,,,False,,KEEP REVIEW,insufficient evidence; could be product or ambiguous OCR,LOW,INSUFFICIENT_EVIDENCE
120139,ENNOVA IMPET 0.00,REVIEW,REVIEW,NO_MATCH_FALLBACK,FALLBACK:AMBIGUOUS_NO_BRAND,,,,,False,,KEEP REVIEW,insufficient evidence; could be product or ambiguous OCR,LOW,INSUFFICIENT_EVIDENCE
120640,CRIANTE,REVIEW,REVIEW,NO_MATCH_FALLBACK,FALLBACK:AMBIGUOUS_NO_BRAND,,,,,False,,KEEP REVIEW,insufficient evidence; could be product or ambiguous OCR,LOW,INSUFFICIENT_EVIDENCE
120749,ZZZZZZ 6162,REVIEW,REVIEW,NO_MATCH_FALLBACK,FALLBACK:AMBIGUOUS_NO_BRAND,,,,,False,,CANDIDATE FOR 1,all long alpha tokens lack vowels: ['ZZZZZZ'] → OCR noise,MODERATE,NO_VOWEL_OCR_NOISE
120750,ZZZZZZ 6163,REVIEW,REVIEW,NO_MATCH_FALLBACK,FALLBACK:AMBIGUOUS_NO_BRAND,,,,,False,,CANDIDATE FOR 1,all long alpha tokens lack vowels: ['ZZZZZZ'] → OCR noise,MODERATE,NO_VOWEL_OCR_NOISE
120751,ZZZZZZ 6165,REVIEW,REVIEW,NO_MATCH_FALLBACK,FALLBACK:AMBIGUOUS_NO_BRAND,,,,,False,,CANDIDATE FOR 1,all long alpha tokens lack vowels: ['ZZZZZZ'] → OCR noise,MODERATE,NO_VOWEL_OCR_NOISE
120752,NUCORN,REVIEW,REVIEW,NO_MATCH_FALLBACK,FALLBACK:AMBIGUOUS_NO_BRAND,,,,,False,,KEEP REVIEW,insufficient evidence; could be product or ambiguous OCR,LOW,INSUFFICIENT_EVIDENCE
120798,SHWEIZ,REVIEW,REVIEW,NO_MATCH_FALLBACK,FALLBACK:AMBIGUOUS_NO_BRAND,,,,,False,,KEEP REVIEW,insufficient evidence; could be product or ambiguous OCR,LOW,INSUFFICIENT_EVIDENCE
120829,XENNEA,REVIEW,REVIEW,NO_MATCH_FALLBACK,FALLBACK:AMBIGUOUS_NO_BRAND,,,,,False,,KEEP REVIEW,insufficient evidence; could be product or ambiguous OCR,LOW,INSUFFICIENT_EVIDENCE
120850,XENNEX,REVIEW,REVIEW,NO_MATCH_FALLBACK,FALLBACK:AMBIGUOUS_NO_BRAND,,,,,False,,CANDIDATE FOR 1,starts with known Emcure company/division prefix,STRONG,COMPANY_DIVISION_PREFIX
120898,ZZZZZZ 6164,REVIEW,REVIEW,NO_MATCH_FALLBACK,FALLBACK:AMBIGUOUS_NO_BRAND,,,,,False,,CANDIDATE FOR 1,all long alpha tokens lack vowels: ['ZZZZZZ'] → OCR noise,MODERATE,NO_VOWEL_OCR_NOISE
120899,XENNEX,REVIEW,REVIEW,NO_MATCH_FALLBACK,FALLBACK:AMBIGUOUS_NO_BRAND,,,,,False,,CANDIDATE FOR 1,starts with known Emcure company/division prefix,STRONG,COMPANY_DIVISION_PREFIX
121034,EM NUCRON CV --,REVIEW,REVIEW,NO_MATCH_FALLBACK,FALLBACK:AMBIGUOUS_NO_BRAND,,,,,False,,KEEP REVIEW,insufficient evidence; could be product or ambiguous OCR,LOW,INSUFFICIENT_EVIDENCE
121117,EM XENNEX --,REVIEW,REVIEW,NO_MATCH_FALLBACK,FALLBACK:AMBIGUOUS_NO_BRAND,,,,,False,,KEEP REVIEW,insufficient evidence; could be product or ambiguous OCR,LOW,INSUFFICIENT_EVIDENCE
121283,EM PHARMA NXT --,REVIEW,REVIEW,NO_MATCH_FALLBACK,FALLBACK:AMBIGUOUS_NO_BRAND,,,,,False,,CANDIDATE FOR 1,company-like name without pharma dosage form,MODERATE,PHARMA_COMPANY_NAME
121349,EM POVIZ --,REVIEW,REVIEW,NO_MATCH_FALLBACK,FALLBACK:AMBIGUOUS_NO_BRAND,,,,,False,,KEEP REVIEW,insufficient evidence; could be product or ambiguous OCR,LOW,INSUFFICIENT_EVIDENCE
121355,EM SANOFI CARD --,REVIEW,1,GARBAGE:pattern_garbage,GARBAGE:pattern_garbage,,,,,False,\bSANOFI\b,KEEP REVIEW,insufficient evidence; could be product or ambiguous OCR,LOW,INSUFFICIENT_EVIDENCE
121391,EM SANOFI DIAB --,REVIEW,1,GARBAGE:pattern_garbage,GARBAGE:pattern_garbage,,,,,False,\bSANOFI\b,KEEP REVIEW,insufficient evidence; could be product or ambiguous OCR,LOW,INSUFFICIENT_EVIDENCE
121406,AMRIL M 2,REVIEW,REVIEW,NO_MATCH_FALLBACK,FALLBACK:AMBIGUOUS_NO_BRAND,,,,,False,,KEEP REVIEW,insufficient evidence; could be product or ambiguous OCR,LOW,INSUFFICIENT_EVIDENCE
121408,AMRIL M2 FORT,REVIEW,REVIEW,NO_MATCH_FALLBACK,FALLBACK:AMBIGUOUS_NO_BRAND,,,,,False,,KEEP REVIEW,insufficient evidence; could be product or ambiguous OCR,LOW,INSUFFICIENT_EVIDENCE
121441,RECEIPT NO AMRIL M,REVIEW,REVIEW,NO_MATCH_FALLBACK,FALLBACK:AMBIGUOUS_NO_BRAND,,,,,False,,KEEP REVIEW,insufficient evidence; could be product or ambiguous OCR,LOW,INSUFFICIENT_EVIDENCE
121453,VYLDA100/5TABLET,REVIEW,REVIEW,NO_MATCH_FALLBACK,FALLBACK:AMBIGUOUS_NO_BRAND,,,,,False,,KEEP REVIEW,insufficient evidence; could be product or ambiguous OCR,LOW,INSUFFICIENT_EVIDENCE
121569,ORION,REVIEW,REVIEW,NO_MATCH_FALLBACK,FALLBACK:VERY_SHORT,,,,,False,,KEEP REVIEW,insufficient evidence; could be product or ambiguous OCR,LOW,INSUFFICIENT_EVIDENCE
121576,CHORO SHURE HP,REVIEW,REVIEW,NO_MATCH_FALLBACK,FALLBACK:AMBIGUOUS_NO_BRAND,,,,,False,,KEEP REVIEW,insufficient evidence; could be product or ambiguous OCR,LOW,INSUFFICIENT_EVIDENCE
121577,PHARMA NXT,REVIEW,REVIEW,NO_MATCH_FALLBACK,FALLBACK:AMBIGUOUS_NO_BRAND,,,,,False,,CANDIDATE FOR 1,company-like name without pharma dosage form,MODERATE,PHARMA_COMPANY_NAME
121927,GALACTCAPSULES1/30C,REVIEW,REVIEW,NO_MATCH_FALLBACK,FALLBACK:AMBIGUOUS_NO_BRAND,,,,,False,,KEEP REVIEW,insufficient evidence; could be product or ambiguous OCR,LOW,INSUFFICIENT_EVIDENCE
121929,EMSTA50MG,REVIEW,REVIEW,NO_MATCH_FALLBACK,FALLBACK:AMBIGUOUS_NO_BRAND,,,,,False,,KEEP REVIEW,insufficient evidence; could be product or ambiguous OCR,LOW,INSUFFICIENT_EVIDENCE
121930,EMSITA100MG,REVIEW,REVIEW,NO_MATCH_FALLBACK,FALLBACK:AMBIGUOUS_NO_BRAND,,,,,False,,KEEP REVIEW,insufficient evidence; could be product or ambiguous OCR,LOW,INSUFFICIENT_EVIDENCE
121931,EMILDAPM10/1000,REVIEW,REVIEW,NO_MATCH_FALLBACK,FALLBACK:AMBIGUOUS_NO_BRAND,,,,,False,,KEEP REVIEW,insufficient evidence; could be product or ambiguous OCR,LOW,INSUFFICIENT_EVIDENCE
121935,EMILDAPTRIO,REVIEW,REVIEW,NO_MATCH_FALLBACK,FALLBACK:AMBIGUOUS_NO_BRAND,,,,,False,,KEEP REVIEW,insufficient evidence; could be product or ambiguous OCR,LOW,INSUFFICIENT_EVIDENCE
121936,EMILDAPTRIOFORTE,REVIEW,REVIEW,NO_MATCH_FALLBACK,FALLBACK:AMBIGUOUS_NO_BRAND,,,,,False,,KEEP REVIEW,insufficient evidence; could be product or ambiguous OCR,LOW,INSUFFICIENT_EVIDENCE
121943,PAUSE1000,REVIEW,REVIEW,NO_MATCH_FALLBACK,FALLBACK:AMBIGUOUS_NO_BRAND,,,,,False,,KEEP REVIEW,insufficient evidence; could be product or ambiguous OCR,LOW,INSUFFICIENT_EVIDENCE
121945,EMILDAPGM10/1/1000,REVIEW,REVIEW,NO_MATCH_FALLBACK,FALLBACK:AMBIGUOUS_NO_BRAND,,,,,False,,KEEP REVIEW,insufficient evidence; could be product or ambiguous OCR,LOW,INSUFFICIENT_EVIDENCE
121952,EXHEP60INJ,REVIEW,REVIEW,NO_MATCH_FALLBACK,FALLBACK:AMBIGUOUS_NO_BRAND,,,,,False,,KEEP REVIEW,insufficient evidence; could be product or ambiguous OCR,LOW,INSUFFICIENT_EVIDENCE
121955,TEMSANCT 6.25,REVIEW,REVIEW,NO_MATCH_FALLBACK,FALLBACK:AMBIGUOUS_NO_BRAND,,,,,False,,KEEP REVIEW,insufficient evidence; could be product or ambiguous OCR,LOW,INSUFFICIENT_EVIDENCE
121959,EMILDAPM10/500,REVIEW,REVIEW,NO_MATCH_FALLBACK,FALLBACK:AMBIGUOUS_NO_BRAND,,,,,False,,KEEP REVIEW,insufficient evidence; could be product or ambiguous OCR,LOW,INSUFFICIENT_EVIDENCE
121962,EMPRI10MG,REVIEW,REVIEW,NO_MATCH_FALLBACK,FALLBACK:AMBIGUOUS_NO_BRAND,,,,,False,,KEEP REVIEW,insufficient evidence; could be product or ambiguous OCR,LOW,INSUFFICIENT_EVIDENCE
121976,EMPRI25MGTAB,REVIEW,REVIEW,NO_MATCH_FALLBACK,FALLBACK:AMBIGUOUS_NO_BRAND,,,,,False,,KEEP REVIEW,insufficient evidence; could be product or ambiguous OCR,LOW,INSUFFICIENT_EVIDENCE
121986,EMVICURECAPS,REVIEW,REVIEW,NO_MATCH_FALLBACK,FALLBACK:AMBIGUOUS_NO_BRAND,,,,,False,,KEEP REVIEW,insufficient evidence; could be product or ambiguous OCR,LOW,INSUFFICIENT_EVIDENCE
122059,MONOHEM,REVIEW,REVIEW,NO_MATCH_FALLBACK,FALLBACK:AMBIGUOUS_NO_BRAND,,,,,False,,KEEP REVIEW,insufficient evidence; could be product or ambiguous OCR,LOW,INSUFFICIENT_EVIDENCE
122342,SAMTA ENTERPRISES MEDICAL,REVIEW,1,GARBAGE:pattern_garbage,GARBAGE:pattern_garbage,,,,,False,\b(AGENCIES?|DISTRIBUTORS?|MEDICO[SE]?|CORPORATION|ENTERPRISES?|TRADERS?|TRADING)\b,KEEP REVIEW,insufficient evidence; could be product or ambiguous OCR,LOW,INSUFFICIENT_EVIDENCE
122390,SAMTA ENTERPRISES MEDICAL,REVIEW,1,GARBAGE:pattern_garbage,GARBAGE:pattern_garbage,,,,,False,\b(AGENCIES?|DISTRIBUTORS?|MEDICO[SE]?|CORPORATION|ENTERPRISES?|TRADERS?|TRADING)\b,KEEP REVIEW,insufficient evidence; could be product or ambiguous OCR,LOW,INSUFFICIENT_EVIDENCE
122443,SAMTA ENTERPRISES MEDICAL,REVIEW,1,GARBAGE:pattern_garbage,GARBAGE:pattern_garbage,,,,,False,\b(AGENCIES?|DISTRIBUTORS?|MEDICO[SE]?|CORPORATION|ENTERPRISES?|TRADERS?|TRADING)\b,KEEP REVIEW,insufficient evidence; could be product or ambiguous OCR,LOW,INSUFFICIENT_EVIDENCE
122494,SAMTA ENTERPRISES MEDICAL,REVIEW,1,GARBAGE:pattern_garbage,GARBAGE:pattern_garbage,,,,,False,\b(AGENCIES?|DISTRIBUTORS?|MEDICO[SE]?|CORPORATION|ENTERPRISES?|TRADERS?|TRADING)\b,KEEP REVIEW,insufficient evidence; could be product or ambiguous OCR,LOW,INSUFFICIENT_EVIDENCE
122551,SAMTA ENTERPRISES MEDICAL,REVIEW,1,GARBAGE:pattern_garbage,GARBAGE:pattern_garbage,,,,,False,\b(AGENCIES?|DISTRIBUTORS?|MEDICO[SE]?|CORPORATION|ENTERPRISES?|TRADERS?|TRADING)\b,KEEP REVIEW,insufficient evidence; could be product or ambiguous OCR,LOW,INSUFFICIENT_EVIDENCE
122814,ZZZZZZ 6815,REVIEW,REVIEW,NO_MATCH_FALLBACK,FALLBACK:AMBIGUOUS_NO_BRAND,,,,,False,,CANDIDATE FOR 1,all long alpha tokens lack vowels: ['ZZZZZZ'] → OCR noise,MODERATE,NO_VOWEL_OCR_NOISE
123156,LAZIDTAB,REVIEW,REVIEW,NO_MATCH_FALLBACK,FALLBACK:AMBIGUOUS_NO_BRAND,,,,,False,,KEEP REVIEW,insufficient evidence; could be product or ambiguous OCR,LOW,INSUFFICIENT_EVIDENCE
123167,VIROPILTABLET,REVIEW,REVIEW,NO_MATCH_FALLBACK,FALLBACK:AMBIGUOUS_NO_BRAND,,,,,False,,KEEP REVIEW,insufficient evidence; could be product or ambiguous OCR,LOW,INSUFFICIENT_EVIDENCE
124191,LUCO SKIN COMBO PACK,REVIEW,REVIEW,NO_MATCH_FALLBACK,FALLBACK:AMBIGUOUS_NO_BRAND,,,,,False,,KEEP REVIEW,insufficient evidence; could be product or ambiguous OCR,LOW,INSUFFICIENT_EVIDENCE
124863,PHARMED LIMITED,REVIEW,1,GARBAGE:pattern_garbage,GARBAGE:pattern_garbage,,,,,False,\bLIMITED\.?\s*$,KEEP REVIEW,insufficient evidence; could be product or ambiguous OCR,LOW,INSUFFICIENT_EVIDENCE
124865,IMPROSYN,REVIEW,REVIEW,NO_MATCH_FALLBACK,FALLBACK:AMBIGUOUS_NO_BRAND,,,,,False,,KEEP REVIEW,insufficient evidence; could be product or ambiguous OCR,LOW,INSUFFICIENT_EVIDENCE
124866,Q GOLD 100,REVIEW,REVIEW,NO_MATCH_FALLBACK,FALLBACK:AMBIGUOUS_NO_BRAND,,,,,False,,KEEP REVIEW,insufficient evidence; could be product or ambiguous OCR,LOW,INSUFFICIENT_EVIDENCE
124867,PHARMED ACE,REVIEW,REVIEW,NO_MATCH_FALLBACK,FALLBACK:AMBIGUOUS_NO_BRAND,,,fuzzy→EXACT_ONLY(ACEM),,False,,CANDIDATE FOR 1,brand invalidated (fuzzy→EXACT_ONLY(ACEM)) + no pharma signal,MODERATE,INVALIDATED_NO_PHARMA
124870,CAL-123 TOTAL TAB,REVIEW,REVIEW,NO_MATCH_FALLBACK,FALLBACK:STRUCTURAL_KW,,,,,False,,CANDIDATE FOR 1,structural/aggregate keyword present,MODERATE,STRUCTURAL_KEYWORD
124878,PHARMED LTD STOCK,REVIEW,REVIEW,NO_MATCH_FALLBACK,FALLBACK:AMBIGUOUS_NO_BRAND,,,,,False,,KEEP REVIEW,insufficient evidence; could be product or ambiguous OCR,LOW,INSUFFICIENT_EVIDENCE
124890,TENDOCARE FORT,REVIEW,REVIEW,NO_MATCH_FALLBACK,FALLBACK:AMBIGUOUS_NO_BRAND,,,,,False,,KEEP REVIEW,insufficient evidence; could be product or ambiguous OCR,LOW,INSUFFICIENT_EVIDENCE
124895,PHARMED MAGNUM,REVIEW,REVIEW,NO_MATCH_FALLBACK,FALLBACK:AMBIGUOUS_NO_BRAND,,,,,False,,KEEP REVIEW,insufficient evidence; could be product or ambiguous OCR,LOW,INSUFFICIENT_EVIDENCE
124897,ABSOLUT WOMAN,REVIEW,REVIEW,NO_MATCH_FALLBACK,FALLBACK:AMBIGUOUS_NO_BRAND,,,,,False,,KEEP REVIEW,insufficient evidence; could be product or ambiguous OCR,LOW,INSUFFICIENT_EVIDENCE
124901,MGD3 60K,REVIEW,REVIEW,NO_MATCH_FALLBACK,FALLBACK:AMBIGUOUS_NO_BRAND,,,,,False,,KEEP REVIEW,insufficient evidence; could be product or ambiguous OCR,LOW,INSUFFICIENT_EVIDENCE
124903,PHARMED STELLARSTELLAR,REVIEW,REVIEW,NO_MATCH_FALLBACK,FALLBACK:AMBIGUOUS_NO_BRAND,,,,,False,,KEEP REVIEW,insufficient evidence; could be product or ambiguous OCR,LOW,INSUFFICIENT_EVIDENCE
124904,QGOLD F,REVIEW,REVIEW,NO_MATCH_FALLBACK,FALLBACK:AMBIGUOUS_NO_BRAND,,,,,False,,KEEP REVIEW,insufficient evidence; could be product or ambiguous OCR,LOW,INSUFFICIENT_EVIDENCE
124905,PHARMED SYNERGY,REVIEW,REVIEW,NO_MATCH_FALLBACK,FALLBACK:AMBIGUOUS_NO_BRAND,,,,,False,,KEEP REVIEW,insufficient evidence; could be product or ambiguous OCR,LOW,INSUFFICIENT_EVIDENCE
124912,SYNERTAB,REVIEW,REVIEW,NO_MATCH_FALLBACK,FALLBACK:AMBIGUOUS_NO_BRAND,,,,,False,,KEEP REVIEW,insufficient evidence; could be product or ambiguous OCR,LOW,INSUFFICIENT_EVIDENCE
126591,FRISUM 10 10T,REVIEW,REVIEW,NO_MATCH_FALLBACK,FALLBACK:AMBIGUOUS_NO_BRAND,,,,,False,,KEEP REVIEW,insufficient evidence; could be product or ambiguous OCR,LOW,INSUFFICIENT_EVIDENCE
126670,METPURETEL 20 10T,REVIEW,REVIEW,NO_MATCH_FALLBACK,FALLBACK:AMBIGUOUS_NO_BRAND,,,,,False,,KEEP REVIEW,insufficient evidence; could be product or ambiguous OCR,LOW,INSUFFICIENT_EVIDENCE
126862,ZZZZZZ 6816,REVIEW,REVIEW,NO_MATCH_FALLBACK,FALLBACK:AMBIGUOUS_NO_BRAND,,,,,False,,CANDIDATE FOR 1,all long alpha tokens lack vowels: ['ZZZZZZ'] → OCR noise,MODERATE,NO_VOWEL_OCR_NOISE
127523,Digital Purchase ERP Ordering Healthcare QRCode on bills for extra earnings Call MARG 9041666564,REVIEW,REVIEW,NO_MATCH_FALLBACK,FALLBACK:PHARMA_ENTITY,,,,,False,,CANDIDATE FOR 1,company/entity keyword (PHARMACEUTICALS/BIOPHARMA/HOSPITAL etc.),STRONG,COMPANY_ENTITY
128311,Digital Purchase ERP Ordering Healthcare QRCode on bills for extra earnings Call MARG 94254954958770712158,REVIEW,REVIEW,NO_MATCH_FALLBACK,FALLBACK:PHARMA_ENTITY,,,,,False,,CANDIDATE FOR 1,company/entity keyword (PHARMACEUTICALS/BIOPHARMA/HOSPITAL etc.),STRONG,COMPANY_ENTITY
128584,XENNEA,REVIEW,REVIEW,NO_MATCH_FALLBACK,FALLBACK:AMBIGUOUS_NO_BRAND,,,,,False,,KEEP REVIEW,insufficient evidence; could be product or ambiguous OCR,LOW,INSUFFICIENT_EVIDENCE
128601,XENNEX,REVIEW,REVIEW,NO_MATCH_FALLBACK,FALLBACK:AMBIGUOUS_NO_BRAND,,,,,False,,CANDIDATE FOR 1,starts with known Emcure company/division prefix,STRONG,COMPANY_DIVISION_PREFIX
128680,EMILPAD S10,REVIEW,REVIEW,NO_MATCH_FALLBACK,FALLBACK:AMBIGUOUS_NO_BRAND,,,,,False,,KEEP REVIEW,insufficient evidence; could be product or ambiguous OCR,LOW,INSUFFICIENT_EVIDENCE
128905,NIRMAL MEDICAL AGENCIES,REVIEW,1,GARBAGE:pattern_garbage,GARBAGE:pattern_garbage,,,,,False,\b(AGENCIES?|DISTRIBUTORS?|MEDICO[SE]?|CORPORATION|ENTERPRISES?|TRADERS?|TRADING)\b,KEEP REVIEW,insufficient evidence; could be product or ambiguous OCR,LOW,INSUFFICIENT_EVIDENCE
131366,SALE JULY,REVIEW,REVIEW,NO_MATCH_FALLBACK,FALLBACK:AMBIGUOUS_NO_BRAND,,,,,False,,KEEP REVIEW,insufficient evidence; could be product or ambiguous OCR,LOW,INSUFFICIENT_EVIDENCE
131743,CRIANTE DIVISION,REVIEW,REVIEW,NO_MATCH_FALLBACK,FALLBACK:STRUCTURAL_KW,,,,,False,,KEEP REVIEW,insufficient evidence; could be product or ambiguous OCR,LOW,INSUFFICIENT_EVIDENCE
131764,CRITI-CARE DIVISION,REVIEW,REVIEW,NO_MATCH_FALLBACK,FALLBACK:STRUCTURAL_KW,,,,,False,,KEEP REVIEW,insufficient evidence; could be product or ambiguous OCR,LOW,INSUFFICIENT_EVIDENCE
131802,NUCRON DIVISION,REVIEW,REVIEW,NO_MATCH_FALLBACK,FALLBACK:STRUCTURAL_KW,,,,,False,,CANDIDATE FOR 1,starts with known Emcure company/division prefix,STRONG,COMPANY_DIVISION_PREFIX
131906,SHWEIZ DIVISION,REVIEW,REVIEW,NO_MATCH_FALLBACK,FALLBACK:STRUCTURAL_KW,,,,,False,,KEEP REVIEW,insufficient evidence; could be product or ambiguous OCR,LOW,INSUFFICIENT_EVIDENCE
131912,SYNERGY DIVISION,REVIEW,REVIEW,NO_MATCH_FALLBACK,FALLBACK:STRUCTURAL_KW,,,,,False,,KEEP REVIEW,insufficient evidence; could be product or ambiguous OCR,LOW,INSUFFICIENT_EVIDENCE
131943,XENNEX DIVISION,REVIEW,REVIEW,NO_MATCH_FALLBACK,FALLBACK:STRUCTURAL_KW,,,,,False,,CANDIDATE FOR 1,starts with known Emcure company/division prefix,STRONG,COMPANY_DIVISION_PREFIX
132006,PEN 1,REVIEW,REVIEW,NO_MATCH_FALLBACK,FALLBACK:VERY_SHORT,,,,,False,,KEEP REVIEW,insufficient evidence; could be product or ambiguous OCR,LOW,INSUFFICIENT_EVIDENCE
132170,Totals 115409.00 37024.00 1500.24,REVIEW,REVIEW,NO_MATCH_FALLBACK,FALLBACK:AMBIGUOUS_NO_BRAND,,,,,False,,KEEP REVIEW,insufficient evidence; could be product or ambiguous OCR,LOW,INSUFFICIENT_EVIDENCE
132348,PURC 1481 SALE 1483 STOCK 2519 LZSTK 829,REVIEW,REVIEW,NO_MATCH_FALLBACK,FALLBACK:AMBIGUOUS_NO_BRAND,,,,,False,,KEEP REVIEW,insufficient evidence; could be product or ambiguous OCR,LOW,INSUFFICIENT_EVIDENCE
132355,PURC 16930 SALE 44895 STOCK 32907,REVIEW,REVIEW,NO_MATCH_FALLBACK,FALLBACK:AMBIGUOUS_NO_BRAND,,,,,False,,KEEP REVIEW,insufficient evidence; could be product or ambiguous OCR,LOW,INSUFFICIENT_EVIDENCE
132374,PURC 54892 SALE 148893 STOCK 142731 LZSTK 6171,REVIEW,REVIEW,NO_MATCH_FALLBACK,FALLBACK:AMBIGUOUS_NO_BRAND,,,,,False,,KEEP REVIEW,insufficient evidence; could be product or ambiguous OCR,LOW,INSUFFICIENT_EVIDENCE
132378,PURC 0 SALE 0 STOCK 4800 STK120 4800 LZSTK 4800,REVIEW,REVIEW,NO_MATCH_FALLBACK,FALLBACK:AMBIGUOUS_NO_BRAND,,,,,False,,KEEP REVIEW,insufficient evidence; could be product or ambiguous OCR,LOW,INSUFFICIENT_EVIDENCE
132386,PURC 0 SALE 0 STOCK 0,REVIEW,REVIEW,NO_MATCH_FALLBACK,FALLBACK:AMBIGUOUS_NO_BRAND,,,,,False,,KEEP REVIEW,insufficient evidence; could be product or ambiguous OCR,LOW,INSUFFICIENT_EVIDENCE
132433,PURC 288231 SALE 419846 STOCK 202535 STK120 1083 LZSTK 5921,REVIEW,REVIEW,NO_MATCH_FALLBACK,FALLBACK:AMBIGUOUS_NO_BRAND,,,,,False,,KEEP REVIEW,insufficient evidence; could be product or ambiguous OCR,LOW,INSUFFICIENT_EVIDENCE
132460,PURC 100890 SALE 87376 STOCK 100345 STK120 12510 LZSTK 16867,REVIEW,REVIEW,NO_MATCH_FALLBACK,FALLBACK:AMBIGUOUS_NO_BRAND,,,,,False,,KEEP REVIEW,insufficient evidence; could be product or ambiguous OCR,LOW,INSUFFICIENT_EVIDENCE
132521,PURC 104501 SALE 149607 STOCK 127967 STK120 2538 LZSTK 1699,REVIEW,REVIEW,NO_MATCH_FALLBACK,FALLBACK:AMBIGUOUS_NO_BRAND,,,,,False,,KEEP REVIEW,insufficient evidence; could be product or ambiguous OCR,LOW,INSUFFICIENT_EVIDENCE
132552,PURC 26184 SALE 27852 STOCK 33536 STK120 11132 EXP6M 184 LZSTK 12915,REVIEW,REVIEW,NO_MATCH_FALLBACK,FALLBACK:AMBIGUOUS_NO_BRAND,,,,,False,,KEEP REVIEW,insufficient evidence; could be product or ambiguous OCR,LOW,INSUFFICIENT_EVIDENCE
132557,PURC 0 SALE 0 STOCK 0,REVIEW,REVIEW,NO_MATCH_FALLBACK,FALLBACK:AMBIGUOUS_NO_BRAND,,,,,False,,KEEP REVIEW,insufficient evidence; could be product or ambiguous OCR,LOW,INSUFFICIENT_EVIDENCE
132561,PURC 0 SALE 0 STOCK 0,REVIEW,REVIEW,NO_MATCH_FALLBACK,FALLBACK:AMBIGUOUS_NO_BRAND,,,,,False,,KEEP REVIEW,insufficient evidence; could be product or ambiguous OCR,LOW,INSUFFICIENT_EVIDENCE
132577,PURC 42838 SALE 47164 STOCK 68890 STK120 9770 LZSTK 18445,REVIEW,REVIEW,NO_MATCH_FALLBACK,FALLBACK:AMBIGUOUS_NO_BRAND,,,,,False,,KEEP REVIEW,insufficient evidence; could be product or ambiguous OCR,LOW,INSUFFICIENT_EVIDENCE
132578,PURC 635946 SALE 927115 STOCK 716231 STK120 41832 EXP6M 184 LZSTK 67648,REVIEW,REVIEW,NO_MATCH_FALLBACK,FALLBACK:AMBIGUOUS_NO_BRAND,,,,,False,,KEEP REVIEW,insufficient evidence; could be product or ambiguous OCR,LOW,INSUFFICIENT_EVIDENCE
132580,Report End 224 Records,REVIEW,REVIEW,NO_MATCH_FALLBACK,FALLBACK:AMBIGUOUS_NO_BRAND,,,,,False,,KEEP REVIEW,insufficient evidence; could be product or ambiguous OCR,LOW,INSUFFICIENT_EVIDENCE
132582,This is a computer-generated report that does not require a stamp orsignature,REVIEW,REVIEW,NO_MATCH_FALLBACK,FALLBACK:AMBIGUOUS_NO_BRAND,,,,,False,,KEEP REVIEW,insufficient evidence; could be product or ambiguous OCR,LOW,INSUFFICIENT_EVIDENCE
133951,M.M. K.ENTERPRISE,REVIEW,1,GARBAGE:pattern_garbage,GARBAGE:pattern_garbage,,,,,False,\b(AGENCIES?|DISTRIBUTORS?|MEDICO[SE]?|CORPORATION|ENTERPRISES?|TRADERS?|TRADING)\b,KEEP REVIEW,insufficient evidence; could be product or ambiguous OCR,LOW,INSUFFICIENT_EVIDENCE
133996,M.M. K.ENTERPRISE,REVIEW,1,GARBAGE:pattern_garbage,GARBAGE:pattern_garbage,,,,,False,\b(AGENCIES?|DISTRIBUTORS?|MEDICO[SE]?|CORPORATION|ENTERPRISES?|TRADERS?|TRADING)\b,KEEP REVIEW,insufficient evidence; could be product or ambiguous OCR,LOW,INSUFFICIENT_EVIDENCE
134046,M.M. K.ENTERPRISE,REVIEW,1,GARBAGE:pattern_garbage,GARBAGE:pattern_garbage,,,,,False,\b(AGENCIES?|DISTRIBUTORS?|MEDICO[SE]?|CORPORATION|ENTERPRISES?|TRADERS?|TRADING)\b,KEEP REVIEW,insufficient evidence; could be product or ambiguous OCR,LOW,INSUFFICIENT_EVIDENCE
134091,M.M. K.ENTERPRISE,REVIEW,1,GARBAGE:pattern_garbage,GARBAGE:pattern_garbage,,,,,False,\b(AGENCIES?|DISTRIBUTORS?|MEDICO[SE]?|CORPORATION|ENTERPRISES?|TRADERS?|TRADING)\b,KEEP REVIEW,insufficient evidence; could be product or ambiguous OCR,LOW,INSUFFICIENT_EVIDENCE
134137,M.M. K.ENTERPRISE,REVIEW,1,GARBAGE:pattern_garbage,GARBAGE:pattern_garbage,,,,,False,\b(AGENCIES?|DISTRIBUTORS?|MEDICO[SE]?|CORPORATION|ENTERPRISES?|TRADERS?|TRADING)\b,KEEP REVIEW,insufficient evidence; could be product or ambiguous OCR,LOW,INSUFFICIENT_EVIDENCE
134187,M.M. K.ENTERPRISE,REVIEW,1,GARBAGE:pattern_garbage,GARBAGE:pattern_garbage,,,,,False,\b(AGENCIES?|DISTRIBUTORS?|MEDICO[SE]?|CORPORATION|ENTERPRISES?|TRADERS?|TRADING)\b,KEEP REVIEW,insufficient evidence; could be product or ambiguous OCR,LOW,INSUFFICIENT_EVIDENCE
134208,ERP-to-ERP Order - LIVE Stocks/Deal MARG ERP NANO Rs.5400 Click Photo Import Bill Call 987430662389109245367980407887,REVIEW,REVIEW,NO_MATCH_FALLBACK,FALLBACK:AMBIGUOUS_NO_BRAND,,,,,False,,KEEP REVIEW,insufficient evidence; could be product or ambiguous OCR,LOW,INSUFFICIENT_EVIDENCE
134478,EIAB005535 43780EIAB006217 112793,REVIEW,REVIEW,NO_MATCH_FALLBACK,FALLBACK:AMBIGUOUS_NO_BRAND,,,,,False,,KEEP REVIEW,insufficient evidence; could be product or ambiguous OCR,LOW,INSUFFICIENT_EVIDENCE
134527,EIAB005535 43780EIAB006217 112793,REVIEW,REVIEW,NO_MATCH_FALLBACK,FALLBACK:AMBIGUOUS_NO_BRAND,,,,,False,,KEEP REVIEW,insufficient evidence; could be product or ambiguous OCR,LOW,INSUFFICIENT_EVIDENCE
134546,Totals 110196.00 94121.00 3556.10,REVIEW,REVIEW,NO_MATCH_FALLBACK,FALLBACK:AMBIGUOUS_NO_BRAND,,,,,False,,KEEP REVIEW,insufficient evidence; could be product or ambiguous OCR,LOW,INSUFFICIENT_EVIDENCE
134570,Totals 186114.00 103159.00 6401.91,REVIEW,REVIEW,NO_MATCH_FALLBACK,FALLBACK:AMBIGUOUS_NO_BRAND,,,,,False,,KEEP REVIEW,insufficient evidence; could be product or ambiguous OCR,LOW,INSUFFICIENT_EVIDENCE
134594,Totals 186114.00 103159.00 6401.91,REVIEW,REVIEW,NO_MATCH_FALLBACK,FALLBACK:AMBIGUOUS_NO_BRAND,,,,,False,,KEEP REVIEW,insufficient evidence; could be product or ambiguous OCR,LOW,INSUFFICIENT_EVIDENCE
136617,DILUENT FOR CONSIUM100 1,REVIEW,REVIEW,NO_MATCH_FALLBACK,FALLBACK:AMBIGUOUS_NO_BRAND,,,,,False,,KEEP REVIEW,insufficient evidence; could be product or ambiguous OCR,LOW,INSUFFICIENT_EVIDENCE
137247,GINNOVA BIOPHARMACEUTICALS LTD. Total,REVIEW,REVIEW,NO_MATCH_FALLBACK,FALLBACK:STRUCTURAL_KW,,,,,False,,CANDIDATE FOR 1,structural/aggregate keyword present,MODERATE,STRUCTURAL_KEYWORD
137419,GENNOVA BIOPHARMACEUTICAL --,REVIEW,REVIEW,NO_MATCH_FALLBACK,FALLBACK:AMBIGUOUS_NO_BRAND,,,,,False,,CANDIDATE FOR 1,starts with known Emcure company/division prefix,STRONG,COMPANY_DIVISION_PREFIX
138489,SALE JULY,REVIEW,REVIEW,NO_MATCH_FALLBACK,FALLBACK:AMBIGUOUS_NO_BRAND,,,,,False,,KEEP REVIEW,insufficient evidence; could be product or ambiguous OCR,LOW,INSUFFICIENT_EVIDENCE
138534,SALE JULY,REVIEW,REVIEW,NO_MATCH_FALLBACK,FALLBACK:AMBIGUOUS_NO_BRAND,,,,,False,,KEEP REVIEW,insufficient evidence; could be product or ambiguous OCR,LOW,INSUFFICIENT_EVIDENCE
138543,SALE JULY,REVIEW,REVIEW,NO_MATCH_FALLBACK,FALLBACK:AMBIGUOUS_NO_BRAND,,,,,False,,KEEP REVIEW,insufficient evidence; could be product or ambiguous OCR,LOW,INSUFFICIENT_EVIDENCE
140762,Results are Based On 21-08-2026,REVIEW,REVIEW,NO_MATCH_FALLBACK,FALLBACK:AMBIGUOUS_NO_BRAND,,,,,False,,KEEP REVIEW,insufficient evidence; could be product or ambiguous OCR,LOW,INSUFFICIENT_EVIDENCE
143303,EXHEP60,REVIEW,REVIEW,NO_MATCH_FALLBACK,FALLBACK:AMBIGUOUS_NO_BRAND,,,,,False,,KEEP REVIEW,insufficient evidence; could be product or ambiguous OCR,LOW,INSUFFICIENT_EVIDENCE
143620,Digital Purchase ERP Ordering Healthcare QRCode on bills for extra earnings Call MARG 99022215607996959663,REVIEW,REVIEW,NO_MATCH_FALLBACK,FALLBACK:PHARMA_ENTITY,,,,,False,,CANDIDATE FOR 1,company/entity keyword (PHARMACEUTICALS/BIOPHARMA/HOSPITAL etc.),STRONG,COMPANY_ENTITY
144458,STANDERD,REVIEW,REVIEW,NO_MATCH_FALLBACK,FALLBACK:AMBIGUOUS_NO_BRAND,,,,,False,,KEEP REVIEW,insufficient evidence; could be product or ambiguous OCR,LOW,INSUFFICIENT_EVIDENCE
144486,GENERIC,REVIEW,REVIEW,NO_MATCH_FALLBACK,FALLBACK:AMBIGUOUS_NO_BRAND,,,,,False,,KEEP REVIEW,insufficient evidence; could be product or ambiguous OCR,LOW,INSUFFICIENT_EVIDENCE
144490,STANDERD,REVIEW,REVIEW,NO_MATCH_FALLBACK,FALLBACK:AMBIGUOUS_NO_BRAND,,,,,False,,KEEP REVIEW,insufficient evidence; could be product or ambiguous OCR,LOW,INSUFFICIENT_EVIDENCE
144551,STANDERD,REVIEW,REVIEW,NO_MATCH_FALLBACK,FALLBACK:AMBIGUOUS_NO_BRAND,,,,,False,,KEEP REVIEW,insufficient evidence; could be product or ambiguous OCR,LOW,INSUFFICIENT_EVIDENCE
144579,GENERIC,REVIEW,REVIEW,NO_MATCH_FALLBACK,FALLBACK:AMBIGUOUS_NO_BRAND,,,,,False,,KEEP REVIEW,insufficient evidence; could be product or ambiguous OCR,LOW,INSUFFICIENT_EVIDENCE
144583,STANDERD,REVIEW,REVIEW,NO_MATCH_FALLBACK,FALLBACK:AMBIGUOUS_NO_BRAND,,,,,False,,KEEP REVIEW,insufficient evidence; could be product or ambiguous OCR,LOW,INSUFFICIENT_EVIDENCE
144854,CV-DIVISON,REVIEW,REVIEW,NO_MATCH_FALLBACK,FALLBACK:AMBIGUOUS_NO_BRAND,,,,,False,,KEEP REVIEW,insufficient evidence; could be product or ambiguous OCR,LOW,INSUFFICIENT_EVIDENCE
144900,INVENTIA,REVIEW,REVIEW,NO_MATCH_FALLBACK,FALLBACK:AMBIGUOUS_NO_BRAND,,,,,False,,CANDIDATE FOR 1,starts with known Emcure company/division prefix,STRONG,COMPANY_DIVISION_PREFIX
144905,NUCRON,REVIEW,REVIEW,NO_MATCH_FALLBACK,FALLBACK:AMBIGUOUS_NO_BRAND,,,,,False,,CANDIDATE FOR 1,starts with known Emcure company/division prefix,STRONG,COMPANY_DIVISION_PREFIX
144917,NUSURGE,REVIEW,REVIEW,NO_MATCH_FALLBACK,FALLBACK:AMBIGUOUS_NO_BRAND,,,,,False,,CANDIDATE FOR 1,starts with known Emcure company/division prefix,STRONG,COMPANY_DIVISION_PREFIX
144919,ORION,REVIEW,REVIEW,NO_MATCH_FALLBACK,FALLBACK:VERY_SHORT,,,,,False,,KEEP REVIEW,insufficient evidence; could be product or ambiguous OCR,LOW,INSUFFICIENT_EVIDENCE
144929,PHARMA NEXT,REVIEW,REVIEW,NO_MATCH_FALLBACK,FALLBACK:AMBIGUOUS_NO_BRAND,,,,,False,,CANDIDATE FOR 1,company-like name without pharma dosage form,MODERATE,PHARMA_COMPANY_NAME
144943,XENNEX,REVIEW,REVIEW,NO_MATCH_FALLBACK,FALLBACK:AMBIGUOUS_NO_BRAND,,,,,False,,CANDIDATE FOR 1,starts with known Emcure company/division prefix,STRONG,COMPANY_DIVISION_PREFIX
145071,INBEC30 1X30TAB,REVIEW,REVIEW,NO_MATCH_FALLBACK,FALLBACK:AMBIGUOUS_NO_BRAND,,,,,False,,KEEP REVIEW,insufficient evidence; could be product or ambiguous OCR,LOW,INSUFFICIENT_EVIDENCE
145072,INSTGRA30 1X30TAB,REVIEW,REVIEW,NO_MATCH_FALLBACK,FALLBACK:AMBIGUOUS_NO_BRAND,,,,,False,,KEEP REVIEW,insufficient evidence; could be product or ambiguous OCR,LOW,INSUFFICIENT_EVIDENCE
145079,SPEGRA90 1X90TABS,REVIEW,REVIEW,NO_MATCH_FALLBACK,FALLBACK:AMBIGUOUS_NO_BRAND,,,,,False,,KEEP REVIEW,insufficient evidence; could be product or ambiguous OCR,LOW,INSUFFICIENT_EVIDENCE
146015,O.B.,REVIEW,REVIEW,NO_MATCH_FALLBACK,FALLBACK:VERY_SHORT,,,,,False,,CANDIDATE FOR 1,≤3 alphanumeric chars,STRONG,SHORT_TEXT
146030,O.B.,REVIEW,REVIEW,NO_MATCH_FALLBACK,FALLBACK:VERY_SHORT,,,,,False,,CANDIDATE FOR 1,≤3 alphanumeric chars,STRONG,SHORT_TEXT
146035,O.B.,REVIEW,REVIEW,NO_MATCH_FALLBACK,FALLBACK:VERY_SHORT,,,,,False,,CANDIDATE FOR 1,≤3 alphanumeric chars,STRONG,SHORT_TEXT
146400,E-TEL4010X10,REVIEW,REVIEW,NO_MATCH_FALLBACK,FALLBACK:AMBIGUOUS_NO_BRAND,,,,,False,,KEEP REVIEW,insufficient evidence; could be product or ambiguous OCR,LOW,INSUFFICIENT_EVIDENCE
146408,FITJOINT10X1010,REVIEW,REVIEW,NO_MATCH_FALLBACK,FALLBACK:AMBIGUOUS_NO_BRAND,,,,,False,,KEEP REVIEW,insufficient evidence; could be product or ambiguous OCR,LOW,INSUFFICIENT_EVIDENCE
146564,NUCRON,REVIEW,REVIEW,NO_MATCH_FALLBACK,FALLBACK:AMBIGUOUS_NO_BRAND,,,,,False,,CANDIDATE FOR 1,starts with known Emcure company/division prefix,STRONG,COMPANY_DIVISION_PREFIX
147093,Brought Forward,REVIEW,REVIEW,NO_MATCH_FALLBACK,FALLBACK:AMBIGUOUS_NO_BRAND,,,,,False,,KEEP REVIEW,insufficient evidence; could be product or ambiguous OCR,LOW,INSUFFICIENT_EVIDENCE
147718,PURC 981832 SALE 1631717 STOCK 582795 STK120 50252 EXP3M 494 EXP6M 19596 LZSTK 72668,REVIEW,REVIEW,NO_MATCH_FALLBACK,FALLBACK:AMBIGUOUS_NO_BRAND,,,,,False,,KEEP REVIEW,insufficient evidence; could be product or ambiguous OCR,LOW,INSUFFICIENT_EVIDENCE
147720,Prepared by S.P. Singh on 01-Sep-2026 1222 From System Admin-Pc,REVIEW,REVIEW,NO_MATCH_FALLBACK,FALLBACK:AMBIGUOUS_NO_BRAND,,,,,False,,KEEP REVIEW,insufficient evidence; could be product or ambiguous OCR,LOW,INSUFFICIENT_EVIDENCE
147721,This is a Computer Generated Report Which Does Not Require Stamp or Signature,REVIEW,REVIEW,NO_MATCH_FALLBACK,FALLBACK:AMBIGUOUS_NO_BRAND,,,,,False,,KEEP REVIEW,insufficient evidence; could be product or ambiguous OCR,LOW,INSUFFICIENT_EVIDENCE
147899,METPUREXL50 10,REVIEW,REVIEW,NO_MATCH_FALLBACK,FALLBACK:AMBIGUOUS_NO_BRAND,,,,,False,,KEEP REVIEW,insufficient evidence; could be product or ambiguous OCR,LOW,INSUFFICIENT_EVIDENCE
148522,Digital Purchase ERP Ordering Healthcare QRCode on bills for extra earnings Call MARG 639993024673020677029837030246,REVIEW,REVIEW,NO_MATCH_FALLBACK,FALLBACK:PHARMA_ENTITY,,,,,False,,CANDIDATE FOR 1,company/entity keyword (PHARMACEUTICALS/BIOPHARMA/HOSPITAL etc.),STRONG,COMPANY_ENTITY
148799,M.R.MEDICALS,REVIEW,REVIEW,NO_MATCH_FALLBACK,FALLBACK:AMBIGUOUS_NO_BRAND,,,,,False,,KEEP REVIEW,insufficient evidence; could be product or ambiguous OCR,LOW,INSUFFICIENT_EVIDENCE
148811,Digital Purchase ERP Ordering Healthcare QRCode on bills for extra earnings Call MARG 7007205665,REVIEW,REVIEW,NO_MATCH_FALLBACK,FALLBACK:PHARMA_ENTITY,,,,,False,,CANDIDATE FOR 1,company/entity keyword (PHARMACEUTICALS/BIOPHARMA/HOSPITAL etc.),STRONG,COMPANY_ENTITY
148812,E-INFIUS,REVIEW,REVIEW,NO_MATCH_FALLBACK,FALLBACK:AMBIGUOUS_NO_BRAND,,,,,False,,KEEP REVIEW,insufficient evidence; could be product or ambiguous OCR,LOW,INSUFFICIENT_EVIDENCE
148863,E-INVENTIA,REVIEW,REVIEW,NO_MATCH_FALLBACK,FALLBACK:AMBIGUOUS_NO_BRAND,,,,,False,,KEEP REVIEW,insufficient evidence; could be product or ambiguous OCR,LOW,INSUFFICIENT_EVIDENCE
148867,E-NUCRON,REVIEW,REVIEW,NO_MATCH_FALLBACK,FALLBACK:AMBIGUOUS_NO_BRAND,,,,,False,,KEEP REVIEW,insufficient evidence; could be product or ambiguous OCR,LOW,INSUFFICIENT_EVIDENCE
148888,E-NUSURGE,REVIEW,REVIEW,NO_MATCH_FALLBACK,FALLBACK:AMBIGUOUS_NO_BRAND,,,,,False,,KEEP REVIEW,insufficient evidence; could be product or ambiguous OCR,LOW,INSUFFICIENT_EVIDENCE
148890,E-VERTEX,REVIEW,REVIEW,NO_MATCH_FALLBACK,FALLBACK:AMBIGUOUS_NO_BRAND,,,,,False,,KEEP REVIEW,insufficient evidence; could be product or ambiguous OCR,LOW,INSUFFICIENT_EVIDENCE
149294,MNEM1GM,REVIEW,REVIEW,NO_MATCH_FALLBACK,FALLBACK:AMBIGUOUS_NO_BRAND,,,,,False,,KEEP REVIEW,insufficient evidence; could be product or ambiguous OCR,LOW,INSUFFICIENT_EVIDENCE
149518,EMNU11 10,REVIEW,REVIEW,NO_MATCH_FALLBACK,FALLBACK:AMBIGUOUS_NO_BRAND,,,,,False,,KEEP REVIEW,insufficient evidence; could be product or ambiguous OCR,LOW,INSUFFICIENT_EVIDENCE
150333,Digital Purchase ERP Ordering Healthcare QRCode on bills for extra earnings Call MARG 903238601194944747329985077399,REVIEW,REVIEW,NO_MATCH_FALLBACK,FALLBACK:PHARMA_ENTITY,,,,,False,,CANDIDATE FOR 1,company/entity keyword (PHARMACEUTICALS/BIOPHARMA/HOSPITAL etc.),STRONG,COMPANY_ENTITY
150724,GINPHEN --,REVIEW,REVIEW,NO_MATCH_FALLBACK,FALLBACK:AMBIGUOUS_NO_BRAND,,,,,False,,KEEP REVIEW,insufficient evidence; could be product or ambiguous OCR,LOW,INSUFFICIENT_EVIDENCE
150749,LYSIL 5X5CM --,REVIEW,REVIEW,NO_MATCH_FALLBACK,FALLBACK:AMBIGUOUS_NO_BRAND,,,,,False,,KEEP REVIEW,insufficient evidence; could be product or ambiguous OCR,LOW,INSUFFICIENT_EVIDENCE
150847,SYBOGRAF-C 0.5GMS --,REVIEW,REVIEW,NO_MATCH_FALLBACK,FALLBACK:AMBIGUOUS_NO_BRAND,,,,,False,,KEEP REVIEW,insufficient evidence; could be product or ambiguous OCR,LOW,INSUFFICIENT_EVIDENCE
150848,SYBOGRAF-GBR-25X30MM --,REVIEW,REVIEW,NO_MATCH_FALLBACK,FALLBACK:AMBIGUOUS_NO_BRAND,,,,,False,,KEEP REVIEW,insufficient evidence; could be product or ambiguous OCR,LOW,INSUFFICIENT_EVIDENCE
150849,SYBOGRAF-PLUG 25XDIA 8MM,REVIEW,REVIEW,NO_MATCH_FALLBACK,FALLBACK:AMBIGUOUS_NO_BRAND,,,,,False,,KEEP REVIEW,insufficient evidence; could be product or ambiguous OCR,LOW,INSUFFICIENT_EVIDENCE
150890,Purchase Value 0.00 Pur. Return Value,REVIEW,REVIEW,NO_MATCH_FALLBACK,FALLBACK:STRUCTURAL_KW,,,,,False,,CANDIDATE FOR 1,structural/aggregate keyword present,MODERATE,STRUCTURAL_KEYWORD
151855,VALUE OF OPENING STOCK AS ON -,REVIEW,REVIEW,NO_MATCH_FALLBACK,FALLBACK:AMBIGUOUS_NO_BRAND,,,,,False,,CANDIDATE FOR 1,structural/aggregate keyword present,MODERATE,STRUCTURAL_KEYWORD
151856,VALUE OF STOCK RECEIPT -,REVIEW,REVIEW,NO_MATCH_FALLBACK,FALLBACK:AMBIGUOUS_NO_BRAND,,,,,False,,KEEP REVIEW,insufficient evidence; could be product or ambiguous OCR,LOW,INSUFFICIENT_EVIDENCE
151859,VALUE OF ORDER QTY -,REVIEW,REVIEW,NO_MATCH_FALLBACK,FALLBACK:AMBIGUOUS_NO_BRAND,,,,,False,,KEEP REVIEW,insufficient evidence; could be product or ambiguous OCR,LOW,INSUFFICIENT_EVIDENCE
151860,VALUE OF FREE QTY PURCHASE -,REVIEW,REVIEW,NO_MATCH_FALLBACK,FALLBACK:STRUCTURAL_KW,,,,,False,,KEEP REVIEW,insufficient evidence; could be product or ambiguous OCR,LOW,INSUFFICIENT_EVIDENCE
151861,VALUE OF FREE QTY SALE -,REVIEW,REVIEW,NO_MATCH_FALLBACK,FALLBACK:AMBIGUOUS_NO_BRAND,,,,,False,,KEEP REVIEW,insufficient evidence; could be product or ambiguous OCR,LOW,INSUFFICIENT_EVIDENCE
151863,Op. Stock Purch,REVIEW,REVIEW,NO_MATCH_FALLBACK,FALLBACK:AMBIGUOUS_NO_BRAND,,,,,False,,KEEP REVIEW,insufficient evidence; could be product or ambiguous OCR,LOW,INSUFFICIENT_EVIDENCE
151944,VALUE OF OPENING STOCK AS ON -,REVIEW,REVIEW,NO_MATCH_FALLBACK,FALLBACK:AMBIGUOUS_NO_BRAND,,,,,False,,CANDIDATE FOR 1,structural/aggregate keyword present,MODERATE,STRUCTURAL_KEYWORD
151945,VALUE OF STOCK RECEIPT -,REVIEW,REVIEW,NO_MATCH_FALLBACK,FALLBACK:AMBIGUOUS_NO_BRAND,,,,,False,,KEEP REVIEW,insufficient evidence; could be product or ambiguous OCR,LOW,INSUFFICIENT_EVIDENCE
151948,VALUE OF ORDER QTY -,REVIEW,REVIEW,NO_MATCH_FALLBACK,FALLBACK:AMBIGUOUS_NO_BRAND,,,,,False,,KEEP REVIEW,insufficient evidence; could be product or ambiguous OCR,LOW,INSUFFICIENT_EVIDENCE
151949,VALUE OF FREE QTY PURCHASE -,REVIEW,REVIEW,NO_MATCH_FALLBACK,FALLBACK:STRUCTURAL_KW,,,,,False,,KEEP REVIEW,insufficient evidence; could be product or ambiguous OCR,LOW,INSUFFICIENT_EVIDENCE
151950,VALUE OF FREE QTY SALE -,REVIEW,REVIEW,NO_MATCH_FALLBACK,FALLBACK:AMBIGUOUS_NO_BRAND,,,,,False,,KEEP REVIEW,insufficient evidence; could be product or ambiguous OCR,LOW,INSUFFICIENT_EVIDENCE
151963,Desc : Stock Register For Regular Items,REVIEW,REVIEW,NO_MATCH_FALLBACK,FALLBACK:AMBIGUOUS_NO_BRAND,,,,,False,,KEEP REVIEW,insufficient evidence; could be product or ambiguous OCR,LOW,INSUFFICIENT_EVIDENCE
151982,Total Of EMC 1,REVIEW,REVIEW,NO_MATCH_FALLBACK,FALLBACK:STRUCTURAL_KW,,,,,False,,CANDIDATE FOR 1,structural/aggregate keyword present,MODERATE,STRUCTURAL_KEYWORD
151984,VALUE OF OPENING STOCK AS ON,REVIEW,REVIEW,NO_MATCH_FALLBACK,FALLBACK:AMBIGUOUS_NO_BRAND,,,,,False,,CANDIDATE FOR 1,structural/aggregate keyword present,MODERATE,STRUCTURAL_KEYWORD
151985,VALUE OF STOCK RECEIPT,REVIEW,REVIEW,NO_MATCH_FALLBACK,FALLBACK:AMBIGUOUS_NO_BRAND,,,,,False,,KEEP REVIEW,insufficient evidence; could be product or ambiguous OCR,LOW,INSUFFICIENT_EVIDENCE
151988,VALUE OF ORDER QTY,REVIEW,REVIEW,NO_MATCH_FALLBACK,FALLBACK:AMBIGUOUS_NO_BRAND,,,,,False,,KEEP REVIEW,insufficient evidence; could be product or ambiguous OCR,LOW,INSUFFICIENT_EVIDENCE
151989,VALUE OF FREE QTY PURCHASE,REVIEW,REVIEW,NO_MATCH_FALLBACK,FALLBACK:STRUCTURAL_KW,,,,,False,,KEEP REVIEW,insufficient evidence; could be product or ambiguous OCR,LOW,INSUFFICIENT_EVIDENCE
151990,VALUE OF FREE QTY SALE,REVIEW,REVIEW,NO_MATCH_FALLBACK,FALLBACK:AMBIGUOUS_NO_BRAND,,,,,False,,KEEP REVIEW,insufficient evidence; could be product or ambiguous OCR,LOW,INSUFFICIENT_EVIDENCE
152139,Total Of EMC 8 -,REVIEW,REVIEW,NO_MATCH_FALLBACK,FALLBACK:STRUCTURAL_KW,,,,,False,,CANDIDATE FOR 1,structural/aggregate keyword present,MODERATE,STRUCTURAL_KEYWORD
152159,VALUE OF FREE QTY PURCHASE -,REVIEW,REVIEW,NO_MATCH_FALLBACK,FALLBACK:STRUCTURAL_KW,,,,,False,,KEEP REVIEW,insufficient evidence; could be product or ambiguous OCR,LOW,INSUFFICIENT_EVIDENCE
152173,VALUE OF OPENING STOCK AS ON -,REVIEW,REVIEW,NO_MATCH_FALLBACK,FALLBACK:AMBIGUOUS_NO_BRAND,,,,,False,,CANDIDATE FOR 1,structural/aggregate keyword present,MODERATE,STRUCTURAL_KEYWORD
152174,VALUE OF STOCK RECEIPT -,REVIEW,REVIEW,NO_MATCH_FALLBACK,FALLBACK:AMBIGUOUS_NO_BRAND,,,,,False,,KEEP REVIEW,insufficient evidence; could be product or ambiguous OCR,LOW,INSUFFICIENT_EVIDENCE
152177,VALUE OF ORDER QTY -,REVIEW,REVIEW,NO_MATCH_FALLBACK,FALLBACK:AMBIGUOUS_NO_BRAND,,,,,False,,KEEP REVIEW,insufficient evidence; could be product or ambiguous OCR,LOW,INSUFFICIENT_EVIDENCE
152178,VALUE OF FREE QTY PURCHASE -,REVIEW,REVIEW,NO_MATCH_FALLBACK,FALLBACK:STRUCTURAL_KW,,,,,False,,KEEP REVIEW,insufficient evidence; could be product or ambiguous OCR,LOW,INSUFFICIENT_EVIDENCE
152179,VALUE OF FREE QTY SALE -,REVIEW,REVIEW,NO_MATCH_FALLBACK,FALLBACK:AMBIGUOUS_NO_BRAND,,,,,False,,KEEP REVIEW,insufficient evidence; could be product or ambiguous OCR,LOW,INSUFFICIENT_EVIDENCE
152296,Desc : Stock Register For Regular Items,REVIEW,REVIEW,NO_MATCH_FALLBACK,FALLBACK:AMBIGUOUS_NO_BRAND,,,,,False,,KEEP REVIEW,insufficient evidence; could be product or ambiguous OCR,LOW,INSUFFICIENT_EVIDENCE
152321,VALUE OF OPENING STOCK AS ON,REVIEW,REVIEW,NO_MATCH_FALLBACK,FALLBACK:AMBIGUOUS_NO_BRAND,,,,,False,,CANDIDATE FOR 1,structural/aggregate keyword present,MODERATE,STRUCTURAL_KEYWORD
152322,VALUE OF STOCK RECEIPT,REVIEW,REVIEW,NO_MATCH_FALLBACK,FALLBACK:AMBIGUOUS_NO_BRAND,,,,,False,,KEEP REVIEW,insufficient evidence; could be product or ambiguous OCR,LOW,INSUFFICIENT_EVIDENCE
152325,VALUE OF ORDER QTY,REVIEW,REVIEW,NO_MATCH_FALLBACK,FALLBACK:AMBIGUOUS_NO_BRAND,,,,,False,,KEEP REVIEW,insufficient evidence; could be product or ambiguous OCR,LOW,INSUFFICIENT_EVIDENCE
152326,VALUE OF FREE QTY PURCHASE,REVIEW,REVIEW,NO_MATCH_FALLBACK,FALLBACK:STRUCTURAL_KW,,,,,False,,KEEP REVIEW,insufficient evidence; could be product or ambiguous OCR,LOW,INSUFFICIENT_EVIDENCE
152327,VALUE OF FREE QTY SALE,REVIEW,REVIEW,NO_MATCH_FALLBACK,FALLBACK:AMBIGUOUS_NO_BRAND,,,,,False,,KEEP REVIEW,insufficient evidence; could be product or ambiguous OCR,LOW,INSUFFICIENT_EVIDENCE
152723,ENCICARB250,REVIEW,REVIEW,NO_MATCH_FALLBACK,FALLBACK:AMBIGUOUS_NO_BRAND,,,,,False,,KEEP REVIEW,insufficient evidence; could be product or ambiguous OCR,LOW,INSUFFICIENT_EVIDENCE
152968,SPORIT GG 1*10SACH,REVIEW,REVIEW,NO_MATCH_FALLBACK,FALLBACK:AMBIGUOUS_NO_BRAND,,,,,False,,KEEP REVIEW,insufficient evidence; could be product or ambiguous OCR,LOW,INSUFFICIENT_EVIDENCE
153801,RETN [2] ISSUE [5],REVIEW,REVIEW,NO_MATCH_FALLBACK,FALLBACK:AMBIGUOUS_NO_BRAND,,,,,False,,KEEP REVIEW,insufficient evidence; could be product or ambiguous OCR,LOW,INSUFFICIENT_EVIDENCE
153853,RETN [2] PURCHS [3],REVIEW,REVIEW,NO_MATCH_FALLBACK,FALLBACK:AMBIGUOUS_NO_BRAND,,,,,False,,KEEP REVIEW,insufficient evidence; could be product or ambiguous OCR,LOW,INSUFFICIENT_EVIDENCE
153862,TAL VALUE --,REVIEW,REVIEW,NO_MATCH_FALLBACK,FALLBACK:AMBIGUOUS_NO_BRAND,,,,,False,,KEEP REVIEW,insufficient evidence; could be product or ambiguous OCR,LOW,INSUFFICIENT_EVIDENCE
153864,RETN [2] PURCHS [3],REVIEW,REVIEW,NO_MATCH_FALLBACK,FALLBACK:AMBIGUOUS_NO_BRAND,,,,,False,,KEEP REVIEW,insufficient evidence; could be product or ambiguous OCR,LOW,INSUFFICIENT_EVIDENCE
153921,RETN [2] PURCHS [3],REVIEW,REVIEW,NO_MATCH_FALLBACK,FALLBACK:AMBIGUOUS_NO_BRAND,,,,,False,,KEEP REVIEW,insufficient evidence; could be product or ambiguous OCR,LOW,INSUFFICIENT_EVIDENCE
153940,RETN [2] PURCHS [3],REVIEW,REVIEW,NO_MATCH_FALLBACK,FALLBACK:AMBIGUOUS_NO_BRAND,,,,,False,,KEEP REVIEW,insufficient evidence; could be product or ambiguous OCR,LOW,INSUFFICIENT_EVIDENCE
153953,TAL VALUE --,REVIEW,REVIEW,NO_MATCH_FALLBACK,FALLBACK:AMBIGUOUS_NO_BRAND,,,,,False,,KEEP REVIEW,insufficient evidence; could be product or ambiguous OCR,LOW,INSUFFICIENT_EVIDENCE
153955,RETN [2] PURCHS [3],REVIEW,REVIEW,NO_MATCH_FALLBACK,FALLBACK:AMBIGUOUS_NO_BRAND,,,,,False,,KEEP REVIEW,insufficient evidence; could be product or ambiguous OCR,LOW,INSUFFICIENT_EVIDENCE
153990,TAL VALUE --,REVIEW,REVIEW,NO_MATCH_FALLBACK,FALLBACK:AMBIGUOUS_NO_BRAND,,,,,False,,KEEP REVIEW,insufficient evidence; could be product or ambiguous OCR,LOW,INSUFFICIENT_EVIDENCE
153992,RETN [2] PURCHS [3],REVIEW,REVIEW,NO_MATCH_FALLBACK,FALLBACK:AMBIGUOUS_NO_BRAND,,,,,False,,KEEP REVIEW,insufficient evidence; could be product or ambiguous OCR,LOW,INSUFFICIENT_EVIDENCE
154035,TAL VALUE --,REVIEW,REVIEW,NO_MATCH_FALLBACK,FALLBACK:AMBIGUOUS_NO_BRAND,,,,,False,,KEEP REVIEW,insufficient evidence; could be product or ambiguous OCR,LOW,INSUFFICIENT_EVIDENCE
154037,RETN [2] PURCHS [3],REVIEW,REVIEW,NO_MATCH_FALLBACK,FALLBACK:AMBIGUOUS_NO_BRAND,,,,,False,,KEEP REVIEW,insufficient evidence; could be product or ambiguous OCR,LOW,INSUFFICIENT_EVIDENCE
154083,TAL VALUE --,REVIEW,REVIEW,NO_MATCH_FALLBACK,FALLBACK:AMBIGUOUS_NO_BRAND,,,,,False,,KEEP REVIEW,insufficient evidence; could be product or ambiguous OCR,LOW,INSUFFICIENT_EVIDENCE
154565,GENNOVA BIOPHARMACEUTICALS GENNOVA BIOPHARMACEUTICALS,REVIEW,REVIEW,NO_MATCH_FALLBACK,FALLBACK:AMBIGUOUS_NO_BRAND,,,,,False,,CANDIDATE FOR 1,starts with known Emcure company/division prefix,STRONG,COMPANY_DIVISION_PREFIX
155331,KOLLAGEN-M 10X25CM,REVIEW,REVIEW,NO_MATCH_FALLBACK,FALLBACK:AMBIGUOUS_NO_BRAND,,,,,False,,KEEP REVIEW,insufficient evidence; could be product or ambiguous OCR,LOW,INSUFFICIENT_EVIDENCE
155354,PREGANCY TEST STRIPS 1,REVIEW,REVIEW,NO_MATCH_FALLBACK,FALLBACK:AMBIGUOUS_NO_BRAND,,,,,False,,KEEP REVIEW,insufficient evidence; could be product or ambiguous OCR,LOW,INSUFFICIENT_EVIDENCE
155372,Itemname Batch,REVIEW,REVIEW,NO_MATCH_FALLBACK,FALLBACK:AMBIGUOUS_NO_BRAND,,,,,False,,KEEP REVIEW,insufficient evidence; could be product or ambiguous OCR,LOW,INSUFFICIENT_EVIDENCE
155882,Import Purchase ONLINE No Manual Entry MARG ERP Rs.5550 StocksAccountsGST Call 953889711208532225669,REVIEW,REVIEW,NO_MATCH_FALLBACK,FALLBACK:STRUCTURAL_KW,,,,,False,,KEEP REVIEW,insufficient evidence; could be product or ambiguous OCR,LOW,INSUFFICIENT_EVIDENCE
155921,Import Purchase ONLINE No Manual Entry MARG ERP Rs.5550 StocksAccountsGST Call 953889711208532225669,REVIEW,REVIEW,NO_MATCH_FALLBACK,FALLBACK:STRUCTURAL_KW,,,,,False,,KEEP REVIEW,insufficient evidence; could be product or ambiguous OCR,LOW,INSUFFICIENT_EVIDENCE
156345,VELIX30 1 vail,REVIEW,REVIEW,NO_MATCH_FALLBACK,FALLBACK:AMBIGUOUS_NO_BRAND,,,,,False,,KEEP REVIEW,insufficient evidence; could be product or ambiguous OCR,LOW,INSUFFICIENT_EVIDENCE
156374,VINTOR4000VIAL 1,REVIEW,REVIEW,NO_MATCH_FALLBACK,FALLBACK:AMBIGUOUS_NO_BRAND,,,,,False,,KEEP REVIEW,insufficient evidence; could be product or ambiguous OCR,LOW,INSUFFICIENT_EVIDENCE
156807,VALUE in 000s,REVIEW,REVIEW,NO_MATCH_FALLBACK,FALLBACK:AMBIGUOUS_NO_BRAND,,,,,False,,KEEP REVIEW,insufficient evidence; could be product or ambiguous OCR,LOW,INSUFFICIENT_EVIDENCE
156818,VALUE in 000s,REVIEW,REVIEW,NO_MATCH_FALLBACK,FALLBACK:AMBIGUOUS_NO_BRAND,,,,,False,,KEEP REVIEW,insufficient evidence; could be product or ambiguous OCR,LOW,INSUFFICIENT_EVIDENCE
156826,VALUE in 000s,REVIEW,REVIEW,NO_MATCH_FALLBACK,FALLBACK:AMBIGUOUS_NO_BRAND,,,,,False,,KEEP REVIEW,insufficient evidence; could be product or ambiguous OCR,LOW,INSUFFICIENT_EVIDENCE
156847,VALUE in 000s,REVIEW,REVIEW,NO_MATCH_FALLBACK,FALLBACK:AMBIGUOUS_NO_BRAND,,,,,False,,KEEP REVIEW,insufficient evidence; could be product or ambiguous OCR,LOW,INSUFFICIENT_EVIDENCE
156862,VALUE in 000s,REVIEW,REVIEW,NO_MATCH_FALLBACK,FALLBACK:AMBIGUOUS_NO_BRAND,,,,,False,,KEEP REVIEW,insufficient evidence; could be product or ambiguous OCR,LOW,INSUFFICIENT_EVIDENCE
156866,VALUE in 000s,REVIEW,REVIEW,NO_MATCH_FALLBACK,FALLBACK:AMBIGUOUS_NO_BRAND,,,,,False,,KEEP REVIEW,insufficient evidence; could be product or ambiguous OCR,LOW,INSUFFICIENT_EVIDENCE
156878,VALUE in 000s,REVIEW,REVIEW,NO_MATCH_FALLBACK,FALLBACK:AMBIGUOUS_NO_BRAND,,,,,False,,KEEP REVIEW,insufficient evidence; could be product or ambiguous OCR,LOW,INSUFFICIENT_EVIDENCE
156882,VALUE in 000s,REVIEW,REVIEW,NO_MATCH_FALLBACK,FALLBACK:AMBIGUOUS_NO_BRAND,,,,,False,,KEEP REVIEW,insufficient evidence; could be product or ambiguous OCR,LOW,INSUFFICIENT_EVIDENCE
156913,VALUE in 000s,REVIEW,REVIEW,NO_MATCH_FALLBACK,FALLBACK:AMBIGUOUS_NO_BRAND,,,,,False,,KEEP REVIEW,insufficient evidence; could be product or ambiguous OCR,LOW,INSUFFICIENT_EVIDENCE
156942,VALUE in 000s,REVIEW,REVIEW,NO_MATCH_FALLBACK,FALLBACK:AMBIGUOUS_NO_BRAND,,,,,False,,KEEP REVIEW,insufficient evidence; could be product or ambiguous OCR,LOW,INSUFFICIENT_EVIDENCE
157046,POSMEAL MD 0.3 10,REVIEW,REVIEW,NO_MATCH_FALLBACK,FALLBACK:AMBIGUOUS_NO_BRAND,,,,,False,,KEEP REVIEW,insufficient evidence; could be product or ambiguous OCR,LOW,INSUFFICIENT_EVIDENCE
157704,ROSUVAS 20 10,REVIEW,REVIEW,NO_MATCH_FALLBACK,FALLBACK:AMBIGUOUS_NO_BRAND,,,,,False,,KEEP REVIEW,insufficient evidence; could be product or ambiguous OCR,LOW,INSUFFICIENT_EVIDENCE
157882,SUDARSHAN MEDICO,REVIEW,1,GARBAGE:pattern_garbage,GARBAGE:pattern_garbage,,,,,False,\b(AGENCIES?|DISTRIBUTORS?|MEDICO[SE]?|CORPORATION|ENTERPRISES?|TRADERS?|TRADING)\b,CANDIDATE FOR 1,company-like name without pharma dosage form,MODERATE,PHARMA_COMPANY_NAME
159712,AVENTIS CARDIO,REVIEW,REVIEW,NO_MATCH_FALLBACK,FALLBACK:AMBIGUOUS_NO_BRAND,,,,,False,,CANDIDATE FOR 1,starts with known Emcure company/division prefix,STRONG,COMPANY_DIVISION_PREFIX
159752,AVENTIS PHARMA LTD,REVIEW,1,GARBAGE:pattern_garbage,GARBAGE:pattern_garbage,,,,,False,\b(PVT\.?\s+)?LTD\.?\s*$,CANDIDATE FOR 1,starts with known Emcure company/division prefix,STRONG,COMPANY_DIVISION_PREFIX
159789,TOUSTAR PEN 1,REVIEW,REVIEW,NO_MATCH_FALLBACK,FALLBACK:AMBIGUOUS_NO_BRAND,,,,,False,,KEEP REVIEW,insufficient evidence; could be product or ambiguous OCR,LOW,INSUFFICIENT_EVIDENCE
160219,ALLSTAR REUSABLE PEN,REVIEW,REVIEW,NO_MATCH_FALLBACK,FALLBACK:AMBIGUOUS_NO_BRAND,,,,,False,,KEEP REVIEW,insufficient evidence; could be product or ambiguous OCR,LOW,INSUFFICIENT_EVIDENCE
160251,FRISUM JR,REVIEW,REVIEW,NO_MATCH_FALLBACK,FALLBACK:AMBIGUOUS_NO_BRAND,,,,,False,,KEEP REVIEW,insufficient evidence; could be product or ambiguous OCR,LOW,INSUFFICIENT_EVIDENCE
160253,INSUMAN 25/75 CATRIDGE,REVIEW,REVIEW,NO_MATCH_FALLBACK,FALLBACK:AMBIGUOUS_NO_BRAND,,,,,False,,KEEP REVIEW,insufficient evidence; could be product or ambiguous OCR,LOW,INSUFFICIENT_EVIDENCE
160257,INSUMAN RAPID CAT,REVIEW,REVIEW,NO_MATCH_FALLBACK,FALLBACK:AMBIGUOUS_NO_BRAND,,,,,False,,KEEP REVIEW,insufficient evidence; could be product or ambiguous OCR,LOW,INSUFFICIENT_EVIDENCE
160263,NOVALGIN 20X10TAB,REVIEW,REVIEW,NO_MATCH_FALLBACK,FALLBACK:AMBIGUOUS_NO_BRAND,,,,,False,,KEEP REVIEW,insufficient evidence; could be product or ambiguous OCR,LOW,INSUFFICIENT_EVIDENCE
160276,TARIVID IV,REVIEW,REVIEW,NO_MATCH_FALLBACK,FALLBACK:AMBIGUOUS_NO_BRAND,,,,,False,,KEEP REVIEW,insufficient evidence; could be product or ambiguous OCR,LOW,INSUFFICIENT_EVIDENCE
160278,TAVANIC I.V,REVIEW,REVIEW,NO_MATCH_FALLBACK,FALLBACK:AMBIGUOUS_NO_BRAND,,,,,False,,KEEP REVIEW,insufficient evidence; could be product or ambiguous OCR,LOW,INSUFFICIENT_EVIDENCE
160282,ST Value,REVIEW,REVIEW,NO_MATCH_FALLBACK,FALLBACK:AMBIGUOUS_NO_BRAND,,,,,False,,KEEP REVIEW,insufficient evidence; could be product or ambiguous OCR,LOW,INSUFFICIENT_EVIDENCE
160283,Sale Return Value,REVIEW,REVIEW,NO_MATCH_FALLBACK,FALLBACK:AMBIGUOUS_NO_BRAND,,,,,False,,KEEP REVIEW,insufficient evidence; could be product or ambiguous OCR,LOW,INSUFFICIENT_EVIDENCE
160322,ST Value,REVIEW,REVIEW,NO_MATCH_FALLBACK,FALLBACK:AMBIGUOUS_NO_BRAND,,,,,False,,KEEP REVIEW,insufficient evidence; could be product or ambiguous OCR,LOW,INSUFFICIENT_EVIDENCE
160323,Sale Return Value,REVIEW,REVIEW,NO_MATCH_FALLBACK,FALLBACK:AMBIGUOUS_NO_BRAND,,,,,False,,KEEP REVIEW,insufficient evidence; could be product or ambiguous OCR,LOW,INSUFFICIENT_EVIDENCE
160853,EMCUTIX,REVIEW,REVIEW,NO_MATCH_FALLBACK,FALLBACK:AMBIGUOUS_NO_BRAND,,,,,False,,CANDIDATE FOR 1,starts with known Emcure company/division prefix,STRONG,COMPANY_DIVISION_PREFIX
160888,ZZZFLAWLIZO ACNE SPOT CORR GST,REVIEW,REVIEW,NO_MATCH_FALLBACK,FALLBACK:AMBIGUOUS_NO_BRAND,,,,,False,,KEEP REVIEW,insufficient evidence; could be product or ambiguous OCR,LOW,INSUFFICIENT_EVIDENCE
161358,GLYCIRNOM TOTAL 30 TAB 10 TAB,REVIEW,REVIEW,NO_MATCH_FALLBACK,FALLBACK:STRUCTURAL_KW,,,,,False,,CANDIDATE FOR 1,structural/aggregate keyword present,MODERATE,STRUCTURAL_KEYWORD
161547,Tot purc value 280572.00,REVIEW,REVIEW,NO_MATCH_FALLBACK,FALLBACK:AMBIGUOUS_NO_BRAND,,,,,False,,KEEP REVIEW,insufficient evidence; could be product or ambiguous OCR,LOW,INSUFFICIENT_EVIDENCE
162140,MG0017,REVIEW,REVIEW,NO_MATCH_FALLBACK,FALLBACK:AMBIGUOUS_NO_BRAND,,,,,False,,KEEP REVIEW,insufficient evidence; could be product or ambiguous OCR,LOW,INSUFFICIENT_EVIDENCE
162189,MG0017,REVIEW,REVIEW,NO_MATCH_FALLBACK,FALLBACK:AMBIGUOUS_NO_BRAND,,,,,False,,KEEP REVIEW,insufficient evidence; could be product or ambiguous OCR,LOW,INSUFFICIENT_EVIDENCE
162223,MG0017,REVIEW,REVIEW,NO_MATCH_FALLBACK,FALLBACK:AMBIGUOUS_NO_BRAND,,,,,False,,KEEP REVIEW,insufficient evidence; could be product or ambiguous OCR,LOW,INSUFFICIENT_EVIDENCE
162840,LIQUID SANITIZER (SANOFI) 1PC,REVIEW,1,GARBAGE:pattern_garbage,GARBAGE:pattern_garbage,,,,,False,\bSANOFI\b,KEEP REVIEW,insufficient evidence; could be product or ambiguous OCR,LOW,INSUFFICIENT_EVIDENCE
162849,ZEMIGLO 50 2X14TAB,REVIEW,REVIEW,NO_MATCH_FALLBACK,FALLBACK:AMBIGUOUS_NO_BRAND,,,,,False,,KEEP REVIEW,insufficient evidence; could be product or ambiguous OCR,LOW,INSUFFICIENT_EVIDENCE
163753,CARD METO 2.5/25 10;S,REVIEW,REVIEW,NO_MATCH_FALLBACK,FALLBACK:AMBIGUOUS_NO_BRAND,,,,,False,,KEEP REVIEW,insufficient evidence; could be product or ambiguous OCR,LOW,INSUFFICIENT_EVIDENCE
163754,CARD METO 5/50 10;S,REVIEW,REVIEW,NO_MATCH_FALLBACK,FALLBACK:AMBIGUOUS_NO_BRAND,,,,,False,,KEEP REVIEW,insufficient evidence; could be product or ambiguous OCR,LOW,INSUFFICIENT_EVIDENCE
163855,Digital Purchase ERP Ordering Healthcare QRCode on bills for extra earnings Call MARG 82828932328282893232,REVIEW,REVIEW,NO_MATCH_FALLBACK,FALLBACK:PHARMA_ENTITY,,,,,False,,CANDIDATE FOR 1,company/entity keyword (PHARMACEUTICALS/BIOPHARMA/HOSPITAL etc.),STRONG,COMPANY_ENTITY
164773,LASIX40mg,REVIEW,REVIEW,NO_MATCH_FALLBACK,FALLBACK:AMBIGUOUS_NO_BRAND,,,,,False,,KEEP REVIEW,insufficient evidence; could be product or ambiguous OCR,LOW,INSUFFICIENT_EVIDENCE
164914,ALLSTAR REUSABLE PE 1,REVIEW,REVIEW,NO_MATCH_FALLBACK,FALLBACK:AMBIGUOUS_NO_BRAND,,,,,False,,KEEP REVIEW,insufficient evidence; could be product or ambiguous OCR,LOW,INSUFFICIENT_EVIDENCE
164929,ZEMIGLO 50MG2 14,REVIEW,REVIEW,NO_MATCH_FALLBACK,FALLBACK:AMBIGUOUS_NO_BRAND,,,,,False,,KEEP REVIEW,insufficient evidence; could be product or ambiguous OCR,LOW,INSUFFICIENT_EVIDENCE
166240,Batch 5NG010 Stock : 58,REVIEW,REVIEW,NO_MATCH_FALLBACK,FALLBACK:AMBIGUOUS_NO_BRAND,,,,,False,,KEEP REVIEW,insufficient evidence; could be product or ambiguous OCR,LOW,INSUFFICIENT_EVIDENCE
166346,GENNOVA BIOPHARMACEUTICAL --,REVIEW,REVIEW,NO_MATCH_FALLBACK,FALLBACK:AMBIGUOUS_NO_BRAND,,,,,False,,CANDIDATE FOR 1,starts with known Emcure company/division prefix,STRONG,COMPANY_DIVISION_PREFIX
167539,BRIVALINE 50 10,REVIEW,REVIEW,NO_MATCH_FALLBACK,FALLBACK:AMBIGUOUS_NO_BRAND,,,,,False,,KEEP REVIEW,insufficient evidence; could be product or ambiguous OCR,LOW,INSUFFICIENT_EVIDENCE
167604,BRIVALINE 50 10,REVIEW,REVIEW,NO_MATCH_FALLBACK,FALLBACK:AMBIGUOUS_NO_BRAND,,,,,False,,KEEP REVIEW,insufficient evidence; could be product or ambiguous OCR,LOW,INSUFFICIENT_EVIDENCE
167633,Pur.Value 44232.05 Pre.Value 0.00 Qoh.Value 75220.81,REVIEW,REVIEW,NO_MATCH_FALLBACK,FALLBACK:AMBIGUOUS_NO_BRAND,,,,,False,,KEEP REVIEW,insufficient evidence; could be product or ambiguous OCR,LOW,INSUFFICIENT_EVIDENCE
167668,LIQUID BASED HAND SANITIZ,REVIEW,REVIEW,NO_MATCH_FALLBACK,FALLBACK:AMBIGUOUS_NO_BRAND,,,,,False,,KEEP REVIEW,insufficient evidence; could be product or ambiguous OCR,LOW,INSUFFICIENT_EVIDENCE
167693,OP.Value 198531.40,REVIEW,REVIEW,NO_MATCH_FALLBACK,FALLBACK:AMBIGUOUS_NO_BRAND,,,,,False,,KEEP REVIEW,insufficient evidence; could be product or ambiguous OCR,LOW,INSUFFICIENT_EVIDENCE
167694,Pur.Value 0.00,REVIEW,REVIEW,NO_MATCH_FALLBACK,FALLBACK:AMBIGUOUS_NO_BRAND,,,,,False,,KEEP REVIEW,insufficient evidence; could be product or ambiguous OCR,LOW,INSUFFICIENT_EVIDENCE
167710,OP.Value 16990.50,REVIEW,REVIEW,NO_MATCH_FALLBACK,FALLBACK:AMBIGUOUS_NO_BRAND,,,,,False,,KEEP REVIEW,insufficient evidence; could be product or ambiguous OCR,LOW,INSUFFICIENT_EVIDENCE
167711,Pur.Value 0.00,REVIEW,REVIEW,NO_MATCH_FALLBACK,FALLBACK:AMBIGUOUS_NO_BRAND,,,,,False,,KEEP REVIEW,insufficient evidence; could be product or ambiguous OCR,LOW,INSUFFICIENT_EVIDENCE
168004,Digital Purchase ERP Ordering Healthcare QRCode on bills for extra earnings Call MARG 62615848210731424945607312701609,REVIEW,REVIEW,NO_MATCH_FALLBACK,FALLBACK:PHARMA_ENTITY,,,,,False,,CANDIDATE FOR 1,company/entity keyword (PHARMACEUTICALS/BIOPHARMA/HOSPITAL etc.),STRONG,COMPANY_ENTITY
168758,Results are Based On 29-08-2026,REVIEW,REVIEW,NO_MATCH_FALLBACK,FALLBACK:AMBIGUOUS_NO_BRAND,,,,,False,,KEEP REVIEW,insufficient evidence; could be product or ambiguous OCR,LOW,INSUFFICIENT_EVIDENCE
168759,Above Statement Includes purchase bills eiab005983 - 22/08/2026,REVIEW,REVIEW,NO_MATCH_FALLBACK,FALLBACK:STRUCTURAL_KW,,,,,False,,KEEP REVIEW,insufficient evidence; could be product or ambiguous OCR,LOW,INSUFFICIENT_EVIDENCE
168991,SNFLASIXIJXXXX02 1BOX,REVIEW,REVIEW,NO_MATCH_FALLBACK,FALLBACK:AMBIGUOUS_NO_BRAND,,,,,False,,KEEP REVIEW,insufficient evidence; could be product or ambiguous OCR,LOW,INSUFFICIENT_EVIDENCE
169478,ALLEGRA DUO N/S,REVIEW,REVIEW,NO_MATCH_FALLBACK,FALLBACK:AMBIGUOUS_NO_BRAND,,,,,False,,KEEP REVIEW,insufficient evidence; could be product or ambiguous OCR,LOW,INSUFFICIENT_EVIDENCE
169484,ALLSTAR-INSULIN-PEN,REVIEW,REVIEW,NO_MATCH_FALLBACK,FALLBACK:AMBIGUOUS_NO_BRAND,,,,,False,,KEEP REVIEW,insufficient evidence; could be product or ambiguous OCR,LOW,INSUFFICIENT_EVIDENCE
169496,APIDRA CARTRIDGE,REVIEW,REVIEW,NO_MATCH_FALLBACK,FALLBACK:AMBIGUOUS_NO_BRAND,,,,,False,,KEEP REVIEW,insufficient evidence; could be product or ambiguous OCR,LOW,INSUFFICIENT_EVIDENCE
169497,APIDRA SOLOSTAR,REVIEW,REVIEW,NO_MATCH_FALLBACK,FALLBACK:AMBIGUOUS_NO_BRAND,,,,,False,,KEEP REVIEW,insufficient evidence; could be product or ambiguous OCR,LOW,INSUFFICIENT_EVIDENCE
169498,APIDRA VAIL,REVIEW,REVIEW,NO_MATCH_FALLBACK,FALLBACK:AMBIGUOUS_NO_BRAND,,,,,False,,KEEP REVIEW,insufficient evidence; could be product or ambiguous OCR,LOW,INSUFFICIENT_EVIDENCE
169521,FESTAL-N 1X10TAB,REVIEW,REVIEW,NO_MATCH_FALLBACK,FALLBACK:AMBIGUOUS_NO_BRAND,,,,,False,,KEEP REVIEW,insufficient evidence; could be product or ambiguous OCR,LOW,INSUFFICIENT_EVIDENCE
169529,INSUMAN-COMB-25 1 CART.,REVIEW,REVIEW,NO_MATCH_FALLBACK,FALLBACK:AMBIGUOUS_NO_BRAND,,,,,False,,KEEP REVIEW,insufficient evidence; could be product or ambiguous OCR,LOW,INSUFFICIENT_EVIDENCE
169530,INSUMAN-COMB-50 1 CART.,REVIEW,REVIEW,NO_MATCH_FALLBACK,FALLBACK:AMBIGUOUS_NO_BRAND,,,,,False,,KEEP REVIEW,insufficient evidence; could be product or ambiguous OCR,LOW,INSUFFICIENT_EVIDENCE
169551,TOUJEO CARTRIDGE,REVIEW,REVIEW,NO_MATCH_FALLBACK,FALLBACK:AMBIGUOUS_NO_BRAND,,,,,False,,KEEP REVIEW,insufficient evidence; could be product or ambiguous OCR,LOW,INSUFFICIENT_EVIDENCE
169552,TOUJEO SOLOSTAR,REVIEW,REVIEW,NO_MATCH_FALLBACK,FALLBACK:AMBIGUOUS_NO_BRAND,,,,,False,,KEEP REVIEW,insufficient evidence; could be product or ambiguous OCR,LOW,INSUFFICIENT_EVIDENCE
169553,TOUSTAR PEN,REVIEW,REVIEW,NO_MATCH_FALLBACK,FALLBACK:AMBIGUOUS_NO_BRAND,,,,,False,,KEEP REVIEW,insufficient evidence; could be product or ambiguous OCR,LOW,INSUFFICIENT_EVIDENCE
171030,RAJ MEDICAL AGENCIES,REVIEW,1,GARBAGE:pattern_garbage,GARBAGE:pattern_garbage,,,,,False,\b(AGENCIES?|DISTRIBUTORS?|MEDICO[SE]?|CORPORATION|ENTERPRISES?|TRADERS?|TRADING)\b,KEEP REVIEW,insufficient evidence; could be product or ambiguous OCR,LOW,INSUFFICIENT_EVIDENCE
171069,RAJ MEDICAL AGENCIES,REVIEW,1,GARBAGE:pattern_garbage,GARBAGE:pattern_garbage,,,,,False,\b(AGENCIES?|DISTRIBUTORS?|MEDICO[SE]?|CORPORATION|ENTERPRISES?|TRADERS?|TRADING)\b,KEEP REVIEW,insufficient evidence; could be product or ambiguous OCR,LOW,INSUFFICIENT_EVIDENCE
171470,AMARYL1MG,REVIEW,REVIEW,NO_MATCH_FALLBACK,FALLBACK:AMBIGUOUS_NO_BRAND,,,,,False,,KEEP REVIEW,insufficient evidence; could be product or ambiguous OCR,LOW,INSUFFICIENT_EVIDENCE
171471,AMARYL2MG,REVIEW,REVIEW,NO_MATCH_FALLBACK,FALLBACK:AMBIGUOUS_NO_BRAND,,,,,False,,KEEP REVIEW,insufficient evidence; could be product or ambiguous OCR,LOW,INSUFFICIENT_EVIDENCE
171479,CETAPINXR1000MG,REVIEW,REVIEW,NO_MATCH_FALLBACK,FALLBACK:AMBIGUOUS_NO_BRAND,,,,,False,,KEEP REVIEW,insufficient evidence; could be product or ambiguous OCR,LOW,INSUFFICIENT_EVIDENCE
171552,EMCOR,REVIEW,REVIEW,NO_MATCH_FALLBACK,FALLBACK:VERY_SHORT,,,EMCOR_without_CREAM_TUBE,,False,,CANDIDATE FOR 1,brand invalidated (EMCOR_without_CREAM_TUBE) + no pharma signal,MODERATE,INVALIDATED_NO_PHARMA
171617,OLVENCE H 20 1X10T,REVIEW,REVIEW,NO_MATCH_FALLBACK,FALLBACK:AMBIGUOUS_NO_BRAND,,,,,False,,KEEP REVIEW,insufficient evidence; could be product or ambiguous OCR,LOW,INSUFFICIENT_EVIDENCE
171677,ZYVEN-OD 150 150,REVIEW,REVIEW,NO_MATCH_FALLBACK,FALLBACK:AMBIGUOUS_NO_BRAND,,,,,False,,KEEP REVIEW,insufficient evidence; could be product or ambiguous OCR,LOW,INSUFFICIENT_EVIDENCE
172503,Digital Purchase ERP Ordering Healthcare QRCode on bills for extra earnings Call MARG 701570254074196099767419609977,REVIEW,REVIEW,NO_MATCH_FALLBACK,FALLBACK:PHARMA_ENTITY,,,,,False,,CANDIDATE FOR 1,company/entity keyword (PHARMACEUTICALS/BIOPHARMA/HOSPITAL etc.),STRONG,COMPANY_ENTITY
172514,I am satisfied with Marg ERP Computerise YOUR SHOP Rs.5550 StockAccounts GST Call 959959965695995996621202834312,REVIEW,REVIEW,NO_MATCH_FALLBACK,FALLBACK:AMBIGUOUS_NO_BRAND,,,,,False,,KEEP REVIEW,insufficient evidence; could be product or ambiguous OCR,LOW,INSUFFICIENT_EVIDENCE
173618,CHIRORAB VACCINE CC UNIT,REVIEW,REVIEW,NO_MATCH_FALLBACK,FALLBACK:AMBIGUOUS_NO_BRAND,,,fuzzy→EXACT_ONLY(NUNIT),,False,,CANDIDATE FOR 1,brand invalidated (fuzzy→EXACT_ONLY(NUNIT)) + no pharma signal,MODERATE,INVALIDATED_NO_PHARMA
173628,SNFLASIXIJXXXX02 10*4M,REVIEW,REVIEW,NO_MATCH_FALLBACK,FALLBACK:AMBIGUOUS_NO_BRAND,,,,,False,,KEEP REVIEW,insufficient evidence; could be product or ambiguous OCR,LOW,INSUFFICIENT_EVIDENCE
173629,SNFLASIXTB004001 15 TA,REVIEW,REVIEW,NO_MATCH_FALLBACK,FALLBACK:AMBIGUOUS_NO_BRAND,,,,,False,,KEEP REVIEW,insufficient evidence; could be product or ambiguous OCR,LOW,INSUFFICIENT_EVIDENCE
173638,Reorder Values 0.00,REVIEW,REVIEW,NO_MATCH_FALLBACK,FALLBACK:AMBIGUOUS_NO_BRAND,,,,,False,,KEEP REVIEW,insufficient evidence; could be product or ambiguous OCR,LOW,INSUFFICIENT_EVIDENCE
173873,CARDACEH10 MG,REVIEW,REVIEW,NO_MATCH_FALLBACK,FALLBACK:AMBIGUOUS_NO_BRAND,,,,,False,,KEEP REVIEW,insufficient evidence; could be product or ambiguous OCR,LOW,INSUFFICIENT_EVIDENCE
174667,INVENTIA DIVISION,REVIEW,REVIEW,NO_MATCH_FALLBACK,FALLBACK:STRUCTURAL_KW,,,,,False,,CANDIDATE FOR 1,starts with known Emcure company/division prefix,STRONG,COMPANY_DIVISION_PREFIX
174674,NUCRON DIVISION,REVIEW,REVIEW,NO_MATCH_FALLBACK,FALLBACK:STRUCTURAL_KW,,,,,False,,CANDIDATE FOR 1,starts with known Emcure company/division prefix,STRONG,COMPANY_DIVISION_PREFIX
174685,ORION DIVISION,REVIEW,REVIEW,NO_MATCH_FALLBACK,FALLBACK:STRUCTURAL_KW,,,,,False,,KEEP REVIEW,insufficient evidence; could be product or ambiguous OCR,LOW,INSUFFICIENT_EVIDENCE
174695,PHARMA DIVISION,REVIEW,REVIEW,NO_MATCH_FALLBACK,FALLBACK:STRUCTURAL_KW,,,,,False,,CANDIDATE FOR 1,company-like name without pharma dosage form,MODERATE,PHARMA_COMPANY_NAME
174744,PHARMA NXT DIVISION,REVIEW,REVIEW,NO_MATCH_FALLBACK,FALLBACK:STRUCTURAL_KW,,,,,False,,CANDIDATE FOR 1,company-like name without pharma dosage form,MODERATE,PHARMA_COMPANY_NAME
174753,XENEX DIVISION,REVIEW,REVIEW,NO_MATCH_FALLBACK,FALLBACK:STRUCTURAL_KW,,,,,False,,KEEP REVIEW,insufficient evidence; could be product or ambiguous OCR,LOW,INSUFFICIENT_EVIDENCE
174880,Batch EPWKB23001 Stock 10 ExPDt 04/25 MRP 187.50 Value 1285.70,REVIEW,REVIEW,NO_MATCH_FALLBACK,FALLBACK:AMBIGUOUS_NO_BRAND,,,,,False,,KEEP REVIEW,insufficient evidence; could be product or ambiguous OCR,LOW,INSUFFICIENT_EVIDENCE
175719,EMCUTIX BIOPHARMA LTD,REVIEW,1,GARBAGE:pattern_garbage,GARBAGE:pattern_garbage,,,,,False,\b(PVT\.?\s+)?LTD\.?\s*$,CANDIDATE FOR 1,company/entity keyword (PHARMACEUTICALS/BIOPHARMA/HOSPITAL etc.),STRONG,COMPANY_ENTITY
176387,Batch E16NF24002 Stock : 1,REVIEW,REVIEW,NO_MATCH_FALLBACK,FALLBACK:AMBIGUOUS_NO_BRAND,,,,,False,,KEEP REVIEW,insufficient evidence; could be product or ambiguous OCR,LOW,INSUFFICIENT_EVIDENCE
176996,TRENTAL 400 10*****,REVIEW,REVIEW,NO_MATCH_FALLBACK,FALLBACK:AMBIGUOUS_NO_BRAND,,,,,False,,KEEP REVIEW,insufficient evidence; could be product or ambiguous OCR,LOW,INSUFFICIENT_EVIDENCE
178226,PROMO VASELINE SKIN JELLY 1,REVIEW,REVIEW,NO_MATCH_FALLBACK,FALLBACK:AMBIGUOUS_NO_BRAND,,,,,False,,KEEP REVIEW,insufficient evidence; could be product or ambiguous OCR,LOW,INSUFFICIENT_EVIDENCE
178741,Tot purc value 208917.00,REVIEW,REVIEW,NO_MATCH_FALLBACK,FALLBACK:AMBIGUOUS_NO_BRAND,,,,,False,,KEEP REVIEW,insufficient evidence; could be product or ambiguous OCR,LOW,INSUFFICIENT_EVIDENCE
178833,ANY PRODUCT MISSING IN STATEMENT KINDLY INFORM,REVIEW,REVIEW,NO_MATCH_FALLBACK,FALLBACK:AMBIGUOUS_NO_BRAND,,,,,False,,KEEP REVIEW,insufficient evidence; could be product or ambiguous OCR,LOW,INSUFFICIENT_EVIDENCE
178837,PURC 0 SALE 0 STOCK 0,REVIEW,REVIEW,NO_MATCH_FALLBACK,FALLBACK:AMBIGUOUS_NO_BRAND,,,,,False,,KEEP REVIEW,insufficient evidence; could be product or ambiguous OCR,LOW,INSUFFICIENT_EVIDENCE
178840,Report End 2 Records,REVIEW,REVIEW,NO_MATCH_FALLBACK,FALLBACK:AMBIGUOUS_NO_BRAND,,,,,False,,KEEP REVIEW,insufficient evidence; could be product or ambiguous OCR,LOW,INSUFFICIENT_EVIDENCE
178841,Prepared by Amit Durgavali on 01-Sep-2026 1132 From System Gd6,REVIEW,REVIEW,NO_MATCH_FALLBACK,FALLBACK:AMBIGUOUS_NO_BRAND,,,,,False,,KEEP REVIEW,insufficient evidence; could be product or ambiguous OCR,LOW,INSUFFICIENT_EVIDENCE
178842,This is a Computer Generated Report Which Does Not Require Stamp or Signature,REVIEW,REVIEW,NO_MATCH_FALLBACK,FALLBACK:AMBIGUOUS_NO_BRAND,,,,,False,,KEEP REVIEW,insufficient evidence; could be product or ambiguous OCR,LOW,INSUFFICIENT_EVIDENCE
179472,Import Purchase ONLINE No Manual Entry MARG ERP Rs.5550 StocksAccountsGST Call 982699693007554920470,REVIEW,REVIEW,NO_MATCH_FALLBACK,FALLBACK:STRUCTURAL_KW,,,,,False,,KEEP REVIEW,insufficient evidence; could be product or ambiguous OCR,LOW,INSUFFICIENT_EVIDENCE
180329,Import Purchase ONLINE No Manual Entry MARG ERP Rs.5550 StocksAccountsGST Call 9898989898,REVIEW,REVIEW,NO_MATCH_FALLBACK,FALLBACK:STRUCTURAL_KW,,,,,False,,KEEP REVIEW,insufficient evidence; could be product or ambiguous OCR,LOW,INSUFFICIENT_EVIDENCE
180370,Import Purchase ONLINE No Manual Entry MARG ERP Rs.5550 StocksAccountsGST Call 9898989898,REVIEW,REVIEW,NO_MATCH_FALLBACK,FALLBACK:STRUCTURAL_KW,,,,,False,,KEEP REVIEW,insufficient evidence; could be product or ambiguous OCR,LOW,INSUFFICIENT_EVIDENCE
180562,ALLSTAR REUSABLE I/P 1PC,REVIEW,REVIEW,NO_MATCH_FALLBACK,FALLBACK:AMBIGUOUS_NO_BRAND,,,,,False,,KEEP REVIEW,insufficient evidence; could be product or ambiguous OCR,LOW,INSUFFICIENT_EVIDENCE
180577,APIDRA VAIL 20,REVIEW,REVIEW,NO_MATCH_FALLBACK,FALLBACK:AMBIGUOUS_NO_BRAND,,,,,False,,KEEP REVIEW,insufficient evidence; could be product or ambiguous OCR,LOW,INSUFFICIENT_EVIDENCE
180579,ARAVA-20 1 VAIL,REVIEW,REVIEW,NO_MATCH_FALLBACK,FALLBACK:AMBIGUOUS_NO_BRAND,,,,,False,,KEEP REVIEW,insufficient evidence; could be product or ambiguous OCR,LOW,INSUFFICIENT_EVIDENCE
180599,COQ FORTE NEW BOSTE 10,REVIEW,REVIEW,NO_MATCH_FALLBACK,FALLBACK:AMBIGUOUS_NO_BRAND,,,NEW_without_NORMET,,False,,CANDIDATE FOR 1,brand invalidated (NEW_without_NORMET) + no pharma signal,MODERATE,INVALIDATED_NO_PHARMA
180609,ECOD OMGA 20,REVIEW,REVIEW,NO_MATCH_FALLBACK,FALLBACK:AMBIGUOUS_NO_BRAND,,,,,False,,KEEP REVIEW,insufficient evidence; could be product or ambiguous OCR,LOW,INSUFFICIENT_EVIDENCE
180611,ECOD PLUS SOFTGEL 15,REVIEW,REVIEW,NO_MATCH_FALLBACK,FALLBACK:AMBIGUOUS_NO_BRAND,,,,,False,,KEEP REVIEW,insufficient evidence; could be product or ambiguous OCR,LOW,INSUFFICIENT_EVIDENCE
180615,INSUMAN COM 25 1 VAIL,REVIEW,REVIEW,NO_MATCH_FALLBACK,FALLBACK:AMBIGUOUS_NO_BRAND,,,,,False,,KEEP REVIEW,insufficient evidence; could be product or ambiguous OCR,LOW,INSUFFICIENT_EVIDENCE
180624,MEGAFREE FLEX 10,REVIEW,REVIEW,NO_MATCH_FALLBACK,FALLBACK:AMBIGUOUS_NO_BRAND,,,,,False,,KEEP REVIEW,insufficient evidence; could be product or ambiguous OCR,LOW,INSUFFICIENT_EVIDENCE
180626,MULTIVITE FM NEW 30,REVIEW,REVIEW,NO_MATCH_FALLBACK,FALLBACK:AMBIGUOUS_NO_BRAND,,,NEW_without_NORMET,,False,,CANDIDATE FOR 1,brand invalidated (NEW_without_NORMET) + no pharma signal,MODERATE,INVALIDATED_NO_PHARMA
180639,TOUJEO SOLOSAT 1 PC,REVIEW,REVIEW,NO_MATCH_FALLBACK,FALLBACK:AMBIGUOUS_NO_BRAND,,,,,False,,KEEP REVIEW,insufficient evidence; could be product or ambiguous OCR,LOW,INSUFFICIENT_EVIDENCE
180641,TRIOMEGA 15,REVIEW,REVIEW,NO_MATCH_FALLBACK,FALLBACK:AMBIGUOUS_NO_BRAND,,,,,False,,KEEP REVIEW,insufficient evidence; could be product or ambiguous OCR,LOW,INSUFFICIENT_EVIDENCE
180787,ZYMMUNE 100 SOLUTIO,REVIEW,REVIEW,NO_MATCH_FALLBACK,FALLBACK:AMBIGUOUS_NO_BRAND,,,,,False,,KEEP REVIEW,insufficient evidence; could be product or ambiguous OCR,LOW,INSUFFICIENT_EVIDENCE
181637,Comp Name / Item Name,REVIEW,REVIEW,NO_MATCH_FALLBACK,FALLBACK:AMBIGUOUS_NO_BRAND,,,,,False,,KEEP REVIEW,insufficient evidence; could be product or ambiguous OCR,LOW,INSUFFICIENT_EVIDENCE
181817,BLYNDA AC,REVIEW,REVIEW,NO_MATCH_FALLBACK,FALLBACK:AMBIGUOUS_NO_BRAND,,,,,False,,KEEP REVIEW,insufficient evidence; could be product or ambiguous OCR,LOW,INSUFFICIENT_EVIDENCE
181820,DEPRAN -L,REVIEW,REVIEW,NO_MATCH_FALLBACK,FALLBACK:AMBIGUOUS_NO_BRAND,,,,,False,,KEEP REVIEW,insufficient evidence; could be product or ambiguous OCR,LOW,INSUFFICIENT_EVIDENCE
181821,DEPRAN 10,REVIEW,REVIEW,NO_MATCH_FALLBACK,FALLBACK:AMBIGUOUS_NO_BRAND,,,,,False,,KEEP REVIEW,insufficient evidence; could be product or ambiguous OCR,LOW,INSUFFICIENT_EVIDENCE
181824,DEPRAN 5,REVIEW,REVIEW,NO_MATCH_FALLBACK,FALLBACK:AMBIGUOUS_NO_BRAND,,,,,False,,KEEP REVIEW,insufficient evidence; could be product or ambiguous OCR,LOW,INSUFFICIENT_EVIDENCE
181827,DEPRAN FORTE,REVIEW,REVIEW,NO_MATCH_FALLBACK,FALLBACK:AMBIGUOUS_NO_BRAND,,,,,False,,KEEP REVIEW,insufficient evidence; could be product or ambiguous OCR,LOW,INSUFFICIENT_EVIDENCE
181828,DEPRAN-H,REVIEW,REVIEW,NO_MATCH_FALLBACK,FALLBACK:AMBIGUOUS_NO_BRAND,,,,,False,,KEEP REVIEW,insufficient evidence; could be product or ambiguous OCR,LOW,INSUFFICIENT_EVIDENCE
181831,FLUNIL -20,REVIEW,REVIEW,NO_MATCH_FALLBACK,FALLBACK:AMBIGUOUS_NO_BRAND,,,,,False,,KEEP REVIEW,insufficient evidence; could be product or ambiguous OCR,LOW,INSUFFICIENT_EVIDENCE
181832,FLUNIL -40,REVIEW,REVIEW,NO_MATCH_FALLBACK,FALLBACK:AMBIGUOUS_NO_BRAND,,,,,False,,KEEP REVIEW,insufficient evidence; could be product or ambiguous OCR,LOW,INSUFFICIENT_EVIDENCE
181833,FLUNIL -60,REVIEW,REVIEW,NO_MATCH_FALLBACK,FALLBACK:AMBIGUOUS_NO_BRAND,,,,,False,,KEEP REVIEW,insufficient evidence; could be product or ambiguous OCR,LOW,INSUFFICIENT_EVIDENCE
181834,FLUNIL-10,REVIEW,REVIEW,NO_MATCH_FALLBACK,FALLBACK:AMBIGUOUS_NO_BRAND,,,,,False,,KEEP REVIEW,insufficient evidence; could be product or ambiguous OCR,LOW,INSUFFICIENT_EVIDENCE
181841,LOPEZ 3,REVIEW,REVIEW,NO_MATCH_FALLBACK,FALLBACK:AMBIGUOUS_NO_BRAND,,,,,False,,KEEP REVIEW,insufficient evidence; could be product or ambiguous OCR,LOW,INSUFFICIENT_EVIDENCE
181843,LOPEZ MD 1,REVIEW,REVIEW,NO_MATCH_FALLBACK,FALLBACK:AMBIGUOUS_NO_BRAND,,,,,False,,KEEP REVIEW,insufficient evidence; could be product or ambiguous OCR,LOW,INSUFFICIENT_EVIDENCE
181844,LOPEZ MD 2,REVIEW,REVIEW,NO_MATCH_FALLBACK,FALLBACK:AMBIGUOUS_NO_BRAND,,,,,False,,KEEP REVIEW,insufficient evidence; could be product or ambiguous OCR,LOW,INSUFFICIENT_EVIDENCE
181847,PREGABID CR 165,REVIEW,REVIEW,NO_MATCH_FALLBACK,FALLBACK:AMBIGUOUS_NO_BRAND,,,,,False,,KEEP REVIEW,insufficient evidence; could be product or ambiguous OCR,LOW,INSUFFICIENT_EVIDENCE
181848,PREGABID CR 82.5,REVIEW,REVIEW,NO_MATCH_FALLBACK,FALLBACK:AMBIGUOUS_NO_BRAND,,,,,False,,KEEP REVIEW,insufficient evidence; could be product or ambiguous OCR,LOW,INSUFFICIENT_EVIDENCE
181854,PREGABID DM 7520,REVIEW,REVIEW,NO_MATCH_FALLBACK,FALLBACK:AMBIGUOUS_NO_BRAND,,,,,False,,KEEP REVIEW,insufficient evidence; could be product or ambiguous OCR,LOW,INSUFFICIENT_EVIDENCE
181857,PREGABID MNT,REVIEW,REVIEW,NO_MATCH_FALLBACK,FALLBACK:AMBIGUOUS_NO_BRAND,,,,,False,,KEEP REVIEW,insufficient evidence; could be product or ambiguous OCR,LOW,INSUFFICIENT_EVIDENCE
181858,PREGABID NT,REVIEW,REVIEW,NO_MATCH_FALLBACK,FALLBACK:AMBIGUOUS_NO_BRAND,,,,,False,,KEEP REVIEW,insufficient evidence; could be product or ambiguous OCR,LOW,INSUFFICIENT_EVIDENCE
181860,PREGABID TRIO,REVIEW,REVIEW,NO_MATCH_FALLBACK,FALLBACK:AMBIGUOUS_NO_BRAND,,,,,False,,KEEP REVIEW,insufficient evidence; could be product or ambiguous OCR,LOW,INSUFFICIENT_EVIDENCE
181867,TOPAZ 100,REVIEW,REVIEW,NO_MATCH_FALLBACK,FALLBACK:AMBIGUOUS_NO_BRAND,,,,,False,,KEEP REVIEW,insufficient evidence; could be product or ambiguous OCR,LOW,INSUFFICIENT_EVIDENCE
181868,TOPAZ 200,REVIEW,REVIEW,NO_MATCH_FALLBACK,FALLBACK:AMBIGUOUS_NO_BRAND,,,,,False,,KEEP REVIEW,insufficient evidence; could be product or ambiguous OCR,LOW,INSUFFICIENT_EVIDENCE
181869,TOPAZ 25,REVIEW,REVIEW,NO_MATCH_FALLBACK,FALLBACK:AMBIGUOUS_NO_BRAND,,,,,False,,KEEP REVIEW,insufficient evidence; could be product or ambiguous OCR,LOW,INSUFFICIENT_EVIDENCE
181870,TOPAZ 50,REVIEW,REVIEW,NO_MATCH_FALLBACK,FALLBACK:AMBIGUOUS_NO_BRAND,,,,,False,,KEEP REVIEW,insufficient evidence; could be product or ambiguous OCR,LOW,INSUFFICIENT_EVIDENCE
181871,VASFREE P,REVIEW,REVIEW,NO_MATCH_FALLBACK,FALLBACK:AMBIGUOUS_NO_BRAND,,,,,False,,KEEP REVIEW,insufficient evidence; could be product or ambiguous OCR,LOW,INSUFFICIENT_EVIDENCE
181872,VELFU-T,REVIEW,REVIEW,NO_MATCH_FALLBACK,FALLBACK:AMBIGUOUS_NO_BRAND,,,,,False,,KEEP REVIEW,insufficient evidence; could be product or ambiguous OCR,LOW,INSUFFICIENT_EVIDENCE
181873,VENTAB LS,REVIEW,REVIEW,NO_MATCH_FALLBACK,FALLBACK:AMBIGUOUS_NO_BRAND,,,,,False,,KEEP REVIEW,insufficient evidence; could be product or ambiguous OCR,LOW,INSUFFICIENT_EVIDENCE
182773,TOTALS OF GENNOVA BIOPHARMACEUTICALS LTD,REVIEW,1,GARBAGE:pattern_garbage,GARBAGE:pattern_garbage,,,,,False,\b(PVT\.?\s+)?LTD\.?\s*$,KEEP REVIEW,insufficient evidence; could be product or ambiguous OCR,LOW,INSUFFICIENT_EVIDENCE
183236,I am satisfied with Marg ERP Computerise YOUR SHOP Rs.5550 StockAccounts GST Call 959959965695995996621202834312,REVIEW,REVIEW,NO_MATCH_FALLBACK,FALLBACK:AMBIGUOUS_NO_BRAND,,,,,False,,KEEP REVIEW,insufficient evidence; could be product or ambiguous OCR,LOW,INSUFFICIENT_EVIDENCE
183255,I am satisfied with Marg ERP Computerise YOUR SHOP Rs.5550 StockAccounts GST Call 959959965695995996621202834312,REVIEW,REVIEW,NO_MATCH_FALLBACK,FALLBACK:AMBIGUOUS_NO_BRAND,,,,,False,,KEEP REVIEW,insufficient evidence; could be product or ambiguous OCR,LOW,INSUFFICIENT_EVIDENCE
184418,OROFERXT TOTAL TAB 1X10,REVIEW,REVIEW,NO_MATCH_FALLBACK,FALLBACK:STRUCTURAL_KW,,,,,False,,CANDIDATE FOR 1,structural/aggregate keyword present,MODERATE,STRUCTURAL_KEYWORD
184893,onco,REVIEW,REVIEW,NO_MATCH_FALLBACK,FALLBACK:VERY_SHORT,,,,,False,,KEEP REVIEW,insufficient evidence; could be product or ambiguous OCR,LOW,INSUFFICIENT_EVIDENCE
185067,SPECIALITY DRUG HOUSE,REVIEW,REVIEW,NO_MATCH_FALLBACK,FALLBACK:AMBIGUOUS_NO_BRAND,,,,,False,,CANDIDATE FOR 1,supply chain / medical store entity keyword,MODERATE,SUPPLY_CHAIN_ENTITY
185521,PURC 940633 SALE 1830849 STOCK 498247 STK120 21703 EXP3M 5000 EXP6M 7687 LZSTK 42844,REVIEW,REVIEW,NO_MATCH_FALLBACK,FALLBACK:AMBIGUOUS_NO_BRAND,,,,,False,,KEEP REVIEW,insufficient evidence; could be product or ambiguous OCR,LOW,INSUFFICIENT_EVIDENCE
185523,Prepared by Operator 4 on 03-Sep-2026 1657 From System Nav-Agency,REVIEW,REVIEW,NO_MATCH_FALLBACK,FALLBACK:DISTRIBUTION_ENTITY,,,,,False,,KEEP REVIEW,insufficient evidence; could be product or ambiguous OCR,LOW,INSUFFICIENT_EVIDENCE
185524,This is a Computer Generated Report Which Does Not Require Stamp or Signature,REVIEW,REVIEW,NO_MATCH_FALLBACK,FALLBACK:AMBIGUOUS_NO_BRAND,,,,,False,,KEEP REVIEW,insufficient evidence; could be product or ambiguous OCR,LOW,INSUFFICIENT_EVIDENCE
188814,This is a Computer Generated Report Which Does Not Require Stamp or Signature*** 0,REVIEW,REVIEW,NO_MATCH_FALLBACK,FALLBACK:AMBIGUOUS_NO_BRAND,,,,,False,,KEEP REVIEW,insufficient evidence; could be product or ambiguous OCR,LOW,INSUFFICIENT_EVIDENCE
189033,APIDRA SOLOSTAR,REVIEW,REVIEW,NO_MATCH_FALLBACK,FALLBACK:AMBIGUOUS_NO_BRAND,,,,,False,,KEEP REVIEW,insufficient evidence; could be product or ambiguous OCR,LOW,INSUFFICIENT_EVIDENCE
189072,ENLARGE,REVIEW,REVIEW,NO_MATCH_FALLBACK,FALLBACK:AMBIGUOUS_NO_BRAND,,,,,False,,KEEP REVIEW,insufficient evidence; could be product or ambiguous OCR,LOW,INSUFFICIENT_EVIDENCE
189074,ESTOVON XT,REVIEW,REVIEW,NO_MATCH_FALLBACK,FALLBACK:AMBIGUOUS_NO_BRAND,,,,,False,,KEEP REVIEW,insufficient evidence; could be product or ambiguous OCR,LOW,INSUFFICIENT_EVIDENCE
189075,FESTAL N,REVIEW,REVIEW,NO_MATCH_FALLBACK,FALLBACK:AMBIGUOUS_NO_BRAND,,,,,False,,KEEP REVIEW,insufficient evidence; could be product or ambiguous OCR,LOW,INSUFFICIENT_EVIDENCE
189088,INSULIN R CART,REVIEW,REVIEW,NO_MATCH_FALLBACK,FALLBACK:AMBIGUOUS_NO_BRAND,,,,,False,,KEEP REVIEW,insufficient evidence; could be product or ambiguous OCR,LOW,INSUFFICIENT_EVIDENCE
189094,INSUMAN-25/75OPTISET,REVIEW,REVIEW,NO_MATCH_FALLBACK,FALLBACK:AMBIGUOUS_NO_BRAND,,,,,False,,KEEP REVIEW,insufficient evidence; could be product or ambiguous OCR,LOW,INSUFFICIENT_EVIDENCE
189095,INSUMAN-50/50OPTISET,REVIEW,REVIEW,NO_MATCH_FALLBACK,FALLBACK:AMBIGUOUS_NO_BRAND,,,,,False,,KEEP REVIEW,insufficient evidence; could be product or ambiguous OCR,LOW,INSUFFICIENT_EVIDENCE
189098,LANTUS OPTISET,REVIEW,REVIEW,NO_MATCH_FALLBACK,FALLBACK:AMBIGUOUS_NO_BRAND,,,,,False,,KEEP REVIEW,insufficient evidence; could be product or ambiguous OCR,LOW,INSUFFICIENT_EVIDENCE
189099,LANTUS STARTER KITCARTRIDGE,REVIEW,REVIEW,NO_MATCH_FALLBACK,FALLBACK:AMBIGUOUS_NO_BRAND,,,,,False,,KEEP REVIEW,insufficient evidence; could be product or ambiguous OCR,LOW,INSUFFICIENT_EVIDENCE
189100,LANTUS U100 SOLOSTAR,REVIEW,REVIEW,NO_MATCH_FALLBACK,FALLBACK:AMBIGUOUS_NO_BRAND,,,,,False,,KEEP REVIEW,insufficient evidence; could be product or ambiguous OCR,LOW,INSUFFICIENT_EVIDENCE
189107,MORUPAR,REVIEW,REVIEW,NO_MATCH_FALLBACK,FALLBACK:AMBIGUOUS_NO_BRAND,,,,,False,,KEEP REVIEW,insufficient evidence; could be product or ambiguous OCR,LOW,INSUFFICIENT_EVIDENCE
189112,MYORIL PLUS 8,REVIEW,REVIEW,NO_MATCH_FALLBACK,FALLBACK:AMBIGUOUS_NO_BRAND,,,,,False,,KEEP REVIEW,insufficient evidence; could be product or ambiguous OCR,LOW,INSUFFICIENT_EVIDENCE
189151,TARIVID 200 I.V.,REVIEW,REVIEW,NO_MATCH_FALLBACK,FALLBACK:AMBIGUOUS_NO_BRAND,,,,,False,,KEEP REVIEW,insufficient evidence; could be product or ambiguous OCR,LOW,INSUFFICIENT_EVIDENCE
189154,TARIVID 400 I.V.,REVIEW,REVIEW,NO_MATCH_FALLBACK,FALLBACK:AMBIGUOUS_NO_BRAND,,,,,False,,KEEP REVIEW,insufficient evidence; could be product or ambiguous OCR,LOW,INSUFFICIENT_EVIDENCE
189160,TRENTAL INFUSION,REVIEW,REVIEW,NO_MATCH_FALLBACK,FALLBACK:AMBIGUOUS_NO_BRAND,,,,,False,,KEEP REVIEW,insufficient evidence; could be product or ambiguous OCR,LOW,INSUFFICIENT_EVIDENCE
189163,TYPHORAL,REVIEW,REVIEW,NO_MATCH_FALLBACK,FALLBACK:AMBIGUOUS_NO_BRAND,,,,,False,,KEEP REVIEW,insufficient evidence; could be product or ambiguous OCR,LOW,INSUFFICIENT_EVIDENCE
189164,VAXEM HIB,REVIEW,REVIEW,NO_MATCH_FALLBACK,FALLBACK:AMBIGUOUS_NO_BRAND,,,,,False,,KEEP REVIEW,insufficient evidence; could be product or ambiguous OCR,LOW,INSUFFICIENT_EVIDENCE
189180,ALLSTAR REUSABLE INSULIN PEN,REVIEW,REVIEW,NO_MATCH_FALLBACK,FALLBACK:AMBIGUOUS_NO_BRAND,,,,,False,,KEEP REVIEW,insufficient evidence; could be product or ambiguous OCR,LOW,INSUFFICIENT_EVIDENCE
189196,COD LIVER OIL SANOFO,REVIEW,REVIEW,NO_MATCH_FALLBACK,FALLBACK:AMBIGUOUS_NO_BRAND,,,,,False,,KEEP REVIEW,insufficient evidence; could be product or ambiguous OCR,LOW,INSUFFICIENT_EVIDENCE
189197,COLLAFLEX PRO PLUS SOFTGEL,REVIEW,REVIEW,NO_MATCH_FALLBACK,FALLBACK:AMBIGUOUS_NO_BRAND,,,,,False,,KEEP REVIEW,insufficient evidence; could be product or ambiguous OCR,LOW,INSUFFICIENT_EVIDENCE
189222,INFLUENZA VACCINE,REVIEW,REVIEW,NO_MATCH_FALLBACK,FALLBACK:AMBIGUOUS_NO_BRAND,,,,,False,,KEEP REVIEW,insufficient evidence; could be product or ambiguous OCR,LOW,INSUFFICIENT_EVIDENCE
189262,TOUJEO SOLOSTAR,REVIEW,REVIEW,NO_MATCH_FALLBACK,FALLBACK:AMBIGUOUS_NO_BRAND,,,,,False,,KEEP REVIEW,insufficient evidence; could be product or ambiguous OCR,LOW,INSUFFICIENT_EVIDENCE
189263,TOUSTAR PEN,REVIEW,REVIEW,NO_MATCH_FALLBACK,FALLBACK:AMBIGUOUS_NO_BRAND,,,,,False,,KEEP REVIEW,insufficient evidence; could be product or ambiguous OCR,LOW,INSUFFICIENT_EVIDENCE
189288,ALLSTAR REUSABLE INSULIN PEN,REVIEW,REVIEW,NO_MATCH_FALLBACK,FALLBACK:AMBIGUOUS_NO_BRAND,,,,,False,,KEEP REVIEW,insufficient evidence; could be product or ambiguous OCR,LOW,INSUFFICIENT_EVIDENCE
189304,COD LIVER OIL SANOFO,REVIEW,REVIEW,NO_MATCH_FALLBACK,FALLBACK:AMBIGUOUS_NO_BRAND,,,,,False,,KEEP REVIEW,insufficient evidence; could be product or ambiguous OCR,LOW,INSUFFICIENT_EVIDENCE
189305,COLLAFLEX PRO PLUS SOFTGEL,REVIEW,REVIEW,NO_MATCH_FALLBACK,FALLBACK:AMBIGUOUS_NO_BRAND,,,,,False,,KEEP REVIEW,insufficient evidence; could be product or ambiguous OCR,LOW,INSUFFICIENT_EVIDENCE
189330,INFLUENZA VACCINE,REVIEW,REVIEW,NO_MATCH_FALLBACK,FALLBACK:AMBIGUOUS_NO_BRAND,,,,,False,,KEEP REVIEW,insufficient evidence; could be product or ambiguous OCR,LOW,INSUFFICIENT_EVIDENCE
189370,TOUJEO SOLOSTAR,REVIEW,REVIEW,NO_MATCH_FALLBACK,FALLBACK:AMBIGUOUS_NO_BRAND,,,,,False,,KEEP REVIEW,insufficient evidence; could be product or ambiguous OCR,LOW,INSUFFICIENT_EVIDENCE
189371,TOUSTAR PEN,REVIEW,REVIEW,NO_MATCH_FALLBACK,FALLBACK:AMBIGUOUS_NO_BRAND,,,,,False,,KEEP REVIEW,insufficient evidence; could be product or ambiguous OCR,LOW,INSUFFICIENT_EVIDENCE
189854,PAUSE500MG 10T,REVIEW,REVIEW,NO_MATCH_FALLBACK,FALLBACK:AMBIGUOUS_NO_BRAND,,,,,False,,KEEP REVIEW,insufficient evidence; could be product or ambiguous OCR,LOW,INSUFFICIENT_EVIDENCE
190011,GENNOVA,REVIEW,REVIEW,NO_MATCH_FALLBACK,FALLBACK:AMBIGUOUS_NO_BRAND,,,,,False,,CANDIDATE FOR 1,starts with known Emcure company/division prefix,STRONG,COMPANY_DIVISION_PREFIX
190014,GENNOVA,REVIEW,REVIEW,NO_MATCH_FALLBACK,FALLBACK:AMBIGUOUS_NO_BRAND,,,,,False,,CANDIDATE FOR 1,starts with known Emcure company/division prefix,STRONG,COMPANY_DIVISION_PREFIX
190246,ULTRA PRE Q CAPSUL 0,REVIEW,REVIEW,NO_MATCH_FALLBACK,FALLBACK:AMBIGUOUS_NO_BRAND,,,,,False,,KEEP REVIEW,insufficient evidence; could be product or ambiguous OCR,LOW,INSUFFICIENT_EVIDENCE
190813,G3M-6.4 25,REVIEW,REVIEW,NO_MATCH_FALLBACK,FALLBACK:AMBIGUOUS_NO_BRAND,,,,,False,,KEEP REVIEW,insufficient evidence; could be product or ambiguous OCR,LOW,INSUFFICIENT_EVIDENCE
190985,EXAFIB20 1PC,REVIEW,REVIEW,NO_MATCH_FALLBACK,FALLBACK:AMBIGUOUS_NO_BRAND,,,,,False,,KEEP REVIEW,insufficient evidence; could be product or ambiguous OCR,LOW,INSUFFICIENT_EVIDENCE
191816,Category Primary Categ,REVIEW,REVIEW,NO_MATCH_FALLBACK,FALLBACK:AMBIGUOUS_NO_BRAND,,,,,False,,KEEP REVIEW,insufficient evidence; could be product or ambiguous OCR,LOW,INSUFFICIENT_EVIDENCE
192653,CAODARONE X 200,REVIEW,REVIEW,NO_MATCH_FALLBACK,FALLBACK:AMBIGUOUS_NO_BRAND,,,,,False,,KEEP REVIEW,insufficient evidence; could be product or ambiguous OCR,LOW,INSUFFICIENT_EVIDENCE
193696,PNEUMO 23 NA,REVIEW,REVIEW,NO_MATCH_FALLBACK,FALLBACK:AMBIGUOUS_NO_BRAND,,,,,False,,KEEP REVIEW,insufficient evidence; could be product or ambiguous OCR,LOW,INSUFFICIENT_EVIDENCE
193715,TRIOMEGA CD 30,REVIEW,REVIEW,NO_MATCH_FALLBACK,FALLBACK:AMBIGUOUS_NO_BRAND,,,,,False,,KEEP REVIEW,insufficient evidence; could be product or ambiguous OCR,LOW,INSUFFICIENT_EVIDENCE
193889,ALLSTAR PEN,REVIEW,REVIEW,NO_MATCH_FALLBACK,FALLBACK:AMBIGUOUS_NO_BRAND,,,,,False,,KEEP REVIEW,insufficient evidence; could be product or ambiguous OCR,LOW,INSUFFICIENT_EVIDENCE
193890,TOUSTAR PEN,REVIEW,REVIEW,NO_MATCH_FALLBACK,FALLBACK:AMBIGUOUS_NO_BRAND,,,,,False,,KEEP REVIEW,insufficient evidence; could be product or ambiguous OCR,LOW,INSUFFICIENT_EVIDENCE
193891,ALLSTAR PEN,REVIEW,REVIEW,NO_MATCH_FALLBACK,FALLBACK:AMBIGUOUS_NO_BRAND,,,,,False,,KEEP REVIEW,insufficient evidence; could be product or ambiguous OCR,LOW,INSUFFICIENT_EVIDENCE
193892,ALLSTAR PEN,REVIEW,REVIEW,NO_MATCH_FALLBACK,FALLBACK:AMBIGUOUS_NO_BRAND,,,,,False,,KEEP REVIEW,insufficient evidence; could be product or ambiguous OCR,LOW,INSUFFICIENT_EVIDENCE
193893,ALLSTAR PEN,REVIEW,REVIEW,NO_MATCH_FALLBACK,FALLBACK:AMBIGUOUS_NO_BRAND,,,,,False,,KEEP REVIEW,insufficient evidence; could be product or ambiguous OCR,LOW,INSUFFICIENT_EVIDENCE
193894,ALLSTAR PEN,REVIEW,REVIEW,NO_MATCH_FALLBACK,FALLBACK:AMBIGUOUS_NO_BRAND,,,,,False,,KEEP REVIEW,insufficient evidence; could be product or ambiguous OCR,LOW,INSUFFICIENT_EVIDENCE
193911,ALLEGRA N/S,REVIEW,REVIEW,NO_MATCH_FALLBACK,FALLBACK:AMBIGUOUS_NO_BRAND,,,,,False,,KEEP REVIEW,insufficient evidence; could be product or ambiguous OCR,LOW,INSUFFICIENT_EVIDENCE
193912,ALLEGRA N/S,REVIEW,REVIEW,NO_MATCH_FALLBACK,FALLBACK:AMBIGUOUS_NO_BRAND,,,,,False,,KEEP REVIEW,insufficient evidence; could be product or ambiguous OCR,LOW,INSUFFICIENT_EVIDENCE
193916,APIDRA PENFILL,REVIEW,REVIEW,NO_MATCH_FALLBACK,FALLBACK:AMBIGUOUS_NO_BRAND,,,,,False,,KEEP REVIEW,insufficient evidence; could be product or ambiguous OCR,LOW,INSUFFICIENT_EVIDENCE
193918,LANTUS PENFILL,REVIEW,REVIEW,NO_MATCH_FALLBACK,FALLBACK:AMBIGUOUS_NO_BRAND,,,,,False,,KEEP REVIEW,insufficient evidence; could be product or ambiguous OCR,LOW,INSUFFICIENT_EVIDENCE
193919,LANTUS SOLOSTAR,REVIEW,REVIEW,NO_MATCH_FALLBACK,FALLBACK:AMBIGUOUS_NO_BRAND,,,,,False,,KEEP REVIEW,insufficient evidence; could be product or ambiguous OCR,LOW,INSUFFICIENT_EVIDENCE
193923,APIDRA PENFILL,REVIEW,REVIEW,NO_MATCH_FALLBACK,FALLBACK:AMBIGUOUS_NO_BRAND,,,,,False,,KEEP REVIEW,insufficient evidence; could be product or ambiguous OCR,LOW,INSUFFICIENT_EVIDENCE
193924,SOLIQUA SOLOSTAR,REVIEW,REVIEW,NO_MATCH_FALLBACK,FALLBACK:AMBIGUOUS_NO_BRAND,,,,,False,,KEEP REVIEW,insufficient evidence; could be product or ambiguous OCR,LOW,INSUFFICIENT_EVIDENCE
193925,LANTUS PENFILL,REVIEW,REVIEW,NO_MATCH_FALLBACK,FALLBACK:AMBIGUOUS_NO_BRAND,,,,,False,,KEEP REVIEW,insufficient evidence; could be product or ambiguous OCR,LOW,INSUFFICIENT_EVIDENCE
193926,LANTUS SOLOSTAR,REVIEW,REVIEW,NO_MATCH_FALLBACK,FALLBACK:AMBIGUOUS_NO_BRAND,,,,,False,,KEEP REVIEW,insufficient evidence; could be product or ambiguous OCR,LOW,INSUFFICIENT_EVIDENCE
193927,ALLEGRA 120,REVIEW,REVIEW,NO_MATCH_FALLBACK,FALLBACK:AMBIGUOUS_NO_BRAND,,,,,False,,KEEP REVIEW,insufficient evidence; could be product or ambiguous OCR,LOW,INSUFFICIENT_EVIDENCE
193928,ALLEGRA 120,REVIEW,REVIEW,NO_MATCH_FALLBACK,FALLBACK:AMBIGUOUS_NO_BRAND,,,,,False,,KEEP REVIEW,insufficient evidence; could be product or ambiguous OCR,LOW,INSUFFICIENT_EVIDENCE
193932,TRENTAL 400,REVIEW,REVIEW,NO_MATCH_FALLBACK,FALLBACK:AMBIGUOUS_NO_BRAND,,,,,False,,KEEP REVIEW,insufficient evidence; could be product or ambiguous OCR,LOW,INSUFFICIENT_EVIDENCE
193936,MYSTAR PEN,REVIEW,REVIEW,NO_MATCH_FALLBACK,FALLBACK:AMBIGUOUS_NO_BRAND,,,,,False,,KEEP REVIEW,insufficient evidence; could be product or ambiguous OCR,LOW,INSUFFICIENT_EVIDENCE
193938,LANTUS PENFILL,REVIEW,REVIEW,NO_MATCH_FALLBACK,FALLBACK:AMBIGUOUS_NO_BRAND,,,,,False,,KEEP REVIEW,insufficient evidence; could be product or ambiguous OCR,LOW,INSUFFICIENT_EVIDENCE
193939,LANTUS PENFILL,REVIEW,REVIEW,NO_MATCH_FALLBACK,FALLBACK:AMBIGUOUS_NO_BRAND,,,,,False,,KEEP REVIEW,insufficient evidence; could be product or ambiguous OCR,LOW,INSUFFICIENT_EVIDENCE
193940,LANTUS SOLOSTAR,REVIEW,REVIEW,NO_MATCH_FALLBACK,FALLBACK:AMBIGUOUS_NO_BRAND,,,,,False,,KEEP REVIEW,insufficient evidence; could be product or ambiguous OCR,LOW,INSUFFICIENT_EVIDENCE
193941,TOUJEO PENFILL,REVIEW,REVIEW,NO_MATCH_FALLBACK,FALLBACK:AMBIGUOUS_NO_BRAND,,,,,False,,KEEP REVIEW,insufficient evidence; could be product or ambiguous OCR,LOW,INSUFFICIENT_EVIDENCE
193942,TOUJEO PENFILL,REVIEW,REVIEW,NO_MATCH_FALLBACK,FALLBACK:AMBIGUOUS_NO_BRAND,,,,,False,,KEEP REVIEW,insufficient evidence; could be product or ambiguous OCR,LOW,INSUFFICIENT_EVIDENCE
193944,TOUJEO PENFILL,REVIEW,REVIEW,NO_MATCH_FALLBACK,FALLBACK:AMBIGUOUS_NO_BRAND,,,,,False,,KEEP REVIEW,insufficient evidence; could be product or ambiguous OCR,LOW,INSUFFICIENT_EVIDENCE
193945,TOUJEO PENFILL,REVIEW,REVIEW,NO_MATCH_FALLBACK,FALLBACK:AMBIGUOUS_NO_BRAND,,,,,False,,KEEP REVIEW,insufficient evidence; could be product or ambiguous OCR,LOW,INSUFFICIENT_EVIDENCE
193946,APIDRA PENFILL,REVIEW,REVIEW,NO_MATCH_FALLBACK,FALLBACK:AMBIGUOUS_NO_BRAND,,,,,False,,KEEP REVIEW,insufficient evidence; could be product or ambiguous OCR,LOW,INSUFFICIENT_EVIDENCE
193947,APIDRA PENFILL,REVIEW,REVIEW,NO_MATCH_FALLBACK,FALLBACK:AMBIGUOUS_NO_BRAND,,,,,False,,KEEP REVIEW,insufficient evidence; could be product or ambiguous OCR,LOW,INSUFFICIENT_EVIDENCE
193948,APIDRA PENFILL,REVIEW,REVIEW,NO_MATCH_FALLBACK,FALLBACK:AMBIGUOUS_NO_BRAND,,,,,False,,KEEP REVIEW,insufficient evidence; could be product or ambiguous OCR,LOW,INSUFFICIENT_EVIDENCE
193949,APIDRA SOLOSTAR,REVIEW,REVIEW,NO_MATCH_FALLBACK,FALLBACK:AMBIGUOUS_NO_BRAND,,,,,False,,KEEP REVIEW,insufficient evidence; could be product or ambiguous OCR,LOW,INSUFFICIENT_EVIDENCE
193952,ALLEGRA 120,REVIEW,REVIEW,NO_MATCH_FALLBACK,FALLBACK:AMBIGUOUS_NO_BRAND,,,,,False,,KEEP REVIEW,insufficient evidence; could be product or ambiguous OCR,LOW,INSUFFICIENT_EVIDENCE
193953,ALLEGRA 120,REVIEW,REVIEW,NO_MATCH_FALLBACK,FALLBACK:AMBIGUOUS_NO_BRAND,,,,,False,,KEEP REVIEW,insufficient evidence; could be product or ambiguous OCR,LOW,INSUFFICIENT_EVIDENCE
193954,ALLEGRA 180,REVIEW,REVIEW,NO_MATCH_FALLBACK,FALLBACK:AMBIGUOUS_NO_BRAND,,,,,False,,KEEP REVIEW,insufficient evidence; could be product or ambiguous OCR,LOW,INSUFFICIENT_EVIDENCE
193955,ALLEGRA 180,REVIEW,REVIEW,NO_MATCH_FALLBACK,FALLBACK:AMBIGUOUS_NO_BRAND,,,,,False,,KEEP REVIEW,insufficient evidence; could be product or ambiguous OCR,LOW,INSUFFICIENT_EVIDENCE
193962,ALLEGRA 180,REVIEW,REVIEW,NO_MATCH_FALLBACK,FALLBACK:AMBIGUOUS_NO_BRAND,,,,,False,,KEEP REVIEW,insufficient evidence; could be product or ambiguous OCR,LOW,INSUFFICIENT_EVIDENCE
193964,ALLEGRA 120,REVIEW,REVIEW,NO_MATCH_FALLBACK,FALLBACK:AMBIGUOUS_NO_BRAND,,,,,False,,KEEP REVIEW,insufficient evidence; could be product or ambiguous OCR,LOW,INSUFFICIENT_EVIDENCE
193967,LANTUS SOLOSTAR,REVIEW,REVIEW,NO_MATCH_FALLBACK,FALLBACK:AMBIGUOUS_NO_BRAND,,,,,False,,KEEP REVIEW,insufficient evidence; could be product or ambiguous OCR,LOW,INSUFFICIENT_EVIDENCE
193968,LANTUS SOLOSTAR,REVIEW,REVIEW,NO_MATCH_FALLBACK,FALLBACK:AMBIGUOUS_NO_BRAND,,,,,False,,KEEP REVIEW,insufficient evidence; could be product or ambiguous OCR,LOW,INSUFFICIENT_EVIDENCE
193969,LANTUS SOLOSTAR,REVIEW,REVIEW,NO_MATCH_FALLBACK,FALLBACK:AMBIGUOUS_NO_BRAND,,,,,False,,KEEP REVIEW,insufficient evidence; could be product or ambiguous OCR,LOW,INSUFFICIENT_EVIDENCE
193970,APIDRA PENFILL,REVIEW,REVIEW,NO_MATCH_FALLBACK,FALLBACK:AMBIGUOUS_NO_BRAND,,,,,False,,KEEP REVIEW,insufficient evidence; could be product or ambiguous OCR,LOW,INSUFFICIENT_EVIDENCE
193971,APIDRA PENFILL,REVIEW,REVIEW,NO_MATCH_FALLBACK,FALLBACK:AMBIGUOUS_NO_BRAND,,,,,False,,KEEP REVIEW,insufficient evidence; could be product or ambiguous OCR,LOW,INSUFFICIENT_EVIDENCE
193972,APIDRA PENFILL,REVIEW,REVIEW,NO_MATCH_FALLBACK,FALLBACK:AMBIGUOUS_NO_BRAND,,,,,False,,KEEP REVIEW,insufficient evidence; could be product or ambiguous OCR,LOW,INSUFFICIENT_EVIDENCE
193973,LANTUS PENFILL,REVIEW,REVIEW,NO_MATCH_FALLBACK,FALLBACK:AMBIGUOUS_NO_BRAND,,,,,False,,KEEP REVIEW,insufficient evidence; could be product or ambiguous OCR,LOW,INSUFFICIENT_EVIDENCE
193974,LANTUS PENFILL,REVIEW,REVIEW,NO_MATCH_FALLBACK,FALLBACK:AMBIGUOUS_NO_BRAND,,,,,False,,KEEP REVIEW,insufficient evidence; could be product or ambiguous OCR,LOW,INSUFFICIENT_EVIDENCE
193975,TOUJEO,REVIEW,REVIEW,NO_MATCH_FALLBACK,FALLBACK:AMBIGUOUS_NO_BRAND,,,,,False,,KEEP REVIEW,insufficient evidence; could be product or ambiguous OCR,LOW,INSUFFICIENT_EVIDENCE
193976,APIDRA SOLOSTAR,REVIEW,REVIEW,NO_MATCH_FALLBACK,FALLBACK:AMBIGUOUS_NO_BRAND,,,,,False,,KEEP REVIEW,insufficient evidence; could be product or ambiguous OCR,LOW,INSUFFICIENT_EVIDENCE
193977,ALLEGRA-M,REVIEW,REVIEW,NO_MATCH_FALLBACK,FALLBACK:AMBIGUOUS_NO_BRAND,,,,,False,,KEEP REVIEW,insufficient evidence; could be product or ambiguous OCR,LOW,INSUFFICIENT_EVIDENCE
193978,ALLEGRA-M,REVIEW,REVIEW,NO_MATCH_FALLBACK,FALLBACK:AMBIGUOUS_NO_BRAND,,,,,False,,KEEP REVIEW,insufficient evidence; could be product or ambiguous OCR,LOW,INSUFFICIENT_EVIDENCE
193997,ALLEGRA 120,REVIEW,REVIEW,NO_MATCH_FALLBACK,FALLBACK:AMBIGUOUS_NO_BRAND,,,,,False,,KEEP REVIEW,insufficient evidence; could be product or ambiguous OCR,LOW,INSUFFICIENT_EVIDENCE
193998,ALLEGRA 120,REVIEW,REVIEW,NO_MATCH_FALLBACK,FALLBACK:AMBIGUOUS_NO_BRAND,,,,,False,,KEEP REVIEW,insufficient evidence; could be product or ambiguous OCR,LOW,INSUFFICIENT_EVIDENCE
193999,ALLEGRA 120,REVIEW,REVIEW,NO_MATCH_FALLBACK,FALLBACK:AMBIGUOUS_NO_BRAND,,,,,False,,KEEP REVIEW,insufficient evidence; could be product or ambiguous OCR,LOW,INSUFFICIENT_EVIDENCE
194000,ALLEGRA 180,REVIEW,REVIEW,NO_MATCH_FALLBACK,FALLBACK:AMBIGUOUS_NO_BRAND,,,,,False,,KEEP REVIEW,insufficient evidence; could be product or ambiguous OCR,LOW,INSUFFICIENT_EVIDENCE
194001,ALLEGRA 180,REVIEW,REVIEW,NO_MATCH_FALLBACK,FALLBACK:AMBIGUOUS_NO_BRAND,,,,,False,,KEEP REVIEW,insufficient evidence; could be product or ambiguous OCR,LOW,INSUFFICIENT_EVIDENCE
194008,ALLEGRA 120,REVIEW,REVIEW,NO_MATCH_FALLBACK,FALLBACK:AMBIGUOUS_NO_BRAND,,,,,False,,KEEP REVIEW,insufficient evidence; could be product or ambiguous OCR,LOW,INSUFFICIENT_EVIDENCE
194088,TOUJEO PENFILL,REVIEW,REVIEW,NO_MATCH_FALLBACK,FALLBACK:AMBIGUOUS_NO_BRAND,,,,,False,,KEEP REVIEW,insufficient evidence; could be product or ambiguous OCR,LOW,INSUFFICIENT_EVIDENCE
196312,ORION,REVIEW,REVIEW,NO_MATCH_FALLBACK,FALLBACK:VERY_SHORT,,,,,False,,KEEP REVIEW,insufficient evidence; could be product or ambiguous OCR,LOW,INSUFFICIENT_EVIDENCE
197966,EMCUTIX BIO PHARMACEUTICAL,REVIEW,REVIEW,NO_MATCH_FALLBACK,FALLBACK:PHARMA_ENTITY,,,,,False,,CANDIDATE FOR 1,company/entity keyword (PHARMACEUTICALS/BIOPHARMA/HOSPITAL etc.),STRONG,COMPANY_ENTITY
198537,SHOP,REVIEW,REVIEW,NO_MATCH_FALLBACK,FALLBACK:VERY_SHORT,,,,,False,,KEEP REVIEW,insufficient evidence; could be product or ambiguous OCR,LOW,INSUFFICIENT_EVIDENCE
199296,DAPAMAC V 10/100 10_S,REVIEW,REVIEW,NO_MATCH_FALLBACK,FALLBACK:AMBIGUOUS_NO_BRAND,,,,,False,,KEEP REVIEW,insufficient evidence; could be product or ambiguous OCR,LOW,INSUFFICIENT_EVIDENCE
199471,MOMB9CAPSULE,REVIEW,REVIEW,NO_MATCH_FALLBACK,FALLBACK:AMBIGUOUS_NO_BRAND,,,,,False,,KEEP REVIEW,insufficient evidence; could be product or ambiguous OCR,LOW,INSUFFICIENT_EVIDENCE
199555,STROCOZ500,REVIEW,REVIEW,NO_MATCH_FALLBACK,FALLBACK:AMBIGUOUS_NO_BRAND,,,,,False,,KEEP REVIEW,insufficient evidence; could be product or ambiguous OCR,LOW,INSUFFICIENT_EVIDENCE
202586,EMCUTIX,REVIEW,REVIEW,NO_MATCH_FALLBACK,FALLBACK:AMBIGUOUS_NO_BRAND,,,,,False,,CANDIDATE FOR 1,starts with known Emcure company/division prefix,STRONG,COMPANY_DIVISION_PREFIX
204172,MOLPUNE AM 5,REVIEW,REVIEW,NO_MATCH_FALLBACK,FALLBACK:AMBIGUOUS_NO_BRAND,,,,,False,,KEEP REVIEW,insufficient evidence; could be product or ambiguous OCR,LOW,INSUFFICIENT_EVIDENCE
204302,EM PHARMA NXT,REVIEW,REVIEW,NO_MATCH_FALLBACK,FALLBACK:AMBIGUOUS_NO_BRAND,,,,,False,,CANDIDATE FOR 1,company-like name without pharma dosage form,MODERATE,PHARMA_COMPANY_NAME
204333,EM NUCRON,REVIEW,REVIEW,NO_MATCH_FALLBACK,FALLBACK:AMBIGUOUS_NO_BRAND,,,,,False,,KEEP REVIEW,insufficient evidence; could be product or ambiguous OCR,LOW,INSUFFICIENT_EVIDENCE
204371,EM CD,REVIEW,REVIEW,NO_MATCH_FALLBACK,FALLBACK:VERY_SHORT,,,,,False,,KEEP REVIEW,insufficient evidence; could be product or ambiguous OCR,LOW,INSUFFICIENT_EVIDENCE
204418,MRHHMITE SOAPO 75,REVIEW,REVIEW,NO_MATCH_FALLBACK,FALLBACK:AMBIGUOUS_NO_BRAND,,,,,False,,KEEP REVIEW,insufficient evidence; could be product or ambiguous OCR,LOW,INSUFFICIENT_EVIDENCE
206159,ZZZZZZ 6165,REVIEW,REVIEW,NO_MATCH_FALLBACK,FALLBACK:AMBIGUOUS_NO_BRAND,,,,,False,,CANDIDATE FOR 1,all long alpha tokens lack vowels: ['ZZZZZZ'] → OCR noise,MODERATE,NO_VOWEL_OCR_NOISE
206172,ZZZZZZ 6101,REVIEW,REVIEW,NO_MATCH_FALLBACK,FALLBACK:AMBIGUOUS_NO_BRAND,,,,,False,,CANDIDATE FOR 1,all long alpha tokens lack vowels: ['ZZZZZZ'] → OCR noise,MODERATE,NO_VOWEL_OCR_NOISE
207028,EMCUTIX BIOPHARMA,REVIEW,REVIEW,NO_MATCH_FALLBACK,FALLBACK:PHARMA_ENTITY,,,,,False,,CANDIDATE FOR 1,company/entity keyword (PHARMACEUTICALS/BIOPHARMA/HOSPITAL etc.),STRONG,COMPANY_ENTITY
207720,ZU-C 500 15,REVIEW,REVIEW,NO_MATCH_FALLBACK,FALLBACK:AMBIGUOUS_NO_BRAND,,,,,False,,KEEP REVIEW,insufficient evidence; could be product or ambiguous OCR,LOW,INSUFFICIENT_EVIDENCE
207936,ZU-C 500 15,REVIEW,REVIEW,NO_MATCH_FALLBACK,FALLBACK:AMBIGUOUS_NO_BRAND,,,,,False,,KEEP REVIEW,insufficient evidence; could be product or ambiguous OCR,LOW,INSUFFICIENT_EVIDENCE
208194,Digital Purchase ERP Ordering Healthcare QRCode on bills for extra earnings Call MARG 8116384348,REVIEW,REVIEW,NO_MATCH_FALLBACK,FALLBACK:PHARMA_ENTITY,,,,,False,,CANDIDATE FOR 1,company/entity keyword (PHARMACEUTICALS/BIOPHARMA/HOSPITAL etc.),STRONG,COMPANY_ENTITY
208672,Digital Purchase ERP Ordering Healthcare QRCode on bills for extra earnings Call MARG 9990249092,REVIEW,REVIEW,NO_MATCH_FALLBACK,FALLBACK:PHARMA_ENTITY,,,,,False,,CANDIDATE FOR 1,company/entity keyword (PHARMACEUTICALS/BIOPHARMA/HOSPITAL etc.),STRONG,COMPANY_ENTITY
208913,SANOFI3 CV,REVIEW,REVIEW,NO_MATCH_FALLBACK,FALLBACK:AMBIGUOUS_NO_BRAND,,,,,False,,KEEP REVIEW,insufficient evidence; could be product or ambiguous OCR,LOW,INSUFFICIENT_EVIDENCE
209526,ZZZZZZ 13462 UNIT,REVIEW,REVIEW,NO_MATCH_FALLBACK,FALLBACK:AMBIGUOUS_NO_BRAND,,,fuzzy→EXACT_ONLY(NUNIT),,False,,CANDIDATE FOR 1,brand invalidated (fuzzy→EXACT_ONLY(NUNIT)) + no pharma signal,MODERATE,INVALIDATED_NO_PHARMA
209871,ZZZZZZ 13462 UNIT,REVIEW,REVIEW,NO_MATCH_FALLBACK,FALLBACK:AMBIGUOUS_NO_BRAND,,,fuzzy→EXACT_ONLY(NUNIT),,False,,CANDIDATE FOR 1,brand invalidated (fuzzy→EXACT_ONLY(NUNIT)) + no pharma signal,MODERATE,INVALIDATED_NO_PHARMA
209890,IVECOPE 12,REVIEW,REVIEW,NO_MATCH_FALLBACK,FALLBACK:AMBIGUOUS_NO_BRAND,,,,,False,,KEEP REVIEW,insufficient evidence; could be product or ambiguous OCR,LOW,INSUFFICIENT_EVIDENCE
209891,LACTOGUT,REVIEW,REVIEW,NO_MATCH_FALLBACK,FALLBACK:AMBIGUOUS_NO_BRAND,,,,,False,,KEEP REVIEW,insufficient evidence; could be product or ambiguous OCR,LOW,INSUFFICIENT_EVIDENCE
210336,SU CHECK STRIP --,REVIEW,REVIEW,NO_MATCH_FALLBACK,FALLBACK:AMBIGUOUS_NO_BRAND,,,,,False,,KEEP REVIEW,insufficient evidence; could be product or ambiguous OCR,LOW,INSUFFICIENT_EVIDENCE
210592,SU CHECK STRIP --,REVIEW,REVIEW,NO_MATCH_FALLBACK,FALLBACK:AMBIGUOUS_NO_BRAND,,,,,False,,KEEP REVIEW,insufficient evidence; could be product or ambiguous OCR,LOW,INSUFFICIENT_EVIDENCE
211182,OSTERIINJ600MG/2.4 1 UNIT,REVIEW,REVIEW,NO_MATCH_FALLBACK,FALLBACK:AMBIGUOUS_NO_BRAND,,,fuzzy→EXACT_ONLY(NUNIT),,False,,CANDIDATE FOR 1,brand invalidated (fuzzy→EXACT_ONLY(NUNIT)) + no pharma signal,MODERATE,INVALIDATED_NO_PHARMA
211452,SOLOLGO FASH WASH EMPTY,REVIEW,REVIEW,NO_MATCH_FALLBACK,FALLBACK:AMBIGUOUS_NO_BRAND,,,,,False,,KEEP REVIEW,insufficient evidence; could be product or ambiguous OCR,LOW,INSUFFICIENT_EVIDENCE
211760,ROSAVAZ EZ 10/S,REVIEW,REVIEW,NO_MATCH_FALLBACK,FALLBACK:AMBIGUOUS_NO_BRAND,,,,,False,,KEEP REVIEW,insufficient evidence; could be product or ambiguous OCR,LOW,INSUFFICIENT_EVIDENCE
212547,Clexon-60 2,REVIEW,REVIEW,NO_MATCH_FALLBACK,FALLBACK:AMBIGUOUS_NO_BRAND,,,,,False,,KEEP REVIEW,insufficient evidence; could be product or ambiguous OCR,LOW,INSUFFICIENT_EVIDENCE
212694,Digital Purchase ERP Ordering Healthcare QRCode on bills for extra earnings Call MARG 0224123514709136446844,REVIEW,REVIEW,NO_MATCH_FALLBACK,FALLBACK:PHARMA_ENTITY,,,,,False,,CANDIDATE FOR 1,company/entity keyword (PHARMACEUTICALS/BIOPHARMA/HOSPITAL etc.),STRONG,COMPANY_ENTITY
212749,MILTON LIFECARE PVT. LTD.,REVIEW,1,GARBAGE:pattern_garbage,GARBAGE:pattern_garbage,,,,,False,\b(PVT\.?\s+)?LTD\.?\s*$,KEEP REVIEW,insufficient evidence; could be product or ambiguous OCR,LOW,INSUFFICIENT_EVIDENCE
212930,VICARETOTAL 1X10CAPSULE,REVIEW,REVIEW,NO_MATCH_FALLBACK,FALLBACK:AMBIGUOUS_NO_BRAND,,,,,False,,KEEP REVIEW,insufficient evidence; could be product or ambiguous OCR,LOW,INSUFFICIENT_EVIDENCE
213237,SUKHIJA MEDICOS,REVIEW,1,GARBAGE:pattern_garbage,GARBAGE:pattern_garbage,,,,,False,\b(AGENCIES?|DISTRIBUTORS?|MEDICO[SE]?|CORPORATION|ENTERPRISES?|TRADERS?|TRADING)\b,KEEP REVIEW,insufficient evidence; could be product or ambiguous OCR,LOW,INSUFFICIENT_EVIDENCE
213273,SUKHIJA MEDICOS,REVIEW,1,GARBAGE:pattern_garbage,GARBAGE:pattern_garbage,,,,,False,\b(AGENCIES?|DISTRIBUTORS?|MEDICO[SE]?|CORPORATION|ENTERPRISES?|TRADERS?|TRADING)\b,KEEP REVIEW,insufficient evidence; could be product or ambiguous OCR,LOW,INSUFFICIENT_EVIDENCE
213885,GENNOVA NEPHRO,REVIEW,REVIEW,NO_MATCH_FALLBACK,FALLBACK:AMBIGUOUS_NO_BRAND,,,,,False,,CANDIDATE FOR 1,starts with known Emcure company/division prefix,STRONG,COMPANY_DIVISION_PREFIX
214390,EOPTAL0450TAB 10T,REVIEW,REVIEW,NO_MATCH_FALLBACK,FALLBACK:AMBIGUOUS_NO_BRAND,,,,,False,,KEEP REVIEW,insufficient evidence; could be product or ambiguous OCR,LOW,INSUFFICIENT_EVIDENCE
214497,TOUSTAR PEN 1 pie,REVIEW,REVIEW,NO_MATCH_FALLBACK,FALLBACK:AMBIGUOUS_NO_BRAND,,,,,False,,KEEP REVIEW,insufficient evidence; could be product or ambiguous OCR,LOW,INSUFFICIENT_EVIDENCE
214880,VANIYAPURACKAL AGENCIES,REVIEW,1,GARBAGE:pattern_garbage,GARBAGE:pattern_garbage,,,,,False,\b(AGENCIES?|DISTRIBUTORS?|MEDICO[SE]?|CORPORATION|ENTERPRISES?|TRADERS?|TRADING)\b,KEEP REVIEW,insufficient evidence; could be product or ambiguous OCR,LOW,INSUFFICIENT_EVIDENCE
214898,VANIYAPURACKAL AGENCIES,REVIEW,1,GARBAGE:pattern_garbage,GARBAGE:pattern_garbage,,,,,False,\b(AGENCIES?|DISTRIBUTORS?|MEDICO[SE]?|CORPORATION|ENTERPRISES?|TRADERS?|TRADING)\b,KEEP REVIEW,insufficient evidence; could be product or ambiguous OCR,LOW,INSUFFICIENT_EVIDENCE
215526,PURC 0 SALE 0 STOCK 0,REVIEW,REVIEW,NO_MATCH_FALLBACK,FALLBACK:AMBIGUOUS_NO_BRAND,,,,,False,,KEEP REVIEW,insufficient evidence; could be product or ambiguous OCR,LOW,INSUFFICIENT_EVIDENCE
215529,Report End 2 Records,REVIEW,REVIEW,NO_MATCH_FALLBACK,FALLBACK:AMBIGUOUS_NO_BRAND,,,,,False,,KEEP REVIEW,insufficient evidence; could be product or ambiguous OCR,LOW,INSUFFICIENT_EVIDENCE
215530,Prepared by Amit Durgavali on 01-Sep-2026 1132 From System Gd6,REVIEW,REVIEW,NO_MATCH_FALLBACK,FALLBACK:AMBIGUOUS_NO_BRAND,,,,,False,,KEEP REVIEW,insufficient evidence; could be product or ambiguous OCR,LOW,INSUFFICIENT_EVIDENCE
215531,This is a Computer Generated Report Which Does Not Require Stamp or Signature,REVIEW,REVIEW,NO_MATCH_FALLBACK,FALLBACK:AMBIGUOUS_NO_BRAND,,,,,False,,KEEP REVIEW,insufficient evidence; could be product or ambiguous OCR,LOW,INSUFFICIENT_EVIDENCE
215626,End Of Report,REVIEW,REVIEW,NO_MATCH_FALLBACK,FALLBACK:AMBIGUOUS_NO_BRAND,,,,,False,,KEEP REVIEW,insufficient evidence; could be product or ambiguous OCR,LOW,INSUFFICIENT_EVIDENCE
216471,ALLSTAR R INSULIN PEN 1,REVIEW,REVIEW,NO_MATCH_FALLBACK,FALLBACK:AMBIGUOUS_NO_BRAND,,,,,False,,KEEP REVIEW,insufficient evidence; could be product or ambiguous OCR,LOW,INSUFFICIENT_EVIDENCE
216488,LANTUS V100 SOLOSTAR 1,REVIEW,REVIEW,NO_MATCH_FALLBACK,FALLBACK:AMBIGUOUS_NO_BRAND,,,,,False,,KEEP REVIEW,insufficient evidence; could be product or ambiguous OCR,LOW,INSUFFICIENT_EVIDENCE
216491,TOUJEO-CARTRIDGE 1.,REVIEW,REVIEW,NO_MATCH_FALLBACK,FALLBACK:AMBIGUOUS_NO_BRAND,,,,,False,,KEEP REVIEW,insufficient evidence; could be product or ambiguous OCR,LOW,INSUFFICIENT_EVIDENCE
216947,TOUSTAR PEN 1 PEN,REVIEW,REVIEW,NO_MATCH_FALLBACK,FALLBACK:AMBIGUOUS_NO_BRAND,,,,,False,,KEEP REVIEW,insufficient evidence; could be product or ambiguous OCR,LOW,INSUFFICIENT_EVIDENCE
216987,ALLSTAR PEN 1 PEC,REVIEW,REVIEW,NO_MATCH_FALLBACK,FALLBACK:AMBIGUOUS_NO_BRAND,,,,,False,,KEEP REVIEW,insufficient evidence; could be product or ambiguous OCR,LOW,INSUFFICIENT_EVIDENCE
216989,APIDRA SOLOSTAR PEN,REVIEW,REVIEW,NO_MATCH_FALLBACK,FALLBACK:AMBIGUOUS_NO_BRAND,,,,,False,,KEEP REVIEW,insufficient evidence; could be product or ambiguous OCR,LOW,INSUFFICIENT_EVIDENCE
216991,LANTUS SOLOSTAR PEN,REVIEW,REVIEW,NO_MATCH_FALLBACK,FALLBACK:AMBIGUOUS_NO_BRAND,,,,,False,,KEEP REVIEW,insufficient evidence; could be product or ambiguous OCR,LOW,INSUFFICIENT_EVIDENCE
218631,LANTUS-OPTISET I UNIT,REVIEW,REVIEW,NO_MATCH_FALLBACK,FALLBACK:AMBIGUOUS_NO_BRAND,,,fuzzy→EXACT_ONLY(NUNIT),,False,,CANDIDATE FOR 1,brand invalidated (fuzzy→EXACT_ONLY(NUNIT)) + no pharma signal,MODERATE,INVALIDATED_NO_PHARMA
219924,ZZZZZZ 10699,REVIEW,REVIEW,NO_MATCH_FALLBACK,FALLBACK:AMBIGUOUS_NO_BRAND,,,,,False,,CANDIDATE FOR 1,all long alpha tokens lack vowels: ['ZZZZZZ'] → OCR noise,MODERATE,NO_VOWEL_OCR_NOISE
221222,ZZZZZZ 9292,REVIEW,REVIEW,NO_MATCH_FALLBACK,FALLBACK:AMBIGUOUS_NO_BRAND,,,,,False,,CANDIDATE FOR 1,all long alpha tokens lack vowels: ['ZZZZZZ'] → OCR noise,MODERATE,NO_VOWEL_OCR_NOISE
221547,MILTON LIFECARE PVT. LTD.,REVIEW,1,GARBAGE:pattern_garbage,GARBAGE:pattern_garbage,,,,,False,\b(PVT\.?\s+)?LTD\.?\s*$,KEEP REVIEW,insufficient evidence; could be product or ambiguous OCR,LOW,INSUFFICIENT_EVIDENCE
223079,GUPTA BROTHERS,REVIEW,REVIEW,NO_MATCH_FALLBACK,FALLBACK:AMBIGUOUS_NO_BRAND,,,,,False,,KEEP REVIEW,insufficient evidence; could be product or ambiguous OCR,LOW,INSUFFICIENT_EVIDENCE
223107,GUPTA BROTHERS,REVIEW,REVIEW,NO_MATCH_FALLBACK,FALLBACK:AMBIGUOUS_NO_BRAND,,,,,False,,KEEP REVIEW,insufficient evidence; could be product or ambiguous OCR,LOW,INSUFFICIENT_EVIDENCE
224408,J J PHARMACEUTICALS,REVIEW,REVIEW,NO_MATCH_FALLBACK,FALLBACK:PHARMA_ENTITY,,,,,False,,CANDIDATE FOR 1,company/entity keyword (PHARMACEUTICALS/BIOPHARMA/HOSPITAL etc.),STRONG,COMPANY_ENTITY
224449,J J PHARMACEUTICALS,REVIEW,REVIEW,NO_MATCH_FALLBACK,FALLBACK:PHARMA_ENTITY,,,,,False,,CANDIDATE FOR 1,company/entity keyword (PHARMACEUTICALS/BIOPHARMA/HOSPITAL etc.),STRONG,COMPANY_ENTITY
224450,Digital Purchase ERP Ordering Healthcare QRCode on bills for extra earnings Call MARG 9812818800,REVIEW,REVIEW,NO_MATCH_FALLBACK,FALLBACK:PHARMA_ENTITY,,,,,False,,CANDIDATE FOR 1,company/entity keyword (PHARMACEUTICALS/BIOPHARMA/HOSPITAL etc.),STRONG,COMPANY_ENTITY
224602,End Of Report,REVIEW,REVIEW,NO_MATCH_FALLBACK,FALLBACK:AMBIGUOUS_NO_BRAND,,,,,False,,KEEP REVIEW,insufficient evidence; could be product or ambiguous OCR,LOW,INSUFFICIENT_EVIDENCE
225145,TORPIZONE 150,REVIEW,REVIEW,NO_MATCH_FALLBACK,FALLBACK:AMBIGUOUS_NO_BRAND,,,,,False,,KEEP REVIEW,insufficient evidence; could be product or ambiguous OCR,LOW,INSUFFICIENT_EVIDENCE
225555,ZZZZZZ 4761,REVIEW,REVIEW,NO_MATCH_FALLBACK,FALLBACK:AMBIGUOUS_NO_BRAND,,,,,False,,CANDIDATE FOR 1,all long alpha tokens lack vowels: ['ZZZZZZ'] → OCR noise,MODERATE,NO_VOWEL_OCR_NOISE
225556,ZZZZZZ 4762,REVIEW,REVIEW,NO_MATCH_FALLBACK,FALLBACK:AMBIGUOUS_NO_BRAND,,,,,False,,CANDIDATE FOR 1,all long alpha tokens lack vowels: ['ZZZZZZ'] → OCR noise,MODERATE,NO_VOWEL_OCR_NOISE
225557,ZZZZZZ 4763,REVIEW,REVIEW,NO_MATCH_FALLBACK,FALLBACK:AMBIGUOUS_NO_BRAND,,,,,False,,CANDIDATE FOR 1,all long alpha tokens lack vowels: ['ZZZZZZ'] → OCR noise,MODERATE,NO_VOWEL_OCR_NOISE
225558,ZZZZZZ 4764,REVIEW,REVIEW,NO_MATCH_FALLBACK,FALLBACK:AMBIGUOUS_NO_BRAND,,,,,False,,CANDIDATE FOR 1,all long alpha tokens lack vowels: ['ZZZZZZ'] → OCR noise,MODERATE,NO_VOWEL_OCR_NOISE
225559,ZZZZZZ 4765,REVIEW,REVIEW,NO_MATCH_FALLBACK,FALLBACK:AMBIGUOUS_NO_BRAND,,,,,False,,CANDIDATE FOR 1,all long alpha tokens lack vowels: ['ZZZZZZ'] → OCR noise,MODERATE,NO_VOWEL_OCR_NOISE
225560,ZZZZZZ 4803,REVIEW,REVIEW,NO_MATCH_FALLBACK,FALLBACK:AMBIGUOUS_NO_BRAND,,,,,False,,CANDIDATE FOR 1,all long alpha tokens lack vowels: ['ZZZZZZ'] → OCR noise,MODERATE,NO_VOWEL_OCR_NOISE
225561,ZZZZZZ 4804,REVIEW,REVIEW,NO_MATCH_FALLBACK,FALLBACK:AMBIGUOUS_NO_BRAND,,,,,False,,CANDIDATE FOR 1,all long alpha tokens lack vowels: ['ZZZZZZ'] → OCR noise,MODERATE,NO_VOWEL_OCR_NOISE
225562,ZZZZZZ 4805,REVIEW,REVIEW,NO_MATCH_FALLBACK,FALLBACK:AMBIGUOUS_NO_BRAND,,,,,False,,CANDIDATE FOR 1,all long alpha tokens lack vowels: ['ZZZZZZ'] → OCR noise,MODERATE,NO_VOWEL_OCR_NOISE
226228,ZZZZZZ 6254,REVIEW,REVIEW,NO_MATCH_FALLBACK,FALLBACK:AMBIGUOUS_NO_BRAND,,,,,False,,CANDIDATE FOR 1,all long alpha tokens lack vowels: ['ZZZZZZ'] → OCR noise,MODERATE,NO_VOWEL_OCR_NOISE
226229,ZZZZZZ 6255,REVIEW,REVIEW,NO_MATCH_FALLBACK,FALLBACK:AMBIGUOUS_NO_BRAND,,,,,False,,CANDIDATE FOR 1,all long alpha tokens lack vowels: ['ZZZZZZ'] → OCR noise,MODERATE,NO_VOWEL_OCR_NOISE
227212,GLIPSOVTAB,REVIEW,REVIEW,NO_MATCH_FALLBACK,FALLBACK:AMBIGUOUS_NO_BRAND,,,,,False,,KEEP REVIEW,insufficient evidence; could be product or ambiguous OCR,LOW,INSUFFICIENT_EVIDENCE
227304,Expired Expiry Less Than 30 Expiry Less Than 60 Expiry Less Than 90,REVIEW,REVIEW,NO_MATCH_FALLBACK,FALLBACK:AMBIGUOUS_NO_BRAND,,,,,False,,KEEP REVIEW,insufficient evidence; could be product or ambiguous OCR,LOW,INSUFFICIENT_EVIDENCE
227506,Batch FT40725002 Stock 1 ExPDt 01/27 MRP 60.96 Value 41.80,REVIEW,REVIEW,NO_MATCH_FALLBACK,FALLBACK:AMBIGUOUS_NO_BRAND,,,,,False,,KEEP REVIEW,insufficient evidence; could be product or ambiguous OCR,LOW,INSUFFICIENT_EVIDENCE
227774,Batch EPAN24002 Stock 7 ExPDt 12/26 MRP 99.52 Value 477.68,REVIEW,REVIEW,NO_MATCH_FALLBACK,FALLBACK:AMBIGUOUS_NO_BRAND,,,,,False,,KEEP REVIEW,insufficient evidence; could be product or ambiguous OCR,LOW,INSUFFICIENT_EVIDENCE
227776,Batch EPAO24004 Stock 1 ExPDt 02/27 MRP 179.30 Value 122.95,REVIEW,REVIEW,NO_MATCH_FALLBACK,FALLBACK:AMBIGUOUS_NO_BRAND,,,,,False,,KEEP REVIEW,insufficient evidence; could be product or ambiguous OCR,LOW,INSUFFICIENT_EVIDENCE
227780,Batch ADE02AEA Stock 1 ExPDt 03/27 MRP 168.70 Value 115.68,REVIEW,REVIEW,NO_MATCH_FALLBACK,FALLBACK:AMBIGUOUS_NO_BRAND,,,,,False,,KEEP REVIEW,insufficient evidence; could be product or ambiguous OCR,LOW,INSUFFICIENT_EVIDENCE
227788,Batch EPWEZ24001 Stock 12 ExPDt 03/27 MRP 150.78 Value 1240.68,REVIEW,REVIEW,NO_MATCH_FALLBACK,FALLBACK:AMBIGUOUS_NO_BRAND,,,,,False,,KEEP REVIEW,insufficient evidence; could be product or ambiguous OCR,LOW,INSUFFICIENT_EVIDENCE
227791,Batch EPWFQ24002 Stock 11 ExPDt 03/27 MRP 145.05 Value 1094.06,REVIEW,REVIEW,NO_MATCH_FALLBACK,FALLBACK:AMBIGUOUS_NO_BRAND,,,,,False,,KEEP REVIEW,insufficient evidence; could be product or ambiguous OCR,LOW,INSUFFICIENT_EVIDENCE
227794,Batch ADD02AEA Stock 1 ExPDt 03/27 MRP 131.30 Value 90.03,REVIEW,REVIEW,NO_MATCH_FALLBACK,FALLBACK:AMBIGUOUS_NO_BRAND,,,,,False,,KEEP REVIEW,insufficient evidence; could be product or ambiguous OCR,LOW,INSUFFICIENT_EVIDENCE
228090,GEN 6.4 25,REVIEW,REVIEW,NO_MATCH_FALLBACK,FALLBACK:AMBIGUOUS_NO_BRAND,,,,,False,,KEEP REVIEW,insufficient evidence; could be product or ambiguous OCR,LOW,INSUFFICIENT_EVIDENCE
228132,ZILABARI CN 10 15,REVIEW,REVIEW,NO_MATCH_FALLBACK,FALLBACK:AMBIGUOUS_NO_BRAND,,,,,False,,KEEP REVIEW,insufficient evidence; could be product or ambiguous OCR,LOW,INSUFFICIENT_EVIDENCE
228818,TRANSIT VALUE,REVIEW,REVIEW,NO_MATCH_FALLBACK,FALLBACK:AMBIGUOUS_NO_BRAND,,,,,False,,KEEP REVIEW,insufficient evidence; could be product or ambiguous OCR,LOW,INSUFFICIENT_EVIDENCE
229803,REEFIUM D3 10,REVIEW,REVIEW,NO_MATCH_FALLBACK,FALLBACK:AMBIGUOUS_NO_BRAND,,,,,False,,KEEP REVIEW,insufficient evidence; could be product or ambiguous OCR,LOW,INSUFFICIENT_EVIDENCE
230881,VERTEX,REVIEW,REVIEW,NO_MATCH_FALLBACK,FALLBACK:AMBIGUOUS_NO_BRAND,,,,,False,,KEEP REVIEW,insufficient evidence; could be product or ambiguous OCR,LOW,INSUFFICIENT_EVIDENCE
232911,A.C. DISTRIBUTORS,REVIEW,1,GARBAGE:pattern_garbage,GARBAGE:pattern_garbage,,,,,False,\b(AGENCIES?|DISTRIBUTORS?|MEDICO[SE]?|CORPORATION|ENTERPRISES?|TRADERS?|TRADING)\b,KEEP REVIEW,insufficient evidence; could be product or ambiguous OCR,LOW,INSUFFICIENT_EVIDENCE
232949,A.C. DISTRIBUTORS,REVIEW,1,GARBAGE:pattern_garbage,GARBAGE:pattern_garbage,,,,,False,\b(AGENCIES?|DISTRIBUTORS?|MEDICO[SE]?|CORPORATION|ENTERPRISES?|TRADERS?|TRADING)\b,KEEP REVIEW,insufficient evidence; could be product or ambiguous OCR,LOW,INSUFFICIENT_EVIDENCE
232999,A.C. DISTRIBUTORS,REVIEW,1,GARBAGE:pattern_garbage,GARBAGE:pattern_garbage,,,,,False,\b(AGENCIES?|DISTRIBUTORS?|MEDICO[SE]?|CORPORATION|ENTERPRISES?|TRADERS?|TRADING)\b,KEEP REVIEW,insufficient evidence; could be product or ambiguous OCR,LOW,INSUFFICIENT_EVIDENCE
234465,EMCUTIX SKIN NOVA,REVIEW,REVIEW,NO_MATCH_FALLBACK,FALLBACK:AMBIGUOUS_NO_BRAND,,,,,False,,CANDIDATE FOR 1,starts with known Emcure company/division prefix,STRONG,COMPANY_DIVISION_PREFIX
235770,CARD.PROTECT 2.5/1 1X10T,REVIEW,REVIEW,NO_MATCH_FALLBACK,FALLBACK:AMBIGUOUS_NO_BRAND,,,,,False,,KEEP REVIEW,insufficient evidence; could be product or ambiguous OCR,LOW,INSUFFICIENT_EVIDENCE
235771,CARD.PROTECT 5/10 1X10T,REVIEW,REVIEW,NO_MATCH_FALLBACK,FALLBACK:AMBIGUOUS_NO_BRAND,,,,,False,,KEEP REVIEW,insufficient evidence; could be product or ambiguous OCR,LOW,INSUFFICIENT_EVIDENCE
236395,MACRABERIN M 1,REVIEW,REVIEW,NO_MATCH_FALLBACK,FALLBACK:AMBIGUOUS_NO_BRAND,,,,,False,,KEEP REVIEW,insufficient evidence; could be product or ambiguous OCR,LOW,INSUFFICIENT_EVIDENCE
236963,ABBOTT HELT CNS,REVIEW,REVIEW,NO_MATCH_FALLBACK,FALLBACK:AMBIGUOUS_NO_BRAND,,,,,False,,KEEP REVIEW,insufficient evidence; could be product or ambiguous OCR,LOW,INSUFFICIENT_EVIDENCE
237549,Our Software MARG Erp 9538897115,REVIEW,REVIEW,NO_MATCH_FALLBACK,FALLBACK:AMBIGUOUS_NO_BRAND,,,,,False,,KEEP REVIEW,insufficient evidence; could be product or ambiguous OCR,LOW,INSUFFICIENT_EVIDENCE
238362,Digital Purchase ERP Ordering Healthcare QRCode on bills for extra earnings Call MARG 036124650258876585025,REVIEW,REVIEW,NO_MATCH_FALLBACK,FALLBACK:PHARMA_ENTITY,,,,,False,,CANDIDATE FOR 1,company/entity keyword (PHARMACEUTICALS/BIOPHARMA/HOSPITAL etc.),STRONG,COMPANY_ENTITY
238387,Digital Purchase ERP Ordering Healthcare QRCode on bills for extra earnings Call MARG 036124650258876585025,REVIEW,REVIEW,NO_MATCH_FALLBACK,FALLBACK:PHARMA_ENTITY,,,,,False,,CANDIDATE FOR 1,company/entity keyword (PHARMACEUTICALS/BIOPHARMA/HOSPITAL etc.),STRONG,COMPANY_ENTITY
238717,USHA DRUG AGENCY,REVIEW,REVIEW,NO_MATCH_FALLBACK,FALLBACK:DISTRIBUTION_ENTITY,,,,,False,,KEEP REVIEW,insufficient evidence; could be product or ambiguous OCR,LOW,INSUFFICIENT_EVIDENCE
238719,Our Software MARG Erp 748803336891170000419117000042,REVIEW,REVIEW,NO_MATCH_FALLBACK,FALLBACK:AMBIGUOUS_NO_BRAND,,,,,False,,KEEP REVIEW,insufficient evidence; could be product or ambiguous OCR,LOW,INSUFFICIENT_EVIDENCE
241038,FEMCURA PHARMACEUTICALS PVT LTD (874) --,REVIEW,REVIEW,NO_MATCH_FALLBACK,FALLBACK:PHARMA_ENTITY,,,,,False,,CANDIDATE FOR 1,company/entity keyword (PHARMACEUTICALS/BIOPHARMA/HOSPITAL etc.),STRONG,COMPANY_ENTITY
241041,MYOFOLIC HD SACHETS . --,REVIEW,REVIEW,NO_MATCH_FALLBACK,FALLBACK:AMBIGUOUS_NO_BRAND,,,,,False,,KEEP REVIEW,insufficient evidence; could be product or ambiguous OCR,LOW,INSUFFICIENT_EVIDENCE
241042,MYOFOLIC OBIS . --,REVIEW,REVIEW,NO_MATCH_FALLBACK,FALLBACK:AMBIGUOUS_NO_BRAND,,,,,False,,KEEP REVIEW,insufficient evidence; could be product or ambiguous OCR,LOW,INSUFFICIENT_EVIDENCE
241043,NVP CARE OD . --,REVIEW,REVIEW,NO_MATCH_FALLBACK,FALLBACK:AMBIGUOUS_NO_BRAND,,,,,False,,KEEP REVIEW,insufficient evidence; could be product or ambiguous OCR,LOW,INSUFFICIENT_EVIDENCE
241045,UTI SAFE-KM SACHETS . --,REVIEW,REVIEW,NO_MATCH_FALLBACK,FALLBACK:AMBIGUOUS_NO_BRAND,,,,,False,,KEEP REVIEW,insufficient evidence; could be product or ambiguous OCR,LOW,INSUFFICIENT_EVIDENCE
243731,GAYATHRI MEDICAL AGENCIES,REVIEW,1,GARBAGE:pattern_garbage,GARBAGE:pattern_garbage,,,,,False,\b(AGENCIES?|DISTRIBUTORS?|MEDICO[SE]?|CORPORATION|ENTERPRISES?|TRADERS?|TRADING)\b,KEEP REVIEW,insufficient evidence; could be product or ambiguous OCR,LOW,INSUFFICIENT_EVIDENCE
243771,GAYATHRI MEDICAL AGENCIES,REVIEW,1,GARBAGE:pattern_garbage,GARBAGE:pattern_garbage,,,,,False,\b(AGENCIES?|DISTRIBUTORS?|MEDICO[SE]?|CORPORATION|ENTERPRISES?|TRADERS?|TRADING)\b,KEEP REVIEW,insufficient evidence; could be product or ambiguous OCR,LOW,INSUFFICIENT_EVIDENCE
243831,GAYATHRI MEDICAL AGENCIES,REVIEW,1,GARBAGE:pattern_garbage,GARBAGE:pattern_garbage,,,,,False,\b(AGENCIES?|DISTRIBUTORS?|MEDICO[SE]?|CORPORATION|ENTERPRISES?|TRADERS?|TRADING)\b,KEEP REVIEW,insufficient evidence; could be product or ambiguous OCR,LOW,INSUFFICIENT_EVIDENCE
243866,GAYATHRI MEDICAL AGENCIES,REVIEW,1,GARBAGE:pattern_garbage,GARBAGE:pattern_garbage,,,,,False,\b(AGENCIES?|DISTRIBUTORS?|MEDICO[SE]?|CORPORATION|ENTERPRISES?|TRADERS?|TRADING)\b,KEEP REVIEW,insufficient evidence; could be product or ambiguous OCR,LOW,INSUFFICIENT_EVIDENCE
243921,GAYATHRI MEDICAL AGENCIES,REVIEW,1,GARBAGE:pattern_garbage,GARBAGE:pattern_garbage,,,,,False,\b(AGENCIES?|DISTRIBUTORS?|MEDICO[SE]?|CORPORATION|ENTERPRISES?|TRADERS?|TRADING)\b,KEEP REVIEW,insufficient evidence; could be product or ambiguous OCR,LOW,INSUFFICIENT_EVIDENCE
243947,Digital Purchase ERP Ordering Healthcare QRCode on bills for extra earnings Call MARG 9989711318,REVIEW,REVIEW,NO_MATCH_FALLBACK,FALLBACK:PHARMA_ENTITY,,,,,False,,CANDIDATE FOR 1,company/entity keyword (PHARMACEUTICALS/BIOPHARMA/HOSPITAL etc.),STRONG,COMPANY_ENTITY
243963,VYLDADM --,REVIEW,REVIEW,NO_MATCH_FALLBACK,FALLBACK:AMBIGUOUS_NO_BRAND,,,,,False,,KEEP REVIEW,insufficient evidence; could be product or ambiguous OCR,LOW,INSUFFICIENT_EVIDENCE
244277,GAYATHRI MEDICAL AGENCIES,REVIEW,1,GARBAGE:pattern_garbage,GARBAGE:pattern_garbage,,,,,False,\b(AGENCIES?|DISTRIBUTORS?|MEDICO[SE]?|CORPORATION|ENTERPRISES?|TRADERS?|TRADING)\b,KEEP REVIEW,insufficient evidence; could be product or ambiguous OCR,LOW,INSUFFICIENT_EVIDENCE
244317,GAYATHRI MEDICAL AGENCIES,REVIEW,1,GARBAGE:pattern_garbage,GARBAGE:pattern_garbage,,,,,False,\b(AGENCIES?|DISTRIBUTORS?|MEDICO[SE]?|CORPORATION|ENTERPRISES?|TRADERS?|TRADING)\b,KEEP REVIEW,insufficient evidence; could be product or ambiguous OCR,LOW,INSUFFICIENT_EVIDENCE
244377,GAYATHRI MEDICAL AGENCIES,REVIEW,1,GARBAGE:pattern_garbage,GARBAGE:pattern_garbage,,,,,False,\b(AGENCIES?|DISTRIBUTORS?|MEDICO[SE]?|CORPORATION|ENTERPRISES?|TRADERS?|TRADING)\b,KEEP REVIEW,insufficient evidence; could be product or ambiguous OCR,LOW,INSUFFICIENT_EVIDENCE
244412,GAYATHRI MEDICAL AGENCIES,REVIEW,1,GARBAGE:pattern_garbage,GARBAGE:pattern_garbage,,,,,False,\b(AGENCIES?|DISTRIBUTORS?|MEDICO[SE]?|CORPORATION|ENTERPRISES?|TRADERS?|TRADING)\b,KEEP REVIEW,insufficient evidence; could be product or ambiguous OCR,LOW,INSUFFICIENT_EVIDENCE
244467,GAYATHRI MEDICAL AGENCIES,REVIEW,1,GARBAGE:pattern_garbage,GARBAGE:pattern_garbage,,,,,False,\b(AGENCIES?|DISTRIBUTORS?|MEDICO[SE]?|CORPORATION|ENTERPRISES?|TRADERS?|TRADING)\b,KEEP REVIEW,insufficient evidence; could be product or ambiguous OCR,LOW,INSUFFICIENT_EVIDENCE
244493,Digital Purchase ERP Ordering Healthcare QRCode on bills for extra earnings Call MARG 9989711318,REVIEW,REVIEW,NO_MATCH_FALLBACK,FALLBACK:PHARMA_ENTITY,,,,,False,,CANDIDATE FOR 1,company/entity keyword (PHARMACEUTICALS/BIOPHARMA/HOSPITAL etc.),STRONG,COMPANY_ENTITY
245786,GEENOVA BIOPHARMACEUTICALS,REVIEW,REVIEW,NO_MATCH_FALLBACK,FALLBACK:AMBIGUOUS_NO_BRAND,,,,,False,,KEEP REVIEW,insufficient evidence; could be product or ambiguous OCR,LOW,INSUFFICIENT_EVIDENCE
245801,ROCHE NEPHROLOGY,REVIEW,REVIEW,NO_MATCH_FALLBACK,FALLBACK:AMBIGUOUS_NO_BRAND,,,,,False,,KEEP REVIEW,insufficient evidence; could be product or ambiguous OCR,LOW,INSUFFICIENT_EVIDENCE
246025,BIOLINE WHITE P JELLY,REVIEW,REVIEW,NO_MATCH_FALLBACK,FALLBACK:AMBIGUOUS_NO_BRAND,,,,,False,,KEEP REVIEW,insufficient evidence; could be product or ambiguous OCR,LOW,INSUFFICIENT_EVIDENCE
246026,CATH DOUBLE LUMAN HD CATH 1,REVIEW,REVIEW,NO_MATCH_FALLBACK,FALLBACK:AMBIGUOUS_NO_BRAND,,,,,False,,KEEP REVIEW,insufficient evidence; could be product or ambiguous OCR,LOW,INSUFFICIENT_EVIDENCE
246028,CATH PAED.HD 8.5FR11CM 1,REVIEW,REVIEW,NO_MATCH_FALLBACK,FALLBACK:AMBIGUOUS_NO_BRAND,,,,,False,,KEEP REVIEW,insufficient evidence; could be product or ambiguous OCR,LOW,INSUFFICIENT_EVIDENCE
246482,EMCEE,REVIEW,REVIEW,NO_MATCH_FALLBACK,FALLBACK:VERY_SHORT,,,,,False,,KEEP REVIEW,insufficient evidence; could be product or ambiguous OCR,LOW,INSUFFICIENT_EVIDENCE
247186,GENNOVA BIOPHARAMACEUTI,REVIEW,REVIEW,NO_MATCH_FALLBACK,FALLBACK:AMBIGUOUS_NO_BRAND,,,,,False,,CANDIDATE FOR 1,starts with known Emcure company/division prefix,STRONG,COMPANY_DIVISION_PREFIX
248063,OROFERXTSUSPENSION 200,REVIEW,REVIEW,NO_MATCH_FALLBACK,FALLBACK:AMBIGUOUS_NO_BRAND,,,,,False,,KEEP REVIEW,insufficient evidence; could be product or ambiguous OCR,LOW,INSUFFICIENT_EVIDENCE
248200,MEGA FREEFLEX 1X10S,REVIEW,REVIEW,NO_MATCH_FALLBACK,FALLBACK:AMBIGUOUS_NO_BRAND,,,,,False,,KEEP REVIEW,insufficient evidence; could be product or ambiguous OCR,LOW,INSUFFICIENT_EVIDENCE
249697,GENNOVA-STRKE CARE,REVIEW,REVIEW,NO_MATCH_FALLBACK,FALLBACK:AMBIGUOUS_NO_BRAND,,,,,False,,CANDIDATE FOR 1,starts with known Emcure company/division prefix,STRONG,COMPANY_DIVISION_PREFIX
249762,ACEGABA100MG TABS15S,REVIEW,REVIEW,NO_MATCH_FALLBACK,FALLBACK:AMBIGUOUS_NO_BRAND,,,,,False,,KEEP REVIEW,insufficient evidence; could be product or ambiguous OCR,LOW,INSUFFICIENT_EVIDENCE
250718,VICAREBLISS 0,REVIEW,REVIEW,NO_MATCH_FALLBACK,FALLBACK:AMBIGUOUS_NO_BRAND,,,,,False,,KEEP REVIEW,insufficient evidence; could be product or ambiguous OCR,LOW,INSUFFICIENT_EVIDENCE
250719,VICARETOTAL 0,REVIEW,REVIEW,NO_MATCH_FALLBACK,FALLBACK:AMBIGUOUS_NO_BRAND,,,,,False,,KEEP REVIEW,insufficient evidence; could be product or ambiguous OCR,LOW,INSUFFICIENT_EVIDENCE
250721,PHARMA DIVISION,REVIEW,REVIEW,NO_MATCH_FALLBACK,FALLBACK:STRUCTURAL_KW,,,,,False,,CANDIDATE FOR 1,company-like name without pharma dosage form,MODERATE,PHARMA_COMPANY_NAME
250817,Digital Purchase ERP Ordering Healthcare QRCode on bills for extra earnings Call MARG 967483170388206565659749051004,REVIEW,REVIEW,NO_MATCH_FALLBACK,FALLBACK:PHARMA_ENTITY,,,,,False,,CANDIDATE FOR 1,company/entity keyword (PHARMACEUTICALS/BIOPHARMA/HOSPITAL etc.),STRONG,COMPANY_ENTITY
250901,PH BAR75 GM,REVIEW,REVIEW,NO_MATCH_FALLBACK,FALLBACK:AMBIGUOUS_NO_BRAND,,,,,False,,KEEP REVIEW,insufficient evidence; could be product or ambiguous OCR,LOW,INSUFFICIENT_EVIDENCE
250935,UNICOBAL FORT1X10T,REVIEW,REVIEW,NO_MATCH_FALLBACK,FALLBACK:AMBIGUOUS_NO_BRAND,,,,,False,,KEEP REVIEW,insufficient evidence; could be product or ambiguous OCR,LOW,INSUFFICIENT_EVIDENCE
251094,CITOLAC ER 300 UNSURE,REVIEW,REVIEW,NO_MATCH_FALLBACK,FALLBACK:AMBIGUOUS_NO_BRAND,,,,,False,,KEEP REVIEW,insufficient evidence; could be product or ambiguous OCR,LOW,INSUFFICIENT_EVIDENCE
251129,RAVAIS VACSIN UNSURE,REVIEW,REVIEW,NO_MATCH_FALLBACK,FALLBACK:AMBIGUOUS_NO_BRAND,,,,,False,,KEEP REVIEW,insufficient evidence; could be product or ambiguous OCR,LOW,INSUFFICIENT_EVIDENCE
251138,UPRISE D3 1 K UNSURE,REVIEW,REVIEW,NO_MATCH_FALLBACK,FALLBACK:AMBIGUOUS_NO_BRAND,,,,,False,,KEEP REVIEW,insufficient evidence; could be product or ambiguous OCR,LOW,INSUFFICIENT_EVIDENCE
251282,TAMFLO 0.4 UNSURE,REVIEW,REVIEW,NO_MATCH_FALLBACK,FALLBACK:AMBIGUOUS_NO_BRAND,,,,,False,,KEEP REVIEW,insufficient evidence; could be product or ambiguous OCR,LOW,INSUFFICIENT_EVIDENCE
251819,GURUKRIPA PHARMACEUTICALS,REVIEW,REVIEW,NO_MATCH_FALLBACK,FALLBACK:PHARMA_ENTITY,,,,,False,,CANDIDATE FOR 1,company/entity keyword (PHARMACEUTICALS/BIOPHARMA/HOSPITAL etc.),STRONG,COMPANY_ENTITY
251873,GURUKRIPA PHARMACEUTICALS,REVIEW,REVIEW,NO_MATCH_FALLBACK,FALLBACK:PHARMA_ENTITY,,,,,False,,CANDIDATE FOR 1,company/entity keyword (PHARMACEUTICALS/BIOPHARMA/HOSPITAL etc.),STRONG,COMPANY_ENTITY
251928,GURUKRIPA PHARMACEUTICALS,REVIEW,REVIEW,NO_MATCH_FALLBACK,FALLBACK:PHARMA_ENTITY,,,,,False,,CANDIDATE FOR 1,company/entity keyword (PHARMACEUTICALS/BIOPHARMA/HOSPITAL etc.),STRONG,COMPANY_ENTITY
251965,GURUKRIPA PHARMACEUTICALS,REVIEW,REVIEW,NO_MATCH_FALLBACK,FALLBACK:PHARMA_ENTITY,,,,,False,,CANDIDATE FOR 1,company/entity keyword (PHARMACEUTICALS/BIOPHARMA/HOSPITAL etc.),STRONG,COMPANY_ENTITY
252135,ROSUVAS F 20,REVIEW,REVIEW,NO_MATCH_FALLBACK,FALLBACK:AMBIGUOUS_NO_BRAND,,,,,False,,KEEP REVIEW,insufficient evidence; could be product or ambiguous OCR,LOW,INSUFFICIENT_EVIDENCE
252153,HINDUSTAN DRUGS AND SURGICALS,REVIEW,REVIEW,NO_MATCH_FALLBACK,FALLBACK:AMBIGUOUS_NO_BRAND,,,,,False,,KEEP REVIEW,insufficient evidence; could be product or ambiguous OCR,LOW,INSUFFICIENT_EVIDENCE
252205,HINDUSTAN DRUGS AND SURGICALS,REVIEW,REVIEW,NO_MATCH_FALLBACK,FALLBACK:AMBIGUOUS_NO_BRAND,,,,,False,,KEEP REVIEW,insufficient evidence; could be product or ambiguous OCR,LOW,INSUFFICIENT_EVIDENCE
252642,KLAP 10T,REVIEW,REVIEW,NO_MATCH_FALLBACK,FALLBACK:AMBIGUOUS_NO_BRAND,,,,,False,,KEEP REVIEW,insufficient evidence; could be product or ambiguous OCR,LOW,INSUFFICIENT_EVIDENCE
253103,EMSITA50TAB,REVIEW,REVIEW,NO_MATCH_FALLBACK,FALLBACK:AMBIGUOUS_NO_BRAND,,,,,False,,KEEP REVIEW,insufficient evidence; could be product or ambiguous OCR,LOW,INSUFFICIENT_EVIDENCE
253751,PURC 0 SALE 35139 STOCK 36672 STK120 478 LZSTK 3470,REVIEW,REVIEW,NO_MATCH_FALLBACK,FALLBACK:AMBIGUOUS_NO_BRAND,,,,,False,,KEEP REVIEW,insufficient evidence; could be product or ambiguous OCR,LOW,INSUFFICIENT_EVIDENCE
253787,PURC 0 SALE 68355 STOCK 40631 STK120 2257 EXP6M 1939 LZSTK 3302,REVIEW,REVIEW,NO_MATCH_FALLBACK,FALLBACK:AMBIGUOUS_NO_BRAND,,,,,False,,KEEP REVIEW,insufficient evidence; could be product or ambiguous OCR,LOW,INSUFFICIENT_EVIDENCE
253794,PURC 0 SALE 3095 STOCK 5883 STK120 502 LZSTK 502,REVIEW,REVIEW,NO_MATCH_FALLBACK,FALLBACK:AMBIGUOUS_NO_BRAND,,,,,False,,KEEP REVIEW,insufficient evidence; could be product or ambiguous OCR,LOW,INSUFFICIENT_EVIDENCE
253816,PURC 0 SALE 24080 STOCK 72582 STK120 3999 LZSTK 14356,REVIEW,REVIEW,NO_MATCH_FALLBACK,FALLBACK:AMBIGUOUS_NO_BRAND,,,,,False,,KEEP REVIEW,insufficient evidence; could be product or ambiguous OCR,LOW,INSUFFICIENT_EVIDENCE
253819,PURC 0 SALE 0 STOCK 0,REVIEW,REVIEW,NO_MATCH_FALLBACK,FALLBACK:AMBIGUOUS_NO_BRAND,,,,,False,,KEEP REVIEW,insufficient evidence; could be product or ambiguous OCR,LOW,INSUFFICIENT_EVIDENCE
253827,PURC 0 SALE 6402 STOCK 4226,REVIEW,REVIEW,NO_MATCH_FALLBACK,FALLBACK:AMBIGUOUS_NO_BRAND,,,,,False,,KEEP REVIEW,insufficient evidence; could be product or ambiguous OCR,LOW,INSUFFICIENT_EVIDENCE
253860,PURC 0 SALE 104392 STOCK 60771 STK120 643 LZSTK 490,REVIEW,REVIEW,NO_MATCH_FALLBACK,FALLBACK:AMBIGUOUS_NO_BRAND,,,,,False,,KEEP REVIEW,insufficient evidence; could be product or ambiguous OCR,LOW,INSUFFICIENT_EVIDENCE
253882,PURC 0 SALE 216451 STOCK 119400 LZSTK 3290,REVIEW,REVIEW,NO_MATCH_FALLBACK,FALLBACK:AMBIGUOUS_NO_BRAND,,,,,False,,KEEP REVIEW,insufficient evidence; could be product or ambiguous OCR,LOW,INSUFFICIENT_EVIDENCE
253932,PURC 0 SALE 283360 STOCK 165798 STK120 639 EXP6M 2144 LZSTK 4931,REVIEW,REVIEW,NO_MATCH_FALLBACK,FALLBACK:AMBIGUOUS_NO_BRAND,,,,,False,,KEEP REVIEW,insufficient evidence; could be product or ambiguous OCR,LOW,INSUFFICIENT_EVIDENCE
253933,Please clear following Debit Notes immediately..,REVIEW,REVIEW,NO_MATCH_FALLBACK,FALLBACK:AMBIGUOUS_NO_BRAND,,,,,False,,KEEP REVIEW,insufficient evidence; could be product or ambiguous OCR,LOW,INSUFFICIENT_EVIDENCE
253934,Pending Dr.Notes - Date - NetAmt 21987.00,REVIEW,REVIEW,NO_MATCH_FALLBACK,FALLBACK:AMBIGUOUS_NO_BRAND,,,,,False,,KEEP REVIEW,insufficient evidence; could be product or ambiguous OCR,LOW,INSUFFICIENT_EVIDENCE
253949,PURC 0 SALE 52292 STOCK 43784 STK120 5158 LZSTK 16823,REVIEW,REVIEW,NO_MATCH_FALLBACK,FALLBACK:AMBIGUOUS_NO_BRAND,,,,,False,,KEEP REVIEW,insufficient evidence; could be product or ambiguous OCR,LOW,INSUFFICIENT_EVIDENCE
253974,PURC 0 SALE 22252 STOCK 13170 STK120 2169 LZSTK 2955,REVIEW,REVIEW,NO_MATCH_FALLBACK,FALLBACK:AMBIGUOUS_NO_BRAND,,,,,False,,KEEP REVIEW,insufficient evidence; could be product or ambiguous OCR,LOW,INSUFFICIENT_EVIDENCE
253975,Please clear following Debit Notes immediately..,REVIEW,REVIEW,NO_MATCH_FALLBACK,FALLBACK:AMBIGUOUS_NO_BRAND,,,,,False,,KEEP REVIEW,insufficient evidence; could be product or ambiguous OCR,LOW,INSUFFICIENT_EVIDENCE
253976,Pending Dr.Notes - Date - NetAmt 2321.00,REVIEW,REVIEW,NO_MATCH_FALLBACK,FALLBACK:AMBIGUOUS_NO_BRAND,,,,,False,,KEEP REVIEW,insufficient evidence; could be product or ambiguous OCR,LOW,INSUFFICIENT_EVIDENCE
253977,EMCUTIX 08/08/26 2321.00,REVIEW,REVIEW,NO_MATCH_FALLBACK,FALLBACK:AMBIGUOUS_NO_BRAND,,,,,False,,CANDIDATE FOR 1,starts with known Emcure company/division prefix,STRONG,COMPANY_DIVISION_PREFIX
254037,PURC 0 SALE 141428 STOCK 120300 STK120 5133 EXP6M 186 LZSTK 6606,REVIEW,REVIEW,NO_MATCH_FALLBACK,FALLBACK:AMBIGUOUS_NO_BRAND,,,,,False,,KEEP REVIEW,insufficient evidence; could be product or ambiguous OCR,LOW,INSUFFICIENT_EVIDENCE
254045,PURC 0 SALE 24898 STOCK 11858 STK120 3251 LZSTK 3251,REVIEW,REVIEW,NO_MATCH_FALLBACK,FALLBACK:AMBIGUOUS_NO_BRAND,,,,,False,,KEEP REVIEW,insufficient evidence; could be product or ambiguous OCR,LOW,INSUFFICIENT_EVIDENCE
254046,PURC 0 SALE 982143 STOCK 695073 STK120 24229 EXP6M 4268 LZSTK 59975,REVIEW,REVIEW,NO_MATCH_FALLBACK,FALLBACK:AMBIGUOUS_NO_BRAND,,,,,False,,KEEP REVIEW,insufficient evidence; could be product or ambiguous OCR,LOW,INSUFFICIENT_EVIDENCE
254049,Report End 286 Records,REVIEW,REVIEW,NO_MATCH_FALLBACK,FALLBACK:AMBIGUOUS_NO_BRAND,,,,,False,,KEEP REVIEW,insufficient evidence; could be product or ambiguous OCR,LOW,INSUFFICIENT_EVIDENCE
254051,This is a computer-generated report that does not require a stamp orsignature,REVIEW,REVIEW,NO_MATCH_FALLBACK,FALLBACK:AMBIGUOUS_NO_BRAND,,,,,False,,KEEP REVIEW,insufficient evidence; could be product or ambiguous OCR,LOW,INSUFFICIENT_EVIDENCE
254179,MILTON LIFECARE PVT. LTD.,REVIEW,1,GARBAGE:pattern_garbage,GARBAGE:pattern_garbage,,,,,False,\b(PVT\.?\s+)?LTD\.?\s*$,KEEP REVIEW,insufficient evidence; could be product or ambiguous OCR,LOW,INSUFFICIENT_EVIDENCE
254680,Totals358414,REVIEW,REVIEW,NO_MATCH_FALLBACK,FALLBACK:AMBIGUOUS_NO_BRAND,,,,,False,,KEEP REVIEW,insufficient evidence; could be product or ambiguous OCR,LOW,INSUFFICIENT_EVIDENCE
254750,ZILLIA M2 T 10T,REVIEW,REVIEW,NO_MATCH_FALLBACK,FALLBACK:AMBIGUOUS_NO_BRAND,,,,,False,,KEEP REVIEW,insufficient evidence; could be product or ambiguous OCR,LOW,INSUFFICIENT_EVIDENCE
254942,LACTODEX MF 20X1G 20,REVIEW,REVIEW,NO_MATCH_FALLBACK,FALLBACK:AMBIGUOUS_NO_BRAND,,,,,False,,KEEP REVIEW,insufficient evidence; could be product or ambiguous OCR,LOW,INSUFFICIENT_EVIDENCE
254950,PROBLAST-XT 10T,REVIEW,REVIEW,NO_MATCH_FALLBACK,FALLBACK:AMBIGUOUS_NO_BRAND,,,,,False,,KEEP REVIEW,insufficient evidence; could be product or ambiguous OCR,LOW,INSUFFICIENT_EVIDENCE
254961,SPORLAC GG SAHET 10T,REVIEW,REVIEW,NO_MATCH_FALLBACK,FALLBACK:AMBIGUOUS_NO_BRAND,,,,,False,,KEEP REVIEW,insufficient evidence; could be product or ambiguous OCR,LOW,INSUFFICIENT_EVIDENCE
255022,HUMINSULIN 30/70 1,REVIEW,REVIEW,NO_MATCH_FALLBACK,FALLBACK:AMBIGUOUS_NO_BRAND,,,,,False,,KEEP REVIEW,insufficient evidence; could be product or ambiguous OCR,LOW,INSUFFICIENT_EVIDENCE
255088,EMCUR-SANOFI,REVIEW,1,GARBAGE:pattern_garbage,GARBAGE:pattern_garbage,,,EMCOR_without_CREAM_TUBE,,False,\bSANOFI\b,CANDIDATE FOR 1,brand invalidated (EMCOR_without_CREAM_TUBE) + no pharma signal,MODERATE,INVALIDATED_NO_PHARMA
256198,GENNOVA ONCOCARE LTD,REVIEW,1,GARBAGE:pattern_garbage,GARBAGE:pattern_garbage,,,,,False,\b(PVT\.?\s+)?LTD\.?\s*$,CANDIDATE FOR 1,starts with known Emcure company/division prefix,STRONG,COMPANY_DIVISION_PREFIX
256201,GENNOVA RENOVA,REVIEW,REVIEW,NO_MATCH_FALLBACK,FALLBACK:AMBIGUOUS_NO_BRAND,,,,,False,,CANDIDATE FOR 1,starts with known Emcure company/division prefix,STRONG,COMPANY_DIVISION_PREFIX
256210,GENNOVA REVIVA,REVIEW,REVIEW,NO_MATCH_FALLBACK,FALLBACK:AMBIGUOUS_NO_BRAND,,,,,False,,CANDIDATE FOR 1,starts with known Emcure company/division prefix,STRONG,COMPANY_DIVISION_PREFIX
256334,ADITI MEDICAL AGENCY,REVIEW,REVIEW,NO_MATCH_FALLBACK,FALLBACK:DISTRIBUTION_ENTITY,,,,,False,,KEEP REVIEW,insufficient evidence; could be product or ambiguous OCR,LOW,INSUFFICIENT_EVIDENCE
256660,Totals 16639.00 26079.00 23490.00 14902.69,REVIEW,REVIEW,NO_MATCH_FALLBACK,FALLBACK:AMBIGUOUS_NO_BRAND,,,,,False,,KEEP REVIEW,insufficient evidence; could be product or ambiguous OCR,LOW,INSUFFICIENT_EVIDENCE
257017,SATRVOG M.02 10,REVIEW,REVIEW,NO_MATCH_FALLBACK,FALLBACK:AMBIGUOUS_NO_BRAND,,,,,False,,KEEP REVIEW,insufficient evidence; could be product or ambiguous OCR,LOW,INSUFFICIENT_EVIDENCE
257021,STARVOG M 0.3 10,REVIEW,REVIEW,NO_MATCH_FALLBACK,FALLBACK:AMBIGUOUS_NO_BRAND,,,,,False,,KEEP REVIEW,insufficient evidence; could be product or ambiguous OCR,LOW,INSUFFICIENT_EVIDENCE
257409,GENNOVA,REVIEW,REVIEW,NO_MATCH_FALLBACK,FALLBACK:AMBIGUOUS_NO_BRAND,,,,,False,,CANDIDATE FOR 1,starts with known Emcure company/division prefix,STRONG,COMPANY_DIVISION_PREFIX
257792,Pack OpStk Qty,REVIEW,REVIEW,NO_MATCH_FALLBACK,FALLBACK:AMBIGUOUS_NO_BRAND,,,,,False,,KEEP REVIEW,insufficient evidence; could be product or ambiguous OCR,LOW,INSUFFICIENT_EVIDENCE
259075,TOTALCAL D3 20,REVIEW,REVIEW,NO_MATCH_FALLBACK,FALLBACK:AMBIGUOUS_NO_BRAND,,,,,False,,KEEP REVIEW,insufficient evidence; could be product or ambiguous OCR,LOW,INSUFFICIENT_EVIDENCE
259239,XXXTEMSAN CT 6.25 10,REVIEW,REVIEW,NO_MATCH_FALLBACK,FALLBACK:AMBIGUOUS_NO_BRAND,,,,,False,,KEEP REVIEW,insufficient evidence; could be product or ambiguous OCR,LOW,INSUFFICIENT_EVIDENCE
259421,End Of Report,REVIEW,REVIEW,NO_MATCH_FALLBACK,FALLBACK:AMBIGUOUS_NO_BRAND,,,,,False,,KEEP REVIEW,insufficient evidence; could be product or ambiguous OCR,LOW,INSUFFICIENT_EVIDENCE
260082,Import Purchase ONLINE No Manual Entry MARG ERP Rs.5550 StocksAccountsGST Call 88661691569879187362,REVIEW,REVIEW,NO_MATCH_FALLBACK,FALLBACK:STRUCTURAL_KW,,,,,False,,KEEP REVIEW,insufficient evidence; could be product or ambiguous OCR,LOW,INSUFFICIENT_EVIDENCE
261778,NEW JAIN PHARMA DISTRIBUTORS,REVIEW,1,GARBAGE:pattern_garbage,GARBAGE:pattern_garbage,,,NEW_without_NORMET,,False,\b(AGENCIES?|DISTRIBUTORS?|MEDICO[SE]?|CORPORATION|ENTERPRISES?|TRADERS?|TRADING)\b,CANDIDATE FOR 1,brand invalidated (NEW_without_NORMET) + no pharma signal,MODERATE,INVALIDATED_NO_PHARMA
262521,OLVANCE AM 40,REVIEW,REVIEW,NO_MATCH_FALLBACK,FALLBACK:AMBIGUOUS_NO_BRAND,,,,,False,,KEEP REVIEW,insufficient evidence; could be product or ambiguous OCR,LOW,INSUFFICIENT_EVIDENCE
264834,Opn Stk,REVIEW,REVIEW,NO_MATCH_FALLBACK,FALLBACK:AMBIGUOUS_NO_BRAND,,,,,False,,KEEP REVIEW,insufficient evidence; could be product or ambiguous OCR,LOW,INSUFFICIENT_EVIDENCE
265640,GENNOVA-DIALYSIS,REVIEW,REVIEW,NO_MATCH_FALLBACK,FALLBACK:AMBIGUOUS_NO_BRAND,,,,,False,,CANDIDATE FOR 1,starts with known Emcure company/division prefix,STRONG,COMPANY_DIVISION_PREFIX
265732,MILTON LIFECARE PVT. LTD.,REVIEW,1,GARBAGE:pattern_garbage,GARBAGE:pattern_garbage,,,,,False,\b(PVT\.?\s+)?LTD\.?\s*$,KEEP REVIEW,insufficient evidence; could be product or ambiguous OCR,LOW,INSUFFICIENT_EVIDENCE
268977,OCOTECUT,REVIEW,REVIEW,NO_MATCH_FALLBACK,FALLBACK:AMBIGUOUS_NO_BRAND,,,,,False,,KEEP REVIEW,insufficient evidence; could be product or ambiguous OCR,LOW,INSUFFICIENT_EVIDENCE
269216,MATERNAHCG10000 HP 1V,REVIEW,REVIEW,NO_MATCH_FALLBACK,FALLBACK:AMBIGUOUS_NO_BRAND,,,,,False,,KEEP REVIEW,insufficient evidence; could be product or ambiguous OCR,LOW,INSUFFICIENT_EVIDENCE
272356,GENERAL --,REVIEW,REVIEW,NO_MATCH_FALLBACK,FALLBACK:AMBIGUOUS_NO_BRAND,,,,,False,,KEEP REVIEW,insufficient evidence; could be product or ambiguous OCR,LOW,INSUFFICIENT_EVIDENCE
272368,GENERAL,REVIEW,REVIEW,NO_MATCH_FALLBACK,FALLBACK:AMBIGUOUS_NO_BRAND,,,,,False,,KEEP REVIEW,insufficient evidence; could be product or ambiguous OCR,LOW,INSUFFICIENT_EVIDENCE
274036,Prepared by Ahmad Billing on 01-Sep-2026 14:44 From System Biomed 0,REVIEW,REVIEW,NO_MATCH_FALLBACK,FALLBACK:AMBIGUOUS_NO_BRAND,,,,,False,,KEEP REVIEW,insufficient evidence; could be product or ambiguous OCR,LOW,INSUFFICIENT_EVIDENCE
274037,This is a Computer Generated Report Which Does Not Require Stamp or Signature*** 0,REVIEW,REVIEW,NO_MATCH_FALLBACK,FALLBACK:AMBIGUOUS_NO_BRAND,,,,,False,,KEEP REVIEW,insufficient evidence; could be product or ambiguous OCR,LOW,INSUFFICIENT_EVIDENCE
274039,SALE : 120738.09 STOCK : 34498.80 EXSTK : 20066.40 STK120 : 23816.70 EXP6M : 23816.70 LZSTK : 10033.20 0,REVIEW,REVIEW,NO_MATCH_FALLBACK,FALLBACK:AMBIGUOUS_NO_BRAND,,,,,False,,KEEP REVIEW,insufficient evidence; could be product or ambiguous OCR,LOW,INSUFFICIENT_EVIDENCE
274048,Prepared by Ahmad Billing on 01-Sep-2026 14:44 From System Biomed 0,REVIEW,REVIEW,NO_MATCH_FALLBACK,FALLBACK:AMBIGUOUS_NO_BRAND,,,,,False,,KEEP REVIEW,insufficient evidence; could be product or ambiguous OCR,LOW,INSUFFICIENT_EVIDENCE
274049,This is a Computer Generated Report Which Does Not Require Stamp or Signature*** 0,REVIEW,REVIEW,NO_MATCH_FALLBACK,FALLBACK:AMBIGUOUS_NO_BRAND,,,,,False,,KEEP REVIEW,insufficient evidence; could be product or ambiguous OCR,LOW,INSUFFICIENT_EVIDENCE
275825,ALLSTAR PAN 1PIC,REVIEW,REVIEW,NO_MATCH_FALLBACK,FALLBACK:AMBIGUOUS_NO_BRAND,,,,,False,,KEEP REVIEW,insufficient evidence; could be product or ambiguous OCR,LOW,INSUFFICIENT_EVIDENCE
275886,LANTUS U 100 SOLOSTAR 1,REVIEW,REVIEW,NO_MATCH_FALLBACK,FALLBACK:AMBIGUOUS_NO_BRAND,,,,,False,,KEEP REVIEW,insufficient evidence; could be product or ambiguous OCR,LOW,INSUFFICIENT_EVIDENCE
276098,MIENTA PLUS,REVIEW,REVIEW,NO_MATCH_FALLBACK,FALLBACK:AMBIGUOUS_NO_BRAND,,,,,False,,KEEP REVIEW,insufficient evidence; could be product or ambiguous OCR,LOW,INSUFFICIENT_EVIDENCE
276347,FOLDABLE WHEEL CHAIR,REVIEW,REVIEW,NO_MATCH_FALLBACK,FALLBACK:AMBIGUOUS_NO_BRAND,,,,,False,,KEEP REVIEW,insufficient evidence; could be product or ambiguous OCR,LOW,INSUFFICIENT_EVIDENCE
276614,Sale of period 50164.15 GST 2508.20 Cumulative 0.00 Total stock as on :31/08/26 31928.06,REVIEW,REVIEW,NO_MATCH_FALLBACK,FALLBACK:STRUCTURAL_KW,,,,,False,,CANDIDATE FOR 1,structural/aggregate keyword present,MODERATE,STRUCTURAL_KEYWORD
276615,Total cost of near expiry items 0.00 Total cost of dump stock more than 60 days: 3084.18,REVIEW,REVIEW,NO_MATCH_FALLBACK,FALLBACK:STRUCTURAL_KW,,,,,False,,CANDIDATE FOR 1,structural/aggregate keyword present,MODERATE,STRUCTURAL_KEYWORD
276616,Purchase of period 54768.14 GSTBase 52029.72 GST 2738.42,REVIEW,REVIEW,NO_MATCH_FALLBACK,FALLBACK:STRUCTURAL_KW,,,,,False,,KEEP REVIEW,insufficient evidence; could be product or ambiguous OCR,LOW,INSUFFICIENT_EVIDENCE
276617,Total G/R credit for above period 0.00 Cumulative G/R credit 0.00,REVIEW,REVIEW,NO_MATCH_FALLBACK,FALLBACK:STRUCTURAL_KW,,,,,False,,CANDIDATE FOR 1,structural/aggregate keyword present,MODERATE,STRUCTURAL_KEYWORD
276618,Purchase INV.351007/08/2026 INV.386621/08/2026 INV.418431/08/2026,REVIEW,REVIEW,NO_MATCH_FALLBACK,FALLBACK:STRUCTURAL_KW,,,,,False,,KEEP REVIEW,insufficient evidence; could be product or ambiguous OCR,LOW,INSUFFICIENT_EVIDENCE
276619,SHIPRA MEDICAL STORE,REVIEW,REVIEW,NO_MATCH_FALLBACK,FALLBACK:DISTRIBUTION_ENTITY,,,,,False,,CANDIDATE FOR 1,supply chain / medical store entity keyword,MODERATE,SUPPLY_CHAIN_ENTITY
276620,SHOP NO.G-1 SHRI GOVINDAM APARTMENT,REVIEW,REVIEW,NO_MATCH_FALLBACK,FALLBACK:AMBIGUOUS_NO_BRAND,,,,,False,,KEEP REVIEW,insufficient evidence; could be product or ambiguous OCR,LOW,INSUFFICIENT_EVIDENCE
276660,Sale of period 50454.62 GST 2522.70 Cumulative 0.00 Total stock as on :31/08/26 11390.70,REVIEW,REVIEW,NO_MATCH_FALLBACK,FALLBACK:STRUCTURAL_KW,,,,,False,,CANDIDATE FOR 1,structural/aggregate keyword present,MODERATE,STRUCTURAL_KEYWORD
276661,Total cost of near expiry items 0.00 Total cost of dump stock more than 60 days: 1062.50,REVIEW,REVIEW,NO_MATCH_FALLBACK,FALLBACK:STRUCTURAL_KW,,,,,False,,CANDIDATE FOR 1,structural/aggregate keyword present,MODERATE,STRUCTURAL_KEYWORD
276662,Purchase of period 19159.20 GSTBase 18201.22 GST 957.98,REVIEW,REVIEW,NO_MATCH_FALLBACK,FALLBACK:STRUCTURAL_KW,,,,,False,,KEEP REVIEW,insufficient evidence; could be product or ambiguous OCR,LOW,INSUFFICIENT_EVIDENCE
276663,Total G/R credit for above period 0.00 Cumulative G/R credit 0.00,REVIEW,REVIEW,NO_MATCH_FALLBACK,FALLBACK:STRUCTURAL_KW,,,,,False,,CANDIDATE FOR 1,structural/aggregate keyword present,MODERATE,STRUCTURAL_KEYWORD
276664,Purchase INV.351007/08/2026 INV.418431/08/2026,REVIEW,REVIEW,NO_MATCH_FALLBACK,FALLBACK:STRUCTURAL_KW,,,,,False,,KEEP REVIEW,insufficient evidence; could be product or ambiguous OCR,LOW,INSUFFICIENT_EVIDENCE
276665,SHIPRA MEDICAL STORE,REVIEW,REVIEW,NO_MATCH_FALLBACK,FALLBACK:DISTRIBUTION_ENTITY,,,,,False,,CANDIDATE FOR 1,supply chain / medical store entity keyword,MODERATE,SUPPLY_CHAIN_ENTITY
276666,SHOP NO.G-1 SHRI GOVINDAM APARTMENT,REVIEW,REVIEW,NO_MATCH_FALLBACK,FALLBACK:AMBIGUOUS_NO_BRAND,,,,,False,,KEEP REVIEW,insufficient evidence; could be product or ambiguous OCR,LOW,INSUFFICIENT_EVIDENCE
276696,Sale of period 45173.83 GST 2258.64 Cumulative 0.00 Total stock as on :31/08/26 62814.80,REVIEW,REVIEW,NO_MATCH_FALLBACK,FALLBACK:STRUCTURAL_KW,,,,,False,,CANDIDATE FOR 1,structural/aggregate keyword present,MODERATE,STRUCTURAL_KEYWORD
276697,Total cost of near expiry items 0.00 Total cost of dump stock more than 60 days: 7752.04,REVIEW,REVIEW,NO_MATCH_FALLBACK,FALLBACK:STRUCTURAL_KW,,,,,False,,CANDIDATE FOR 1,structural/aggregate keyword present,MODERATE,STRUCTURAL_KEYWORD
276698,Purchase of period 30300.54 GSTBase 28785.50 GST 1515.04,REVIEW,REVIEW,NO_MATCH_FALLBACK,FALLBACK:STRUCTURAL_KW,,,,,False,,KEEP REVIEW,insufficient evidence; could be product or ambiguous OCR,LOW,INSUFFICIENT_EVIDENCE
276699,Total G/R credit for above period 0.00 Cumulative G/R credit 0.00,REVIEW,REVIEW,NO_MATCH_FALLBACK,FALLBACK:STRUCTURAL_KW,,,,,False,,CANDIDATE FOR 1,structural/aggregate keyword present,MODERATE,STRUCTURAL_KEYWORD
276700,Purchase INV.386621/08/2026 INV.386721/08/2026 INV.418431/08/2026 INV.418331/08/2026,REVIEW,REVIEW,NO_MATCH_FALLBACK,FALLBACK:STRUCTURAL_KW,,,,,False,,KEEP REVIEW,insufficient evidence; could be product or ambiguous OCR,LOW,INSUFFICIENT_EVIDENCE
276991,ZZZZZZZZZZZZTOPERIZONE D,REVIEW,REVIEW,NO_MATCH_FALLBACK,FALLBACK:AMBIGUOUS_NO_BRAND,,,,,False,,KEEP REVIEW,insufficient evidence; could be product or ambiguous OCR,LOW,INSUFFICIENT_EVIDENCE
278417,ARAVA 10 1X30TAB,REVIEW,REVIEW,NO_MATCH_FALLBACK,FALLBACK:AMBIGUOUS_NO_BRAND,,,,,False,,KEEP REVIEW,insufficient evidence; could be product or ambiguous OCR,LOW,INSUFFICIENT_EVIDENCE
278547,FULL AM 24 1X10s,REVIEW,REVIEW,NO_MATCH_FALLBACK,FALLBACK:AMBIGUOUS_NO_BRAND,,,,,False,,KEEP REVIEW,insufficient evidence; could be product or ambiguous OCR,LOW,INSUFFICIENT_EVIDENCE
278583,LYXUMIA 20 SOLOSTAR 1X20UNIT,REVIEW,REVIEW,NO_MATCH_FALLBACK,FALLBACK:AMBIGUOUS_NO_BRAND,,,,,False,,KEEP REVIEW,insufficient evidence; could be product or ambiguous OCR,LOW,INSUFFICIENT_EVIDENCE
278697,TRICARDACE FORTE KIT 1KIT,REVIEW,REVIEW,NO_MATCH_FALLBACK,FALLBACK:AMBIGUOUS_NO_BRAND,,,,,False,,KEEP REVIEW,insufficient evidence; could be product or ambiguous OCR,LOW,INSUFFICIENT_EVIDENCE
278698,TRIOMEGA CD 1X10s,REVIEW,REVIEW,NO_MATCH_FALLBACK,FALLBACK:AMBIGUOUS_NO_BRAND,,,,,False,,KEEP REVIEW,insufficient evidence; could be product or ambiguous OCR,LOW,INSUFFICIENT_EVIDENCE
280465,Document No Document Date,REVIEW,REVIEW,NO_MATCH_FALLBACK,FALLBACK:AMBIGUOUS_NO_BRAND,,,,,False,,KEEP REVIEW,insufficient evidence; could be product or ambiguous OCR,LOW,INSUFFICIENT_EVIDENCE
280477,Document No Document Date,REVIEW,REVIEW,NO_MATCH_FALLBACK,FALLBACK:AMBIGUOUS_NO_BRAND,,,,,False,,KEEP REVIEW,insufficient evidence; could be product or ambiguous OCR,LOW,INSUFFICIENT_EVIDENCE
280511,Document No Document Date,REVIEW,REVIEW,NO_MATCH_FALLBACK,FALLBACK:AMBIGUOUS_NO_BRAND,,,,,False,,KEEP REVIEW,insufficient evidence; could be product or ambiguous OCR,LOW,INSUFFICIENT_EVIDENCE
280526,Document No Document Date,REVIEW,REVIEW,NO_MATCH_FALLBACK,FALLBACK:AMBIGUOUS_NO_BRAND,,,,,False,,KEEP REVIEW,insufficient evidence; could be product or ambiguous OCR,LOW,INSUFFICIENT_EVIDENCE
280561,Document No Document Date,REVIEW,REVIEW,NO_MATCH_FALLBACK,FALLBACK:AMBIGUOUS_NO_BRAND,,,,,False,,KEEP REVIEW,insufficient evidence; could be product or ambiguous OCR,LOW,INSUFFICIENT_EVIDENCE
280594,Document No Document Date,REVIEW,REVIEW,NO_MATCH_FALLBACK,FALLBACK:AMBIGUOUS_NO_BRAND,,,,,False,,KEEP REVIEW,insufficient evidence; could be product or ambiguous OCR,LOW,INSUFFICIENT_EVIDENCE
280861,ALCROS-100 1X10S STR,REVIEW,REVIEW,NO_MATCH_FALLBACK,FALLBACK:AMBIGUOUS_NO_BRAND,,,,,False,,KEEP REVIEW,insufficient evidence; could be product or ambiguous OCR,LOW,INSUFFICIENT_EVIDENCE
280862,ALCROS-200 1X10S STR,REVIEW,REVIEW,NO_MATCH_FALLBACK,FALLBACK:AMBIGUOUS_NO_BRAND,,,,,False,,KEEP REVIEW,insufficient evidence; could be product or ambiguous OCR,LOW,INSUFFICIENT_EVIDENCE
280976,MOX CV 228.5 STR,REVIEW,REVIEW,NO_MATCH_FALLBACK,FALLBACK:AMBIGUOUS_NO_BRAND,,,,,False,,KEEP REVIEW,insufficient evidence; could be product or ambiguous OCR,LOW,INSUFFICIENT_EVIDENCE
281013,RICONIA G 15 PC,REVIEW,REVIEW,NO_MATCH_FALLBACK,FALLBACK:AMBIGUOUS_NO_BRAND,,,,,False,,KEEP REVIEW,insufficient evidence; could be product or ambiguous OCR,LOW,INSUFFICIENT_EVIDENCE
281094,ZZZZZZ 12623,REVIEW,REVIEW,NO_MATCH_FALLBACK,FALLBACK:AMBIGUOUS_NO_BRAND,,,,,False,,CANDIDATE FOR 1,all long alpha tokens lack vowels: ['ZZZZZZ'] → OCR noise,MODERATE,NO_VOWEL_OCR_NOISE
281883,Digital Purchase ERP Ordering Healthcare QRCode on bills for extra earnings Call MARG 959959965695995996621202834312,REVIEW,REVIEW,NO_MATCH_FALLBACK,FALLBACK:PHARMA_ENTITY,,,,,False,,CANDIDATE FOR 1,company/entity keyword (PHARMACEUTICALS/BIOPHARMA/HOSPITAL etc.),STRONG,COMPANY_ENTITY
285139,XPLODE POW(NEW),REVIEW,REVIEW,NO_MATCH_FALLBACK,FALLBACK:AMBIGUOUS_NO_BRAND,,,NEW_without_NORMET,,False,,CANDIDATE FOR 1,brand invalidated (NEW_without_NORMET) + no pharma signal,MODERATE,INVALIDATED_NO_PHARMA
285151,TOTAL CAL D3 TAB.,REVIEW,REVIEW,NO_MATCH_FALLBACK,FALLBACK:STRUCTURAL_KW,,,,,False,,CANDIDATE FOR 1,structural/aggregate keyword present,MODERATE,STRUCTURAL_KEYWORD
285484,BIOFAGE PHARMA,REVIEW,REVIEW,NO_MATCH_FALLBACK,FALLBACK:AMBIGUOUS_NO_BRAND,,,,,False,,CANDIDATE FOR 1,company-like name without pharma dosage form,MODERATE,PHARMA_COMPANY_NAME
287449,PANTIN I.V VAIL,REVIEW,REVIEW,NO_MATCH_FALLBACK,FALLBACK:AMBIGUOUS_NO_BRAND,,,,,False,,KEEP REVIEW,insufficient evidence; could be product or ambiguous OCR,LOW,INSUFFICIENT_EVIDENCE
288916,Digital Purchase ERP Ordering Healthcare QRCode on bills for extra earnings Call MARG 62615848210731424945607312701609,REVIEW,REVIEW,NO_MATCH_FALLBACK,FALLBACK:PHARMA_ENTITY,,,,,False,,CANDIDATE FOR 1,company/entity keyword (PHARMACEUTICALS/BIOPHARMA/HOSPITAL etc.),STRONG,COMPANY_ENTITY
289143,JEI SPECIALITY DRUGS - (25-26),REVIEW,REVIEW,NO_MATCH_FALLBACK,FALLBACK:AMBIGUOUS_NO_BRAND,,,,,False,,KEEP REVIEW,insufficient evidence; could be product or ambiguous OCR,LOW,INSUFFICIENT_EVIDENCE
289161,JEI SPECIALITY DRUGS - 25-26,REVIEW,REVIEW,NO_MATCH_FALLBACK,FALLBACK:AMBIGUOUS_NO_BRAND,,,,,False,,KEEP REVIEW,insufficient evidence; could be product or ambiguous OCR,LOW,INSUFFICIENT_EVIDENCE
289398,MAHALUXMI MEDICAL AGENCY,REVIEW,REVIEW,NO_MATCH_FALLBACK,FALLBACK:DISTRIBUTION_ENTITY,,,,,False,,KEEP REVIEW,insufficient evidence; could be product or ambiguous OCR,LOW,INSUFFICIENT_EVIDENCE
289450,MAHALUXMI MEDICAL AGENCY,REVIEW,REVIEW,NO_MATCH_FALLBACK,FALLBACK:DISTRIBUTION_ENTITY,,,,,False,,KEEP REVIEW,insufficient evidence; could be product or ambiguous OCR,LOW,INSUFFICIENT_EVIDENCE
289502,MAHALUXMI MEDICAL AGENCY,REVIEW,REVIEW,NO_MATCH_FALLBACK,FALLBACK:DISTRIBUTION_ENTITY,,,,,False,,KEEP REVIEW,insufficient evidence; could be product or ambiguous OCR,LOW,INSUFFICIENT_EVIDENCE
289554,MAHALUXMI MEDICAL AGENCY,REVIEW,REVIEW,NO_MATCH_FALLBACK,FALLBACK:DISTRIBUTION_ENTITY,,,,,False,,KEEP REVIEW,insufficient evidence; could be product or ambiguous OCR,LOW,INSUFFICIENT_EVIDENCE
290035,GENNOVA,REVIEW,REVIEW,NO_MATCH_FALLBACK,FALLBACK:AMBIGUOUS_NO_BRAND,,,,,False,,CANDIDATE FOR 1,starts with known Emcure company/division prefix,STRONG,COMPANY_DIVISION_PREFIX
290396,R K PHARMA DISTRIBUTORS,REVIEW,1,GARBAGE:pattern_garbage,GARBAGE:pattern_garbage,,,,,False,\b(AGENCIES?|DISTRIBUTORS?|MEDICO[SE]?|CORPORATION|ENTERPRISES?|TRADERS?|TRADING)\b,CANDIDATE FOR 1,company-like name without pharma dosage form,MODERATE,PHARMA_COMPANY_NAME
290448,R K PHARMA DISTRIBUTORS,REVIEW,1,GARBAGE:pattern_garbage,GARBAGE:pattern_garbage,,,,,False,\b(AGENCIES?|DISTRIBUTORS?|MEDICO[SE]?|CORPORATION|ENTERPRISES?|TRADERS?|TRADING)\b,CANDIDATE FOR 1,company-like name without pharma dosage form,MODERATE,PHARMA_COMPANY_NAME
290499,R K PHARMA DISTRIBUTORS,REVIEW,1,GARBAGE:pattern_garbage,GARBAGE:pattern_garbage,,,,,False,\b(AGENCIES?|DISTRIBUTORS?|MEDICO[SE]?|CORPORATION|ENTERPRISES?|TRADERS?|TRADING)\b,CANDIDATE FOR 1,company-like name without pharma dosage form,MODERATE,PHARMA_COMPANY_NAME
290525,Import Purchase ONLINE No Manual Entry MARG ERP Rs.5550 StocksAccountsGST Call 08772252237,REVIEW,REVIEW,NO_MATCH_FALLBACK,FALLBACK:STRUCTURAL_KW,,,,,False,,KEEP REVIEW,insufficient evidence; could be product or ambiguous OCR,LOW,INSUFFICIENT_EVIDENCE
291098,PURC 649176 SALE 1279217 STOCK 522421 STK120 6154 EXP6M 8789 LZSTK 16374,REVIEW,REVIEW,NO_MATCH_FALLBACK,FALLBACK:AMBIGUOUS_NO_BRAND,,,,,False,,KEEP REVIEW,insufficient evidence; could be product or ambiguous OCR,LOW,INSUFFICIENT_EVIDENCE
291101,Report End 175 Records,REVIEW,REVIEW,NO_MATCH_FALLBACK,FALLBACK:AMBIGUOUS_NO_BRAND,,,,,False,,KEEP REVIEW,insufficient evidence; could be product or ambiguous OCR,LOW,INSUFFICIENT_EVIDENCE
291103,This is a Computer Generated Report Which Does Not Require Stamp or Signature,REVIEW,REVIEW,NO_MATCH_FALLBACK,FALLBACK:AMBIGUOUS_NO_BRAND,,,,,False,,KEEP REVIEW,insufficient evidence; could be product or ambiguous OCR,LOW,INSUFFICIENT_EVIDENCE
292371,BANERJEE DISTRIBUTORS,REVIEW,1,GARBAGE:pattern_garbage,GARBAGE:pattern_garbage,,,,,False,\b(AGENCIES?|DISTRIBUTORS?|MEDICO[SE]?|CORPORATION|ENTERPRISES?|TRADERS?|TRADING)\b,KEEP REVIEW,insufficient evidence; could be product or ambiguous OCR,LOW,INSUFFICIENT_EVIDENCE
292415,BANERJEE DISTRIBUTORS,REVIEW,1,GARBAGE:pattern_garbage,GARBAGE:pattern_garbage,,,,,False,\b(AGENCIES?|DISTRIBUTORS?|MEDICO[SE]?|CORPORATION|ENTERPRISES?|TRADERS?|TRADING)\b,KEEP REVIEW,insufficient evidence; could be product or ambiguous OCR,LOW,INSUFFICIENT_EVIDENCE
292464,BANERJEE DISTRIBUTORS,REVIEW,1,GARBAGE:pattern_garbage,GARBAGE:pattern_garbage,,,,,False,\b(AGENCIES?|DISTRIBUTORS?|MEDICO[SE]?|CORPORATION|ENTERPRISES?|TRADERS?|TRADING)\b,KEEP REVIEW,insufficient evidence; could be product or ambiguous OCR,LOW,INSUFFICIENT_EVIDENCE
292513,BANERJEE DISTRIBUTORS,REVIEW,1,GARBAGE:pattern_garbage,GARBAGE:pattern_garbage,,,,,False,\b(AGENCIES?|DISTRIBUTORS?|MEDICO[SE]?|CORPORATION|ENTERPRISES?|TRADERS?|TRADING)\b,KEEP REVIEW,insufficient evidence; could be product or ambiguous OCR,LOW,INSUFFICIENT_EVIDENCE
292557,BANERJEE DISTRIBUTORS,REVIEW,1,GARBAGE:pattern_garbage,GARBAGE:pattern_garbage,,,,,False,\b(AGENCIES?|DISTRIBUTORS?|MEDICO[SE]?|CORPORATION|ENTERPRISES?|TRADERS?|TRADING)\b,KEEP REVIEW,insufficient evidence; could be product or ambiguous OCR,LOW,INSUFFICIENT_EVIDENCE
292672,Total St-In 39509.64,REVIEW,REVIEW,NO_MATCH_FALLBACK,FALLBACK:STRUCTURAL_KW,,,,,False,,CANDIDATE FOR 1,structural/aggregate keyword present,MODERATE,STRUCTURAL_KEYWORD
292673,Total St-Out 44402.20,REVIEW,REVIEW,NO_MATCH_FALLBACK,FALLBACK:STRUCTURAL_KW,,,,,False,,CANDIDATE FOR 1,structural/aggregate keyword present,MODERATE,STRUCTURAL_KEYWORD
292927,Department Total,REVIEW,REVIEW,NO_MATCH_FALLBACK,FALLBACK:STRUCTURAL_KW,,,,,False,,CANDIDATE FOR 1,structural/aggregate keyword present,MODERATE,STRUCTURAL_KEYWORD
292951,Department Total,REVIEW,REVIEW,NO_MATCH_FALLBACK,FALLBACK:STRUCTURAL_KW,,,,,False,,CANDIDATE FOR 1,structural/aggregate keyword present,MODERATE,STRUCTURAL_KEYWORD
292965,Department Total,REVIEW,REVIEW,NO_MATCH_FALLBACK,FALLBACK:STRUCTURAL_KW,,,,,False,,CANDIDATE FOR 1,structural/aggregate keyword present,MODERATE,STRUCTURAL_KEYWORD
292994,Department Total,REVIEW,REVIEW,NO_MATCH_FALLBACK,FALLBACK:STRUCTURAL_KW,,,,,False,,CANDIDATE FOR 1,structural/aggregate keyword present,MODERATE,STRUCTURAL_KEYWORD
293279,AVENTIS CARDIO,REVIEW,REVIEW,NO_MATCH_FALLBACK,FALLBACK:AMBIGUOUS_NO_BRAND,,,,,False,,CANDIDATE FOR 1,starts with known Emcure company/division prefix,STRONG,COMPANY_DIVISION_PREFIX
293295,LASILACTONE50MG 1X10X10S,REVIEW,REVIEW,NO_MATCH_FALLBACK,FALLBACK:AMBIGUOUS_NO_BRAND,,,,,False,,KEEP REVIEW,insufficient evidence; could be product or ambiguous OCR,LOW,INSUFFICIENT_EVIDENCE
293303,AVENTIS DIABETO,REVIEW,REVIEW,NO_MATCH_FALLBACK,FALLBACK:AMBIGUOUS_NO_BRAND,,,,,False,,CANDIDATE FOR 1,starts with known Emcure company/division prefix,STRONG,COMPANY_DIVISION_PREFIX
293314,TOUSTAR PEN 1PIECE,REVIEW,REVIEW,NO_MATCH_FALLBACK,FALLBACK:AMBIGUOUS_NO_BRAND,,,,,False,,KEEP REVIEW,insufficient evidence; could be product or ambiguous OCR,LOW,INSUFFICIENT_EVIDENCE
293330,RAJ MEDICAL STORES,REVIEW,REVIEW,NO_MATCH_FALLBACK,FALLBACK:DISTRIBUTION_ENTITY,,,,,False,,KEEP REVIEW,insufficient evidence; could be product or ambiguous OCR,LOW,INSUFFICIENT_EVIDENCE
293374,RAJ MEDICAL STORES,REVIEW,REVIEW,NO_MATCH_FALLBACK,FALLBACK:DISTRIBUTION_ENTITY,,,,,False,,KEEP REVIEW,insufficient evidence; could be product or ambiguous OCR,LOW,INSUFFICIENT_EVIDENCE
296025,Totals 625460,REVIEW,REVIEW,NO_MATCH_FALLBACK,FALLBACK:AMBIGUOUS_NO_BRAND,,,,,False,,KEEP REVIEW,insufficient evidence; could be product or ambiguous OCR,LOW,INSUFFICIENT_EVIDENCE
296142,Totals 175711,REVIEW,REVIEW,NO_MATCH_FALLBACK,FALLBACK:AMBIGUOUS_NO_BRAND,,,,,False,,KEEP REVIEW,insufficient evidence; could be product or ambiguous OCR,LOW,INSUFFICIENT_EVIDENCE
296825,PURC 106037 SALE 159767 STOCK 67690 STK120 18929 EXP6M 1259 LZSTK 25019,REVIEW,REVIEW,NO_MATCH_FALLBACK,FALLBACK:AMBIGUOUS_NO_BRAND,,,,,False,,KEEP REVIEW,insufficient evidence; could be product or ambiguous OCR,LOW,INSUFFICIENT_EVIDENCE
296828,Report End 328 Records,REVIEW,REVIEW,NO_MATCH_FALLBACK,FALLBACK:AMBIGUOUS_NO_BRAND,,,,,False,,KEEP REVIEW,insufficient evidence; could be product or ambiguous OCR,LOW,INSUFFICIENT_EVIDENCE
296830,This is a Computer Generated Report Which Does Not Require Stamp or Signature,REVIEW,REVIEW,NO_MATCH_FALLBACK,FALLBACK:AMBIGUOUS_NO_BRAND,,,,,False,,KEEP REVIEW,insufficient evidence; could be product or ambiguous OCR,LOW,INSUFFICIENT_EVIDENCE
296837,LANCID 10,REVIEW,REVIEW,NO_MATCH_FALLBACK,FALLBACK:AMBIGUOUS_NO_BRAND,,,,,False,,KEEP REVIEW,insufficient evidence; could be product or ambiguous OCR,LOW,INSUFFICIENT_EVIDENCE
296914,TICOPLAD 90,REVIEW,REVIEW,NO_MATCH_FALLBACK,FALLBACK:AMBIGUOUS_NO_BRAND,,,,,False,,KEEP REVIEW,insufficient evidence; could be product or ambiguous OCR,LOW,INSUFFICIENT_EVIDENCE
297226,SERACCEL,REVIEW,REVIEW,NO_MATCH_FALLBACK,FALLBACK:AMBIGUOUS_NO_BRAND,,,,,False,,KEEP REVIEW,insufficient evidence; could be product or ambiguous OCR,LOW,INSUFFICIENT_EVIDENCE
297227,SERRATIOPEPTIDASE 10 M,REVIEW,REVIEW,NO_MATCH_FALLBACK,FALLBACK:AMBIGUOUS_NO_BRAND,,,,,False,,KEEP REVIEW,insufficient evidence; could be product or ambiguous OCR,LOW,INSUFFICIENT_EVIDENCE
298499,ThIis statement period calculated from 01.08.2026 To 31.08.2026,REVIEW,REVIEW,NO_MATCH_FALLBACK,FALLBACK:AMBIGUOUS_NO_BRAND,,,,,False,,KEEP REVIEW,insufficient evidence; could be product or ambiguous OCR,LOW,INSUFFICIENT_EVIDENCE
300316,WLDA 50,REVIEW,REVIEW,NO_MATCH_FALLBACK,FALLBACK:AMBIGUOUS_NO_BRAND,,,,,False,,KEEP REVIEW,insufficient evidence; could be product or ambiguous OCR,LOW,INSUFFICIENT_EVIDENCE
300317,WLDA D 10,REVIEW,REVIEW,NO_MATCH_FALLBACK,FALLBACK:AMBIGUOUS_NO_BRAND,,,,,False,,KEEP REVIEW,insufficient evidence; could be product or ambiguous OCR,LOW,INSUFFICIENT_EVIDENCE
300319,WLDA M 500,REVIEW,REVIEW,NO_MATCH_FALLBACK,FALLBACK:AMBIGUOUS_NO_BRAND,,,,,False,,KEEP REVIEW,insufficient evidence; could be product or ambiguous OCR,LOW,INSUFFICIENT_EVIDENCE
300464,GENNOVA,REVIEW,REVIEW,NO_MATCH_FALLBACK,FALLBACK:AMBIGUOUS_NO_BRAND,,,,,False,,CANDIDATE FOR 1,starts with known Emcure company/division prefix,STRONG,COMPANY_DIVISION_PREFIX
301436,LAXIHUSK GRANULES 150,REVIEW,REVIEW,NO_MATCH_FALLBACK,FALLBACK:AMBIGUOUS_NO_BRAND,,,,,False,,KEEP REVIEW,insufficient evidence; could be product or ambiguous OCR,LOW,INSUFFICIENT_EVIDENCE
301629,PEDICARE 400,REVIEW,REVIEW,NO_MATCH_FALLBACK,FALLBACK:AMBIGUOUS_NO_BRAND,,,,,False,,KEEP REVIEW,insufficient evidence; could be product or ambiguous OCR,LOW,INSUFFICIENT_EVIDENCE
301794,TOTAL CAL D3 TAB 1X20,REVIEW,REVIEW,NO_MATCH_FALLBACK,FALLBACK:STRUCTURAL_KW,,,,,False,,CANDIDATE FOR 1,structural/aggregate keyword present,MODERATE,STRUCTURAL_KEYWORD
302483,LAXIHUSK GRANULES 150,REVIEW,REVIEW,NO_MATCH_FALLBACK,FALLBACK:AMBIGUOUS_NO_BRAND,,,,,False,,KEEP REVIEW,insufficient evidence; could be product or ambiguous OCR,LOW,INSUFFICIENT_EVIDENCE
302676,PEDICARE 400,REVIEW,REVIEW,NO_MATCH_FALLBACK,FALLBACK:AMBIGUOUS_NO_BRAND,,,,,False,,KEEP REVIEW,insufficient evidence; could be product or ambiguous OCR,LOW,INSUFFICIENT_EVIDENCE
302841,TOTAL CAL D3 TAB 1X20,REVIEW,REVIEW,NO_MATCH_FALLBACK,FALLBACK:STRUCTURAL_KW,,,,,False,,CANDIDATE FOR 1,structural/aggregate keyword present,MODERATE,STRUCTURAL_KEYWORD
304537,ENHEMO500 10,REVIEW,REVIEW,NO_MATCH_FALLBACK,FALLBACK:AMBIGUOUS_NO_BRAND,,,,,False,,KEEP REVIEW,insufficient evidence; could be product or ambiguous OCR,LOW,INSUFFICIENT_EVIDENCE
305031,Import Purchase ONLINE No Manual Entry MARG ERP Rs.5550 StocksAccountsGST Call 08023304117080233041179880427548,REVIEW,REVIEW,NO_MATCH_FALLBACK,FALLBACK:STRUCTURAL_KW,,,,,False,,KEEP REVIEW,insufficient evidence; could be product or ambiguous OCR,LOW,INSUFFICIENT_EVIDENCE
305048,Import Purchase ONLINE No Manual Entry MARG ERP Rs.5550 StocksAccountsGST Call 08023304117080233041179880427548,REVIEW,REVIEW,NO_MATCH_FALLBACK,FALLBACK:STRUCTURAL_KW,,,,,False,,KEEP REVIEW,insufficient evidence; could be product or ambiguous OCR,LOW,INSUFFICIENT_EVIDENCE
305599,GIRIRAJ PHARMACEUTICALS,REVIEW,REVIEW,NO_MATCH_FALLBACK,FALLBACK:PHARMA_ENTITY,,,,,False,,CANDIDATE FOR 1,company/entity keyword (PHARMACEUTICALS/BIOPHARMA/HOSPITAL etc.),STRONG,COMPANY_ENTITY
305919,CHHAJED PHARMACEUTICALS,REVIEW,REVIEW,NO_MATCH_FALLBACK,FALLBACK:PHARMA_ENTITY,,,,,False,,CANDIDATE FOR 1,company/entity keyword (PHARMACEUTICALS/BIOPHARMA/HOSPITAL etc.),STRONG,COMPANY_ENTITY
305964,CHHAJED PHARMACEUTICALS,REVIEW,REVIEW,NO_MATCH_FALLBACK,FALLBACK:PHARMA_ENTITY,,,,,False,,CANDIDATE FOR 1,company/entity keyword (PHARMACEUTICALS/BIOPHARMA/HOSPITAL etc.),STRONG,COMPANY_ENTITY
306008,CHHAJED PHARMACEUTICALS,REVIEW,REVIEW,NO_MATCH_FALLBACK,FALLBACK:PHARMA_ENTITY,,,,,False,,CANDIDATE FOR 1,company/entity keyword (PHARMACEUTICALS/BIOPHARMA/HOSPITAL etc.),STRONG,COMPANY_ENTITY
306057,CHHAJED PHARMACEUTICALS,REVIEW,REVIEW,NO_MATCH_FALLBACK,FALLBACK:PHARMA_ENTITY,,,,,False,,CANDIDATE FOR 1,company/entity keyword (PHARMACEUTICALS/BIOPHARMA/HOSPITAL etc.),STRONG,COMPANY_ENTITY
306101,CHHAJED PHARMACEUTICALS,REVIEW,REVIEW,NO_MATCH_FALLBACK,FALLBACK:PHARMA_ENTITY,,,,,False,,CANDIDATE FOR 1,company/entity keyword (PHARMACEUTICALS/BIOPHARMA/HOSPITAL etc.),STRONG,COMPANY_ENTITY
306135,CHHAJED PHARMACEUTICALS,REVIEW,REVIEW,NO_MATCH_FALLBACK,FALLBACK:PHARMA_ENTITY,,,,,False,,CANDIDATE FOR 1,company/entity keyword (PHARMACEUTICALS/BIOPHARMA/HOSPITAL etc.),STRONG,COMPANY_ENTITY
306603,TEMAX - H 14T,REVIEW,REVIEW,NO_MATCH_FALLBACK,FALLBACK:AMBIGUOUS_NO_BRAND,,,,,False,,KEEP REVIEW,insufficient evidence; could be product or ambiguous OCR,LOW,INSUFFICIENT_EVIDENCE
306851,TEMAX - H 14T,REVIEW,REVIEW,NO_MATCH_FALLBACK,FALLBACK:AMBIGUOUS_NO_BRAND,,,,,False,,KEEP REVIEW,insufficient evidence; could be product or ambiguous OCR,LOW,INSUFFICIENT_EVIDENCE
307000,PHARMA NEXT,REVIEW,REVIEW,NO_MATCH_FALLBACK,FALLBACK:AMBIGUOUS_NO_BRAND,,,,,False,,CANDIDATE FOR 1,company-like name without pharma dosage form,MODERATE,PHARMA_COMPANY_NAME
308619,HUMINSULIN 30/70 1,REVIEW,REVIEW,NO_MATCH_FALLBACK,FALLBACK:AMBIGUOUS_NO_BRAND,,,,,False,,KEEP REVIEW,insufficient evidence; could be product or ambiguous OCR,LOW,INSUFFICIENT_EVIDENCE
309160,ELAXIM40MG,REVIEW,REVIEW,NO_MATCH_FALLBACK,FALLBACK:AMBIGUOUS_NO_BRAND,,,,,False,,KEEP REVIEW,insufficient evidence; could be product or ambiguous OCR,LOW,INSUFFICIENT_EVIDENCE
309161,TENECTASE20MG,REVIEW,REVIEW,NO_MATCH_FALLBACK,FALLBACK:AMBIGUOUS_NO_BRAND,,,,,False,,KEEP REVIEW,insufficient evidence; could be product or ambiguous OCR,LOW,INSUFFICIENT_EVIDENCE
309936,EMCU,REVIEW,REVIEW,NO_MATCH_FALLBACK,FALLBACK:VERY_SHORT,,,fuzzy→EXACT_ONLY(EMNU),,False,,CANDIDATE FOR 1,brand invalidated (fuzzy→EXACT_ONLY(EMNU)) + no pharma signal,MODERATE,INVALIDATED_NO_PHARMA
310036,EMCU10,REVIEW,REVIEW,NO_MATCH_FALLBACK,FALLBACK:AMBIGUOUS_NO_BRAND,,,,,False,,KEEP REVIEW,insufficient evidence; could be product or ambiguous OCR,LOW,INSUFFICIENT_EVIDENCE
310046,EMCU2,REVIEW,REVIEW,NO_MATCH_FALLBACK,FALLBACK:VERY_SHORT,,,,,False,,KEEP REVIEW,insufficient evidence; could be product or ambiguous OCR,LOW,INSUFFICIENT_EVIDENCE
310053,EMCU3,REVIEW,REVIEW,NO_MATCH_FALLBACK,FALLBACK:VERY_SHORT,,,,,False,,KEEP REVIEW,insufficient evidence; could be product or ambiguous OCR,LOW,INSUFFICIENT_EVIDENCE
310069,EMCU4,REVIEW,REVIEW,NO_MATCH_FALLBACK,FALLBACK:VERY_SHORT,,,,,False,,KEEP REVIEW,insufficient evidence; could be product or ambiguous OCR,LOW,INSUFFICIENT_EVIDENCE
310081,EMCU5,REVIEW,REVIEW,NO_MATCH_FALLBACK,FALLBACK:VERY_SHORT,,,,,False,,KEEP REVIEW,insufficient evidence; could be product or ambiguous OCR,LOW,INSUFFICIENT_EVIDENCE
310088,EMCU6,REVIEW,REVIEW,NO_MATCH_FALLBACK,FALLBACK:VERY_SHORT,,,,,False,,KEEP REVIEW,insufficient evidence; could be product or ambiguous OCR,LOW,INSUFFICIENT_EVIDENCE
310151,EMCU7,REVIEW,REVIEW,NO_MATCH_FALLBACK,FALLBACK:VERY_SHORT,,,,,False,,KEEP REVIEW,insufficient evidence; could be product or ambiguous OCR,LOW,INSUFFICIENT_EVIDENCE
310155,EMCU8,REVIEW,REVIEW,NO_MATCH_FALLBACK,FALLBACK:VERY_SHORT,,,,,False,,KEEP REVIEW,insufficient evidence; could be product or ambiguous OCR,LOW,INSUFFICIENT_EVIDENCE
310176,EMCU9,REVIEW,REVIEW,NO_MATCH_FALLBACK,FALLBACK:VERY_SHORT,,,,,False,,KEEP REVIEW,insufficient evidence; could be product or ambiguous OCR,LOW,INSUFFICIENT_EVIDENCE
310750,HIBOR 5000I.U .,REVIEW,REVIEW,NO_MATCH_FALLBACK,FALLBACK:AMBIGUOUS_NO_BRAND,,,,,False,,KEEP REVIEW,insufficient evidence; could be product or ambiguous OCR,LOW,INSUFFICIENT_EVIDENCE
310962,OLMETUS 20 10,REVIEW,REVIEW,NO_MATCH_FALLBACK,FALLBACK:AMBIGUOUS_NO_BRAND,,,,,False,,KEEP REVIEW,insufficient evidence; could be product or ambiguous OCR,LOW,INSUFFICIENT_EVIDENCE
310994,ELRAM FORTE 10,REVIEW,REVIEW,NO_MATCH_FALLBACK,FALLBACK:AMBIGUOUS_NO_BRAND,,,,,False,,KEEP REVIEW,insufficient evidence; could be product or ambiguous OCR,LOW,INSUFFICIENT_EVIDENCE
311003,GABOL 10,REVIEW,REVIEW,NO_MATCH_FALLBACK,FALLBACK:AMBIGUOUS_NO_BRAND,,,,,False,,KEEP REVIEW,insufficient evidence; could be product or ambiguous OCR,LOW,INSUFFICIENT_EVIDENCE
311007,GUDVIT 15,REVIEW,REVIEW,NO_MATCH_FALLBACK,FALLBACK:AMBIGUOUS_NO_BRAND,,,,,False,,KEEP REVIEW,insufficient evidence; could be product or ambiguous OCR,LOW,INSUFFICIENT_EVIDENCE
311009,LEVROX 10,REVIEW,REVIEW,NO_MATCH_FALLBACK,FALLBACK:AMBIGUOUS_NO_BRAND,,,,,False,,KEEP REVIEW,insufficient evidence; could be product or ambiguous OCR,LOW,INSUFFICIENT_EVIDENCE
311013,NEW TRIGETROL 10,REVIEW,REVIEW,NO_MATCH_FALLBACK,FALLBACK:AMBIGUOUS_NO_BRAND,,,NEW_without_NORMET,,False,,CANDIDATE FOR 1,brand invalidated (NEW_without_NORMET) + no pharma signal,MODERATE,INVALIDATED_NO_PHARMA
311014,OLMETUS 40 10,REVIEW,REVIEW,NO_MATCH_FALLBACK,FALLBACK:AMBIGUOUS_NO_BRAND,,,,,False,,KEEP REVIEW,insufficient evidence; could be product or ambiguous OCR,LOW,INSUFFICIENT_EVIDENCE
311016,ONDRON-4 10,REVIEW,REVIEW,NO_MATCH_FALLBACK,FALLBACK:AMBIGUOUS_NO_BRAND,,,,,False,,KEEP REVIEW,insufficient evidence; could be product or ambiguous OCR,LOW,INSUFFICIENT_EVIDENCE
311040,GENNOVA BIOPHARMACEUTICALS LTD. PUNE --,REVIEW,REVIEW,NO_MATCH_FALLBACK,FALLBACK:AMBIGUOUS_NO_BRAND,,,,,False,,CANDIDATE FOR 1,starts with known Emcure company/division prefix,STRONG,COMPANY_DIVISION_PREFIX
311042,GENNOVA BIOPHARMACEUTICALS LTD. PUNE --,REVIEW,REVIEW,NO_MATCH_FALLBACK,FALLBACK:AMBIGUOUS_NO_BRAND,,,,,False,,CANDIDATE FOR 1,starts with known Emcure company/division prefix,STRONG,COMPANY_DIVISION_PREFIX
311044,GENNOVA- GENNOVA DIV --,REVIEW,REVIEW,NO_MATCH_FALLBACK,FALLBACK:AMBIGUOUS_NO_BRAND,,,,,False,,CANDIDATE FOR 1,starts with known Emcure company/division prefix,STRONG,COMPANY_DIVISION_PREFIX
311055,GENNOVA-NUCARE --,REVIEW,REVIEW,NO_MATCH_FALLBACK,FALLBACK:AMBIGUOUS_NO_BRAND,,,,,False,,CANDIDATE FOR 1,starts with known Emcure company/division prefix,STRONG,COMPANY_DIVISION_PREFIX
311284,TAVIN-LN KIT (NEW PA 6 KIT,REVIEW,REVIEW,NO_MATCH_FALLBACK,FALLBACK:AMBIGUOUS_NO_BRAND,,,NEW_without_NORMET,,False,,CANDIDATE FOR 1,brand invalidated (NEW_without_NORMET) + no pharma signal,MODERATE,INVALIDATED_NO_PHARMA
311297,Please clear following Invoice(s) immediately.. 0,REVIEW,REVIEW,NO_MATCH_FALLBACK,FALLBACK:STRUCTURAL_KW,,,,,False,,KEEP REVIEW,insufficient evidence; could be product or ambiguous OCR,LOW,INSUFFICIENT_EVIDENCE
311298,Invoice(s) - Date - Code - Customer - OsAmt : (276439.00) 0,REVIEW,REVIEW,NO_MATCH_FALLBACK,FALLBACK:STRUCTURAL_KW,,,,,False,,KEEP REVIEW,insufficient evidence; could be product or ambiguous OCR,LOW,INSUFFICIENT_EVIDENCE
311299,DR.MADHAVI LOKU 15498.00 - 36373 25/06/26 10416 DR.MADHAVI LOKU 46284.00 0,REVIEW,REVIEW,NO_MATCH_FALLBACK,FALLBACK:AMBIGUOUS_NO_BRAND,,,,,False,,KEEP REVIEW,insufficient evidence; could be product or ambiguous OCR,LOW,INSUFFICIENT_EVIDENCE
311300,DR.MADHAVI LOKU 13693.00 - 43960 13/07/26 10416 DR.MADHAVI LOKU 13482.00 0,REVIEW,REVIEW,NO_MATCH_FALLBACK,FALLBACK:AMBIGUOUS_NO_BRAND,,,,,False,,KEEP REVIEW,insufficient evidence; could be product or ambiguous OCR,LOW,INSUFFICIENT_EVIDENCE
311301,DR.C.S.PURANDAR 9295.00 - 44825 14/07/26 10416 DR.MADHAVI LOKU 8988.00 0,REVIEW,REVIEW,NO_MATCH_FALLBACK,FALLBACK:AMBIGUOUS_NO_BRAND,,,,,False,,KEEP REVIEW,insufficient evidence; could be product or ambiguous OCR,LOW,INSUFFICIENT_EVIDENCE
311302,DR.MADHAVI LOKU 11246.00 - 48025 21/07/26 10416 DR.MADHAVI LOKU 8988.00 0,REVIEW,REVIEW,NO_MATCH_FALLBACK,FALLBACK:AMBIGUOUS_NO_BRAND,,,,,False,,KEEP REVIEW,insufficient evidence; could be product or ambiguous OCR,LOW,INSUFFICIENT_EVIDENCE
311303,DR.MADHAVI LOKU 11246.00 - 51875 30/07/26 10243 DR.C.S.PURANDAR 4026.00 0,REVIEW,REVIEW,NO_MATCH_FALLBACK,FALLBACK:AMBIGUOUS_NO_BRAND,,,,,False,,KEEP REVIEW,insufficient evidence; could be product or ambiguous OCR,LOW,INSUFFICIENT_EVIDENCE
311304,DR.C.S.PURANDAR 7767.00 - 61480 20/08/26 10479 DR.MRS.R.V. PAR 4499.00 0,REVIEW,REVIEW,NO_MATCH_FALLBACK,FALLBACK:AMBIGUOUS_NO_BRAND,,,,,False,,KEEP REVIEW,insufficient evidence; could be product or ambiguous OCR,LOW,INSUFFICIENT_EVIDENCE
311305,DR.MRS.R.V. PAR 16417.00 - 62104 21/08/26 10142 DR.ANIL MADAKE 27662.00 0,REVIEW,REVIEW,NO_MATCH_FALLBACK,FALLBACK:AMBIGUOUS_NO_BRAND,,,,,False,,KEEP REVIEW,insufficient evidence; could be product or ambiguous OCR,LOW,INSUFFICIENT_EVIDENCE
311306,DR.MRS.R.V. PAR 5342.00 - 63505 25/08/26 10479 DR.MRS.R.V. PAR 32193.00 0,REVIEW,REVIEW,NO_MATCH_FALLBACK,FALLBACK:AMBIGUOUS_NO_BRAND,,,,,False,,KEEP REVIEW,insufficient evidence; could be product or ambiguous OCR,LOW,INSUFFICIENT_EVIDENCE
311307,DR.MRS.R.V. PAR 1549.00 - 66225 31/08/26 10479 DR.MRS.R.V. PAR 38264.00 0,REVIEW,REVIEW,NO_MATCH_FALLBACK,FALLBACK:AMBIGUOUS_NO_BRAND,,,,,False,,KEEP REVIEW,insufficient evidence; could be product or ambiguous OCR,LOW,INSUFFICIENT_EVIDENCE
311404,Please clear following Invoice(s) immediately.. 0,REVIEW,REVIEW,NO_MATCH_FALLBACK,FALLBACK:STRUCTURAL_KW,,,,,False,,KEEP REVIEW,insufficient evidence; could be product or ambiguous OCR,LOW,INSUFFICIENT_EVIDENCE
311405,Invoice(s) - Date - Code - Customer - OsAmt : (3806.00) 0,REVIEW,REVIEW,NO_MATCH_FALLBACK,FALLBACK:STRUCTURAL_KW,,,,,False,,KEEP REVIEW,insufficient evidence; could be product or ambiguous OCR,LOW,INSUFFICIENT_EVIDENCE
311406,RAHAT PHARMA 47 1101.00 - 56616 10/08/26 12488 RAHAT PHARMA 47 1263.00 0,REVIEW,REVIEW,NO_MATCH_FALLBACK,FALLBACK:AMBIGUOUS_NO_BRAND,,,,,False,,CANDIDATE FOR 1,company-like name without pharma dosage form,MODERATE,PHARMA_COMPANY_NAME
311407,RAHAT PHARMA 47 596.00 - 62879 24/08/26 12488 RAHAT PHARMA 47 505.00 0,REVIEW,REVIEW,NO_MATCH_FALLBACK,FALLBACK:AMBIGUOUS_NO_BRAND,,,,,False,,CANDIDATE FOR 1,company-like name without pharma dosage form,MODERATE,PHARMA_COMPANY_NAME
311408,RAHAT PHARMA 47 341.00 0,REVIEW,REVIEW,NO_MATCH_FALLBACK,FALLBACK:AMBIGUOUS_NO_BRAND,,,,,False,,CANDIDATE FOR 1,company-like name without pharma dosage form,MODERATE,PHARMA_COMPANY_NAME
312054,TABDAPAGZA-M 10/1000 10T,REVIEW,REVIEW,NO_MATCH_FALLBACK,FALLBACK:AMBIGUOUS_NO_BRAND,,,,,False,,KEEP REVIEW,insufficient evidence; could be product or ambiguous OCR,LOW,INSUFFICIENT_EVIDENCE
312345,SUGANDHA ENTERPRISES,REVIEW,1,GARBAGE:pattern_garbage,GARBAGE:pattern_garbage,,,,,False,\b(AGENCIES?|DISTRIBUTORS?|MEDICO[SE]?|CORPORATION|ENTERPRISES?|TRADERS?|TRADING)\b,KEEP REVIEW,insufficient evidence; could be product or ambiguous OCR,LOW,INSUFFICIENT_EVIDENCE
312390,SUGANDHA ENTERPRISES,REVIEW,1,GARBAGE:pattern_garbage,GARBAGE:pattern_garbage,,,,,False,\b(AGENCIES?|DISTRIBUTORS?|MEDICO[SE]?|CORPORATION|ENTERPRISES?|TRADERS?|TRADING)\b,KEEP REVIEW,insufficient evidence; could be product or ambiguous OCR,LOW,INSUFFICIENT_EVIDENCE
312439,SUGANDHA ENTERPRISES,REVIEW,1,GARBAGE:pattern_garbage,GARBAGE:pattern_garbage,,,,,False,\b(AGENCIES?|DISTRIBUTORS?|MEDICO[SE]?|CORPORATION|ENTERPRISES?|TRADERS?|TRADING)\b,KEEP REVIEW,insufficient evidence; could be product or ambiguous OCR,LOW,INSUFFICIENT_EVIDENCE
312476,I am satisfied with Marg ERP Computerise YOUR SHOP Rs.5550 StockAccounts GST Call 9899545122,REVIEW,REVIEW,NO_MATCH_FALLBACK,FALLBACK:AMBIGUOUS_NO_BRAND,,,,,False,,KEEP REVIEW,insufficient evidence; could be product or ambiguous OCR,LOW,INSUFFICIENT_EVIDENCE
314244,Pack OpStk Qty,REVIEW,REVIEW,NO_MATCH_FALLBACK,FALLBACK:AMBIGUOUS_NO_BRAND,,,,,False,,KEEP REVIEW,insufficient evidence; could be product or ambiguous OCR,LOW,INSUFFICIENT_EVIDENCE
319224,LANTUS U 100 SOLOSTAR 1UNIT,REVIEW,REVIEW,NO_MATCH_FALLBACK,FALLBACK:AMBIGUOUS_NO_BRAND,,,fuzzy→EXACT_ONLY(NUNIT),,False,,CANDIDATE FOR 1,brand invalidated (fuzzy→EXACT_ONLY(NUNIT)) + no pharma signal,MODERATE,INVALIDATED_NO_PHARMA
319971,Closing 750.97 Adj 0.00 Branch 0.00,REVIEW,REVIEW,NO_MATCH_FALLBACK,FALLBACK:AMBIGUOUS_NO_BRAND,,,,,False,,CANDIDATE FOR 1,structural/aggregate keyword present,MODERATE,STRUCTURAL_KEYWORD
319975,Closing 11450.00 Adj 0.00 Branch 0.00,REVIEW,REVIEW,NO_MATCH_FALLBACK,FALLBACK:AMBIGUOUS_NO_BRAND,,,,,False,,CANDIDATE FOR 1,structural/aggregate keyword present,MODERATE,STRUCTURAL_KEYWORD
319980,Closing 61900.00 Adj 0.00 Branch 0.00,REVIEW,REVIEW,NO_MATCH_FALLBACK,FALLBACK:AMBIGUOUS_NO_BRAND,,,,,False,,CANDIDATE FOR 1,structural/aggregate keyword present,MODERATE,STRUCTURAL_KEYWORD
319991,Closing 146378.21 Adj 0.00 Branch 0.00,REVIEW,REVIEW,NO_MATCH_FALLBACK,FALLBACK:AMBIGUOUS_NO_BRAND,,,,,False,,CANDIDATE FOR 1,structural/aggregate keyword present,MODERATE,STRUCTURAL_KEYWORD
319999,Closing 263719.97 Adj 0.00 Branch 0.00,REVIEW,REVIEW,NO_MATCH_FALLBACK,FALLBACK:AMBIGUOUS_NO_BRAND,,,,,False,,CANDIDATE FOR 1,structural/aggregate keyword present,MODERATE,STRUCTURAL_KEYWORD
320002,Closing 331862.37 Adj 0.00 Branch 0.00,REVIEW,REVIEW,NO_MATCH_FALLBACK,FALLBACK:AMBIGUOUS_NO_BRAND,,,,,False,,CANDIDATE FOR 1,structural/aggregate keyword present,MODERATE,STRUCTURAL_KEYWORD
320005,Closing 113823.08 Adj 46607.40 Branch 0.00,REVIEW,REVIEW,NO_MATCH_FALLBACK,FALLBACK:AMBIGUOUS_NO_BRAND,,,,,False,,CANDIDATE FOR 1,structural/aggregate keyword present,MODERATE,STRUCTURAL_KEYWORD
320011,Closing 62997.50 Adj 1260.00 Branch 0.00,REVIEW,REVIEW,NO_MATCH_FALLBACK,FALLBACK:AMBIGUOUS_NO_BRAND,,,,,False,,CANDIDATE FOR 1,structural/aggregate keyword present,MODERATE,STRUCTURAL_KEYWORD
320022,Closing 303251.79 Adj 139379.65 Branch 0.00,REVIEW,REVIEW,NO_MATCH_FALLBACK,FALLBACK:AMBIGUOUS_NO_BRAND,,,,,False,,CANDIDATE FOR 1,structural/aggregate keyword present,MODERATE,STRUCTURAL_KEYWORD
320030,Closing 573768.00 Adj 1710.00 Branch 0.00,REVIEW,REVIEW,NO_MATCH_FALLBACK,FALLBACK:AMBIGUOUS_NO_BRAND,,,,,False,,CANDIDATE FOR 1,structural/aggregate keyword present,MODERATE,STRUCTURAL_KEYWORD
321679,ILSAR 40 --,REVIEW,REVIEW,NO_MATCH_FALLBACK,FALLBACK:AMBIGUOUS_NO_BRAND,,,,,False,,KEEP REVIEW,insufficient evidence; could be product or ambiguous OCR,LOW,INSUFFICIENT_EVIDENCE
322122,PURC 60000 SALE 90000 STOCK 78000 STK120 62400 EXP3M 62400 EXP6M 62400,REVIEW,REVIEW,NO_MATCH_FALLBACK,FALLBACK:AMBIGUOUS_NO_BRAND,,,,,False,,KEEP REVIEW,insufficient evidence; could be product or ambiguous OCR,LOW,INSUFFICIENT_EVIDENCE
322125,This is a Computer Generated Report Which Does Not Require Stamp or Signature,REVIEW,REVIEW,NO_MATCH_FALLBACK,FALLBACK:AMBIGUOUS_NO_BRAND,,,,,False,,KEEP REVIEW,insufficient evidence; could be product or ambiguous OCR,LOW,INSUFFICIENT_EVIDENCE
323366,CIDNAVIRCIDOFOVIRINJ UNSURE,REVIEW,REVIEW,NO_MATCH_FALLBACK,FALLBACK:AMBIGUOUS_NO_BRAND,,,,,False,,KEEP REVIEW,insufficient evidence; could be product or ambiguous OCR,LOW,INSUFFICIENT_EVIDENCE
323563,Closing 1498866.75 Adj 0.00 Branch 0.00,REVIEW,REVIEW,NO_MATCH_FALLBACK,FALLBACK:AMBIGUOUS_NO_BRAND,,,,,False,,CANDIDATE FOR 1,structural/aggregate keyword present,MODERATE,STRUCTURAL_KEYWORD
323611,Closing 629188.52 Adj 3772.09 Branch 0.00,REVIEW,REVIEW,NO_MATCH_FALLBACK,FALLBACK:AMBIGUOUS_NO_BRAND,,,,,False,,CANDIDATE FOR 1,structural/aggregate keyword present,MODERATE,STRUCTURAL_KEYWORD
323643,Closing 255806.88 Adj 105.39 Branch 0.00,REVIEW,REVIEW,NO_MATCH_FALLBACK,FALLBACK:AMBIGUOUS_NO_BRAND,,,,,False,,CANDIDATE FOR 1,structural/aggregate keyword present,MODERATE,STRUCTURAL_KEYWORD
323649,FULL 24MG TAB 10S NO SALE 10S,REVIEW,REVIEW,NO_MATCH_FALLBACK,FALLBACK:AMBIGUOUS_NO_BRAND,,,,,False,,KEEP REVIEW,insufficient evidence; could be product or ambiguous OCR,LOW,INSUFFICIENT_EVIDENCE
323675,Closing 45544.13 Adj 0.00 Branch 0.00,REVIEW,REVIEW,NO_MATCH_FALLBACK,FALLBACK:AMBIGUOUS_NO_BRAND,,,,,False,,CANDIDATE FOR 1,structural/aggregate keyword present,MODERATE,STRUCTURAL_KEYWORD
323701,Closing 414098.04 Adj 0.00 Branch 0.00,REVIEW,REVIEW,NO_MATCH_FALLBACK,FALLBACK:AMBIGUOUS_NO_BRAND,,,,,False,,CANDIDATE FOR 1,structural/aggregate keyword present,MODERATE,STRUCTURAL_KEYWORD
323738,Closing 1090567.43 Adj 30801.96 Branch 0.00,REVIEW,REVIEW,NO_MATCH_FALLBACK,FALLBACK:AMBIGUOUS_NO_BRAND,,,,,False,,CANDIDATE FOR 1,structural/aggregate keyword present,MODERATE,STRUCTURAL_KEYWORD
323743,Closing 3079.84 Adj 0.00 Branch 0.00,REVIEW,REVIEW,NO_MATCH_FALLBACK,FALLBACK:AMBIGUOUS_NO_BRAND,,,,,False,,CANDIDATE FOR 1,structural/aggregate keyword present,MODERATE,STRUCTURAL_KEYWORD
323765,Closing 0.00 Adj 0.00 Branch 0.00,REVIEW,REVIEW,NO_MATCH_FALLBACK,FALLBACK:AMBIGUOUS_NO_BRAND,,,,,False,,CANDIDATE FOR 1,structural/aggregate keyword present,MODERATE,STRUCTURAL_KEYWORD
323770,Closing 505880.32 Adj 0.00 Branch 0.00,REVIEW,REVIEW,NO_MATCH_FALLBACK,FALLBACK:AMBIGUOUS_NO_BRAND,,,,,False,,CANDIDATE FOR 1,structural/aggregate keyword present,MODERATE,STRUCTURAL_KEYWORD
323799,Closing 1498866.75 Adj 0.00 Branch 0.00,REVIEW,REVIEW,NO_MATCH_FALLBACK,FALLBACK:AMBIGUOUS_NO_BRAND,,,,,False,,CANDIDATE FOR 1,structural/aggregate keyword present,MODERATE,STRUCTURAL_KEYWORD
323847,Closing 629188.52 Adj 3772.09 Branch 0.00,REVIEW,REVIEW,NO_MATCH_FALLBACK,FALLBACK:AMBIGUOUS_NO_BRAND,,,,,False,,CANDIDATE FOR 1,structural/aggregate keyword present,MODERATE,STRUCTURAL_KEYWORD
323884,FULL 24MG TAB 10S NO SALE 10S,REVIEW,REVIEW,NO_MATCH_FALLBACK,FALLBACK:AMBIGUOUS_NO_BRAND,,,,,False,,KEEP REVIEW,insufficient evidence; could be product or ambiguous OCR,LOW,INSUFFICIENT_EVIDENCE
325553,BENIDUCE 4,REVIEW,REVIEW,NO_MATCH_FALLBACK,FALLBACK:AMBIGUOUS_NO_BRAND,,,,,False,,KEEP REVIEW,insufficient evidence; could be product or ambiguous OCR,LOW,INSUFFICIENT_EVIDENCE
326066,GENNOVA,REVIEW,REVIEW,NO_MATCH_FALLBACK,FALLBACK:AMBIGUOUS_NO_BRAND,,,,,False,,CANDIDATE FOR 1,starts with known Emcure company/division prefix,STRONG,COMPANY_DIVISION_PREFIX
326084,GENNOVA DIALYSIS,REVIEW,REVIEW,NO_MATCH_FALLBACK,FALLBACK:AMBIGUOUS_NO_BRAND,,,,,False,,CANDIDATE FOR 1,starts with known Emcure company/division prefix,STRONG,COMPANY_DIVISION_PREFIX
326090,GENNOVA,REVIEW,REVIEW,NO_MATCH_FALLBACK,FALLBACK:AMBIGUOUS_NO_BRAND,,,,,False,,CANDIDATE FOR 1,starts with known Emcure company/division prefix,STRONG,COMPANY_DIVISION_PREFIX
326108,GENNOVA DIALYSIS,REVIEW,REVIEW,NO_MATCH_FALLBACK,FALLBACK:AMBIGUOUS_NO_BRAND,,,,,False,,CANDIDATE FOR 1,starts with known Emcure company/division prefix,STRONG,COMPANY_DIVISION_PREFIX
326187,EMC.GEN,REVIEW,REVIEW,NO_MATCH_FALLBACK,FALLBACK:AMBIGUOUS_NO_BRAND,,,,,False,,KEEP REVIEW,insufficient evidence; could be product or ambiguous OCR,LOW,INSUFFICIENT_EVIDENCE
326522,SRUTIS,REVIEW,REVIEW,NO_MATCH_FALLBACK,FALLBACK:AMBIGUOUS_NO_BRAND,,,,,False,,KEEP REVIEW,insufficient evidence; could be product or ambiguous OCR,LOW,INSUFFICIENT_EVIDENCE
326575,SRUTIS,REVIEW,REVIEW,NO_MATCH_FALLBACK,FALLBACK:AMBIGUOUS_NO_BRAND,,,,,False,,KEEP REVIEW,insufficient evidence; could be product or ambiguous OCR,LOW,INSUFFICIENT_EVIDENCE
326628,SRUTIS,REVIEW,REVIEW,NO_MATCH_FALLBACK,FALLBACK:AMBIGUOUS_NO_BRAND,,,,,False,,KEEP REVIEW,insufficient evidence; could be product or ambiguous OCR,LOW,INSUFFICIENT_EVIDENCE
326681,SRUTIS,REVIEW,REVIEW,NO_MATCH_FALLBACK,FALLBACK:AMBIGUOUS_NO_BRAND,,,,,False,,KEEP REVIEW,insufficient evidence; could be product or ambiguous OCR,LOW,INSUFFICIENT_EVIDENCE
326734,SRUTIS,REVIEW,REVIEW,NO_MATCH_FALLBACK,FALLBACK:AMBIGUOUS_NO_BRAND,,,,,False,,KEEP REVIEW,insufficient evidence; could be product or ambiguous OCR,LOW,INSUFFICIENT_EVIDENCE
326787,SRUTIS,REVIEW,REVIEW,NO_MATCH_FALLBACK,FALLBACK:AMBIGUOUS_NO_BRAND,,,,,False,,KEEP REVIEW,insufficient evidence; could be product or ambiguous OCR,LOW,INSUFFICIENT_EVIDENCE
326840,SRUTIS,REVIEW,REVIEW,NO_MATCH_FALLBACK,FALLBACK:AMBIGUOUS_NO_BRAND,,,,,False,,KEEP REVIEW,insufficient evidence; could be product or ambiguous OCR,LOW,INSUFFICIENT_EVIDENCE
326893,SRUTIS,REVIEW,REVIEW,NO_MATCH_FALLBACK,FALLBACK:AMBIGUOUS_NO_BRAND,,,,,False,,KEEP REVIEW,insufficient evidence; could be product or ambiguous OCR,LOW,INSUFFICIENT_EVIDENCE
326946,SRUTIS,REVIEW,REVIEW,NO_MATCH_FALLBACK,FALLBACK:AMBIGUOUS_NO_BRAND,,,,,False,,KEEP REVIEW,insufficient evidence; could be product or ambiguous OCR,LOW,INSUFFICIENT_EVIDENCE
327213,LIVSOURCE CHOC POW 450GMS,REVIEW,REVIEW,NO_MATCH_FALLBACK,FALLBACK:AMBIGUOUS_NO_BRAND,,,,,False,,KEEP REVIEW,insufficient evidence; could be product or ambiguous OCR,LOW,INSUFFICIENT_EVIDENCE
327214,LIVSOURCE VAN POW 450GMS,REVIEW,REVIEW,NO_MATCH_FALLBACK,FALLBACK:AMBIGUOUS_NO_BRAND,,,,,False,,KEEP REVIEW,insufficient evidence; could be product or ambiguous OCR,LOW,INSUFFICIENT_EVIDENCE
327837,Printed Using PharmAssist From C-Square. --,REVIEW,REVIEW,NO_MATCH_FALLBACK,FALLBACK:AMBIGUOUS_NO_BRAND,,,,,False,,KEEP REVIEW,insufficient evidence; could be product or ambiguous OCR,LOW,INSUFFICIENT_EVIDENCE
328184,Closing 1099.70 Adj 0.00 Branch 0.00,REVIEW,REVIEW,NO_MATCH_FALLBACK,FALLBACK:AMBIGUOUS_NO_BRAND,,,,,False,,CANDIDATE FOR 1,structural/aggregate keyword present,MODERATE,STRUCTURAL_KEYWORD
328189,Closing 0.00 Adj 0.00 Branch 0.00,REVIEW,REVIEW,NO_MATCH_FALLBACK,FALLBACK:AMBIGUOUS_NO_BRAND,,,,,False,,CANDIDATE FOR 1,structural/aggregate keyword present,MODERATE,STRUCTURAL_KEYWORD
328242,Closing 78180.72 Adj 0.00 Branch 0.00,REVIEW,REVIEW,NO_MATCH_FALLBACK,FALLBACK:AMBIGUOUS_NO_BRAND,,,,,False,,CANDIDATE FOR 1,structural/aggregate keyword present,MODERATE,STRUCTURAL_KEYWORD
328290,Closing 1612.61 Adj 0.00 Branch 0.00,REVIEW,REVIEW,NO_MATCH_FALLBACK,FALLBACK:AMBIGUOUS_NO_BRAND,,,,,False,,CANDIDATE FOR 1,structural/aggregate keyword present,MODERATE,STRUCTURAL_KEYWORD
328295,Closing 15966.00 Adj 0.00 Branch 0.00,REVIEW,REVIEW,NO_MATCH_FALLBACK,FALLBACK:AMBIGUOUS_NO_BRAND,,,,,False,,CANDIDATE FOR 1,structural/aggregate keyword present,MODERATE,STRUCTURAL_KEYWORD
328325,Closing 85942.81 Adj 0.00 Branch 0.00,REVIEW,REVIEW,NO_MATCH_FALLBACK,FALLBACK:AMBIGUOUS_NO_BRAND,,,,,False,,CANDIDATE FOR 1,structural/aggregate keyword present,MODERATE,STRUCTURAL_KEYWORD
328328,Closing 0.00 Adj 0.00 Branch 0.00,REVIEW,REVIEW,NO_MATCH_FALLBACK,FALLBACK:AMBIGUOUS_NO_BRAND,,,,,False,,CANDIDATE FOR 1,structural/aggregate keyword present,MODERATE,STRUCTURAL_KEYWORD
328333,Closing 0.00 Adj 0.00 Branch 0.00,REVIEW,REVIEW,NO_MATCH_FALLBACK,FALLBACK:AMBIGUOUS_NO_BRAND,,,,,False,,CANDIDATE FOR 1,structural/aggregate keyword present,MODERATE,STRUCTURAL_KEYWORD
328368,Closing 135085.18 Adj 0.00 Branch 0.00,REVIEW,REVIEW,NO_MATCH_FALLBACK,FALLBACK:AMBIGUOUS_NO_BRAND,,,,,False,,CANDIDATE FOR 1,structural/aggregate keyword present,MODERATE,STRUCTURAL_KEYWORD
328369,Closing 317887.02 Adj 0.00 Branch 0.00,REVIEW,REVIEW,NO_MATCH_FALLBACK,FALLBACK:AMBIGUOUS_NO_BRAND,,,,,False,,CANDIDATE FOR 1,structural/aggregate keyword present,MODERATE,STRUCTURAL_KEYWORD
329073,ASB MEDICAL AGENCY,REVIEW,REVIEW,NO_MATCH_FALLBACK,FALLBACK:DISTRIBUTION_ENTITY,,,,,False,,KEEP REVIEW,insufficient evidence; could be product or ambiguous OCR,LOW,INSUFFICIENT_EVIDENCE
329133,ASB MEDICAL AGENCY,REVIEW,REVIEW,NO_MATCH_FALLBACK,FALLBACK:DISTRIBUTION_ENTITY,,,,,False,,KEEP REVIEW,insufficient evidence; could be product or ambiguous OCR,LOW,INSUFFICIENT_EVIDENCE
329447,End Of Report,REVIEW,REVIEW,NO_MATCH_FALLBACK,FALLBACK:AMBIGUOUS_NO_BRAND,,,,,False,,KEEP REVIEW,insufficient evidence; could be product or ambiguous OCR,LOW,INSUFFICIENT_EVIDENCE
331437,ROSUVAS 10,REVIEW,REVIEW,NO_MATCH_FALLBACK,FALLBACK:AMBIGUOUS_NO_BRAND,,,,,False,,KEEP REVIEW,insufficient evidence; could be product or ambiguous OCR,LOW,INSUFFICIENT_EVIDENCE
331438,ROSUVAS 20,REVIEW,REVIEW,NO_MATCH_FALLBACK,FALLBACK:AMBIGUOUS_NO_BRAND,,,,,False,,KEEP REVIEW,insufficient evidence; could be product or ambiguous OCR,LOW,INSUFFICIENT_EVIDENCE
331439,ROSUVAS 40,REVIEW,REVIEW,NO_MATCH_FALLBACK,FALLBACK:AMBIGUOUS_NO_BRAND,,,,,False,,KEEP REVIEW,insufficient evidence; could be product or ambiguous OCR,LOW,INSUFFICIENT_EVIDENCE
331440,ROSUVAS 5,REVIEW,REVIEW,NO_MATCH_FALLBACK,FALLBACK:AMBIGUOUS_NO_BRAND,,,,,False,,KEEP REVIEW,insufficient evidence; could be product or ambiguous OCR,LOW,INSUFFICIENT_EVIDENCE
331441,ROSUVAS CV 10,REVIEW,REVIEW,NO_MATCH_FALLBACK,FALLBACK:AMBIGUOUS_NO_BRAND,,,,,False,,KEEP REVIEW,insufficient evidence; could be product or ambiguous OCR,LOW,INSUFFICIENT_EVIDENCE
331442,ROSUVAS CV 20,REVIEW,REVIEW,NO_MATCH_FALLBACK,FALLBACK:AMBIGUOUS_NO_BRAND,,,,,False,,KEEP REVIEW,insufficient evidence; could be product or ambiguous OCR,LOW,INSUFFICIENT_EVIDENCE
331446,ROSUVAS F 10,REVIEW,REVIEW,NO_MATCH_FALLBACK,FALLBACK:AMBIGUOUS_NO_BRAND,,,,,False,,KEEP REVIEW,insufficient evidence; could be product or ambiguous OCR,LOW,INSUFFICIENT_EVIDENCE
331447,ROSUVAS F20,REVIEW,REVIEW,NO_MATCH_FALLBACK,FALLBACK:AMBIGUOUS_NO_BRAND,,,,,False,,KEEP REVIEW,insufficient evidence; could be product or ambiguous OCR,LOW,INSUFFICIENT_EVIDENCE
331448,ROSUVAS F5,REVIEW,REVIEW,NO_MATCH_FALLBACK,FALLBACK:AMBIGUOUS_NO_BRAND,,,,,False,,KEEP REVIEW,insufficient evidence; could be product or ambiguous OCR,LOW,INSUFFICIENT_EVIDENCE
331843,EMILDAP10 10,REVIEW,REVIEW,NO_MATCH_FALLBACK,FALLBACK:AMBIGUOUS_NO_BRAND,,,,,False,,KEEP REVIEW,insufficient evidence; could be product or ambiguous OCR,LOW,INSUFFICIENT_EVIDENCE
333256,I am satisfied with Marg ERP Computerise YOUR SHOP Rs.5550 StockAccounts GST Call 9259876333,REVIEW,REVIEW,NO_MATCH_FALLBACK,FALLBACK:AMBIGUOUS_NO_BRAND,,,,,False,,KEEP REVIEW,insufficient evidence; could be product or ambiguous OCR,LOW,INSUFFICIENT_EVIDENCE
334074,LIFE PHARMA,REVIEW,REVIEW,NO_MATCH_FALLBACK,FALLBACK:AMBIGUOUS_NO_BRAND,,,,,False,,CANDIDATE FOR 1,company-like name without pharma dosage form,MODERATE,PHARMA_COMPANY_NAME
334117,LIFE PHARMA,REVIEW,REVIEW,NO_MATCH_FALLBACK,FALLBACK:AMBIGUOUS_NO_BRAND,,,,,False,,CANDIDATE FOR 1,company-like name without pharma dosage form,MODERATE,PHARMA_COMPANY_NAME
334166,LIFE PHARMA,REVIEW,REVIEW,NO_MATCH_FALLBACK,FALLBACK:AMBIGUOUS_NO_BRAND,,,,,False,,CANDIDATE FOR 1,company-like name without pharma dosage form,MODERATE,PHARMA_COMPANY_NAME
334210,LIFE PHARMA,REVIEW,REVIEW,NO_MATCH_FALLBACK,FALLBACK:AMBIGUOUS_NO_BRAND,,,,,False,,CANDIDATE FOR 1,company-like name without pharma dosage form,MODERATE,PHARMA_COMPANY_NAME
334345,Import Purchase ONLINE No Manual Entry MARG ERP Rs.5550 StocksAccountsGST Call 86005919438483091946,REVIEW,REVIEW,NO_MATCH_FALLBACK,FALLBACK:STRUCTURAL_KW,,,,,False,,KEEP REVIEW,insufficient evidence; could be product or ambiguous OCR,LOW,INSUFFICIENT_EVIDENCE
334364,Import Purchase ONLINE No Manual Entry MARG ERP Rs.5550 StocksAccountsGST Call 86005919438483091946,REVIEW,REVIEW,NO_MATCH_FALLBACK,FALLBACK:STRUCTURAL_KW,,,,,False,,KEEP REVIEW,insufficient evidence; could be product or ambiguous OCR,LOW,INSUFFICIENT_EVIDENCE
334385,Import Purchase ONLINE No Manual Entry MARG ERP Rs.5550 StocksAccountsGST Call 86005919438483091946,REVIEW,REVIEW,NO_MATCH_FALLBACK,FALLBACK:STRUCTURAL_KW,,,,,False,,KEEP REVIEW,insufficient evidence; could be product or ambiguous OCR,LOW,INSUFFICIENT_EVIDENCE
334406,Import Purchase ONLINE No Manual Entry MARG ERP Rs.5550 StocksAccountsGST Call 86005919438483091946,REVIEW,REVIEW,NO_MATCH_FALLBACK,FALLBACK:STRUCTURAL_KW,,,,,False,,KEEP REVIEW,insufficient evidence; could be product or ambiguous OCR,LOW,INSUFFICIENT_EVIDENCE
334416,Import Purchase ONLINE No Manual Entry MARG ERP Rs.5550 StocksAccountsGST Call 86005919438483091946,REVIEW,REVIEW,NO_MATCH_FALLBACK,FALLBACK:STRUCTURAL_KW,,,,,False,,KEEP REVIEW,insufficient evidence; could be product or ambiguous OCR,LOW,INSUFFICIENT_EVIDENCE
334434,Import Purchase ONLINE No Manual Entry MARG ERP Rs.5550 StocksAccountsGST Call 86005919438483091946,REVIEW,REVIEW,NO_MATCH_FALLBACK,FALLBACK:STRUCTURAL_KW,,,,,False,,KEEP REVIEW,insufficient evidence; could be product or ambiguous OCR,LOW,INSUFFICIENT_EVIDENCE
335324,EKCEF 250 VAIL,REVIEW,REVIEW,NO_MATCH_FALLBACK,FALLBACK:AMBIGUOUS_NO_BRAND,,,,,False,,KEEP REVIEW,insufficient evidence; could be product or ambiguous OCR,LOW,INSUFFICIENT_EVIDENCE
335334,EUDROX-200 10,REVIEW,REVIEW,NO_MATCH_FALLBACK,FALLBACK:AMBIGUOUS_NO_BRAND,,,,,False,,KEEP REVIEW,insufficient evidence; could be product or ambiguous OCR,LOW,INSUFFICIENT_EVIDENCE
336960,PURC 0 SALE 35139 STOCK 36672 STK120 478 LZSTK 3470,REVIEW,REVIEW,NO_MATCH_FALLBACK,FALLBACK:AMBIGUOUS_NO_BRAND,,,,,False,,KEEP REVIEW,insufficient evidence; could be product or ambiguous OCR,LOW,INSUFFICIENT_EVIDENCE
336996,PURC 0 SALE 68355 STOCK 40631 STK120 2257 EXP6M 1939 LZSTK 3302,REVIEW,REVIEW,NO_MATCH_FALLBACK,FALLBACK:AMBIGUOUS_NO_BRAND,,,,,False,,KEEP REVIEW,insufficient evidence; could be product or ambiguous OCR,LOW,INSUFFICIENT_EVIDENCE
337003,PURC 0 SALE 3095 STOCK 5883 STK120 502 LZSTK 502,REVIEW,REVIEW,NO_MATCH_FALLBACK,FALLBACK:AMBIGUOUS_NO_BRAND,,,,,False,,KEEP REVIEW,insufficient evidence; could be product or ambiguous OCR,LOW,INSUFFICIENT_EVIDENCE
337025,PURC 0 SALE 24080 STOCK 72582 STK120 3999 LZSTK 14356,REVIEW,REVIEW,NO_MATCH_FALLBACK,FALLBACK:AMBIGUOUS_NO_BRAND,,,,,False,,KEEP REVIEW,insufficient evidence; could be product or ambiguous OCR,LOW,INSUFFICIENT_EVIDENCE
337028,PURC 0 SALE 0 STOCK 0,REVIEW,REVIEW,NO_MATCH_FALLBACK,FALLBACK:AMBIGUOUS_NO_BRAND,,,,,False,,KEEP REVIEW,insufficient evidence; could be product or ambiguous OCR,LOW,INSUFFICIENT_EVIDENCE
337036,PURC 0 SALE 6402 STOCK 4226,REVIEW,REVIEW,NO_MATCH_FALLBACK,FALLBACK:AMBIGUOUS_NO_BRAND,,,,,False,,KEEP REVIEW,insufficient evidence; could be product or ambiguous OCR,LOW,INSUFFICIENT_EVIDENCE
337069,PURC 0 SALE 104392 STOCK 60771 STK120 643 LZSTK 490,REVIEW,REVIEW,NO_MATCH_FALLBACK,FALLBACK:AMBIGUOUS_NO_BRAND,,,,,False,,KEEP REVIEW,insufficient evidence; could be product or ambiguous OCR,LOW,INSUFFICIENT_EVIDENCE
337091,PURC 0 SALE 216451 STOCK 119400 LZSTK 3290,REVIEW,REVIEW,NO_MATCH_FALLBACK,FALLBACK:AMBIGUOUS_NO_BRAND,,,,,False,,KEEP REVIEW,insufficient evidence; could be product or ambiguous OCR,LOW,INSUFFICIENT_EVIDENCE
337141,PURC 0 SALE 283360 STOCK 165798 STK120 639 EXP6M 2144 LZSTK 4931,REVIEW,REVIEW,NO_MATCH_FALLBACK,FALLBACK:AMBIGUOUS_NO_BRAND,,,,,False,,KEEP REVIEW,insufficient evidence; could be product or ambiguous OCR,LOW,INSUFFICIENT_EVIDENCE
337142,Please clear following Debit Notes immediately..,REVIEW,REVIEW,NO_MATCH_FALLBACK,FALLBACK:AMBIGUOUS_NO_BRAND,,,,,False,,KEEP REVIEW,insufficient evidence; could be product or ambiguous OCR,LOW,INSUFFICIENT_EVIDENCE
337143,Pending Dr.Notes - Date - NetAmt 21987.00,REVIEW,REVIEW,NO_MATCH_FALLBACK,FALLBACK:AMBIGUOUS_NO_BRAND,,,,,False,,KEEP REVIEW,insufficient evidence; could be product or ambiguous OCR,LOW,INSUFFICIENT_EVIDENCE
337158,PURC 0 SALE 52292 STOCK 43784 STK120 5158 LZSTK 16823,REVIEW,REVIEW,NO_MATCH_FALLBACK,FALLBACK:AMBIGUOUS_NO_BRAND,,,,,False,,KEEP REVIEW,insufficient evidence; could be product or ambiguous OCR,LOW,INSUFFICIENT_EVIDENCE
337183,PURC 0 SALE 22252 STOCK 13170 STK120 2169 LZSTK 2955,REVIEW,REVIEW,NO_MATCH_FALLBACK,FALLBACK:AMBIGUOUS_NO_BRAND,,,,,False,,KEEP REVIEW,insufficient evidence; could be product or ambiguous OCR,LOW,INSUFFICIENT_EVIDENCE
337184,Please clear following Debit Notes immediately..,REVIEW,REVIEW,NO_MATCH_FALLBACK,FALLBACK:AMBIGUOUS_NO_BRAND,,,,,False,,KEEP REVIEW,insufficient evidence; could be product or ambiguous OCR,LOW,INSUFFICIENT_EVIDENCE
337185,Pending Dr.Notes - Date - NetAmt 2321.00,REVIEW,REVIEW,NO_MATCH_FALLBACK,FALLBACK:AMBIGUOUS_NO_BRAND,,,,,False,,KEEP REVIEW,insufficient evidence; could be product or ambiguous OCR,LOW,INSUFFICIENT_EVIDENCE
337186,EMCUTIX 08/08/26 2321.00,REVIEW,REVIEW,NO_MATCH_FALLBACK,FALLBACK:AMBIGUOUS_NO_BRAND,,,,,False,,CANDIDATE FOR 1,starts with known Emcure company/division prefix,STRONG,COMPANY_DIVISION_PREFIX
337246,PURC 0 SALE 141428 STOCK 120300 STK120 5133 EXP6M 186 LZSTK 6606,REVIEW,REVIEW,NO_MATCH_FALLBACK,FALLBACK:AMBIGUOUS_NO_BRAND,,,,,False,,KEEP REVIEW,insufficient evidence; could be product or ambiguous OCR,LOW,INSUFFICIENT_EVIDENCE
337254,PURC 0 SALE 24898 STOCK 11858 STK120 3251 LZSTK 3251,REVIEW,REVIEW,NO_MATCH_FALLBACK,FALLBACK:AMBIGUOUS_NO_BRAND,,,,,False,,KEEP REVIEW,insufficient evidence; could be product or ambiguous OCR,LOW,INSUFFICIENT_EVIDENCE
337255,PURC 0 SALE 982143 STOCK 695073 STK120 24229 EXP6M 4268 LZSTK 59975,REVIEW,REVIEW,NO_MATCH_FALLBACK,FALLBACK:AMBIGUOUS_NO_BRAND,,,,,False,,KEEP REVIEW,insufficient evidence; could be product or ambiguous OCR,LOW,INSUFFICIENT_EVIDENCE
337258,Report End 286 Records,REVIEW,REVIEW,NO_MATCH_FALLBACK,FALLBACK:AMBIGUOUS_NO_BRAND,,,,,False,,KEEP REVIEW,insufficient evidence; could be product or ambiguous OCR,LOW,INSUFFICIENT_EVIDENCE
337260,This is a computer-generated report that does not require a stamp orsignature,REVIEW,REVIEW,NO_MATCH_FALLBACK,FALLBACK:AMBIGUOUS_NO_BRAND,,,,,False,,KEEP REVIEW,insufficient evidence; could be product or ambiguous OCR,LOW,INSUFFICIENT_EVIDENCE
337271,PURC 0 SALE 35139 STOCK 36672 STK120 478 LZSTK 3470,REVIEW,REVIEW,NO_MATCH_FALLBACK,FALLBACK:AMBIGUOUS_NO_BRAND,,,,,False,,KEEP REVIEW,insufficient evidence; could be product or ambiguous OCR,LOW,INSUFFICIENT_EVIDENCE
337307,PURC 0 SALE 68355 STOCK 40631 STK120 2257 EXP6M 1939 LZSTK 3302,REVIEW,REVIEW,NO_MATCH_FALLBACK,FALLBACK:AMBIGUOUS_NO_BRAND,,,,,False,,KEEP REVIEW,insufficient evidence; could be product or ambiguous OCR,LOW,INSUFFICIENT_EVIDENCE
337314,PURC 0 SALE 3095 STOCK 5883 STK120 502 LZSTK 502,REVIEW,REVIEW,NO_MATCH_FALLBACK,FALLBACK:AMBIGUOUS_NO_BRAND,,,,,False,,KEEP REVIEW,insufficient evidence; could be product or ambiguous OCR,LOW,INSUFFICIENT_EVIDENCE
337336,PURC 0 SALE 24080 STOCK 72582 STK120 3999 LZSTK 14356,REVIEW,REVIEW,NO_MATCH_FALLBACK,FALLBACK:AMBIGUOUS_NO_BRAND,,,,,False,,KEEP REVIEW,insufficient evidence; could be product or ambiguous OCR,LOW,INSUFFICIENT_EVIDENCE
337339,PURC 0 SALE 0 STOCK 0,REVIEW,REVIEW,NO_MATCH_FALLBACK,FALLBACK:AMBIGUOUS_NO_BRAND,,,,,False,,KEEP REVIEW,insufficient evidence; could be product or ambiguous OCR,LOW,INSUFFICIENT_EVIDENCE
337347,PURC 0 SALE 6402 STOCK 4226,REVIEW,REVIEW,NO_MATCH_FALLBACK,FALLBACK:AMBIGUOUS_NO_BRAND,,,,,False,,KEEP REVIEW,insufficient evidence; could be product or ambiguous OCR,LOW,INSUFFICIENT_EVIDENCE
337380,PURC 0 SALE 104392 STOCK 60771 STK120 643 LZSTK 490,REVIEW,REVIEW,NO_MATCH_FALLBACK,FALLBACK:AMBIGUOUS_NO_BRAND,,,,,False,,KEEP REVIEW,insufficient evidence; could be product or ambiguous OCR,LOW,INSUFFICIENT_EVIDENCE
337402,PURC 0 SALE 216451 STOCK 119400 LZSTK 3290,REVIEW,REVIEW,NO_MATCH_FALLBACK,FALLBACK:AMBIGUOUS_NO_BRAND,,,,,False,,KEEP REVIEW,insufficient evidence; could be product or ambiguous OCR,LOW,INSUFFICIENT_EVIDENCE
337452,PURC 0 SALE 283360 STOCK 165798 STK120 639 EXP6M 2144 LZSTK 4931,REVIEW,REVIEW,NO_MATCH_FALLBACK,FALLBACK:AMBIGUOUS_NO_BRAND,,,,,False,,KEEP REVIEW,insufficient evidence; could be product or ambiguous OCR,LOW,INSUFFICIENT_EVIDENCE
337453,Please clear following Debit Notes immediately..,REVIEW,REVIEW,NO_MATCH_FALLBACK,FALLBACK:AMBIGUOUS_NO_BRAND,,,,,False,,KEEP REVIEW,insufficient evidence; could be product or ambiguous OCR,LOW,INSUFFICIENT_EVIDENCE
337454,Pending Dr.Notes - Date - NetAmt 21987.00,REVIEW,REVIEW,NO_MATCH_FALLBACK,FALLBACK:AMBIGUOUS_NO_BRAND,,,,,False,,KEEP REVIEW,insufficient evidence; could be product or ambiguous OCR,LOW,INSUFFICIENT_EVIDENCE
337469,PURC 0 SALE 52292 STOCK 43784 STK120 5158 LZSTK 16823,REVIEW,REVIEW,NO_MATCH_FALLBACK,FALLBACK:AMBIGUOUS_NO_BRAND,,,,,False,,KEEP REVIEW,insufficient evidence; could be product or ambiguous OCR,LOW,INSUFFICIENT_EVIDENCE
337494,PURC 0 SALE 22252 STOCK 13170 STK120 2169 LZSTK 2955,REVIEW,REVIEW,NO_MATCH_FALLBACK,FALLBACK:AMBIGUOUS_NO_BRAND,,,,,False,,KEEP REVIEW,insufficient evidence; could be product or ambiguous OCR,LOW,INSUFFICIENT_EVIDENCE
337495,Please clear following Debit Notes immediately..,REVIEW,REVIEW,NO_MATCH_FALLBACK,FALLBACK:AMBIGUOUS_NO_BRAND,,,,,False,,KEEP REVIEW,insufficient evidence; could be product or ambiguous OCR,LOW,INSUFFICIENT_EVIDENCE
337496,Pending Dr.Notes - Date - NetAmt 2321.00,REVIEW,REVIEW,NO_MATCH_FALLBACK,FALLBACK:AMBIGUOUS_NO_BRAND,,,,,False,,KEEP REVIEW,insufficient evidence; could be product or ambiguous OCR,LOW,INSUFFICIENT_EVIDENCE
337497,EMCUTIX 08/08/26 2321.00,REVIEW,REVIEW,NO_MATCH_FALLBACK,FALLBACK:AMBIGUOUS_NO_BRAND,,,,,False,,CANDIDATE FOR 1,starts with known Emcure company/division prefix,STRONG,COMPANY_DIVISION_PREFIX
337557,PURC 0 SALE 141428 STOCK 120300 STK120 5133 EXP6M 186 LZSTK 6606,REVIEW,REVIEW,NO_MATCH_FALLBACK,FALLBACK:AMBIGUOUS_NO_BRAND,,,,,False,,KEEP REVIEW,insufficient evidence; could be product or ambiguous OCR,LOW,INSUFFICIENT_EVIDENCE
337565,PURC 0 SALE 24898 STOCK 11858 STK120 3251 LZSTK 3251,REVIEW,REVIEW,NO_MATCH_FALLBACK,FALLBACK:AMBIGUOUS_NO_BRAND,,,,,False,,KEEP REVIEW,insufficient evidence; could be product or ambiguous OCR,LOW,INSUFFICIENT_EVIDENCE
337566,PURC 0 SALE 982143 STOCK 695073 STK120 24229 EXP6M 4268 LZSTK 59975,REVIEW,REVIEW,NO_MATCH_FALLBACK,FALLBACK:AMBIGUOUS_NO_BRAND,,,,,False,,KEEP REVIEW,insufficient evidence; could be product or ambiguous OCR,LOW,INSUFFICIENT_EVIDENCE
337569,Report End 286 Records,REVIEW,REVIEW,NO_MATCH_FALLBACK,FALLBACK:AMBIGUOUS_NO_BRAND,,,,,False,,KEEP REVIEW,insufficient evidence; could be product or ambiguous OCR,LOW,INSUFFICIENT_EVIDENCE
337571,This is a computer-generated report that does not require a stamp orsignature,REVIEW,REVIEW,NO_MATCH_FALLBACK,FALLBACK:AMBIGUOUS_NO_BRAND,,,,,False,,KEEP REVIEW,insufficient evidence; could be product or ambiguous OCR,LOW,INSUFFICIENT_EVIDENCE
339495,DEBARATI ENTERPRISE,REVIEW,1,GARBAGE:pattern_garbage,GARBAGE:pattern_garbage,,,,,False,\b(AGENCIES?|DISTRIBUTORS?|MEDICO[SE]?|CORPORATION|ENTERPRISES?|TRADERS?|TRADING)\b,KEEP REVIEW,insufficient evidence; could be product or ambiguous OCR,LOW,INSUFFICIENT_EVIDENCE
339715,ROSUVAS EZ10,REVIEW,REVIEW,NO_MATCH_FALLBACK,FALLBACK:AMBIGUOUS_NO_BRAND,,,,,False,,KEEP REVIEW,insufficient evidence; could be product or ambiguous OCR,LOW,INSUFFICIENT_EVIDENCE
341485,RABIPUR ING.,REVIEW,REVIEW,NO_MATCH_FALLBACK,FALLBACK:AMBIGUOUS_NO_BRAND,,,,,False,,KEEP REVIEW,insufficient evidence; could be product or ambiguous OCR,LOW,INSUFFICIENT_EVIDENCE
341657,ALLSTAR REUSABLE INSULIN PEN,REVIEW,REVIEW,NO_MATCH_FALLBACK,FALLBACK:AMBIGUOUS_NO_BRAND,,,,,False,,KEEP REVIEW,insufficient evidence; could be product or ambiguous OCR,LOW,INSUFFICIENT_EVIDENCE
341669,AMINOFIT 15SOFLETS.,REVIEW,REVIEW,NO_MATCH_FALLBACK,FALLBACK:AMBIGUOUS_NO_BRAND,,,,,False,,KEEP REVIEW,insufficient evidence; could be product or ambiguous OCR,LOW,INSUFFICIENT_EVIDENCE
341699,CELLOGLASS1PC,REVIEW,REVIEW,NO_MATCH_FALLBACK,FALLBACK:AMBIGUOUS_NO_BRAND,,,,,False,,KEEP REVIEW,insufficient evidence; could be product or ambiguous OCR,LOW,INSUFFICIENT_EVIDENCE
341730,ENTEROGERMINA 1X4CAP.,REVIEW,REVIEW,NO_MATCH_FALLBACK,FALLBACK:AMBIGUOUS_NO_BRAND,,,,,False,,KEEP REVIEW,insufficient evidence; could be product or ambiguous OCR,LOW,INSUFFICIENT_EVIDENCE
341763,TOUJEO CARTRIDGE,REVIEW,REVIEW,NO_MATCH_FALLBACK,FALLBACK:AMBIGUOUS_NO_BRAND,,,,,False,,KEEP REVIEW,insufficient evidence; could be product or ambiguous OCR,LOW,INSUFFICIENT_EVIDENCE
341765,TOUSTAR PEN,REVIEW,REVIEW,NO_MATCH_FALLBACK,FALLBACK:AMBIGUOUS_NO_BRAND,,,,,False,,KEEP REVIEW,insufficient evidence; could be product or ambiguous OCR,LOW,INSUFFICIENT_EVIDENCE
341787,ALLSTAR REUSABLE INSULIN PEN,REVIEW,REVIEW,NO_MATCH_FALLBACK,FALLBACK:AMBIGUOUS_NO_BRAND,,,,,False,,KEEP REVIEW,insufficient evidence; could be product or ambiguous OCR,LOW,INSUFFICIENT_EVIDENCE
341799,AMINOFIT 15SOFLETS.,REVIEW,REVIEW,NO_MATCH_FALLBACK,FALLBACK:AMBIGUOUS_NO_BRAND,,,,,False,,KEEP REVIEW,insufficient evidence; could be product or ambiguous OCR,LOW,INSUFFICIENT_EVIDENCE
341829,CELLOGLASS1PC,REVIEW,REVIEW,NO_MATCH_FALLBACK,FALLBACK:AMBIGUOUS_NO_BRAND,,,,,False,,KEEP REVIEW,insufficient evidence; could be product or ambiguous OCR,LOW,INSUFFICIENT_EVIDENCE
341860,ENTEROGERMINA 1X4CAP.,REVIEW,REVIEW,NO_MATCH_FALLBACK,FALLBACK:AMBIGUOUS_NO_BRAND,,,,,False,,KEEP REVIEW,insufficient evidence; could be product or ambiguous OCR,LOW,INSUFFICIENT_EVIDENCE
341893,TOUJEO CARTRIDGE,REVIEW,REVIEW,NO_MATCH_FALLBACK,FALLBACK:AMBIGUOUS_NO_BRAND,,,,,False,,KEEP REVIEW,insufficient evidence; could be product or ambiguous OCR,LOW,INSUFFICIENT_EVIDENCE
341895,TOUSTAR PEN,REVIEW,REVIEW,NO_MATCH_FALLBACK,FALLBACK:AMBIGUOUS_NO_BRAND,,,,,False,,KEEP REVIEW,insufficient evidence; could be product or ambiguous OCR,LOW,INSUFFICIENT_EVIDENCE
342150,Totals 157450.00 94144.00 114339.00 148705.00 36649.39,REVIEW,REVIEW,NO_MATCH_FALLBACK,FALLBACK:AMBIGUOUS_NO_BRAND,,,,,False,,KEEP REVIEW,insufficient evidence; could be product or ambiguous OCR,LOW,INSUFFICIENT_EVIDENCE
342481,Tot purc value 577088.00,REVIEW,REVIEW,NO_MATCH_FALLBACK,FALLBACK:AMBIGUOUS_NO_BRAND,,,,,False,,KEEP REVIEW,insufficient evidence; could be product or ambiguous OCR,LOW,INSUFFICIENT_EVIDENCE
342534,VIVEKANANDA MEDICAL STORES,REVIEW,REVIEW,NO_MATCH_FALLBACK,FALLBACK:DISTRIBUTION_ENTITY,,,,,False,,KEEP REVIEW,insufficient evidence; could be product or ambiguous OCR,LOW,INSUFFICIENT_EVIDENCE
342583,VIVEKANANDA MEDICAL STORES,REVIEW,REVIEW,NO_MATCH_FALLBACK,FALLBACK:DISTRIBUTION_ENTITY,,,,,False,,KEEP REVIEW,insufficient evidence; could be product or ambiguous OCR,LOW,INSUFFICIENT_EVIDENCE
342585,VYL 10T,REVIEW,REVIEW,NO_MATCH_FALLBACK,FALLBACK:AMBIGUOUS_NO_BRAND,,,,,False,,KEEP REVIEW,insufficient evidence; could be product or ambiguous OCR,LOW,INSUFFICIENT_EVIDENCE
342634,VIVEKANANDA MEDICAL STORES,REVIEW,REVIEW,NO_MATCH_FALLBACK,FALLBACK:DISTRIBUTION_ENTITY,,,,,False,,KEEP REVIEW,insufficient evidence; could be product or ambiguous OCR,LOW,INSUFFICIENT_EVIDENCE
342641,AT 10C,REVIEW,REVIEW,NO_MATCH_FALLBACK,FALLBACK:VERY_SHORT,,,,,False,,KEEP REVIEW,insufficient evidence; could be product or ambiguous OCR,LOW,INSUFFICIENT_EVIDENCE
342685,VIVEKANANDA MEDICAL STORES,REVIEW,REVIEW,NO_MATCH_FALLBACK,FALLBACK:DISTRIBUTION_ENTITY,,,,,False,,KEEP REVIEW,insufficient evidence; could be product or ambiguous OCR,LOW,INSUFFICIENT_EVIDENCE
342687,EMCUTIX BIOPHARM,REVIEW,REVIEW,NO_MATCH_FALLBACK,FALLBACK:AMBIGUOUS_NO_BRAND,,,,,False,,CANDIDATE FOR 1,starts with known Emcure company/division prefix,STRONG,COMPANY_DIVISION_PREFIX
343052,Digital Purchase ERP Ordering Healthcare QRCode on bills for extra earnings Call MARG 701570254074196099767419609977,REVIEW,REVIEW,NO_MATCH_FALLBACK,FALLBACK:PHARMA_ENTITY,,,,,False,,CANDIDATE FOR 1,company/entity keyword (PHARMACEUTICALS/BIOPHARMA/HOSPITAL etc.),STRONG,COMPANY_ENTITY
343409,EXOCIN E/D 1,REVIEW,REVIEW,NO_MATCH_FALLBACK,FALLBACK:AMBIGUOUS_NO_BRAND,,,,,False,,KEEP REVIEW,insufficient evidence; could be product or ambiguous OCR,LOW,INSUFFICIENT_EVIDENCE
343414,INTREPID 5 1,REVIEW,REVIEW,NO_MATCH_FALLBACK,FALLBACK:AMBIGUOUS_NO_BRAND,,,,,False,,KEEP REVIEW,insufficient evidence; could be product or ambiguous OCR,LOW,INSUFFICIENT_EVIDENCE
343420,MEPYVIT CC 1,REVIEW,REVIEW,NO_MATCH_FALLBACK,FALLBACK:AMBIGUOUS_NO_BRAND,,,,,False,,KEEP REVIEW,insufficient evidence; could be product or ambiguous OCR,LOW,INSUFFICIENT_EVIDENCE
343443,POLARAMINE 1,REVIEW,REVIEW,NO_MATCH_FALLBACK,FALLBACK:AMBIGUOUS_NO_BRAND,,,,,False,,KEEP REVIEW,insufficient evidence; could be product or ambiguous OCR,LOW,INSUFFICIENT_EVIDENCE
343465,THERMOMETRE 1,REVIEW,REVIEW,NO_MATCH_FALLBACK,FALLBACK:AMBIGUOUS_NO_BRAND,,,,,False,,KEEP REVIEW,insufficient evidence; could be product or ambiguous OCR,LOW,INSUFFICIENT_EVIDENCE
344486,TRENTAL 400 TA 15,REVIEW,REVIEW,NO_MATCH_FALLBACK,FALLBACK:AMBIGUOUS_NO_BRAND,,,,,False,,KEEP REVIEW,insufficient evidence; could be product or ambiguous OCR,LOW,INSUFFICIENT_EVIDENCE
344558,TELSITE 20 NEW PACK 15,REVIEW,REVIEW,NO_MATCH_FALLBACK,FALLBACK:AMBIGUOUS_NO_BRAND,,,NEW_without_NORMET,,False,,CANDIDATE FOR 1,brand invalidated (NEW_without_NORMET) + no pharma signal,MODERATE,INVALIDATED_NO_PHARMA
345104,VELOCIT EAZY KIT 1 PC,REVIEW,REVIEW,NO_MATCH_FALLBACK,FALLBACK:AMBIGUOUS_NO_BRAND,,,,,False,,KEEP REVIEW,insufficient evidence; could be product or ambiguous OCR,LOW,INSUFFICIENT_EVIDENCE
345134,Tot purc value 1416334.00,REVIEW,REVIEW,NO_MATCH_FALLBACK,FALLBACK:AMBIGUOUS_NO_BRAND,,,,,False,,KEEP REVIEW,insufficient evidence; could be product or ambiguous OCR,LOW,INSUFFICIENT_EVIDENCE
345156,LASILACTONE50MG 1X10X1X10TAB,REVIEW,REVIEW,NO_MATCH_FALLBACK,FALLBACK:AMBIGUOUS_NO_BRAND,,,,,False,,KEEP REVIEW,insufficient evidence; could be product or ambiguous OCR,LOW,INSUFFICIENT_EVIDENCE
345166,Import Purchase ONLINE No Manual Entry MARG ERP Rs.5550 StocksAccountsGST Call 883943437191117683208989824394,REVIEW,REVIEW,NO_MATCH_FALLBACK,FALLBACK:STRUCTURAL_KW,,,,,False,,KEEP REVIEW,insufficient evidence; could be product or ambiguous OCR,LOW,INSUFFICIENT_EVIDENCE
345167,ORION,REVIEW,REVIEW,NO_MATCH_FALLBACK,FALLBACK:VERY_SHORT,,,,,False,,KEEP REVIEW,insufficient evidence; could be product or ambiguous OCR,LOW,INSUFFICIENT_EVIDENCE
345696,ALLEGRA D 1X10S 1 x10s,REVIEW,REVIEW,NO_MATCH_FALLBACK,FALLBACK:AMBIGUOUS_NO_BRAND,,,,,False,,KEEP REVIEW,insufficient evidence; could be product or ambiguous OCR,LOW,INSUFFICIENT_EVIDENCE
345698,ALLEGRA D60 MG+1 1X10TAB,REVIEW,REVIEW,NO_MATCH_FALLBACK,FALLBACK:AMBIGUOUS_NO_BRAND,,,,,False,,KEEP REVIEW,insufficient evidence; could be product or ambiguous OCR,LOW,INSUFFICIENT_EVIDENCE
345709,COMBIFLAM MS CR 1X30GM,REVIEW,REVIEW,NO_MATCH_FALLBACK,FALLBACK:AMBIGUOUS_NO_BRAND,,,,,False,,KEEP REVIEW,insufficient evidence; could be product or ambiguous OCR,LOW,INSUFFICIENT_EVIDENCE
345712,DEPURA CAL 10 0,REVIEW,REVIEW,NO_MATCH_FALLBACK,FALLBACK:AMBIGUOUS_NO_BRAND,,,,,False,,KEEP REVIEW,insufficient evidence; could be product or ambiguous OCR,LOW,INSUFFICIENT_EVIDENCE
345721,ALL STAR REUSABL 1 PEN,REVIEW,REVIEW,NO_MATCH_FALLBACK,FALLBACK:AMBIGUOUS_NO_BRAND,,,,,False,,KEEP REVIEW,insufficient evidence; could be product or ambiguous OCR,LOW,INSUFFICIENT_EVIDENCE
345734,COLLAFLEX PRO 0,REVIEW,REVIEW,NO_MATCH_FALLBACK,FALLBACK:AMBIGUOUS_NO_BRAND,,,,,False,,KEEP REVIEW,insufficient evidence; could be product or ambiguous OCR,LOW,INSUFFICIENT_EVIDENCE
345736,COLLAFLEX PRO PL 0,REVIEW,REVIEW,NO_MATCH_FALLBACK,FALLBACK:AMBIGUOUS_NO_BRAND,,,,,False,,KEEP REVIEW,insufficient evidence; could be product or ambiguous OCR,LOW,INSUFFICIENT_EVIDENCE
345742,DEPAKOTE XR 250M 0,REVIEW,REVIEW,NO_MATCH_FALLBACK,FALLBACK:AMBIGUOUS_NO_BRAND,,,,,False,,KEEP REVIEW,insufficient evidence; could be product or ambiguous OCR,LOW,INSUFFICIENT_EVIDENCE
345743,DEPAKOTE XR 500M 1 X15TAB,REVIEW,REVIEW,NO_MATCH_FALLBACK,FALLBACK:AMBIGUOUS_NO_BRAND,,,,,False,,KEEP REVIEW,insufficient evidence; could be product or ambiguous OCR,LOW,INSUFFICIENT_EVIDENCE
345747,FRISIUM 5MG1X15T 1X15TAB,REVIEW,REVIEW,NO_MATCH_FALLBACK,FALLBACK:AMBIGUOUS_NO_BRAND,,,,,False,,KEEP REVIEW,insufficient evidence; could be product or ambiguous OCR,LOW,INSUFFICIENT_EVIDENCE
345750,LANTUS SOLOSTAR 1UI,REVIEW,REVIEW,NO_MATCH_FALLBACK,FALLBACK:AMBIGUOUS_NO_BRAND,,,,,False,,KEEP REVIEW,insufficient evidence; could be product or ambiguous OCR,LOW,INSUFFICIENT_EVIDENCE
345754,LIQUID BASED HAN 0,REVIEW,REVIEW,NO_MATCH_FALLBACK,FALLBACK:AMBIGUOUS_NO_BRAND,,,,,False,,KEEP REVIEW,insufficient evidence; could be product or ambiguous OCR,LOW,INSUFFICIENT_EVIDENCE
345755,MERCHANDISING 1 *DEFAUL,REVIEW,REVIEW,NO_MATCH_FALLBACK,FALLBACK:AMBIGUOUS_NO_BRAND,,,,,False,,KEEP REVIEW,insufficient evidence; could be product or ambiguous OCR,LOW,INSUFFICIENT_EVIDENCE
345759,OMEGA 3 1 X10CAP,REVIEW,REVIEW,NO_MATCH_FALLBACK,FALLBACK:AMBIGUOUS_NO_BRAND,,,,,False,,KEEP REVIEW,insufficient evidence; could be product or ambiguous OCR,LOW,INSUFFICIENT_EVIDENCE
345769,TOUSTAR PEN 1 X1PEN,REVIEW,REVIEW,NO_MATCH_FALLBACK,FALLBACK:AMBIGUOUS_NO_BRAND,,,,,False,,KEEP REVIEW,insufficient evidence; could be product or ambiguous OCR,LOW,INSUFFICIENT_EVIDENCE
346168,PUR.RETN VALUE,REVIEW,REVIEW,NO_MATCH_FALLBACK,FALLBACK:AMBIGUOUS_NO_BRAND,,,,,False,,KEEP REVIEW,insufficient evidence; could be product or ambiguous OCR,LOW,INSUFFICIENT_EVIDENCE
347049,ALLSTAR REUSABLE UNIT,REVIEW,REVIEW,NO_MATCH_FALLBACK,FALLBACK:AMBIGUOUS_NO_BRAND,,,fuzzy→EXACT_ONLY(NUNIT),,False,,CANDIDATE FOR 1,brand invalidated (fuzzy→EXACT_ONLY(NUNIT)) + no pharma signal,MODERATE,INVALIDATED_NO_PHARMA
347062,LANTUS SOLOSTAR UNIT,REVIEW,REVIEW,NO_MATCH_FALLBACK,FALLBACK:AMBIGUOUS_NO_BRAND,,,fuzzy→EXACT_ONLY(NUNIT),,False,,CANDIDATE FOR 1,brand invalidated (fuzzy→EXACT_ONLY(NUNIT)) + no pharma signal,MODERATE,INVALIDATED_NO_PHARMA
347068,TOUSTAR PEN UNIT,REVIEW,REVIEW,NO_MATCH_FALLBACK,FALLBACK:AMBIGUOUS_NO_BRAND,,,fuzzy→EXACT_ONLY(NUNIT),,False,,CANDIDATE FOR 1,brand invalidated (fuzzy→EXACT_ONLY(NUNIT)) + no pharma signal,MODERATE,INVALIDATED_NO_PHARMA
347072,PURC 486732 SALE 477666 STOCK 437429 LZSTK 9804,REVIEW,REVIEW,NO_MATCH_FALLBACK,FALLBACK:AMBIGUOUS_NO_BRAND,,,,,False,,KEEP REVIEW,insufficient evidence; could be product or ambiguous OCR,LOW,INSUFFICIENT_EVIDENCE
347075,Report End 23 Records,REVIEW,REVIEW,NO_MATCH_FALLBACK,FALLBACK:AMBIGUOUS_NO_BRAND,,,,,False,,KEEP REVIEW,insufficient evidence; could be product or ambiguous OCR,LOW,INSUFFICIENT_EVIDENCE
347076,Prepared by Hitendra Bania on 01-Sep-2026 1759 From System Accounts2,REVIEW,REVIEW,NO_MATCH_FALLBACK,FALLBACK:AMBIGUOUS_NO_BRAND,,,,,False,,KEEP REVIEW,insufficient evidence; could be product or ambiguous OCR,LOW,INSUFFICIENT_EVIDENCE
347077,This is a Computer Generated Report Which Does Not Require Stamp or Signature,REVIEW,REVIEW,NO_MATCH_FALLBACK,FALLBACK:AMBIGUOUS_NO_BRAND,,,,,False,,KEEP REVIEW,insufficient evidence; could be product or ambiguous OCR,LOW,INSUFFICIENT_EVIDENCE
347221,BARALGAN NU,REVIEW,REVIEW,NO_MATCH_FALLBACK,FALLBACK:AMBIGUOUS_NO_BRAND,,,,,False,,KEEP REVIEW,insufficient evidence; could be product or ambiguous OCR,LOW,INSUFFICIENT_EVIDENCE
347470,SP MEDICOSE,REVIEW,REVIEW,NO_MATCH_FALLBACK,FALLBACK:AMBIGUOUS_NO_BRAND,,,,,False,,KEEP REVIEW,insufficient evidence; could be product or ambiguous OCR,LOW,INSUFFICIENT_EVIDENCE
347472,STOCK & SALES ANALYSIS (SANOFI INDIA LTD),REVIEW,1,GARBAGE:pattern_garbage,GARBAGE:pattern_garbage,,,,,False,\bSANOFI\b,KEEP REVIEW,insufficient evidence; could be product or ambiguous OCR,LOW,INSUFFICIENT_EVIDENCE
347525,SP MEDICOSE,REVIEW,REVIEW,NO_MATCH_FALLBACK,FALLBACK:AMBIGUOUS_NO_BRAND,,,,,False,,KEEP REVIEW,insufficient evidence; could be product or ambiguous OCR,LOW,INSUFFICIENT_EVIDENCE
347527,STOCK & SALES ANALYSIS (SANOFI INDIA LTD),REVIEW,1,GARBAGE:pattern_garbage,GARBAGE:pattern_garbage,,,,,False,\bSANOFI\b,KEEP REVIEW,insufficient evidence; could be product or ambiguous OCR,LOW,INSUFFICIENT_EVIDENCE
347567,INSUMAN COMP 25 CARTRIDGE LL 1X1VIAL,REVIEW,REVIEW,NO_MATCH_FALLBACK,FALLBACK:AMBIGUOUS_NO_BRAND,,,,,False,,KEEP REVIEW,insufficient evidence; could be product or ambiguous OCR,LOW,INSUFFICIENT_EVIDENCE
347580,SP MEDICOSE,REVIEW,REVIEW,NO_MATCH_FALLBACK,FALLBACK:AMBIGUOUS_NO_BRAND,,,,,False,,KEEP REVIEW,insufficient evidence; could be product or ambiguous OCR,LOW,INSUFFICIENT_EVIDENCE
347582,STOCK & SALES ANALYSIS (SANOFI INDIA LTD),REVIEW,1,GARBAGE:pattern_garbage,GARBAGE:pattern_garbage,,,,,False,\bSANOFI\b,KEEP REVIEW,insufficient evidence; could be product or ambiguous OCR,LOW,INSUFFICIENT_EVIDENCE
347635,SP MEDICOSE,REVIEW,REVIEW,NO_MATCH_FALLBACK,FALLBACK:AMBIGUOUS_NO_BRAND,,,,,False,,KEEP REVIEW,insufficient evidence; could be product or ambiguous OCR,LOW,INSUFFICIENT_EVIDENCE
347637,STOCK & SALES ANALYSIS (SANOFI INDIA LTD),REVIEW,1,GARBAGE:pattern_garbage,GARBAGE:pattern_garbage,,,,,False,\bSANOFI\b,KEEP REVIEW,insufficient evidence; could be product or ambiguous OCR,LOW,INSUFFICIENT_EVIDENCE
347669,VANIYAPURACKAL AGENCIES,REVIEW,1,GARBAGE:pattern_garbage,GARBAGE:pattern_garbage,,,,,False,\b(AGENCIES?|DISTRIBUTORS?|MEDICO[SE]?|CORPORATION|ENTERPRISES?|TRADERS?|TRADING)\b,KEEP REVIEW,insufficient evidence; could be product or ambiguous OCR,LOW,INSUFFICIENT_EVIDENCE
347720,VANIYAPURACKAL AGENCIES,REVIEW,1,GARBAGE:pattern_garbage,GARBAGE:pattern_garbage,,,,,False,\b(AGENCIES?|DISTRIBUTORS?|MEDICO[SE]?|CORPORATION|ENTERPRISES?|TRADERS?|TRADING)\b,KEEP REVIEW,insufficient evidence; could be product or ambiguous OCR,LOW,INSUFFICIENT_EVIDENCE
348340,DEPAKOTE XR 500 15T,REVIEW,REVIEW,NO_MATCH_FALLBACK,FALLBACK:AMBIGUOUS_NO_BRAND,,,,,False,,KEEP REVIEW,insufficient evidence; could be product or ambiguous OCR,LOW,INSUFFICIENT_EVIDENCE
348341,TRENTAL 400 15T,REVIEW,REVIEW,NO_MATCH_FALLBACK,FALLBACK:AMBIGUOUS_NO_BRAND,,,,,False,,KEEP REVIEW,insufficient evidence; could be product or ambiguous OCR,LOW,INSUFFICIENT_EVIDENCE
348606,RANBAXY CLASSIC,REVIEW,REVIEW,NO_MATCH_FALLBACK,FALLBACK:AMBIGUOUS_NO_BRAND,,,,,False,,KEEP REVIEW,insufficient evidence; could be product or ambiguous OCR,LOW,INSUFFICIENT_EVIDENCE
348649,RANBAXY CLASSIC,REVIEW,REVIEW,NO_MATCH_FALLBACK,FALLBACK:AMBIGUOUS_NO_BRAND,,,,,False,,KEEP REVIEW,insufficient evidence; could be product or ambiguous OCR,LOW,INSUFFICIENT_EVIDENCE
348878,LANTUS SOLOSTAR 1*U100,REVIEW,REVIEW,NO_MATCH_FALLBACK,FALLBACK:AMBIGUOUS_NO_BRAND,,,,,False,,KEEP REVIEW,insufficient evidence; could be product or ambiguous OCR,LOW,INSUFFICIENT_EVIDENCE
349193,MEDICINE DISTRIBUTORS,REVIEW,1,GARBAGE:pattern_garbage,GARBAGE:pattern_garbage,,,,,False,\b(AGENCIES?|DISTRIBUTORS?|MEDICO[SE]?|CORPORATION|ENTERPRISES?|TRADERS?|TRADING)\b,KEEP REVIEW,insufficient evidence; could be product or ambiguous OCR,LOW,INSUFFICIENT_EVIDENCE
349242,MEDICINE DISTRIBUTORS,REVIEW,1,GARBAGE:pattern_garbage,GARBAGE:pattern_garbage,,,,,False,\b(AGENCIES?|DISTRIBUTORS?|MEDICO[SE]?|CORPORATION|ENTERPRISES?|TRADERS?|TRADING)\b,KEEP REVIEW,insufficient evidence; could be product or ambiguous OCR,LOW,INSUFFICIENT_EVIDENCE
349296,AVENTIS DIABETES ORALS,REVIEW,REVIEW,NO_MATCH_FALLBACK,FALLBACK:AMBIGUOUS_NO_BRAND,,,,,False,,CANDIDATE FOR 1,starts with known Emcure company/division prefix,STRONG,COMPANY_DIVISION_PREFIX
349298,AVENTIS-CARDIO,REVIEW,REVIEW,NO_MATCH_FALLBACK,FALLBACK:AMBIGUOUS_NO_BRAND,,,,,False,,CANDIDATE FOR 1,starts with known Emcure company/division prefix,STRONG,COMPANY_DIVISION_PREFIX
349530,MYSTAR REUSABLE INSULIN P,REVIEW,REVIEW,NO_MATCH_FALLBACK,FALLBACK:AMBIGUOUS_NO_BRAND,,,,,False,,KEEP REVIEW,insufficient evidence; could be product or ambiguous OCR,LOW,INSUFFICIENT_EVIDENCE
349538,TRENTAL 400,REVIEW,REVIEW,NO_MATCH_FALLBACK,FALLBACK:AMBIGUOUS_NO_BRAND,,,,,False,,KEEP REVIEW,insufficient evidence; could be product or ambiguous OCR,LOW,INSUFFICIENT_EVIDENCE
349740,Total Op. Val 327602.25,REVIEW,REVIEW,NO_MATCH_FALLBACK,FALLBACK:STRUCTURAL_KW,,,,,False,,CANDIDATE FOR 1,structural/aggregate keyword present,MODERATE,STRUCTURAL_KEYWORD
349741,Total Op. Val 327602.25,REVIEW,REVIEW,NO_MATCH_FALLBACK,FALLBACK:STRUCTURAL_KW,,,,,False,,CANDIDATE FOR 1,structural/aggregate keyword present,MODERATE,STRUCTURAL_KEYWORD
351952,ALLSTAR REUSABLE PEN PEN,REVIEW,REVIEW,NO_MATCH_FALLBACK,FALLBACK:AMBIGUOUS_NO_BRAND,,,,,False,,KEEP REVIEW,insufficient evidence; could be product or ambiguous OCR,LOW,INSUFFICIENT_EVIDENCE
352154,LANTUS U100 SOLOST 1PH,REVIEW,REVIEW,NO_MATCH_FALLBACK,FALLBACK:AMBIGUOUS_NO_BRAND,,,,,False,,KEEP REVIEW,insufficient evidence; could be product or ambiguous OCR,LOW,INSUFFICIENT_EVIDENCE
352155,LANTUS CARTRIDGE VAIL,REVIEW,REVIEW,NO_MATCH_FALLBACK,FALLBACK:AMBIGUOUS_NO_BRAND,,,,,False,,KEEP REVIEW,insufficient evidence; could be product or ambiguous OCR,LOW,INSUFFICIENT_EVIDENCE
352164,APIDRA SOLOSTAR PEN,REVIEW,REVIEW,NO_MATCH_FALLBACK,FALLBACK:AMBIGUOUS_NO_BRAND,,,,,False,,KEEP REVIEW,insufficient evidence; could be product or ambiguous OCR,LOW,INSUFFICIENT_EVIDENCE
352224,ALLSTAR PEN 1 PIC,REVIEW,REVIEW,NO_MATCH_FALLBACK,FALLBACK:AMBIGUOUS_NO_BRAND,,,,,False,,KEEP REVIEW,insufficient evidence; could be product or ambiguous OCR,LOW,INSUFFICIENT_EVIDENCE
352229,TOUSTAR 1PAC,REVIEW,REVIEW,NO_MATCH_FALLBACK,FALLBACK:AMBIGUOUS_NO_BRAND,,,,,False,,KEEP REVIEW,insufficient evidence; could be product or ambiguous OCR,LOW,INSUFFICIENT_EVIDENCE
352231,SOLIQUA 300 SOLOSTA 1PEN,REVIEW,REVIEW,NO_MATCH_FALLBACK,FALLBACK:AMBIGUOUS_NO_BRAND,,,,,False,,KEEP REVIEW,insufficient evidence; could be product or ambiguous OCR,LOW,INSUFFICIENT_EVIDENCE
352232,MYSTAR PEN 1PEN,REVIEW,REVIEW,NO_MATCH_FALLBACK,FALLBACK:AMBIGUOUS_NO_BRAND,,,,,False,,KEEP REVIEW,insufficient evidence; could be product or ambiguous OCR,LOW,INSUFFICIENT_EVIDENCE
352390,FRISIUM 20 10,REVIEW,REVIEW,NO_MATCH_FALLBACK,FALLBACK:AMBIGUOUS_NO_BRAND,,,,,False,,KEEP REVIEW,insufficient evidence; could be product or ambiguous OCR,LOW,INSUFFICIENT_EVIDENCE
352476,HOSTACYCLIN 250 10,REVIEW,REVIEW,NO_MATCH_FALLBACK,FALLBACK:AMBIGUOUS_NO_BRAND,,,,,False,,KEEP REVIEW,insufficient evidence; could be product or ambiguous OCR,LOW,INSUFFICIENT_EVIDENCE
352477,HOSTACYCLINE 500 10,REVIEW,REVIEW,NO_MATCH_FALLBACK,FALLBACK:AMBIGUOUS_NO_BRAND,,,,,False,,KEEP REVIEW,insufficient evidence; could be product or ambiguous OCR,LOW,INSUFFICIENT_EVIDENCE
352995,ALLSTAR INSULIN PEN 1PEN,REVIEW,REVIEW,NO_MATCH_FALLBACK,FALLBACK:AMBIGUOUS_NO_BRAND,,,,,False,,KEEP REVIEW,insufficient evidence; could be product or ambiguous OCR,LOW,INSUFFICIENT_EVIDENCE
353015,SHYAM MEDICAL AGENCY,REVIEW,REVIEW,NO_MATCH_FALLBACK,FALLBACK:DISTRIBUTION_ENTITY,,,,,False,,KEEP REVIEW,insufficient evidence; could be product or ambiguous OCR,LOW,INSUFFICIENT_EVIDENCE
353036,LODOGOL-50X10CAP,REVIEW,REVIEW,NO_MATCH_FALLBACK,FALLBACK:AMBIGUOUS_NO_BRAND,,,,,False,,KEEP REVIEW,insufficient evidence; could be product or ambiguous OCR,LOW,INSUFFICIENT_EVIDENCE
353176,ALLSTAR REUSABLE PEN *PEN,REVIEW,REVIEW,NO_MATCH_FALLBACK,FALLBACK:AMBIGUOUS_NO_BRAND,,,,,False,,KEEP REVIEW,insufficient evidence; could be product or ambiguous OCR,LOW,INSUFFICIENT_EVIDENCE
353191,APIDRA CART *CART,REVIEW,REVIEW,NO_MATCH_FALLBACK,FALLBACK:AMBIGUOUS_NO_BRAND,,,,,False,,KEEP REVIEW,insufficient evidence; could be product or ambiguous OCR,LOW,INSUFFICIENT_EVIDENCE
353260,LANTUS CARTRIDGE *CART,REVIEW,REVIEW,NO_MATCH_FALLBACK,FALLBACK:AMBIGUOUS_NO_BRAND,,,,,False,,KEEP REVIEW,insufficient evidence; could be product or ambiguous OCR,LOW,INSUFFICIENT_EVIDENCE
353261,LANTUS SOLOSTAR *PEN,REVIEW,REVIEW,NO_MATCH_FALLBACK,FALLBACK:AMBIGUOUS_NO_BRAND,,,,,False,,KEEP REVIEW,insufficient evidence; could be product or ambiguous OCR,LOW,INSUFFICIENT_EVIDENCE
353298,TOUSTAR PEN *PEN,REVIEW,REVIEW,NO_MATCH_FALLBACK,FALLBACK:AMBIGUOUS_NO_BRAND,,,,,False,,KEEP REVIEW,insufficient evidence; could be product or ambiguous OCR,LOW,INSUFFICIENT_EVIDENCE
354483,Import Purchase ONLINE No Manual Entry MARG NANO Rs.5400 Online Purchase Import Call 925980396476686544907668654490,REVIEW,REVIEW,NO_MATCH_FALLBACK,FALLBACK:STRUCTURAL_KW,,,,,False,,KEEP REVIEW,insufficient evidence; could be product or ambiguous OCR,LOW,INSUFFICIENT_EVIDENCE
354650,Expired Expiry Less Than 30 Expiry Less Than 60 Expiry Less Than 9,REVIEW,REVIEW,NO_MATCH_FALLBACK,FALLBACK:AMBIGUOUS_NO_BRAND,,,,,False,,KEEP REVIEW,insufficient evidence; could be product or ambiguous OCR,LOW,INSUFFICIENT_EVIDENCE
355408,PRIMOSA 1000 SOFTGELS 15,REVIEW,REVIEW,NO_MATCH_FALLBACK,FALLBACK:AMBIGUOUS_NO_BRAND,,,,,False,,KEEP REVIEW,insufficient evidence; could be product or ambiguous OCR,LOW,INSUFFICIENT_EVIDENCE
355475,STAYFREE SECURE 7,REVIEW,REVIEW,NO_MATCH_FALLBACK,FALLBACK:AMBIGUOUS_NO_BRAND,,,,,False,,KEEP REVIEW,insufficient evidence; could be product or ambiguous OCR,LOW,INSUFFICIENT_EVIDENCE
355476,ALLSTAR REUSABLE INSULIN PEN,REVIEW,REVIEW,NO_MATCH_FALLBACK,FALLBACK:AMBIGUOUS_NO_BRAND,,,,,False,,KEEP REVIEW,insufficient evidence; could be product or ambiguous OCR,LOW,INSUFFICIENT_EVIDENCE
355486,TOUSTAR DEVICE PEN PEN,REVIEW,REVIEW,NO_MATCH_FALLBACK,FALLBACK:AMBIGUOUS_NO_BRAND,,,,,False,,KEEP REVIEW,insufficient evidence; could be product or ambiguous OCR,LOW,INSUFFICIENT_EVIDENCE
355833,Mfg. Total,REVIEW,REVIEW,NO_MATCH_FALLBACK,FALLBACK:STRUCTURAL_KW,,,,,False,,CANDIDATE FOR 1,structural/aggregate keyword present,MODERATE,STRUCTURAL_KEYWORD
355847,Mfg. Total,REVIEW,REVIEW,NO_MATCH_FALLBACK,FALLBACK:STRUCTURAL_KW,,,,,False,,CANDIDATE FOR 1,structural/aggregate keyword present,MODERATE,STRUCTURAL_KEYWORD
355848,Non-Moving for 45 days10 Products,REVIEW,REVIEW,NO_MATCH_FALLBACK,FALLBACK:AMBIGUOUS_NO_BRAND,,,,,False,,KEEP REVIEW,insufficient evidence; could be product or ambiguous OCR,LOW,INSUFFICIENT_EVIDENCE
356600,Mystar Reusable Insulin Pen,REVIEW,REVIEW,NO_MATCH_FALLBACK,FALLBACK:AMBIGUOUS_NO_BRAND,,,,,False,,KEEP REVIEW,insufficient evidence; could be product or ambiguous OCR,LOW,INSUFFICIENT_EVIDENCE
356607,SHAN IPV 50V 5D,REVIEW,REVIEW,NO_MATCH_FALLBACK,FALLBACK:AMBIGUOUS_NO_BRAND,,,,,False,,KEEP REVIEW,insufficient evidence; could be product or ambiguous OCR,LOW,INSUFFICIENT_EVIDENCE
357404,ALLSTAR REUSABLE INSULIN PEN,REVIEW,REVIEW,NO_MATCH_FALLBACK,FALLBACK:AMBIGUOUS_NO_BRAND,,,,,False,,KEEP REVIEW,insufficient evidence; could be product or ambiguous OCR,LOW,INSUFFICIENT_EVIDENCE
357425,LANTUS SOLOSTAR PEN UNIT,REVIEW,REVIEW,NO_MATCH_FALLBACK,FALLBACK:AMBIGUOUS_NO_BRAND,,,fuzzy→EXACT_ONLY(NUNIT),,False,,CANDIDATE FOR 1,brand invalidated (fuzzy→EXACT_ONLY(NUNIT)) + no pharma signal,MODERATE,INVALIDATED_NO_PHARMA
357432,VINLEP 300,REVIEW,REVIEW,NO_MATCH_FALLBACK,FALLBACK:AMBIGUOUS_NO_BRAND,,,,,False,,KEEP REVIEW,insufficient evidence; could be product or ambiguous OCR,LOW,INSUFFICIENT_EVIDENCE
357815,AVENTIS LTD,REVIEW,1,GARBAGE:pattern_garbage,GARBAGE:pattern_garbage,,,,,False,\b(PVT\.?\s+)?LTD\.?\s*$,CANDIDATE FOR 1,starts with known Emcure company/division prefix,STRONG,COMPANY_DIVISION_PREFIX
357826,TOUSTAR PEN 1*1VAIL,REVIEW,REVIEW,NO_MATCH_FALLBACK,FALLBACK:AMBIGUOUS_NO_BRAND,,,,,False,,KEEP REVIEW,insufficient evidence; could be product or ambiguous OCR,LOW,INSUFFICIENT_EVIDENCE
358465,Reorder Values 0.00,REVIEW,REVIEW,NO_MATCH_FALLBACK,FALLBACK:AMBIGUOUS_NO_BRAND,,,,,False,,KEEP REVIEW,insufficient evidence; could be product or ambiguous OCR,LOW,INSUFFICIENT_EVIDENCE
358526,CORDARAN,REVIEW,REVIEW,NO_MATCH_FALLBACK,FALLBACK:AMBIGUOUS_NO_BRAND,,,,,False,,KEEP REVIEW,insufficient evidence; could be product or ambiguous OCR,LOW,INSUFFICIENT_EVIDENCE
359382,ZZZZZZ 13627,REVIEW,REVIEW,NO_MATCH_FALLBACK,FALLBACK:AMBIGUOUS_NO_BRAND,,,,,False,,CANDIDATE FOR 1,all long alpha tokens lack vowels: ['ZZZZZZ'] → OCR noise,MODERATE,NO_VOWEL_OCR_NOISE
359383,ZZZZZZ 7692,REVIEW,REVIEW,NO_MATCH_FALLBACK,FALLBACK:AMBIGUOUS_NO_BRAND,,,,,False,,CANDIDATE FOR 1,all long alpha tokens lack vowels: ['ZZZZZZ'] → OCR noise,MODERATE,NO_VOWEL_OCR_NOISE
359384,ZZZZZZ 7693,REVIEW,REVIEW,NO_MATCH_FALLBACK,FALLBACK:AMBIGUOUS_NO_BRAND,,,,,False,,CANDIDATE FOR 1,all long alpha tokens lack vowels: ['ZZZZZZ'] → OCR noise,MODERATE,NO_VOWEL_OCR_NOISE
359474,AVIL-50T 1X15T,REVIEW,REVIEW,NO_MATCH_FALLBACK,FALLBACK:AMBIGUOUS_NO_BRAND,,,,,False,,KEEP REVIEW,insufficient evidence; could be product or ambiguous OCR,LOW,INSUFFICIENT_EVIDENCE
359487,FESTAL-N 1X10T,REVIEW,REVIEW,NO_MATCH_FALLBACK,FALLBACK:AMBIGUOUS_NO_BRAND,,,,,False,,KEEP REVIEW,insufficient evidence; could be product or ambiguous OCR,LOW,INSUFFICIENT_EVIDENCE
359492,SOLIAN 100 1X10T,REVIEW,REVIEW,NO_MATCH_FALLBACK,FALLBACK:AMBIGUOUS_NO_BRAND,,,,,False,,KEEP REVIEW,insufficient evidence; could be product or ambiguous OCR,LOW,INSUFFICIENT_EVIDENCE
359493,SOLIAN 200 1X10T,REVIEW,REVIEW,NO_MATCH_FALLBACK,FALLBACK:AMBIGUOUS_NO_BRAND,,,,,False,,KEEP REVIEW,insufficient evidence; could be product or ambiguous OCR,LOW,INSUFFICIENT_EVIDENCE
359494,SOLIAN 50 1X10T,REVIEW,REVIEW,NO_MATCH_FALLBACK,FALLBACK:AMBIGUOUS_NO_BRAND,,,,,False,,KEEP REVIEW,insufficient evidence; could be product or ambiguous OCR,LOW,INSUFFICIENT_EVIDENCE
359499,VALPARIN 500 1X10T,REVIEW,REVIEW,NO_MATCH_FALLBACK,FALLBACK:AMBIGUOUS_NO_BRAND,,,,,False,,KEEP REVIEW,insufficient evidence; could be product or ambiguous OCR,LOW,INSUFFICIENT_EVIDENCE
359500,VALPARIN CHRONO 200 1X10T,REVIEW,REVIEW,NO_MATCH_FALLBACK,FALLBACK:AMBIGUOUS_NO_BRAND,,,,,False,,KEEP REVIEW,insufficient evidence; could be product or ambiguous OCR,LOW,INSUFFICIENT_EVIDENCE
359501,VALPARIN CHRONO 300 1X15T,REVIEW,REVIEW,NO_MATCH_FALLBACK,FALLBACK:AMBIGUOUS_NO_BRAND,,,,,False,,KEEP REVIEW,insufficient evidence; could be product or ambiguous OCR,LOW,INSUFFICIENT_EVIDENCE
359502,VALPARIN CHRONO 500 1X15T,REVIEW,REVIEW,NO_MATCH_FALLBACK,FALLBACK:AMBIGUOUS_NO_BRAND,,,,,False,,KEEP REVIEW,insufficient evidence; could be product or ambiguous OCR,LOW,INSUFFICIENT_EVIDENCE
359506,VINLEP 450 1X10T,REVIEW,REVIEW,NO_MATCH_FALLBACK,FALLBACK:AMBIGUOUS_NO_BRAND,,,,,False,,KEEP REVIEW,insufficient evidence; could be product or ambiguous OCR,LOW,INSUFFICIENT_EVIDENCE
359509,ALLSTAR REUSABLE PEN 1 PEN,REVIEW,REVIEW,NO_MATCH_FALLBACK,FALLBACK:AMBIGUOUS_NO_BRAND,,,,,False,,KEEP REVIEW,insufficient evidence; could be product or ambiguous OCR,LOW,INSUFFICIENT_EVIDENCE
359516,LANTUS U100 SOLOSTAR 1PC,REVIEW,REVIEW,NO_MATCH_FALLBACK,FALLBACK:AMBIGUOUS_NO_BRAND,,,,,False,,KEEP REVIEW,insufficient evidence; could be product or ambiguous OCR,LOW,INSUFFICIENT_EVIDENCE
360180,ALLSTAR REUSABLE INSULIN P 1PC,REVIEW,REVIEW,NO_MATCH_FALLBACK,FALLBACK:AMBIGUOUS_NO_BRAND,,,,,False,,KEEP REVIEW,insufficient evidence; could be product or ambiguous OCR,LOW,INSUFFICIENT_EVIDENCE
360190,AMINOFIT FORTE SACHET SALE 1X10,REVIEW,REVIEW,NO_MATCH_FALLBACK,FALLBACK:AMBIGUOUS_NO_BRAND,,,,,False,,KEEP REVIEW,insufficient evidence; could be product or ambiguous OCR,LOW,INSUFFICIENT_EVIDENCE
360195,BARALGAN NU,REVIEW,REVIEW,NO_MATCH_FALLBACK,FALLBACK:AMBIGUOUS_NO_BRAND,,,,,False,,KEEP REVIEW,insufficient evidence; could be product or ambiguous OCR,LOW,INSUFFICIENT_EVIDENCE
360224,DEPAKOTE 250,REVIEW,REVIEW,NO_MATCH_FALLBACK,FALLBACK:AMBIGUOUS_NO_BRAND,,,,,False,,KEEP REVIEW,insufficient evidence; could be product or ambiguous OCR,LOW,INSUFFICIENT_EVIDENCE
360225,DEPURA KIDS/VITAMIND-3,REVIEW,REVIEW,NO_MATCH_FALLBACK,FALLBACK:AMBIGUOUS_NO_BRAND,,,VITAMIN_without_D3,,False,,CANDIDATE FOR 1,brand invalidated (VITAMIN_without_D3) + no pharma signal,MODERATE,INVALIDATED_NO_PHARMA
360246,MYORIL 8,REVIEW,REVIEW,NO_MATCH_FALLBACK,FALLBACK:AMBIGUOUS_NO_BRAND,,,,,False,,KEEP REVIEW,insufficient evidence; could be product or ambiguous OCR,LOW,INSUFFICIENT_EVIDENCE
360248,NUHENZ 10X1X10,REVIEW,REVIEW,NO_MATCH_FALLBACK,FALLBACK:AMBIGUOUS_NO_BRAND,,,,,False,,KEEP REVIEW,insufficient evidence; could be product or ambiguous OCR,LOW,INSUFFICIENT_EVIDENCE
360263,TOUJEO CARTRIDGE,REVIEW,REVIEW,NO_MATCH_FALLBACK,FALLBACK:AMBIGUOUS_NO_BRAND,,,,,False,,KEEP REVIEW,insufficient evidence; could be product or ambiguous OCR,LOW,INSUFFICIENT_EVIDENCE
360267,UNIVERSAL S AMINOFIT,REVIEW,REVIEW,NO_MATCH_FALLBACK,FALLBACK:AMBIGUOUS_NO_BRAND,,,,,False,,KEEP REVIEW,insufficient evidence; could be product or ambiguous OCR,LOW,INSUFFICIENT_EVIDENCE
360276,I am satisfied with Marg ERP Computerise YOUR SHOP Rs.5550 StockAccounts GST Call 016146087789357635785,REVIEW,REVIEW,NO_MATCH_FALLBACK,FALLBACK:AMBIGUOUS_NO_BRAND,,,,,False,,KEEP REVIEW,insufficient evidence; could be product or ambiguous OCR,LOW,INSUFFICIENT_EVIDENCE
360279,ALLSTAR REUSABLE INSULIN P 1PC,REVIEW,REVIEW,NO_MATCH_FALLBACK,FALLBACK:AMBIGUOUS_NO_BRAND,,,,,False,,KEEP REVIEW,insufficient evidence; could be product or ambiguous OCR,LOW,INSUFFICIENT_EVIDENCE
360289,AMINOFIT FORTE SACHET SALE 1X10,REVIEW,REVIEW,NO_MATCH_FALLBACK,FALLBACK:AMBIGUOUS_NO_BRAND,,,,,False,,KEEP REVIEW,insufficient evidence; could be product or ambiguous OCR,LOW,INSUFFICIENT_EVIDENCE
360294,BARALGAN NU,REVIEW,REVIEW,NO_MATCH_FALLBACK,FALLBACK:AMBIGUOUS_NO_BRAND,,,,,False,,KEEP REVIEW,insufficient evidence; could be product or ambiguous OCR,LOW,INSUFFICIENT_EVIDENCE
360323,DEPAKOTE 250,REVIEW,REVIEW,NO_MATCH_FALLBACK,FALLBACK:AMBIGUOUS_NO_BRAND,,,,,False,,KEEP REVIEW,insufficient evidence; could be product or ambiguous OCR,LOW,INSUFFICIENT_EVIDENCE
360324,DEPURA KIDS/VITAMIND-3,REVIEW,REVIEW,NO_MATCH_FALLBACK,FALLBACK:AMBIGUOUS_NO_BRAND,,,VITAMIN_without_D3,,False,,CANDIDATE FOR 1,brand invalidated (VITAMIN_without_D3) + no pharma signal,MODERATE,INVALIDATED_NO_PHARMA
360345,MYORIL 8,REVIEW,REVIEW,NO_MATCH_FALLBACK,FALLBACK:AMBIGUOUS_NO_BRAND,,,,,False,,KEEP REVIEW,insufficient evidence; could be product or ambiguous OCR,LOW,INSUFFICIENT_EVIDENCE
360347,NUHENZ 10X1X10,REVIEW,REVIEW,NO_MATCH_FALLBACK,FALLBACK:AMBIGUOUS_NO_BRAND,,,,,False,,KEEP REVIEW,insufficient evidence; could be product or ambiguous OCR,LOW,INSUFFICIENT_EVIDENCE
360362,TOUJEO CARTRIDGE,REVIEW,REVIEW,NO_MATCH_FALLBACK,FALLBACK:AMBIGUOUS_NO_BRAND,,,,,False,,KEEP REVIEW,insufficient evidence; could be product or ambiguous OCR,LOW,INSUFFICIENT_EVIDENCE
360366,UNIVERSAL S AMINOFIT,REVIEW,REVIEW,NO_MATCH_FALLBACK,FALLBACK:AMBIGUOUS_NO_BRAND,,,,,False,,KEEP REVIEW,insufficient evidence; could be product or ambiguous OCR,LOW,INSUFFICIENT_EVIDENCE
360375,I am satisfied with Marg ERP Computerise YOUR SHOP Rs.5550 StockAccounts GST Call 016146087789357635785,REVIEW,REVIEW,NO_MATCH_FALLBACK,FALLBACK:AMBIGUOUS_NO_BRAND,,,,,False,,KEEP REVIEW,insufficient evidence; could be product or ambiguous OCR,LOW,INSUFFICIENT_EVIDENCE
360876,ALLSTAR REUSABLE INSULIN PEN 1.,REVIEW,REVIEW,NO_MATCH_FALLBACK,FALLBACK:AMBIGUOUS_NO_BRAND,,,,,False,,KEEP REVIEW,insufficient evidence; could be product or ambiguous OCR,LOW,INSUFFICIENT_EVIDENCE
361524,METOSAN XR 25,REVIEW,REVIEW,NO_MATCH_FALLBACK,FALLBACK:AMBIGUOUS_NO_BRAND,,,,,False,,KEEP REVIEW,insufficient evidence; could be product or ambiguous OCR,LOW,INSUFFICIENT_EVIDENCE
361525,METOSAN XR 50,REVIEW,REVIEW,NO_MATCH_FALLBACK,FALLBACK:AMBIGUOUS_NO_BRAND,,,,,False,,KEEP REVIEW,insufficient evidence; could be product or ambiguous OCR,LOW,INSUFFICIENT_EVIDENCE
362131,ALLSTAR PEN PEN,REVIEW,REVIEW,NO_MATCH_FALLBACK,FALLBACK:AMBIGUOUS_NO_BRAND,,,,,False,,KEEP REVIEW,insufficient evidence; could be product or ambiguous OCR,LOW,INSUFFICIENT_EVIDENCE
362213,LANTUS SOLOSTAR KIT KIT,REVIEW,REVIEW,NO_MATCH_FALLBACK,FALLBACK:AMBIGUOUS_NO_BRAND,,,,,False,,KEEP REVIEW,insufficient evidence; could be product or ambiguous OCR,LOW,INSUFFICIENT_EVIDENCE
362238,TOUJEO SOLOSTAR PEN,REVIEW,REVIEW,NO_MATCH_FALLBACK,FALLBACK:AMBIGUOUS_NO_BRAND,,,,,False,,KEEP REVIEW,insufficient evidence; could be product or ambiguous OCR,LOW,INSUFFICIENT_EVIDENCE
362239,TOUSTAR PEN PEN,REVIEW,REVIEW,NO_MATCH_FALLBACK,FALLBACK:AMBIGUOUS_NO_BRAND,,,,,False,,KEEP REVIEW,insufficient evidence; could be product or ambiguous OCR,LOW,INSUFFICIENT_EVIDENCE
362823,ST Value,REVIEW,REVIEW,NO_MATCH_FALLBACK,FALLBACK:AMBIGUOUS_NO_BRAND,,,,,False,,KEEP REVIEW,insufficient evidence; could be product or ambiguous OCR,LOW,INSUFFICIENT_EVIDENCE
362824,Sale Return Value,REVIEW,REVIEW,NO_MATCH_FALLBACK,FALLBACK:AMBIGUOUS_NO_BRAND,,,,,False,,KEEP REVIEW,insufficient evidence; could be product or ambiguous OCR,LOW,INSUFFICIENT_EVIDENCE
362869,ST Value,REVIEW,REVIEW,NO_MATCH_FALLBACK,FALLBACK:AMBIGUOUS_NO_BRAND,,,,,False,,KEEP REVIEW,insufficient evidence; could be product or ambiguous OCR,LOW,INSUFFICIENT_EVIDENCE
362870,Sale Return Value,REVIEW,REVIEW,NO_MATCH_FALLBACK,FALLBACK:AMBIGUOUS_NO_BRAND,,,,,False,,KEEP REVIEW,insufficient evidence; could be product or ambiguous OCR,LOW,INSUFFICIENT_EVIDENCE
363051,TRENTAL 400 15 T,REVIEW,REVIEW,NO_MATCH_FALLBACK,FALLBACK:AMBIGUOUS_NO_BRAND,,,,,False,,KEEP REVIEW,insufficient evidence; could be product or ambiguous OCR,LOW,INSUFFICIENT_EVIDENCE
363243,Import Purchase ONLINE No Manual Entry MARG ERP Rs.5550 StocksAccountsGST Call 989398390093000597927222902067,REVIEW,REVIEW,NO_MATCH_FALLBACK,FALLBACK:STRUCTURAL_KW,,,,,False,,KEEP REVIEW,insufficient evidence; could be product or ambiguous OCR,LOW,INSUFFICIENT_EVIDENCE
363557,SYAL MEDICOPATHANKOT,REVIEW,REVIEW,NO_MATCH_FALLBACK,FALLBACK:AMBIGUOUS_NO_BRAND,,,,,False,,KEEP REVIEW,insufficient evidence; could be product or ambiguous OCR,LOW,INSUFFICIENT_EVIDENCE
363952,TRENTAL 400 15,REVIEW,REVIEW,NO_MATCH_FALLBACK,FALLBACK:AMBIGUOUS_NO_BRAND,,,,,False,,KEEP REVIEW,insufficient evidence; could be product or ambiguous OCR,LOW,INSUFFICIENT_EVIDENCE
363985,TRENTAL 400 15,REVIEW,REVIEW,NO_MATCH_FALLBACK,FALLBACK:AMBIGUOUS_NO_BRAND,,,,,False,,KEEP REVIEW,insufficient evidence; could be product or ambiguous OCR,LOW,INSUFFICIENT_EVIDENCE
364767,ADENOCOR INJECTION 1X1VAIL,REVIEW,REVIEW,NO_MATCH_FALLBACK,FALLBACK:AMBIGUOUS_NO_BRAND,,,,,False,,KEEP REVIEW,insufficient evidence; could be product or ambiguous OCR,LOW,INSUFFICIENT_EVIDENCE
364775,ALLEGRA-M 1X10TAB.,REVIEW,REVIEW,NO_MATCH_FALLBACK,FALLBACK:AMBIGUOUS_NO_BRAND,,,,,False,,KEEP REVIEW,insufficient evidence; could be product or ambiguous OCR,LOW,INSUFFICIENT_EVIDENCE
364776,ALLSTAR REUSABLE PEN 1X1UNIT,REVIEW,REVIEW,NO_MATCH_FALLBACK,FALLBACK:AMBIGUOUS_NO_BRAND,,,,,False,,KEEP REVIEW,insufficient evidence; could be product or ambiguous OCR,LOW,INSUFFICIENT_EVIDENCE
364791,APIDRA SOLOSTAR 1X1UNIT,REVIEW,REVIEW,NO_MATCH_FALLBACK,FALLBACK:AMBIGUOUS_NO_BRAND,,,,,False,,KEEP REVIEW,insufficient evidence; could be product or ambiguous OCR,LOW,INSUFFICIENT_EVIDENCE
364830,KRISHANA MEDICOS AGENCIES,REVIEW,1,GARBAGE:pattern_garbage,GARBAGE:pattern_garbage,,,,,False,\b(AGENCIES?|DISTRIBUTORS?|MEDICO[SE]?|CORPORATION|ENTERPRISES?|TRADERS?|TRADING)\b,KEEP REVIEW,insufficient evidence; could be product or ambiguous OCR,LOW,INSUFFICIENT_EVIDENCE
364835,COSAVIL FLU 1X10TAB.,REVIEW,REVIEW,NO_MATCH_FALLBACK,FALLBACK:AMBIGUOUS_NO_BRAND,,,,,False,,KEEP REVIEW,insufficient evidence; could be product or ambiguous OCR,LOW,INSUFFICIENT_EVIDENCE
364848,ESTOVON-XT 1X15CAP.,REVIEW,REVIEW,NO_MATCH_FALLBACK,FALLBACK:AMBIGUOUS_NO_BRAND,,,,,False,,KEEP REVIEW,insufficient evidence; could be product or ambiguous OCR,LOW,INSUFFICIENT_EVIDENCE
364850,FOLGEL PLUS 1X15CAP.,REVIEW,REVIEW,NO_MATCH_FALLBACK,FALLBACK:AMBIGUOUS_NO_BRAND,,,,,False,,KEEP REVIEW,insufficient evidence; could be product or ambiguous OCR,LOW,INSUFFICIENT_EVIDENCE
364861,HEXTRADOL-P 1X10TAB.,REVIEW,REVIEW,NO_MATCH_FALLBACK,FALLBACK:AMBIGUOUS_NO_BRAND,,,,,False,,KEEP REVIEW,insufficient evidence; could be product or ambiguous OCR,LOW,INSUFFICIENT_EVIDENCE
364875,LANTUS SOLOSTAR 1X1UNIT,REVIEW,REVIEW,NO_MATCH_FALLBACK,FALLBACK:AMBIGUOUS_NO_BRAND,,,,,False,,KEEP REVIEW,insufficient evidence; could be product or ambiguous OCR,LOW,INSUFFICIENT_EVIDENCE
364876,LANTUS STARTER KIT 1X1UNIT,REVIEW,REVIEW,NO_MATCH_FALLBACK,FALLBACK:AMBIGUOUS_NO_BRAND,,,,,False,,KEEP REVIEW,insufficient evidence; could be product or ambiguous OCR,LOW,INSUFFICIENT_EVIDENCE
364881,MACRABERIN FORTE 1X10TAB.,REVIEW,REVIEW,NO_MATCH_FALLBACK,FALLBACK:AMBIGUOUS_NO_BRAND,,,,,False,,KEEP REVIEW,insufficient evidence; could be product or ambiguous OCR,LOW,INSUFFICIENT_EVIDENCE
364882,MEGA FREFLEX 1X10TAB.,REVIEW,REVIEW,NO_MATCH_FALLBACK,FALLBACK:AMBIGUOUS_NO_BRAND,,,,,False,,KEEP REVIEW,insufficient evidence; could be product or ambiguous OCR,LOW,INSUFFICIENT_EVIDENCE
364887,MULTIVITE-FM OMEGA 1X30CAP.,REVIEW,REVIEW,NO_MATCH_FALLBACK,FALLBACK:AMBIGUOUS_NO_BRAND,,,,,False,,KEEP REVIEW,insufficient evidence; could be product or ambiguous OCR,LOW,INSUFFICIENT_EVIDENCE
364890,KRISHANA MEDICOS AGENCIES,REVIEW,1,GARBAGE:pattern_garbage,GARBAGE:pattern_garbage,,,,,False,\b(AGENCIES?|DISTRIBUTORS?|MEDICO[SE]?|CORPORATION|ENTERPRISES?|TRADERS?|TRADING)\b,KEEP REVIEW,insufficient evidence; could be product or ambiguous OCR,LOW,INSUFFICIENT_EVIDENCE
364901,PRIMOSA-1000 1X15CAP.,REVIEW,REVIEW,NO_MATCH_FALLBACK,FALLBACK:AMBIGUOUS_NO_BRAND,,,,,False,,KEEP REVIEW,insufficient evidence; could be product or ambiguous OCR,LOW,INSUFFICIENT_EVIDENCE
364902,PRIMOSA-500 1X15CAP.,REVIEW,REVIEW,NO_MATCH_FALLBACK,FALLBACK:AMBIGUOUS_NO_BRAND,,,,,False,,KEEP REVIEW,insufficient evidence; could be product or ambiguous OCR,LOW,INSUFFICIENT_EVIDENCE
364906,RADIANCE-H 1X15CAP.,REVIEW,REVIEW,NO_MATCH_FALLBACK,FALLBACK:AMBIGUOUS_NO_BRAND,,,,,False,,KEEP REVIEW,insufficient evidence; could be product or ambiguous OCR,LOW,INSUFFICIENT_EVIDENCE
364907,RULIDE-AZ 1X3TAB.,REVIEW,REVIEW,NO_MATCH_FALLBACK,FALLBACK:AMBIGUOUS_NO_BRAND,,,,,False,,KEEP REVIEW,insufficient evidence; could be product or ambiguous OCR,LOW,INSUFFICIENT_EVIDENCE
364919,SYNDOL-DS 1X10TAB.,REVIEW,REVIEW,NO_MATCH_FALLBACK,FALLBACK:AMBIGUOUS_NO_BRAND,,,,,False,,KEEP REVIEW,insufficient evidence; could be product or ambiguous OCR,LOW,INSUFFICIENT_EVIDENCE
364933,VALPARIN ALKALET-200 1X15TAB.,REVIEW,REVIEW,NO_MATCH_FALLBACK,FALLBACK:AMBIGUOUS_NO_BRAND,,,,,False,,KEEP REVIEW,insufficient evidence; could be product or ambiguous OCR,LOW,INSUFFICIENT_EVIDENCE
364934,VALPARIN ALKALET-500 1X15TAB.,REVIEW,REVIEW,NO_MATCH_FALLBACK,FALLBACK:AMBIGUOUS_NO_BRAND,,,,,False,,KEEP REVIEW,insufficient evidence; could be product or ambiguous OCR,LOW,INSUFFICIENT_EVIDENCE
364942,Import Purchase ONLINE No Manual Entry MARG ERP Rs.5550 StocksAccountsGST Call 8448090780016365160979646540069,REVIEW,REVIEW,NO_MATCH_FALLBACK,FALLBACK:STRUCTURAL_KW,,,,,False,,KEEP REVIEW,insufficient evidence; could be product or ambiguous OCR,LOW,INSUFFICIENT_EVIDENCE
365303,ST Value,REVIEW,REVIEW,NO_MATCH_FALLBACK,FALLBACK:AMBIGUOUS_NO_BRAND,,,,,False,,KEEP REVIEW,insufficient evidence; could be product or ambiguous OCR,LOW,INSUFFICIENT_EVIDENCE
365304,Sale Return Value,REVIEW,REVIEW,NO_MATCH_FALLBACK,FALLBACK:AMBIGUOUS_NO_BRAND,,,,,False,,KEEP REVIEW,insufficient evidence; could be product or ambiguous OCR,LOW,INSUFFICIENT_EVIDENCE
365370,ALL STAR REUSABLE INSULIN PEN 1,REVIEW,REVIEW,NO_MATCH_FALLBACK,FALLBACK:AMBIGUOUS_NO_BRAND,,,,,False,,KEEP REVIEW,insufficient evidence; could be product or ambiguous OCR,LOW,INSUFFICIENT_EVIDENCE
365433,TOUJEO CARTRIDGE 1,REVIEW,REVIEW,NO_MATCH_FALLBACK,FALLBACK:AMBIGUOUS_NO_BRAND,,,,,False,,KEEP REVIEW,insufficient evidence; could be product or ambiguous OCR,LOW,INSUFFICIENT_EVIDENCE
365441,ZZZZZZ 2831,REVIEW,REVIEW,NO_MATCH_FALLBACK,FALLBACK:AMBIGUOUS_NO_BRAND,,,,,False,,CANDIDATE FOR 1,all long alpha tokens lack vowels: ['ZZZZZZ'] → OCR noise,MODERATE,NO_VOWEL_OCR_NOISE
365442,ZZZZZZ 2940,REVIEW,REVIEW,NO_MATCH_FALLBACK,FALLBACK:AMBIGUOUS_NO_BRAND,,,,,False,,CANDIDATE FOR 1,all long alpha tokens lack vowels: ['ZZZZZZ'] → OCR noise,MODERATE,NO_VOWEL_OCR_NOISE
365443,ZZZZZZ 2992,REVIEW,REVIEW,NO_MATCH_FALLBACK,FALLBACK:AMBIGUOUS_NO_BRAND,,,,,False,,CANDIDATE FOR 1,all long alpha tokens lack vowels: ['ZZZZZZ'] → OCR noise,MODERATE,NO_VOWEL_OCR_NOISE
365444,ALL STAR REUSABLE INSULIN PEN 1,REVIEW,REVIEW,NO_MATCH_FALLBACK,FALLBACK:AMBIGUOUS_NO_BRAND,,,,,False,,KEEP REVIEW,insufficient evidence; could be product or ambiguous OCR,LOW,INSUFFICIENT_EVIDENCE
365507,TOUJEO CARTRIDGE 1,REVIEW,REVIEW,NO_MATCH_FALLBACK,FALLBACK:AMBIGUOUS_NO_BRAND,,,,,False,,KEEP REVIEW,insufficient evidence; could be product or ambiguous OCR,LOW,INSUFFICIENT_EVIDENCE
365515,ZZZZZZ 2831,REVIEW,REVIEW,NO_MATCH_FALLBACK,FALLBACK:AMBIGUOUS_NO_BRAND,,,,,False,,CANDIDATE FOR 1,all long alpha tokens lack vowels: ['ZZZZZZ'] → OCR noise,MODERATE,NO_VOWEL_OCR_NOISE
365516,ZZZZZZ 2940,REVIEW,REVIEW,NO_MATCH_FALLBACK,FALLBACK:AMBIGUOUS_NO_BRAND,,,,,False,,CANDIDATE FOR 1,all long alpha tokens lack vowels: ['ZZZZZZ'] → OCR noise,MODERATE,NO_VOWEL_OCR_NOISE
365517,ZZZZZZ 2992,REVIEW,REVIEW,NO_MATCH_FALLBACK,FALLBACK:AMBIGUOUS_NO_BRAND,,,,,False,,CANDIDATE FOR 1,all long alpha tokens lack vowels: ['ZZZZZZ'] → OCR noise,MODERATE,NO_VOWEL_OCR_NOISE
366162,BUSCOGAST PLUS,REVIEW,REVIEW,NO_MATCH_FALLBACK,FALLBACK:AMBIGUOUS_NO_BRAND,,,,,False,,KEEP REVIEW,insufficient evidence; could be product or ambiguous OCR,LOW,INSUFFICIENT_EVIDENCE
366173,ENTEROGERMINA LIQ,REVIEW,REVIEW,NO_MATCH_FALLBACK,FALLBACK:AMBIGUOUS_NO_BRAND,,,,,False,,KEEP REVIEW,insufficient evidence; could be product or ambiguous OCR,LOW,INSUFFICIENT_EVIDENCE
366202,APIDRA CATRIDGE,REVIEW,REVIEW,NO_MATCH_FALLBACK,FALLBACK:AMBIGUOUS_NO_BRAND,,,,,False,,KEEP REVIEW,insufficient evidence; could be product or ambiguous OCR,LOW,INSUFFICIENT_EVIDENCE
366204,BARALGAN M,REVIEW,REVIEW,NO_MATCH_FALLBACK,FALLBACK:AMBIGUOUS_NO_BRAND,,,,,False,,KEEP REVIEW,insufficient evidence; could be product or ambiguous OCR,LOW,INSUFFICIENT_EVIDENCE
366246,DETTOL ANTISEPTIC LIQUID,REVIEW,REVIEW,NO_MATCH_FALLBACK,FALLBACK:AMBIGUOUS_NO_BRAND,,,,,False,,KEEP REVIEW,insufficient evidence; could be product or ambiguous OCR,LOW,INSUFFICIENT_EVIDENCE
366253,HAND SANITIZER,REVIEW,REVIEW,NO_MATCH_FALLBACK,FALLBACK:AMBIGUOUS_NO_BRAND,,,,,False,,KEEP REVIEW,insufficient evidence; could be product or ambiguous OCR,LOW,INSUFFICIENT_EVIDENCE
366258,INSUMAN 25/75,REVIEW,REVIEW,NO_MATCH_FALLBACK,FALLBACK:AMBIGUOUS_NO_BRAND,,,,,False,,KEEP REVIEW,insufficient evidence; could be product or ambiguous OCR,LOW,INSUFFICIENT_EVIDENCE
366259,INSUMAN BASAL,REVIEW,REVIEW,NO_MATCH_FALLBACK,FALLBACK:AMBIGUOUS_NO_BRAND,,,,,False,,KEEP REVIEW,insufficient evidence; could be product or ambiguous OCR,LOW,INSUFFICIENT_EVIDENCE
366260,INSUMAN COMB 25,REVIEW,REVIEW,NO_MATCH_FALLBACK,FALLBACK:AMBIGUOUS_NO_BRAND,,,,,False,,KEEP REVIEW,insufficient evidence; could be product or ambiguous OCR,LOW,INSUFFICIENT_EVIDENCE
366261,INSUMAN COMB 50,REVIEW,REVIEW,NO_MATCH_FALLBACK,FALLBACK:AMBIGUOUS_NO_BRAND,,,,,False,,KEEP REVIEW,insufficient evidence; could be product or ambiguous OCR,LOW,INSUFFICIENT_EVIDENCE
366262,INSUMAN RAPID,REVIEW,REVIEW,NO_MATCH_FALLBACK,FALLBACK:AMBIGUOUS_NO_BRAND,,,,,False,,KEEP REVIEW,insufficient evidence; could be product or ambiguous OCR,LOW,INSUFFICIENT_EVIDENCE
366266,LANTUS SOLOSTAR,REVIEW,REVIEW,NO_MATCH_FALLBACK,FALLBACK:AMBIGUOUS_NO_BRAND,,,,,False,,KEEP REVIEW,insufficient evidence; could be product or ambiguous OCR,LOW,INSUFFICIENT_EVIDENCE
366267,LANTUS STARTER KIT,REVIEW,REVIEW,NO_MATCH_FALLBACK,FALLBACK:AMBIGUOUS_NO_BRAND,,,,,False,,KEEP REVIEW,insufficient evidence; could be product or ambiguous OCR,LOW,INSUFFICIENT_EVIDENCE
366272,NEW ECOD PLUS SOFTGEL,REVIEW,REVIEW,NO_MATCH_FALLBACK,FALLBACK:AMBIGUOUS_NO_BRAND,,,NEW_without_NORMET,,False,,CANDIDATE FOR 1,brand invalidated (NEW_without_NORMET) + no pharma signal,MODERATE,INVALIDATED_NO_PHARMA
366278,PRIMACAL AT,REVIEW,REVIEW,NO_MATCH_FALLBACK,FALLBACK:AMBIGUOUS_NO_BRAND,,,,,False,,KEEP REVIEW,insufficient evidence; could be product or ambiguous OCR,LOW,INSUFFICIENT_EVIDENCE
366286,STAYFREE SECURE,REVIEW,REVIEW,NO_MATCH_FALLBACK,FALLBACK:AMBIGUOUS_NO_BRAND,,,,,False,,KEEP REVIEW,insufficient evidence; could be product or ambiguous OCR,LOW,INSUFFICIENT_EVIDENCE
366295,TRENTAL 400,REVIEW,REVIEW,NO_MATCH_FALLBACK,FALLBACK:AMBIGUOUS_NO_BRAND,,,,,False,,KEEP REVIEW,insufficient evidence; could be product or ambiguous OCR,LOW,INSUFFICIENT_EVIDENCE
366302,VALPARIN CHRONO 200,REVIEW,REVIEW,NO_MATCH_FALLBACK,FALLBACK:AMBIGUOUS_NO_BRAND,,,,,False,,KEEP REVIEW,insufficient evidence; could be product or ambiguous OCR,LOW,INSUFFICIENT_EVIDENCE
366306,VALPARIN CHRONO 500,REVIEW,REVIEW,NO_MATCH_FALLBACK,FALLBACK:AMBIGUOUS_NO_BRAND,,,,,False,,KEEP REVIEW,insufficient evidence; could be product or ambiguous OCR,LOW,INSUFFICIENT_EVIDENCE
366308,VICKS VAPORUB,REVIEW,REVIEW,NO_MATCH_FALLBACK,FALLBACK:AMBIGUOUS_NO_BRAND,,,,,False,,KEEP REVIEW,insufficient evidence; could be product or ambiguous OCR,LOW,INSUFFICIENT_EVIDENCE
366435,DEPURA-60K-SUGAR FREE 1BOX,REVIEW,REVIEW,NO_MATCH_FALLBACK,FALLBACK:AMBIGUOUS_NO_BRAND,,,,,False,,KEEP REVIEW,insufficient evidence; could be product or ambiguous OCR,LOW,INSUFFICIENT_EVIDENCE
366440,AVENTIS AV,REVIEW,REVIEW,NO_MATCH_FALLBACK,FALLBACK:AMBIGUOUS_NO_BRAND,,,,,False,,CANDIDATE FOR 1,starts with known Emcure company/division prefix,STRONG,COMPANY_DIVISION_PREFIX
366442,AVENTIS RU,REVIEW,REVIEW,NO_MATCH_FALLBACK,FALLBACK:AMBIGUOUS_NO_BRAND,,,,,False,,CANDIDATE FOR 1,starts with known Emcure company/division prefix,STRONG,COMPANY_DIVISION_PREFIX
366444,HOECHST HO,REVIEW,REVIEW,NO_MATCH_FALLBACK,FALLBACK:AMBIGUOUS_NO_BRAND,,,,,False,,KEEP REVIEW,insufficient evidence; could be product or ambiguous OCR,LOW,INSUFFICIENT_EVIDENCE
366447,HOECHST HO,REVIEW,REVIEW,NO_MATCH_FALLBACK,FALLBACK:AMBIGUOUS_NO_BRAND,,,,,False,,KEEP REVIEW,insufficient evidence; could be product or ambiguous OCR,LOW,INSUFFICIENT_EVIDENCE
366449,AVIL-25-BOX 1BOX,REVIEW,REVIEW,NO_MATCH_FALLBACK,FALLBACK:AMBIGUOUS_NO_BRAND,,,,,False,,KEEP REVIEW,insufficient evidence; could be product or ambiguous OCR,LOW,INSUFFICIENT_EVIDENCE
366468,ROUSS RU,REVIEW,REVIEW,NO_MATCH_FALLBACK,FALLBACK:AMBIGUOUS_NO_BRAND,,,,,False,,KEEP REVIEW,insufficient evidence; could be product or ambiguous OCR,LOW,INSUFFICIENT_EVIDENCE
366496,TORRENT TO,REVIEW,REVIEW,NO_MATCH_FALLBACK,FALLBACK:AMBIGUOUS_NO_BRAND,,,,,False,,KEEP REVIEW,insufficient evidence; could be product or ambiguous OCR,LOW,INSUFFICIENT_EVIDENCE
366503,VALPARIN-CHRONO-500 1*10TA,REVIEW,REVIEW,NO_MATCH_FALLBACK,FALLBACK:AMBIGUOUS_NO_BRAND,,,,,False,,KEEP REVIEW,insufficient evidence; could be product or ambiguous OCR,LOW,INSUFFICIENT_EVIDENCE
367323,ALLSTAR REUSABLE1PACK 1 PAK,REVIEW,REVIEW,NO_MATCH_FALLBACK,FALLBACK:AMBIGUOUS_NO_BRAND,,,,,False,,KEEP REVIEW,insufficient evidence; could be product or ambiguous OCR,LOW,INSUFFICIENT_EVIDENCE
367444,SOLIQUA SOLOSTAR1 PEN 1 PEN,REVIEW,REVIEW,NO_MATCH_FALLBACK,FALLBACK:AMBIGUOUS_NO_BRAND,,,,,False,,KEEP REVIEW,insufficient evidence; could be product or ambiguous OCR,LOW,INSUFFICIENT_EVIDENCE
367763,CARDACEPROTECT 2.5/10,REVIEW,REVIEW,NO_MATCH_FALLBACK,FALLBACK:AMBIGUOUS_NO_BRAND,,,,,False,,KEEP REVIEW,insufficient evidence; could be product or ambiguous OCR,LOW,INSUFFICIENT_EVIDENCE
367764,CARDACEPROTECT 5/10,REVIEW,REVIEW,NO_MATCH_FALLBACK,FALLBACK:AMBIGUOUS_NO_BRAND,,,,,False,,KEEP REVIEW,insufficient evidence; could be product or ambiguous OCR,LOW,INSUFFICIENT_EVIDENCE
368094,ALLSTAR REUSABLE INSULIN 1PH,REVIEW,REVIEW,NO_MATCH_FALLBACK,FALLBACK:AMBIGUOUS_NO_BRAND,,,,,False,,KEEP REVIEW,insufficient evidence; could be product or ambiguous OCR,LOW,INSUFFICIENT_EVIDENCE
368114,TOUSTAR PEN 1PC,REVIEW,REVIEW,NO_MATCH_FALLBACK,FALLBACK:AMBIGUOUS_NO_BRAND,,,,,False,,KEEP REVIEW,insufficient evidence; could be product or ambiguous OCR,LOW,INSUFFICIENT_EVIDENCE
369174,Opn. Val. : 80059.54 --,REVIEW,REVIEW,NO_MATCH_FALLBACK,FALLBACK:AMBIGUOUS_NO_BRAND,,,,,False,,KEEP REVIEW,insufficient evidence; could be product or ambiguous OCR,LOW,INSUFFICIENT_EVIDENCE
369175,Sale. Val. : 71842.73 --,REVIEW,REVIEW,NO_MATCH_FALLBACK,FALLBACK:AMBIGUOUS_NO_BRAND,,,,,False,,KEEP REVIEW,insufficient evidence; could be product or ambiguous OCR,LOW,INSUFFICIENT_EVIDENCE
369176,Purc. Val. : 72120.14 --,REVIEW,REVIEW,NO_MATCH_FALLBACK,FALLBACK:AMBIGUOUS_NO_BRAND,,,,,False,,KEEP REVIEW,insufficient evidence; could be product or ambiguous OCR,LOW,INSUFFICIENT_EVIDENCE
369177,Clos. Val. : 73170.01 --,REVIEW,REVIEW,NO_MATCH_FALLBACK,FALLBACK:AMBIGUOUS_NO_BRAND,,,,,False,,KEEP REVIEW,insufficient evidence; could be product or ambiguous OCR,LOW,INSUFFICIENT_EVIDENCE
369232,ALLSTAR REUSABLE 1X1PC,REVIEW,REVIEW,NO_MATCH_FALLBACK,FALLBACK:AMBIGUOUS_NO_BRAND,,,,,False,,KEEP REVIEW,insufficient evidence; could be product or ambiguous OCR,LOW,INSUFFICIENT_EVIDENCE
369252,BUSCOGAST PLUS 1X10TAB,REVIEW,REVIEW,NO_MATCH_FALLBACK,FALLBACK:AMBIGUOUS_NO_BRAND,,,,,False,,KEEP REVIEW,insufficient evidence; could be product or ambiguous OCR,LOW,INSUFFICIENT_EVIDENCE
369282,DEPAKOTE XR 250 1X15TAB,REVIEW,REVIEW,NO_MATCH_FALLBACK,FALLBACK:AMBIGUOUS_NO_BRAND,,,,,False,,KEEP REVIEW,insufficient evidence; could be product or ambiguous OCR,LOW,INSUFFICIENT_EVIDENCE
369283,DEPAKOTE XR 500 1X15TAB,REVIEW,REVIEW,NO_MATCH_FALLBACK,FALLBACK:AMBIGUOUS_NO_BRAND,,,,,False,,KEEP REVIEW,insufficient evidence; could be product or ambiguous OCR,LOW,INSUFFICIENT_EVIDENCE
369329,TOUSTAR PEN 1 PEN,REVIEW,REVIEW,NO_MATCH_FALLBACK,FALLBACK:AMBIGUOUS_NO_BRAND,,,,,False,,KEEP REVIEW,insufficient evidence; could be product or ambiguous OCR,LOW,INSUFFICIENT_EVIDENCE
369523,TOTAL GOODS RETURNS FROM CUSTOMER 0.00 TOTAL TRANSECTED CUSTOMER 100,REVIEW,REVIEW,NO_MATCH_FALLBACK,FALLBACK:STRUCTURAL_KW,,,,,False,,CANDIDATE FOR 1,structural/aggregate keyword present,MODERATE,STRUCTURAL_KEYWORD
369524,TOTAL SALE OF PERIOD 50635.49 TOTAL CUMULATIVE SALE 239730.99,REVIEW,REVIEW,NO_MATCH_FALLBACK,FALLBACK:STRUCTURAL_KW,,,,,False,,CANDIDATE FOR 1,structural/aggregate keyword present,MODERATE,STRUCTURAL_KEYWORD
369525,TOTAL PURCHASE OF PERIOD 616.5 TOTAL CUMUL.PURCHASE 233624.60,REVIEW,REVIEW,NO_MATCH_FALLBACK,FALLBACK:STRUCTURAL_KW,,,,,False,,CANDIDATE FOR 1,structural/aggregate keyword present,MODERATE,STRUCTURAL_KEYWORD
369527,XPURCHASE INVOICE DETAIL,REVIEW,REVIEW,NO_MATCH_FALLBACK,FALLBACK:STRUCTURAL_KW,,,,,False,,KEEP REVIEW,insufficient evidence; could be product or ambiguous OCR,LOW,INSUFFICIENT_EVIDENCE
369528,Purchase INV.1883801/08/2026 INV.2166921/08/2026 INV.559126/08/2026,REVIEW,REVIEW,NO_MATCH_FALLBACK,FALLBACK:STRUCTURAL_KW,,,,,False,,KEEP REVIEW,insufficient evidence; could be product or ambiguous OCR,LOW,INSUFFICIENT_EVIDENCE
369758,BOEHRINGER SANOFI,REVIEW,1,GARBAGE:pattern_garbage,GARBAGE:pattern_garbage,,,,,False,\bSANOFI\b,KEEP REVIEW,insufficient evidence; could be product or ambiguous OCR,LOW,INSUFFICIENT_EVIDENCE
369834,ALLEGRA 180 1*10TA,REVIEW,REVIEW,NO_MATCH_FALLBACK,FALLBACK:AMBIGUOUS_NO_BRAND,,,,,False,,KEEP REVIEW,insufficient evidence; could be product or ambiguous OCR,LOW,INSUFFICIENT_EVIDENCE
370301,ALLSTAR PEN 1 PC,REVIEW,REVIEW,NO_MATCH_FALLBACK,FALLBACK:AMBIGUOUS_NO_BRAND,,,,,False,,KEEP REVIEW,insufficient evidence; could be product or ambiguous OCR,LOW,INSUFFICIENT_EVIDENCE
370309,SOLIQUA SOLOSTAR 1 PEN,REVIEW,REVIEW,NO_MATCH_FALLBACK,FALLBACK:AMBIGUOUS_NO_BRAND,,,,,False,,KEEP REVIEW,insufficient evidence; could be product or ambiguous OCR,LOW,INSUFFICIENT_EVIDENCE
370311,TOUJEO SOLOSTAR 1,REVIEW,REVIEW,NO_MATCH_FALLBACK,FALLBACK:AMBIGUOUS_NO_BRAND,,,,,False,,KEEP REVIEW,insufficient evidence; could be product or ambiguous OCR,LOW,INSUFFICIENT_EVIDENCE
370312,TOUSTAR REUSABLE PEN 1 PEN,REVIEW,REVIEW,NO_MATCH_FALLBACK,FALLBACK:AMBIGUOUS_NO_BRAND,,,,,False,,KEEP REVIEW,insufficient evidence; could be product or ambiguous OCR,LOW,INSUFFICIENT_EVIDENCE
370509,Items : 32,REVIEW,REVIEW,NO_MATCH_FALLBACK,FALLBACK:AMBIGUOUS_NO_BRAND,,,,,False,,KEEP REVIEW,insufficient evidence; could be product or ambiguous OCR,LOW,INSUFFICIENT_EVIDENCE
371243,ALLSTAR REUSABLE 1,REVIEW,REVIEW,NO_MATCH_FALLBACK,FALLBACK:AMBIGUOUS_NO_BRAND,,,,,False,,KEEP REVIEW,insufficient evidence; could be product or ambiguous OCR,LOW,INSUFFICIENT_EVIDENCE
371252,APIDRA SOLUSTA 1,REVIEW,REVIEW,NO_MATCH_FALLBACK,FALLBACK:AMBIGUOUS_NO_BRAND,,,,,False,,KEEP REVIEW,insufficient evidence; could be product or ambiguous OCR,LOW,INSUFFICIENT_EVIDENCE
371331,ALLSTAR REUSABLE ins pec,REVIEW,REVIEW,NO_MATCH_FALLBACK,FALLBACK:AMBIGUOUS_NO_BRAND,,,,,False,,KEEP REVIEW,insufficient evidence; could be product or ambiguous OCR,LOW,INSUFFICIENT_EVIDENCE
371341,APIDRA SOLOSTER\\\\ 1 PEC,REVIEW,REVIEW,NO_MATCH_FALLBACK,FALLBACK:AMBIGUOUS_NO_BRAND,,,,,False,,KEEP REVIEW,insufficient evidence; could be product or ambiguous OCR,LOW,INSUFFICIENT_EVIDENCE
371365,CORDARONE100TAB 10,REVIEW,REVIEW,NO_MATCH_FALLBACK,FALLBACK:AMBIGUOUS_NO_BRAND,,,,,False,,KEEP REVIEW,insufficient evidence; could be product or ambiguous OCR,LOW,INSUFFICIENT_EVIDENCE
371387,TOUJEO CARTIDGE,REVIEW,REVIEW,NO_MATCH_FALLBACK,FALLBACK:AMBIGUOUS_NO_BRAND,,,,,False,,KEEP REVIEW,insufficient evidence; could be product or ambiguous OCR,LOW,INSUFFICIENT_EVIDENCE
371388,TOUJEO soloster IU,REVIEW,REVIEW,NO_MATCH_FALLBACK,FALLBACK:AMBIGUOUS_NO_BRAND,,,,,False,,KEEP REVIEW,insufficient evidence; could be product or ambiguous OCR,LOW,INSUFFICIENT_EVIDENCE
371389,TOUSTAR PEN,REVIEW,REVIEW,NO_MATCH_FALLBACK,FALLBACK:AMBIGUOUS_NO_BRAND,,,,,False,,KEEP REVIEW,insufficient evidence; could be product or ambiguous OCR,LOW,INSUFFICIENT_EVIDENCE
371394,VALPARIN CRONO-500 M,REVIEW,REVIEW,NO_MATCH_FALLBACK,FALLBACK:AMBIGUOUS_NO_BRAND,,,,,False,,KEEP REVIEW,insufficient evidence; could be product or ambiguous OCR,LOW,INSUFFICIENT_EVIDENCE
371665,AVENTIS PHARMA LIMITED [643] --,REVIEW,REVIEW,NO_MATCH_FALLBACK,FALLBACK:AMBIGUOUS_NO_BRAND,,,,,False,,CANDIDATE FOR 1,starts with known Emcure company/division prefix,STRONG,COMPANY_DIVISION_PREFIX
371768,ALLSTAR REUSABLE INSULIN PEN PEN,REVIEW,REVIEW,NO_MATCH_FALLBACK,FALLBACK:AMBIGUOUS_NO_BRAND,,,,,False,,KEEP REVIEW,insufficient evidence; could be product or ambiguous OCR,LOW,INSUFFICIENT_EVIDENCE
371796,LANTUS U100 SOLOSTAR,REVIEW,REVIEW,NO_MATCH_FALLBACK,FALLBACK:AMBIGUOUS_NO_BRAND,,,,,False,,KEEP REVIEW,insufficient evidence; could be product or ambiguous OCR,LOW,INSUFFICIENT_EVIDENCE
371808,TOUJEO CARTRIDGE CARTRIDGE,REVIEW,REVIEW,NO_MATCH_FALLBACK,FALLBACK:AMBIGUOUS_NO_BRAND,,,,,False,,KEEP REVIEW,insufficient evidence; could be product or ambiguous OCR,LOW,INSUFFICIENT_EVIDENCE
372133,AMARYL1MG,REVIEW,REVIEW,NO_MATCH_FALLBACK,FALLBACK:AMBIGUOUS_NO_BRAND,,,,,False,,KEEP REVIEW,insufficient evidence; could be product or ambiguous OCR,LOW,INSUFFICIENT_EVIDENCE
372134,AMARYL2G,REVIEW,REVIEW,NO_MATCH_FALLBACK,FALLBACK:AMBIGUOUS_NO_BRAND,,,,,False,,KEEP REVIEW,insufficient evidence; could be product or ambiguous OCR,LOW,INSUFFICIENT_EVIDENCE
372135,AMARYL3MG,REVIEW,REVIEW,NO_MATCH_FALLBACK,FALLBACK:AMBIGUOUS_NO_BRAND,,,,,False,,KEEP REVIEW,insufficient evidence; could be product or ambiguous OCR,LOW,INSUFFICIENT_EVIDENCE
372215,DETTOL ANTISEPTIC LIQUID,REVIEW,REVIEW,NO_MATCH_FALLBACK,FALLBACK:AMBIGUOUS_NO_BRAND,,,,,False,,KEEP REVIEW,insufficient evidence; could be product or ambiguous OCR,LOW,INSUFFICIENT_EVIDENCE
372216,INSUMAN COMBO 25 PENFILL,REVIEW,REVIEW,NO_MATCH_FALLBACK,FALLBACK:AMBIGUOUS_NO_BRAND,,,,,False,,KEEP REVIEW,insufficient evidence; could be product or ambiguous OCR,LOW,INSUFFICIENT_EVIDENCE
372217,INSUMAN RAPID PENFILL,REVIEW,REVIEW,NO_MATCH_FALLBACK,FALLBACK:AMBIGUOUS_NO_BRAND,,,,,False,,KEEP REVIEW,insufficient evidence; could be product or ambiguous OCR,LOW,INSUFFICIENT_EVIDENCE
372384,Digital Purchase ERP Ordering Healthcare QRCode on bills for extra earnings Call MARG 959959965695995996621202834312,REVIEW,REVIEW,NO_MATCH_FALLBACK,FALLBACK:PHARMA_ENTITY,,,,,False,,CANDIDATE FOR 1,company/entity keyword (PHARMACEUTICALS/BIOPHARMA/HOSPITAL etc.),STRONG,COMPANY_ENTITY
373084,TOUJEO CARTRIDGE 300 U,REVIEW,REVIEW,NO_MATCH_FALLBACK,FALLBACK:AMBIGUOUS_NO_BRAND,,,,,False,,KEEP REVIEW,insufficient evidence; could be product or ambiguous OCR,LOW,INSUFFICIENT_EVIDENCE
373172,COMBIFLAM IC HOT 55 GMS,REVIEW,REVIEW,NO_MATCH_FALLBACK,FALLBACK:AMBIGUOUS_NO_BRAND,,,,,False,,KEEP REVIEW,insufficient evidence; could be product or ambiguous OCR,LOW,INSUFFICIENT_EVIDENCE
373476,Import Purchase ONLINE No Manual Entry MARG ERP Rs.5550 StocksAccountsGST Call 7459920626,REVIEW,REVIEW,NO_MATCH_FALLBACK,FALLBACK:STRUCTURAL_KW,,,,,False,,KEEP REVIEW,insufficient evidence; could be product or ambiguous OCR,LOW,INSUFFICIENT_EVIDENCE
373634,DEPALOTE XR 500,REVIEW,REVIEW,NO_MATCH_FALLBACK,FALLBACK:AMBIGUOUS_NO_BRAND,,,,,False,,KEEP REVIEW,insufficient evidence; could be product or ambiguous OCR,LOW,INSUFFICIENT_EVIDENCE
373684,ROSUVAS 20 EZ,REVIEW,REVIEW,NO_MATCH_FALLBACK,FALLBACK:AMBIGUOUS_NO_BRAND,,,,,False,,KEEP REVIEW,insufficient evidence; could be product or ambiguous OCR,LOW,INSUFFICIENT_EVIDENCE
373771,Digital Purchase ERP Ordering Healthcare QRCode on bills for extra earnings Call MARG 967483170388206565659749051004,REVIEW,REVIEW,NO_MATCH_FALLBACK,FALLBACK:PHARMA_ENTITY,,,,,False,,CANDIDATE FOR 1,company/entity keyword (PHARMACEUTICALS/BIOPHARMA/HOSPITAL etc.),STRONG,COMPANY_ENTITY
374611,CORDARONE100MG SANOFI,REVIEW,1,GARBAGE:pattern_garbage,GARBAGE:pattern_garbage,,,,,False,\bSANOFI\b,KEEP REVIEW,insufficient evidence; could be product or ambiguous OCR,LOW,INSUFFICIENT_EVIDENCE
375157,ALLEGRA 120 10,REVIEW,REVIEW,NO_MATCH_FALLBACK,FALLBACK:AMBIGUOUS_NO_BRAND,,,,,False,,KEEP REVIEW,insufficient evidence; could be product or ambiguous OCR,LOW,INSUFFICIENT_EVIDENCE
375158,ALLEGRA 180 10,REVIEW,REVIEW,NO_MATCH_FALLBACK,FALLBACK:AMBIGUOUS_NO_BRAND,,,,,False,,KEEP REVIEW,insufficient evidence; could be product or ambiguous OCR,LOW,INSUFFICIENT_EVIDENCE
375160,ALLEGRA N/S 1 PIC,REVIEW,REVIEW,NO_MATCH_FALLBACK,FALLBACK:AMBIGUOUS_NO_BRAND,,,,,False,,KEEP REVIEW,insufficient evidence; could be product or ambiguous OCR,LOW,INSUFFICIENT_EVIDENCE
375183,dettol liq 1,REVIEW,REVIEW,NO_MATCH_FALLBACK,FALLBACK:AMBIGUOUS_NO_BRAND,,,,,False,,KEEP REVIEW,insufficient evidence; could be product or ambiguous OCR,LOW,INSUFFICIENT_EVIDENCE
375192,SANIANZ 100,REVIEW,REVIEW,NO_MATCH_FALLBACK,FALLBACK:AMBIGUOUS_NO_BRAND,,,,,False,,KEEP REVIEW,insufficient evidence; could be product or ambiguous OCR,LOW,INSUFFICIENT_EVIDENCE
375193,STAYFREE SECURE 0,REVIEW,REVIEW,NO_MATCH_FALLBACK,FALLBACK:AMBIGUOUS_NO_BRAND,,,,,False,,KEEP REVIEW,insufficient evidence; could be product or ambiguous OCR,LOW,INSUFFICIENT_EVIDENCE
375415,COMBIFLAM ICY HOT SPRY 1X35GM,REVIEW,REVIEW,NO_MATCH_FALLBACK,FALLBACK:AMBIGUOUS_NO_BRAND,,,,,False,,KEEP REVIEW,insufficient evidence; could be product or ambiguous OCR,LOW,INSUFFICIENT_EVIDENCE
375416,COMBIFLAM ICY HOT SPRY 1X55GM,REVIEW,REVIEW,NO_MATCH_FALLBACK,FALLBACK:AMBIGUOUS_NO_BRAND,,,,,False,,KEEP REVIEW,insufficient evidence; could be product or ambiguous OCR,LOW,INSUFFICIENT_EVIDENCE
375425,DEPURA 60K IU SUGAR FREE 1X4X5M,REVIEW,REVIEW,NO_MATCH_FALLBACK,FALLBACK:AMBIGUOUS_NO_BRAND,,,,,False,,KEEP REVIEW,insufficient evidence; could be product or ambiguous OCR,LOW,INSUFFICIENT_EVIDENCE
375431,ECOD PLUS 1X15CA,REVIEW,REVIEW,NO_MATCH_FALLBACK,FALLBACK:AMBIGUOUS_NO_BRAND,,,,,False,,KEEP REVIEW,insufficient evidence; could be product or ambiguous OCR,LOW,INSUFFICIENT_EVIDENCE
375439,LANTUS CARTRIDGES 1X5X3M,REVIEW,REVIEW,NO_MATCH_FALLBACK,FALLBACK:AMBIGUOUS_NO_BRAND,,,,,False,,KEEP REVIEW,insufficient evidence; could be product or ambiguous OCR,LOW,INSUFFICIENT_EVIDENCE
375447,MULTIVITE FM OMEGA 1X30TA,REVIEW,REVIEW,NO_MATCH_FALLBACK,FALLBACK:AMBIGUOUS_NO_BRAND,,,,,False,,KEEP REVIEW,insufficient evidence; could be product or ambiguous OCR,LOW,INSUFFICIENT_EVIDENCE
375448,MULTIVITE GOLD 1X15CA,REVIEW,REVIEW,NO_MATCH_FALLBACK,FALLBACK:AMBIGUOUS_NO_BRAND,,,,,False,,KEEP REVIEW,insufficient evidence; could be product or ambiguous OCR,LOW,INSUFFICIENT_EVIDENCE
375471,TOUJEO CARTRIDGE 1X5X1.,REVIEW,REVIEW,NO_MATCH_FALLBACK,FALLBACK:AMBIGUOUS_NO_BRAND,,,,,False,,KEEP REVIEW,insufficient evidence; could be product or ambiguous OCR,LOW,INSUFFICIENT_EVIDENCE
375473,TRIOMEGA 1X15TA,REVIEW,REVIEW,NO_MATCH_FALLBACK,FALLBACK:AMBIGUOUS_NO_BRAND,,,,,False,,KEEP REVIEW,insufficient evidence; could be product or ambiguous OCR,LOW,INSUFFICIENT_EVIDENCE
375477,VALPARIN CHRONO 300 1X15TA,REVIEW,REVIEW,NO_MATCH_FALLBACK,FALLBACK:AMBIGUOUS_NO_BRAND,,,,,False,,KEEP REVIEW,insufficient evidence; could be product or ambiguous OCR,LOW,INSUFFICIENT_EVIDENCE
375478,VALPARIN CHRONO 500 1X15TA,REVIEW,REVIEW,NO_MATCH_FALLBACK,FALLBACK:AMBIGUOUS_NO_BRAND,,,,,False,,KEEP REVIEW,insufficient evidence; could be product or ambiguous OCR,LOW,INSUFFICIENT_EVIDENCE
376070,ST Value,REVIEW,REVIEW,NO_MATCH_FALLBACK,FALLBACK:AMBIGUOUS_NO_BRAND,,,,,False,,KEEP REVIEW,insufficient evidence; could be product or ambiguous OCR,LOW,INSUFFICIENT_EVIDENCE
376071,Sale Return Value,REVIEW,REVIEW,NO_MATCH_FALLBACK,FALLBACK:AMBIGUOUS_NO_BRAND,,,,,False,,KEEP REVIEW,insufficient evidence; could be product or ambiguous OCR,LOW,INSUFFICIENT_EVIDENCE
376342,ALLSTAR REUSABLE PEN 1*PEN,REVIEW,REVIEW,NO_MATCH_FALLBACK,FALLBACK:AMBIGUOUS_NO_BRAND,,,,,False,,KEEP REVIEW,insufficient evidence; could be product or ambiguous OCR,LOW,INSUFFICIENT_EVIDENCE
376365,PHOSPHOLIP T.F 10,REVIEW,REVIEW,NO_MATCH_FALLBACK,FALLBACK:AMBIGUOUS_NO_BRAND,,,,,False,,KEEP REVIEW,insufficient evidence; could be product or ambiguous OCR,LOW,INSUFFICIENT_EVIDENCE
376371,SOLIQUA SOLOSTAR PEN,REVIEW,REVIEW,NO_MATCH_FALLBACK,FALLBACK:AMBIGUOUS_NO_BRAND,,,,,False,,KEEP REVIEW,insufficient evidence; could be product or ambiguous OCR,LOW,INSUFFICIENT_EVIDENCE
376378,ALLEGRA-120 10,REVIEW,REVIEW,NO_MATCH_FALLBACK,FALLBACK:AMBIGUOUS_NO_BRAND,,,,,False,,KEEP REVIEW,insufficient evidence; could be product or ambiguous OCR,LOW,INSUFFICIENT_EVIDENCE
376379,ALLEGRA-180 10,REVIEW,REVIEW,NO_MATCH_FALLBACK,FALLBACK:AMBIGUOUS_NO_BRAND,,,,,False,,KEEP REVIEW,insufficient evidence; could be product or ambiguous OCR,LOW,INSUFFICIENT_EVIDENCE
376385,BARALGAN NU 10,REVIEW,REVIEW,NO_MATCH_FALLBACK,FALLBACK:AMBIGUOUS_NO_BRAND,,,,,False,,KEEP REVIEW,insufficient evidence; could be product or ambiguous OCR,LOW,INSUFFICIENT_EVIDENCE
376387,BUSCOGAST PLUS 10,REVIEW,REVIEW,NO_MATCH_FALLBACK,FALLBACK:AMBIGUOUS_NO_BRAND,,,,,False,,KEEP REVIEW,insufficient evidence; could be product or ambiguous OCR,LOW,INSUFFICIENT_EVIDENCE
376392,DEPURA CAL 10,REVIEW,REVIEW,NO_MATCH_FALLBACK,FALLBACK:AMBIGUOUS_NO_BRAND,,,,,False,,KEEP REVIEW,insufficient evidence; could be product or ambiguous OCR,LOW,INSUFFICIENT_EVIDENCE
376401,NOVALGIN NU 10,REVIEW,REVIEW,NO_MATCH_FALLBACK,FALLBACK:AMBIGUOUS_NO_BRAND,,,,,False,,KEEP REVIEW,insufficient evidence; could be product or ambiguous OCR,LOW,INSUFFICIENT_EVIDENCE
376402,ALLSTAR TEAL PEN,REVIEW,REVIEW,NO_MATCH_FALLBACK,FALLBACK:AMBIGUOUS_NO_BRAND,,,,,False,,KEEP REVIEW,insufficient evidence; could be product or ambiguous OCR,LOW,INSUFFICIENT_EVIDENCE
376412,DEPAKOTE XR250 15,REVIEW,REVIEW,NO_MATCH_FALLBACK,FALLBACK:AMBIGUOUS_NO_BRAND,,,,,False,,KEEP REVIEW,insufficient evidence; could be product or ambiguous OCR,LOW,INSUFFICIENT_EVIDENCE
376413,DEPAKOTE XR500 15,REVIEW,REVIEW,NO_MATCH_FALLBACK,FALLBACK:AMBIGUOUS_NO_BRAND,,,,,False,,KEEP REVIEW,insufficient evidence; could be product or ambiguous OCR,LOW,INSUFFICIENT_EVIDENCE
376414,FRISIUM-20NRX 10,REVIEW,REVIEW,NO_MATCH_FALLBACK,FALLBACK:AMBIGUOUS_NO_BRAND,,,,,False,,KEEP REVIEW,insufficient evidence; could be product or ambiguous OCR,LOW,INSUFFICIENT_EVIDENCE
376430,STILNOCT 6.25 14,REVIEW,REVIEW,NO_MATCH_FALLBACK,FALLBACK:AMBIGUOUS_NO_BRAND,,,,,False,,KEEP REVIEW,insufficient evidence; could be product or ambiguous OCR,LOW,INSUFFICIENT_EVIDENCE
376447,ALLEGRA-30 10,REVIEW,REVIEW,NO_MATCH_FALLBACK,FALLBACK:AMBIGUOUS_NO_BRAND,,,,,False,,KEEP REVIEW,insufficient evidence; could be product or ambiguous OCR,LOW,INSUFFICIENT_EVIDENCE
376455,COQ FEM 15T,REVIEW,REVIEW,NO_MATCH_FALLBACK,FALLBACK:AMBIGUOUS_NO_BRAND,,,,,False,,KEEP REVIEW,insufficient evidence; could be product or ambiguous OCR,LOW,INSUFFICIENT_EVIDENCE
376458,ESTVON-XT 15,REVIEW,REVIEW,NO_MATCH_FALLBACK,FALLBACK:AMBIGUOUS_NO_BRAND,,,,,False,,KEEP REVIEW,insufficient evidence; could be product or ambiguous OCR,LOW,INSUFFICIENT_EVIDENCE
376462,FREEFLEX SOFTLETS. 15,REVIEW,REVIEW,NO_MATCH_FALLBACK,FALLBACK:AMBIGUOUS_NO_BRAND,,,,,False,,KEEP REVIEW,insufficient evidence; could be product or ambiguous OCR,LOW,INSUFFICIENT_EVIDENCE
376463,FRISIUM -5NRX 10,REVIEW,REVIEW,NO_MATCH_FALLBACK,FALLBACK:AMBIGUOUS_NO_BRAND,,,,,False,,KEEP REVIEW,insufficient evidence; could be product or ambiguous OCR,LOW,INSUFFICIENT_EVIDENCE
376469,METOSAN XR25 10,REVIEW,REVIEW,NO_MATCH_FALLBACK,FALLBACK:AMBIGUOUS_NO_BRAND,,,,,False,,KEEP REVIEW,insufficient evidence; could be product or ambiguous OCR,LOW,INSUFFICIENT_EVIDENCE
376470,METOSAN XR50 10,REVIEW,REVIEW,NO_MATCH_FALLBACK,FALLBACK:AMBIGUOUS_NO_BRAND,,,,,False,,KEEP REVIEW,insufficient evidence; could be product or ambiguous OCR,LOW,INSUFFICIENT_EVIDENCE
376471,PRIMACAL-AT 7 10,REVIEW,REVIEW,NO_MATCH_FALLBACK,FALLBACK:AMBIGUOUS_NO_BRAND,,,,,False,,KEEP REVIEW,insufficient evidence; could be product or ambiguous OCR,LOW,INSUFFICIENT_EVIDENCE
376474,RANVELA GRANULES,REVIEW,REVIEW,NO_MATCH_FALLBACK,FALLBACK:AMBIGUOUS_NO_BRAND,,,,,False,,KEEP REVIEW,insufficient evidence; could be product or ambiguous OCR,LOW,INSUFFICIENT_EVIDENCE
376478,SEACOD ACTIV STRIP 15,REVIEW,REVIEW,NO_MATCH_FALLBACK,FALLBACK:AMBIGUOUS_NO_BRAND,,,,,False,,KEEP REVIEW,insufficient evidence; could be product or ambiguous OCR,LOW,INSUFFICIENT_EVIDENCE
376479,SEACOD CAPS10 10,REVIEW,REVIEW,NO_MATCH_FALLBACK,FALLBACK:AMBIGUOUS_NO_BRAND,,,,,False,,KEEP REVIEW,insufficient evidence; could be product or ambiguous OCR,LOW,INSUFFICIENT_EVIDENCE
376482,SOLIAN400 10,REVIEW,REVIEW,NO_MATCH_FALLBACK,FALLBACK:AMBIGUOUS_NO_BRAND,,,,,False,,KEEP REVIEW,insufficient evidence; could be product or ambiguous OCR,LOW,INSUFFICIENT_EVIDENCE
376483,SYNDOL-DS. 10,REVIEW,REVIEW,NO_MATCH_FALLBACK,FALLBACK:AMBIGUOUS_NO_BRAND,,,,,False,,KEEP REVIEW,insufficient evidence; could be product or ambiguous OCR,LOW,INSUFFICIENT_EVIDENCE
376484,SYNDOL-MR 10,REVIEW,REVIEW,NO_MATCH_FALLBACK,FALLBACK:AMBIGUOUS_NO_BRAND,,,,,False,,KEEP REVIEW,insufficient evidence; could be product or ambiguous OCR,LOW,INSUFFICIENT_EVIDENCE
376486,TRIOMEGA CD 30,REVIEW,REVIEW,NO_MATCH_FALLBACK,FALLBACK:AMBIGUOUS_NO_BRAND,,,,,False,,KEEP REVIEW,insufficient evidence; could be product or ambiguous OCR,LOW,INSUFFICIENT_EVIDENCE
376487,TRIOMEGA SOFLETS. 15,REVIEW,REVIEW,NO_MATCH_FALLBACK,FALLBACK:AMBIGUOUS_NO_BRAND,,,,,False,,KEEP REVIEW,insufficient evidence; could be product or ambiguous OCR,LOW,INSUFFICIENT_EVIDENCE
376492,VALPARIN CHR.200 10,REVIEW,REVIEW,NO_MATCH_FALLBACK,FALLBACK:AMBIGUOUS_NO_BRAND,,,,,False,,KEEP REVIEW,insufficient evidence; could be product or ambiguous OCR,LOW,INSUFFICIENT_EVIDENCE
376493,VALPARIN CHR.300 15T,REVIEW,REVIEW,NO_MATCH_FALLBACK,FALLBACK:AMBIGUOUS_NO_BRAND,,,,,False,,KEEP REVIEW,insufficient evidence; could be product or ambiguous OCR,LOW,INSUFFICIENT_EVIDENCE
376496,VINLEP-150 10,REVIEW,REVIEW,NO_MATCH_FALLBACK,FALLBACK:AMBIGUOUS_NO_BRAND,,,,,False,,KEEP REVIEW,insufficient evidence; could be product or ambiguous OCR,LOW,INSUFFICIENT_EVIDENCE
376497,VINLEP-300 10,REVIEW,REVIEW,NO_MATCH_FALLBACK,FALLBACK:AMBIGUOUS_NO_BRAND,,,,,False,,KEEP REVIEW,insufficient evidence; could be product or ambiguous OCR,LOW,INSUFFICIENT_EVIDENCE
376498,VINLEP-450 10,REVIEW,REVIEW,NO_MATCH_FALLBACK,FALLBACK:AMBIGUOUS_NO_BRAND,,,,,False,,KEEP REVIEW,insufficient evidence; could be product or ambiguous OCR,LOW,INSUFFICIENT_EVIDENCE
376499,VINLEP-600 10,REVIEW,REVIEW,NO_MATCH_FALLBACK,FALLBACK:AMBIGUOUS_NO_BRAND,,,,,False,,KEEP REVIEW,insufficient evidence; could be product or ambiguous OCR,LOW,INSUFFICIENT_EVIDENCE
376784,TOUJEO SOLOSTAR,REVIEW,REVIEW,NO_MATCH_FALLBACK,FALLBACK:AMBIGUOUS_NO_BRAND,,,,,False,,KEEP REVIEW,insufficient evidence; could be product or ambiguous OCR,LOW,INSUFFICIENT_EVIDENCE
376827,KIKO008514 Dtd. 06/08/26 08/08/26 53523.00,REVIEW,REVIEW,NO_MATCH_FALLBACK,FALLBACK:AMBIGUOUS_NO_BRAND,,,,,False,,KEEP REVIEW,insufficient evidence; could be product or ambiguous OCR,LOW,INSUFFICIENT_EVIDENCE
377327,I am satisfied with Marg ERP Computerise YOUR CHEMIST SHOP Rs.5400 Online Purchase Import 70007010648359064570,REVIEW,REVIEW,NO_MATCH_FALLBACK,FALLBACK:STRUCTURAL_KW,,,,,False,,CANDIDATE FOR 1,company/entity keyword (PHARMACEUTICALS/BIOPHARMA/HOSPITAL etc.),STRONG,COMPANY_ENTITY
377439,Ledger Stock Ledger,REVIEW,REVIEW,NO_MATCH_FALLBACK,FALLBACK:AMBIGUOUS_NO_BRAND,,,,,False,,KEEP REVIEW,insufficient evidence; could be product or ambiguous OCR,LOW,INSUFFICIENT_EVIDENCE
377440,ALLEGRA-120,REVIEW,REVIEW,NO_MATCH_FALLBACK,FALLBACK:AMBIGUOUS_NO_BRAND,,,,,False,,KEEP REVIEW,insufficient evidence; could be product or ambiguous OCR,LOW,INSUFFICIENT_EVIDENCE
377441,ALLEGRA-180,REVIEW,REVIEW,NO_MATCH_FALLBACK,FALLBACK:AMBIGUOUS_NO_BRAND,,,,,False,,KEEP REVIEW,insufficient evidence; could be product or ambiguous OCR,LOW,INSUFFICIENT_EVIDENCE
377450,APIDRA U100 SOLOSTAR,REVIEW,REVIEW,NO_MATCH_FALLBACK,FALLBACK:AMBIGUOUS_NO_BRAND,,,,,False,,KEEP REVIEW,insufficient evidence; could be product or ambiguous OCR,LOW,INSUFFICIENT_EVIDENCE
377476,TOUJEO CARTRIDGE,REVIEW,REVIEW,NO_MATCH_FALLBACK,FALLBACK:AMBIGUOUS_NO_BRAND,,,,,False,,KEEP REVIEW,insufficient evidence; could be product or ambiguous OCR,LOW,INSUFFICIENT_EVIDENCE
378177,SANJIVANI MEDICINES PRIVATE LIMITEDB/H. PUNJAB NATIONAL BANK NAYA PADKARS LANE STATION ROAD ANAND - 388001 GUJARAT - 24Contact 9879157449 Mobile 98250,REVIEW,REVIEW,NO_MATCH_FALLBACK,FALLBACK:AMBIGUOUS_NO_BRAND,,,,,False,,CANDIDATE FOR 1,supply chain / medical store entity keyword,MODERATE,SUPPLY_CHAIN_ENTITY
378296,EIIN005148,REVIEW,REVIEW,NO_MATCH_FALLBACK,FALLBACK:AMBIGUOUS_NO_BRAND,,,,,False,,KEEP REVIEW,insufficient evidence; could be product or ambiguous OCR,LOW,INSUFFICIENT_EVIDENCE
378297,EIIN005400,REVIEW,REVIEW,NO_MATCH_FALLBACK,FALLBACK:AMBIGUOUS_NO_BRAND,,,,,False,,KEEP REVIEW,insufficient evidence; could be product or ambiguous OCR,LOW,INSUFFICIENT_EVIDENCE
378425,Free Value.,REVIEW,REVIEW,NO_MATCH_FALLBACK,FALLBACK:AMBIGUOUS_NO_BRAND,,,,,False,,KEEP REVIEW,insufficient evidence; could be product or ambiguous OCR,LOW,INSUFFICIENT_EVIDENCE
379918,ALLSTARPEN,REVIEW,REVIEW,NO_MATCH_FALLBACK,FALLBACK:AMBIGUOUS_NO_BRAND,,,,,False,,KEEP REVIEW,insufficient evidence; could be product or ambiguous OCR,LOW,INSUFFICIENT_EVIDENCE
379924,APIDRA CARTREDGE 5,REVIEW,REVIEW,NO_MATCH_FALLBACK,FALLBACK:AMBIGUOUS_NO_BRAND,,,,,False,,KEEP REVIEW,insufficient evidence; could be product or ambiguous OCR,LOW,INSUFFICIENT_EVIDENCE
379925,APIDRA U100 SOLOSTAR 1,REVIEW,REVIEW,NO_MATCH_FALLBACK,FALLBACK:AMBIGUOUS_NO_BRAND,,,,,False,,KEEP REVIEW,insufficient evidence; could be product or ambiguous OCR,LOW,INSUFFICIENT_EVIDENCE
379928,AVIL-AMPS 10,REVIEW,REVIEW,NO_MATCH_FALLBACK,FALLBACK:AMBIGUOUS_NO_BRAND,,,,,False,,KEEP REVIEW,insufficient evidence; could be product or ambiguous OCR,LOW,INSUFFICIENT_EVIDENCE
379945,COLLFLEXPRO 10,REVIEW,REVIEW,NO_MATCH_FALLBACK,FALLBACK:AMBIGUOUS_NO_BRAND,,,,,False,,KEEP REVIEW,insufficient evidence; could be product or ambiguous OCR,LOW,INSUFFICIENT_EVIDENCE
379957,LANTUS U100 SOLOSTAR 10,REVIEW,REVIEW,NO_MATCH_FALLBACK,FALLBACK:AMBIGUOUS_NO_BRAND,,,,,False,,KEEP REVIEW,insufficient evidence; could be product or ambiguous OCR,LOW,INSUFFICIENT_EVIDENCE
379962,MULTIVITE GOLD 4,REVIEW,REVIEW,NO_MATCH_FALLBACK,FALLBACK:AMBIGUOUS_NO_BRAND,,,,,False,,KEEP REVIEW,insufficient evidence; could be product or ambiguous OCR,LOW,INSUFFICIENT_EVIDENCE
379970,PRIMOSA-1000 15,REVIEW,REVIEW,NO_MATCH_FALLBACK,FALLBACK:AMBIGUOUS_NO_BRAND,,,,,False,,KEEP REVIEW,insufficient evidence; could be product or ambiguous OCR,LOW,INSUFFICIENT_EVIDENCE
379984,TRENTAL-400 10,REVIEW,REVIEW,NO_MATCH_FALLBACK,FALLBACK:AMBIGUOUS_NO_BRAND,,,,,False,,KEEP REVIEW,insufficient evidence; could be product or ambiguous OCR,LOW,INSUFFICIENT_EVIDENCE
380213,GLIPOSOVE-M 20/500,REVIEW,REVIEW,NO_MATCH_FALLBACK,FALLBACK:AMBIGUOUS_NO_BRAND,,,,,False,,KEEP REVIEW,insufficient evidence; could be product or ambiguous OCR,LOW,INSUFFICIENT_EVIDENCE
380268,RITOCOM 30,REVIEW,REVIEW,NO_MATCH_FALLBACK,FALLBACK:AMBIGUOUS_NO_BRAND,,,,,False,,KEEP REVIEW,insufficient evidence; could be product or ambiguous OCR,LOW,INSUFFICIENT_EVIDENCE
380641,PHARMA NXT,REVIEW,REVIEW,NO_MATCH_FALLBACK,FALLBACK:AMBIGUOUS_NO_BRAND,,,,,False,,CANDIDATE FOR 1,company-like name without pharma dosage form,MODERATE,PHARMA_COMPANY_NAME
380646,XENNEX,REVIEW,REVIEW,NO_MATCH_FALLBACK,FALLBACK:AMBIGUOUS_NO_BRAND,,,,,False,,CANDIDATE FOR 1,starts with known Emcure company/division prefix,STRONG,COMPANY_DIVISION_PREFIX
380771,DYDRO CM,REVIEW,REVIEW,NO_MATCH_FALLBACK,FALLBACK:AMBIGUOUS_NO_BRAND,,,,,False,,KEEP REVIEW,insufficient evidence; could be product or ambiguous OCR,LOW,INSUFFICIENT_EVIDENCE
380903,FESOMALT 500INJ,REVIEW,REVIEW,NO_MATCH_FALLBACK,FALLBACK:AMBIGUOUS_NO_BRAND,,,,,False,,KEEP REVIEW,insufficient evidence; could be product or ambiguous OCR,LOW,INSUFFICIENT_EVIDENCE
381142,PEDIACARE POW,REVIEW,REVIEW,NO_MATCH_FALLBACK,FALLBACK:AMBIGUOUS_NO_BRAND,,,,,False,,KEEP REVIEW,insufficient evidence; could be product or ambiguous OCR,LOW,INSUFFICIENT_EVIDENCE
381236,TOTAL CAL D3 TAB 20S,REVIEW,REVIEW,NO_MATCH_FALLBACK,FALLBACK:STRUCTURAL_KW,,,,,False,,CANDIDATE FOR 1,structural/aggregate keyword present,MODERATE,STRUCTURAL_KEYWORD
381243,VAGISIL LUBRICANT,REVIEW,REVIEW,NO_MATCH_FALLBACK,FALLBACK:AMBIGUOUS_NO_BRAND,,,,,False,,KEEP REVIEW,insufficient evidence; could be product or ambiguous OCR,LOW,INSUFFICIENT_EVIDENCE
381244,VAGISIL WASH,REVIEW,REVIEW,NO_MATCH_FALLBACK,FALLBACK:AMBIGUOUS_NO_BRAND,,,,,False,,KEEP REVIEW,insufficient evidence; could be product or ambiguous OCR,LOW,INSUFFICIENT_EVIDENCE
381294,ZALAIN PESARIES,REVIEW,REVIEW,NO_MATCH_FALLBACK,FALLBACK:AMBIGUOUS_NO_BRAND,,,,,False,,KEEP REVIEW,insufficient evidence; could be product or ambiguous OCR,LOW,INSUFFICIENT_EVIDENCE
382463,TOTAL CAL D3 TAB 1X20,REVIEW,REVIEW,NO_MATCH_FALLBACK,FALLBACK:STRUCTURAL_KW,,,,,False,,CANDIDATE FOR 1,structural/aggregate keyword present,MODERATE,STRUCTURAL_KEYWORD
382467,UTH G 75 1X75GM,REVIEW,REVIEW,NO_MATCH_FALLBACK,FALLBACK:AMBIGUOUS_NO_BRAND,,,,,False,,KEEP REVIEW,insufficient evidence; could be product or ambiguous OCR,LOW,INSUFFICIENT_EVIDENCE
382866,ORIGEN 2000 I.V 1,REVIEW,REVIEW,NO_MATCH_FALLBACK,FALLBACK:AMBIGUOUS_NO_BRAND,,,,,False,,KEEP REVIEW,insufficient evidence; could be product or ambiguous OCR,LOW,INSUFFICIENT_EVIDENCE
386893,GENNOVA BIOPHARMA LTDDIALYSIS,REVIEW,REVIEW,NO_MATCH_FALLBACK,FALLBACK:PHARMA_ENTITY,,,,,False,,CANDIDATE FOR 1,company/entity keyword (PHARMACEUTICALS/BIOPHARMA/HOSPITAL etc.),STRONG,COMPANY_ENTITY
387767,Closing 132651.06 Adj 0.00 Branch 0.00,REVIEW,REVIEW,NO_MATCH_FALLBACK,FALLBACK:AMBIGUOUS_NO_BRAND,,,,,False,,CANDIDATE FOR 1,structural/aggregate keyword present,MODERATE,STRUCTURAL_KEYWORD
387770,Closing 3494.28 Adj 0.00 Branch 0.00,REVIEW,REVIEW,NO_MATCH_FALLBACK,FALLBACK:AMBIGUOUS_NO_BRAND,,,,,False,,CANDIDATE FOR 1,structural/aggregate keyword present,MODERATE,STRUCTURAL_KEYWORD
387773,Closing 4000.00 Adj 0.00 Branch 0.00,REVIEW,REVIEW,NO_MATCH_FALLBACK,FALLBACK:AMBIGUOUS_NO_BRAND,,,,,False,,CANDIDATE FOR 1,structural/aggregate keyword present,MODERATE,STRUCTURAL_KEYWORD
387778,Closing 103365.00 Adj 0.00 Branch 0.00,REVIEW,REVIEW,NO_MATCH_FALLBACK,FALLBACK:AMBIGUOUS_NO_BRAND,,,,,False,,CANDIDATE FOR 1,structural/aggregate keyword present,MODERATE,STRUCTURAL_KEYWORD
387782,Closing 0.00 Adj 0.00 Branch 0.00,REVIEW,REVIEW,NO_MATCH_FALLBACK,FALLBACK:AMBIGUOUS_NO_BRAND,,,,,False,,CANDIDATE FOR 1,structural/aggregate keyword present,MODERATE,STRUCTURAL_KEYWORD
387788,Closing 515063.44 Adj 0.00 Branch 0.00,REVIEW,REVIEW,NO_MATCH_FALLBACK,FALLBACK:AMBIGUOUS_NO_BRAND,,,,,False,,CANDIDATE FOR 1,structural/aggregate keyword present,MODERATE,STRUCTURAL_KEYWORD
387789,Closing 759022.23 Adj 0.00 Branch 59562.62,REVIEW,REVIEW,NO_MATCH_FALLBACK,FALLBACK:AMBIGUOUS_NO_BRAND,,,,,False,,CANDIDATE FOR 1,structural/aggregate keyword present,MODERATE,STRUCTURAL_KEYWORD
387802,Closing 85211.70 Adj 0.00 Branch 0.00,REVIEW,REVIEW,NO_MATCH_FALLBACK,FALLBACK:AMBIGUOUS_NO_BRAND,,,,,False,,CANDIDATE FOR 1,structural/aggregate keyword present,MODERATE,STRUCTURAL_KEYWORD
387813,Closing 92907.52 Adj 0.00 Branch 0.00,REVIEW,REVIEW,NO_MATCH_FALLBACK,FALLBACK:AMBIGUOUS_NO_BRAND,,,,,False,,CANDIDATE FOR 1,structural/aggregate keyword present,MODERATE,STRUCTURAL_KEYWORD
387814,Closing 178119.22 Adj 0.00 Branch 13545.00,REVIEW,REVIEW,NO_MATCH_FALLBACK,FALLBACK:AMBIGUOUS_NO_BRAND,,,,,False,,CANDIDATE FOR 1,structural/aggregate keyword present,MODERATE,STRUCTURAL_KEYWORD
387982,CARDACEMETO2.510T 10*10T,REVIEW,REVIEW,NO_MATCH_FALLBACK,FALLBACK:AMBIGUOUS_NO_BRAND,,,,,False,,KEEP REVIEW,insufficient evidence; could be product or ambiguous OCR,LOW,INSUFFICIENT_EVIDENCE
389600,ALLSTAR INSULIN PEN 1PEN,REVIEW,REVIEW,NO_MATCH_FALLBACK,FALLBACK:AMBIGUOUS_NO_BRAND,,,,,False,,KEEP REVIEW,insufficient evidence; could be product or ambiguous OCR,LOW,INSUFFICIENT_EVIDENCE
389611,APIDRA SOLOSTAR 1VAIL,REVIEW,REVIEW,NO_MATCH_FALLBACK,FALLBACK:AMBIGUOUS_NO_BRAND,,,,,False,,KEEP REVIEW,insufficient evidence; could be product or ambiguous OCR,LOW,INSUFFICIENT_EVIDENCE
390018,SHIVALIK AGENCIES,REVIEW,1,GARBAGE:pattern_garbage,GARBAGE:pattern_garbage,,,,,False,\b(AGENCIES?|DISTRIBUTORS?|MEDICO[SE]?|CORPORATION|ENTERPRISES?|TRADERS?|TRADING)\b,KEEP REVIEW,insufficient evidence; could be product or ambiguous OCR,LOW,INSUFFICIENT_EVIDENCE
390474,WIRE 2 --,REVIEW,REVIEW,NO_MATCH_FALLBACK,FALLBACK:VERY_SHORT,,,,,False,,KEEP REVIEW,insufficient evidence; could be product or ambiguous OCR,LOW,INSUFFICIENT_EVIDENCE
391574,Op.Stock,REVIEW,REVIEW,NO_MATCH_FALLBACK,FALLBACK:AMBIGUOUS_NO_BRAND,,,,,False,,KEEP REVIEW,insufficient evidence; could be product or ambiguous OCR,LOW,INSUFFICIENT_EVIDENCE
391590,Op.Stock,REVIEW,REVIEW,NO_MATCH_FALLBACK,FALLBACK:AMBIGUOUS_NO_BRAND,,,,,False,,KEEP REVIEW,insufficient evidence; could be product or ambiguous OCR,LOW,INSUFFICIENT_EVIDENCE
392301,EMAZAN N 10,REVIEW,REVIEW,NO_MATCH_FALLBACK,FALLBACK:AMBIGUOUS_NO_BRAND,,,,,False,,KEEP REVIEW,insufficient evidence; could be product or ambiguous OCR,LOW,INSUFFICIENT_EVIDENCE
392337,EMCOR CREM 1 TUB,REVIEW,REVIEW,NO_MATCH_FALLBACK,FALLBACK:AMBIGUOUS_NO_BRAND,,,EMCOR_without_CREAM_TUBE,,False,,CANDIDATE FOR 1,brand invalidated (EMCOR_without_CREAM_TUBE) + no pharma signal,MODERATE,INVALIDATED_NO_PHARMA
392500,TOUJEO PEN FIL 1PEN,REVIEW,REVIEW,NO_MATCH_FALLBACK,FALLBACK:AMBIGUOUS_NO_BRAND,,,,,False,,KEEP REVIEW,insufficient evidence; could be product or ambiguous OCR,LOW,INSUFFICIENT_EVIDENCE
392501,TOUJEO CARTRIDGE 1CAR,REVIEW,REVIEW,NO_MATCH_FALLBACK,FALLBACK:AMBIGUOUS_NO_BRAND,,,,,False,,KEEP REVIEW,insufficient evidence; could be product or ambiguous OCR,LOW,INSUFFICIENT_EVIDENCE
392834,AMARYL1MGTAB 1X30S,REVIEW,REVIEW,NO_MATCH_FALLBACK,FALLBACK:AMBIGUOUS_NO_BRAND,,,,,False,,KEEP REVIEW,insufficient evidence; could be product or ambiguous OCR,LOW,INSUFFICIENT_EVIDENCE
392835,AMARYL1MGTAB 1X30S,REVIEW,REVIEW,NO_MATCH_FALLBACK,FALLBACK:AMBIGUOUS_NO_BRAND,,,,,False,,KEEP REVIEW,insufficient evidence; could be product or ambiguous OCR,LOW,INSUFFICIENT_EVIDENCE
392836,AMARYL2MGTAB 1X30S,REVIEW,REVIEW,NO_MATCH_FALLBACK,FALLBACK:AMBIGUOUS_NO_BRAND,,,,,False,,KEEP REVIEW,insufficient evidence; could be product or ambiguous OCR,LOW,INSUFFICIENT_EVIDENCE
392837,AMARYL3MGTAB 1X30S,REVIEW,REVIEW,NO_MATCH_FALLBACK,FALLBACK:AMBIGUOUS_NO_BRAND,,,,,False,,KEEP REVIEW,insufficient evidence; could be product or ambiguous OCR,LOW,INSUFFICIENT_EVIDENCE
392838,AMARYLM1MGTAB 1X20S,REVIEW,REVIEW,NO_MATCH_FALLBACK,FALLBACK:AMBIGUOUS_NO_BRAND,,,,,False,,KEEP REVIEW,insufficient evidence; could be product or ambiguous OCR,LOW,INSUFFICIENT_EVIDENCE
392839,AMARYLM2MGTAB 1X20S,REVIEW,REVIEW,NO_MATCH_FALLBACK,FALLBACK:AMBIGUOUS_NO_BRAND,,,,,False,,KEEP REVIEW,insufficient evidence; could be product or ambiguous OCR,LOW,INSUFFICIENT_EVIDENCE
392840,AMARYLMFORTE1MGTAB 1X15S,REVIEW,REVIEW,NO_MATCH_FALLBACK,FALLBACK:AMBIGUOUS_NO_BRAND,,,,,False,,KEEP REVIEW,insufficient evidence; could be product or ambiguous OCR,LOW,INSUFFICIENT_EVIDENCE
392841,AMARYLMFORTE2MGTAB 1X15S,REVIEW,REVIEW,NO_MATCH_FALLBACK,FALLBACK:AMBIGUOUS_NO_BRAND,,,,,False,,KEEP REVIEW,insufficient evidence; could be product or ambiguous OCR,LOW,INSUFFICIENT_EVIDENCE
392842,AMARYLMV1MGTAB 1X15S,REVIEW,REVIEW,NO_MATCH_FALLBACK,FALLBACK:AMBIGUOUS_NO_BRAND,,,,,False,,KEEP REVIEW,insufficient evidence; could be product or ambiguous OCR,LOW,INSUFFICIENT_EVIDENCE
392843,AMARYLMV2MGTAB 1X15S,REVIEW,REVIEW,NO_MATCH_FALLBACK,FALLBACK:AMBIGUOUS_NO_BRAND,,,,,False,,KEEP REVIEW,insufficient evidence; could be product or ambiguous OCR,LOW,INSUFFICIENT_EVIDENCE
392848,CONSIVASASPCAP 1X10S,REVIEW,REVIEW,NO_MATCH_FALLBACK,FALLBACK:AMBIGUOUS_NO_BRAND,,,,,False,,KEEP REVIEW,insufficient evidence; could be product or ambiguous OCR,LOW,INSUFFICIENT_EVIDENCE
392849,CONSIVASEZ20TAB 1X10S,REVIEW,REVIEW,NO_MATCH_FALLBACK,FALLBACK:AMBIGUOUS_NO_BRAND,,,,,False,,KEEP REVIEW,insufficient evidence; could be product or ambiguous OCR,LOW,INSUFFICIENT_EVIDENCE
392850,CONSIVASEZ40TAB 1X10S,REVIEW,REVIEW,NO_MATCH_FALLBACK,FALLBACK:AMBIGUOUS_NO_BRAND,,,,,False,,KEEP REVIEW,insufficient evidence; could be product or ambiguous OCR,LOW,INSUFFICIENT_EVIDENCE
392851,CONSIVASGOLD10CAP 1X10S,REVIEW,REVIEW,NO_MATCH_FALLBACK,FALLBACK:AMBIGUOUS_NO_BRAND,,,,,False,,KEEP REVIEW,insufficient evidence; could be product or ambiguous OCR,LOW,INSUFFICIENT_EVIDENCE
392852,CONSIVASGOLD20CAP 1X10S,REVIEW,REVIEW,NO_MATCH_FALLBACK,FALLBACK:AMBIGUOUS_NO_BRAND,,,,,False,,KEEP REVIEW,insufficient evidence; could be product or ambiguous OCR,LOW,INSUFFICIENT_EVIDENCE
392861,EMPRIL10/5MGTAB PC,REVIEW,REVIEW,NO_MATCH_FALLBACK,FALLBACK:AMBIGUOUS_NO_BRAND,,,,,False,,KEEP REVIEW,insufficient evidence; could be product or ambiguous OCR,LOW,INSUFFICIENT_EVIDENCE
392862,EMPRIL25/5MGTAB PC,REVIEW,REVIEW,NO_MATCH_FALLBACK,FALLBACK:AMBIGUOUS_NO_BRAND,,,,,False,,KEEP REVIEW,insufficient evidence; could be product or ambiguous OCR,LOW,INSUFFICIENT_EVIDENCE
392863,EMPRIM12.5/500 PC,REVIEW,REVIEW,NO_MATCH_FALLBACK,FALLBACK:AMBIGUOUS_NO_BRAND,,,,,False,,KEEP REVIEW,insufficient evidence; could be product or ambiguous OCR,LOW,INSUFFICIENT_EVIDENCE
392864,EMPRITAB1TAB PC,REVIEW,REVIEW,NO_MATCH_FALLBACK,FALLBACK:AMBIGUOUS_NO_BRAND,,,,,False,,KEEP REVIEW,insufficient evidence; could be product or ambiguous OCR,LOW,INSUFFICIENT_EVIDENCE
392865,HOSITCATAB 1X15S,REVIEW,REVIEW,NO_MATCH_FALLBACK,FALLBACK:AMBIGUOUS_NO_BRAND,,,,,False,,KEEP REVIEW,insufficient evidence; could be product or ambiguous OCR,LOW,INSUFFICIENT_EVIDENCE
392866,HOSITD3TAB 1X10S,REVIEW,REVIEW,NO_MATCH_FALLBACK,FALLBACK:AMBIGUOUS_NO_BRAND,,,,,False,,KEEP REVIEW,insufficient evidence; could be product or ambiguous OCR,LOW,INSUFFICIENT_EVIDENCE
392867,HOSITFCM1KINJ 1VAIL,REVIEW,REVIEW,NO_MATCH_FALLBACK,FALLBACK:AMBIGUOUS_NO_BRAND,,,,,False,,KEEP REVIEW,insufficient evidence; could be product or ambiguous OCR,LOW,INSUFFICIENT_EVIDENCE
392868,HOSITFCM500MGINJ 1VAIL,REVIEW,REVIEW,NO_MATCH_FALLBACK,FALLBACK:AMBIGUOUS_NO_BRAND,,,,,False,,KEEP REVIEW,insufficient evidence; could be product or ambiguous OCR,LOW,INSUFFICIENT_EVIDENCE
392869,HOSITFETAB 1X10S,REVIEW,REVIEW,NO_MATCH_FALLBACK,FALLBACK:AMBIGUOUS_NO_BRAND,,,,,False,,KEEP REVIEW,insufficient evidence; could be product or ambiguous OCR,LOW,INSUFFICIENT_EVIDENCE
392870,HOSITPLUSCAP 1X10S,REVIEW,REVIEW,NO_MATCH_FALLBACK,FALLBACK:AMBIGUOUS_NO_BRAND,,,,,False,,KEEP REVIEW,insufficient evidence; could be product or ambiguous OCR,LOW,INSUFFICIENT_EVIDENCE
392871,HOSITTAB 1X10S,REVIEW,REVIEW,NO_MATCH_FALLBACK,FALLBACK:AMBIGUOUS_NO_BRAND,,,,,False,,KEEP REVIEW,insufficient evidence; could be product or ambiguous OCR,LOW,INSUFFICIENT_EVIDENCE
392872,HOSITXTCAP 1X10S,REVIEW,REVIEW,NO_MATCH_FALLBACK,FALLBACK:AMBIGUOUS_NO_BRAND,,,,,False,,KEEP REVIEW,insufficient evidence; could be product or ambiguous OCR,LOW,INSUFFICIENT_EVIDENCE
392887,TRIOLVANCE40TAB 1X10S,REVIEW,REVIEW,NO_MATCH_FALLBACK,FALLBACK:AMBIGUOUS_NO_BRAND,,,,,False,,KEEP REVIEW,insufficient evidence; could be product or ambiguous OCR,LOW,INSUFFICIENT_EVIDENCE
392888,VYLDA50TAB 1X15S,REVIEW,REVIEW,NO_MATCH_FALLBACK,FALLBACK:AMBIGUOUS_NO_BRAND,,,,,False,,KEEP REVIEW,insufficient evidence; could be product or ambiguous OCR,LOW,INSUFFICIENT_EVIDENCE
392889,VYLDAOD100TAB 1X15S,REVIEW,REVIEW,NO_MATCH_FALLBACK,FALLBACK:AMBIGUOUS_NO_BRAND,,,,,False,,KEEP REVIEW,insufficient evidence; could be product or ambiguous OCR,LOW,INSUFFICIENT_EVIDENCE
392890,VYLDAPTAB 1X10S,REVIEW,REVIEW,NO_MATCH_FALLBACK,FALLBACK:AMBIGUOUS_NO_BRAND,,,,,False,,KEEP REVIEW,insufficient evidence; could be product or ambiguous OCR,LOW,INSUFFICIENT_EVIDENCE
392908,ZILARBI40TAB 1X10S,REVIEW,REVIEW,NO_MATCH_FALLBACK,FALLBACK:AMBIGUOUS_NO_BRAND,,,,,False,,KEEP REVIEW,insufficient evidence; could be product or ambiguous OCR,LOW,INSUFFICIENT_EVIDENCE
392909,ZILARBI80TAB 1X10S,REVIEW,REVIEW,NO_MATCH_FALLBACK,FALLBACK:AMBIGUOUS_NO_BRAND,,,,,False,,KEEP REVIEW,insufficient evidence; could be product or ambiguous OCR,LOW,INSUFFICIENT_EVIDENCE
393184,GMP-1 10,REVIEW,REVIEW,NO_MATCH_FALLBACK,FALLBACK:AMBIGUOUS_NO_BRAND,,,,,False,,KEEP REVIEW,insufficient evidence; could be product or ambiguous OCR,LOW,INSUFFICIENT_EVIDENCE
393185,GMP-2 10,REVIEW,REVIEW,NO_MATCH_FALLBACK,FALLBACK:AMBIGUOUS_NO_BRAND,,,,,False,,KEEP REVIEW,insufficient evidence; could be product or ambiguous OCR,LOW,INSUFFICIENT_EVIDENCE
393237,EMC CD,REVIEW,REVIEW,NO_MATCH_FALLBACK,FALLBACK:VERY_SHORT,,,,,False,,KEEP REVIEW,insufficient evidence; could be product or ambiguous OCR,LOW,INSUFFICIENT_EVIDENCE
393287,EMC CD,REVIEW,REVIEW,NO_MATCH_FALLBACK,FALLBACK:VERY_SHORT,,,,,False,,KEEP REVIEW,insufficient evidence; could be product or ambiguous OCR,LOW,INSUFFICIENT_EVIDENCE
393295,EMC CUTIX,REVIEW,REVIEW,NO_MATCH_FALLBACK,FALLBACK:AMBIGUOUS_NO_BRAND,,,,,False,,KEEP REVIEW,insufficient evidence; could be product or ambiguous OCR,LOW,INSUFFICIENT_EVIDENCE
393324,EMC INVENTIA,REVIEW,REVIEW,NO_MATCH_FALLBACK,FALLBACK:AMBIGUOUS_NO_BRAND,,,,,False,,KEEP REVIEW,insufficient evidence; could be product or ambiguous OCR,LOW,INSUFFICIENT_EVIDENCE
393327,EMC NUCRON,REVIEW,REVIEW,NO_MATCH_FALLBACK,FALLBACK:AMBIGUOUS_NO_BRAND,,,,,False,,KEEP REVIEW,insufficient evidence; could be product or ambiguous OCR,LOW,INSUFFICIENT_EVIDENCE
393332,EMC NUCRON,REVIEW,REVIEW,NO_MATCH_FALLBACK,FALLBACK:AMBIGUOUS_NO_BRAND,,,,,False,,KEEP REVIEW,insufficient evidence; could be product or ambiguous OCR,LOW,INSUFFICIENT_EVIDENCE
393381,EMC NUCRON,REVIEW,REVIEW,NO_MATCH_FALLBACK,FALLBACK:AMBIGUOUS_NO_BRAND,,,,,False,,KEEP REVIEW,insufficient evidence; could be product or ambiguous OCR,LOW,INSUFFICIENT_EVIDENCE
393392,EMC PHARMA,REVIEW,REVIEW,NO_MATCH_FALLBACK,FALLBACK:AMBIGUOUS_NO_BRAND,,,,,False,,CANDIDATE FOR 1,company-like name without pharma dosage form,MODERATE,PHARMA_COMPANY_NAME
393409,EMC PHARMA NXT,REVIEW,REVIEW,NO_MATCH_FALLBACK,FALLBACK:AMBIGUOUS_NO_BRAND,,,,,False,,CANDIDATE FOR 1,company-like name without pharma dosage form,MODERATE,PHARMA_COMPANY_NAME
393428,EMC PHARMA NXT,REVIEW,REVIEW,NO_MATCH_FALLBACK,FALLBACK:AMBIGUOUS_NO_BRAND,,,,,False,,CANDIDATE FOR 1,company-like name without pharma dosage form,MODERATE,PHARMA_COMPANY_NAME
393484,AAA1 1,REVIEW,REVIEW,NO_MATCH_FALLBACK,FALLBACK:VERY_SHORT,,,,,False,,KEEP REVIEW,insufficient evidence; could be product or ambiguous OCR,LOW,INSUFFICIENT_EVIDENCE
394497,Z#ZZFERIUM XT-Z 10,REVIEW,REVIEW,NO_MATCH_FALLBACK,FALLBACK:AMBIGUOUS_NO_BRAND,,,,,False,,KEEP REVIEW,insufficient evidence; could be product or ambiguous OCR,LOW,INSUFFICIENT_EVIDENCE
394498,Z#ZZFERIUM-XT DHA 1X7KIT 1,REVIEW,REVIEW,NO_MATCH_FALLBACK,FALLBACK:AMBIGUOUS_NO_BRAND,,,,,False,,KEEP REVIEW,insufficient evidence; could be product or ambiguous OCR,LOW,INSUFFICIENT_EVIDENCE
395398,ALLSTAR-REUSABLE PEN,REVIEW,REVIEW,NO_MATCH_FALLBACK,FALLBACK:AMBIGUOUS_NO_BRAND,,,,,False,,KEEP REVIEW,insufficient evidence; could be product or ambiguous OCR,LOW,INSUFFICIENT_EVIDENCE
395759,INDIAN PHARMACEUTICALS,REVIEW,REVIEW,NO_MATCH_FALLBACK,FALLBACK:PHARMA_ENTITY,,,,,False,,CANDIDATE FOR 1,company/entity keyword (PHARMACEUTICALS/BIOPHARMA/HOSPITAL etc.),STRONG,COMPANY_ENTITY
396500,GENERAL,REVIEW,REVIEW,NO_MATCH_FALLBACK,FALLBACK:AMBIGUOUS_NO_BRAND,,,,,False,,KEEP REVIEW,insufficient evidence; could be product or ambiguous OCR,LOW,INSUFFICIENT_EVIDENCE
397372,MM0099,REVIEW,REVIEW,NO_MATCH_FALLBACK,FALLBACK:AMBIGUOUS_NO_BRAND,,,,,False,,KEEP REVIEW,insufficient evidence; could be product or ambiguous OCR,LOW,INSUFFICIENT_EVIDENCE
397421,MM0099,REVIEW,REVIEW,NO_MATCH_FALLBACK,FALLBACK:AMBIGUOUS_NO_BRAND,,,,,False,,KEEP REVIEW,insufficient evidence; could be product or ambiguous OCR,LOW,INSUFFICIENT_EVIDENCE
397491,HAZRA MEDICAL AGENCY,REVIEW,REVIEW,NO_MATCH_FALLBACK,FALLBACK:DISTRIBUTION_ENTITY,,,,,False,,KEEP REVIEW,insufficient evidence; could be product or ambiguous OCR,LOW,INSUFFICIENT_EVIDENCE
398595,EMUCRE PHARMA DIVISION,REVIEW,REVIEW,NO_MATCH_FALLBACK,FALLBACK:STRUCTURAL_KW,,,,,False,,CANDIDATE FOR 1,company-like name without pharma dosage form,MODERATE,PHARMA_COMPANY_NAME
399448,NAME OF DISTRIBUTOR :UMA PHARMA Month:August 2026 --,REVIEW,1,GARBAGE:pattern_garbage,GARBAGE:pattern_garbage,,,,,False,\b(AGENCIES?|DISTRIBUTORS?|MEDICO[SE]?|CORPORATION|ENTERPRISES?|TRADERS?|TRADING)\b,CANDIDATE FOR 1,structural/aggregate keyword present,MODERATE,STRUCTURAL_KEYWORD
399929,Mfg. Total,REVIEW,REVIEW,NO_MATCH_FALLBACK,FALLBACK:STRUCTURAL_KW,,,,,False,,CANDIDATE FOR 1,structural/aggregate keyword present,MODERATE,STRUCTURAL_KEYWORD
399954,Mfg. Total,REVIEW,REVIEW,NO_MATCH_FALLBACK,FALLBACK:STRUCTURAL_KW,,,,,False,,CANDIDATE FOR 1,structural/aggregate keyword present,MODERATE,STRUCTURAL_KEYWORD
399976,EMCURRE PHARMA NXT7396616346,REVIEW,REVIEW,NO_MATCH_FALLBACK,FALLBACK:AMBIGUOUS_NO_BRAND,,,,,False,,CANDIDATE FOR 1,company-like name without pharma dosage form,MODERATE,PHARMA_COMPANY_NAME
400084,BAG JUTE JUTE,REVIEW,REVIEW,NO_MATCH_FALLBACK,FALLBACK:AMBIGUOUS_NO_BRAND,,,,,False,,KEEP REVIEW,insufficient evidence; could be product or ambiguous OCR,LOW,INSUFFICIENT_EVIDENCE
400085,BAG. BAG.,REVIEW,REVIEW,NO_MATCH_FALLBACK,FALLBACK:AMBIGUOUS_NO_BRAND,,,,,False,,KEEP REVIEW,insufficient evidence; could be product or ambiguous OCR,LOW,INSUFFICIENT_EVIDENCE
400099,CASPER ASPER,REVIEW,REVIEW,NO_MATCH_FALLBACK,FALLBACK:AMBIGUOUS_NO_BRAND,,,,,False,,KEEP REVIEW,insufficient evidence; could be product or ambiguous OCR,LOW,INSUFFICIENT_EVIDENCE
400105,COLGATE GIFT GIFT,REVIEW,REVIEW,NO_MATCH_FALLBACK,FALLBACK:AMBIGUOUS_NO_BRAND,,,,,False,,KEEP REVIEW,insufficient evidence; could be product or ambiguous OCR,LOW,INSUFFICIENT_EVIDENCE
400133,GIFT GIFT,REVIEW,REVIEW,NO_MATCH_FALLBACK,FALLBACK:AMBIGUOUS_NO_BRAND,,,,,False,,KEEP REVIEW,insufficient evidence; could be product or ambiguous OCR,LOW,INSUFFICIENT_EVIDENCE
400158,MYCOBUTOL 1000 TAB10S AB10S,REVIEW,REVIEW,NO_MATCH_FALLBACK,FALLBACK:AMBIGUOUS_NO_BRAND,,,,,False,,KEEP REVIEW,insufficient evidence; could be product or ambiguous OCR,LOW,INSUFFICIENT_EVIDENCE
400192,SALE R TAX PAID PAID,REVIEW,REVIEW,NO_MATCH_FALLBACK,FALLBACK:AMBIGUOUS_NO_BRAND,,,fuzzy→EXACT_ONLY(C - TAX),,False,,CANDIDATE FOR 1,brand invalidated (fuzzy→EXACT_ONLY(C - TAX)) + no pharma signal,MODERATE,INVALIDATED_NO_PHARMA
400193,SALE W TAX ABLE ABLE,REVIEW,REVIEW,NO_MATCH_FALLBACK,FALLBACK:AMBIGUOUS_NO_BRAND,,,fuzzy→EXACT_ONLY(C - TAX),,False,,CANDIDATE FOR 1,brand invalidated (fuzzy→EXACT_ONLY(C - TAX)) + no pharma signal,MODERATE,INVALIDATED_NO_PHARMA
400207,TORCH TORCH,REVIEW,REVIEW,NO_MATCH_FALLBACK,FALLBACK:AMBIGUOUS_NO_BRAND,,,,,False,,KEEP REVIEW,insufficient evidence; could be product or ambiguous OCR,LOW,INSUFFICIENT_EVIDENCE
400208,VASELIN SELIN,REVIEW,REVIEW,NO_MATCH_FALLBACK,FALLBACK:AMBIGUOUS_NO_BRAND,,,,,False,,KEEP REVIEW,insufficient evidence; could be product or ambiguous OCR,LOW,INSUFFICIENT_EVIDENCE
400260,Closing 74280.34 Adj 0.00 Branch 0.00,REVIEW,REVIEW,NO_MATCH_FALLBACK,FALLBACK:AMBIGUOUS_NO_BRAND,,,,,False,,CANDIDATE FOR 1,structural/aggregate keyword present,MODERATE,STRUCTURAL_KEYWORD
400266,Closing 19805.72 Adj 0.00 Branch 0.00,REVIEW,REVIEW,NO_MATCH_FALLBACK,FALLBACK:AMBIGUOUS_NO_BRAND,,,,,False,,CANDIDATE FOR 1,structural/aggregate keyword present,MODERATE,STRUCTURAL_KEYWORD
400283,Closing 4706.65 Adj 0.00 Branch 0.00,REVIEW,REVIEW,NO_MATCH_FALLBACK,FALLBACK:AMBIGUOUS_NO_BRAND,,,,,False,,CANDIDATE FOR 1,structural/aggregate keyword present,MODERATE,STRUCTURAL_KEYWORD
400321,Closing 25767.54 Adj 0.00 Branch 0.00,REVIEW,REVIEW,NO_MATCH_FALLBACK,FALLBACK:AMBIGUOUS_NO_BRAND,,,,,False,,CANDIDATE FOR 1,structural/aggregate keyword present,MODERATE,STRUCTURAL_KEYWORD
400369,Closing 36700.78 Adj 0.00 Branch 0.00,REVIEW,REVIEW,NO_MATCH_FALLBACK,FALLBACK:AMBIGUOUS_NO_BRAND,,,,,False,,CANDIDATE FOR 1,structural/aggregate keyword present,MODERATE,STRUCTURAL_KEYWORD
400389,Closing 61395.69 Adj 0.00 Branch 0.00,REVIEW,REVIEW,NO_MATCH_FALLBACK,FALLBACK:AMBIGUOUS_NO_BRAND,,,,,False,,CANDIDATE FOR 1,structural/aggregate keyword present,MODERATE,STRUCTURAL_KEYWORD
400421,Closing 106479.99 Adj 0.00 Branch 0.00,REVIEW,REVIEW,NO_MATCH_FALLBACK,FALLBACK:AMBIGUOUS_NO_BRAND,,,,,False,,CANDIDATE FOR 1,structural/aggregate keyword present,MODERATE,STRUCTURAL_KEYWORD
400426,Closing 3167.96 Adj 0.00 Branch 0.00,REVIEW,REVIEW,NO_MATCH_FALLBACK,FALLBACK:AMBIGUOUS_NO_BRAND,,,,,False,,CANDIDATE FOR 1,structural/aggregate keyword present,MODERATE,STRUCTURAL_KEYWORD
400444,Closing 79579.81 Adj 0.00 Branch 0.00,REVIEW,REVIEW,NO_MATCH_FALLBACK,FALLBACK:AMBIGUOUS_NO_BRAND,,,,,False,,CANDIDATE FOR 1,structural/aggregate keyword present,MODERATE,STRUCTURAL_KEYWORD
400449,Closing 11231.72 Adj 0.00 Branch 0.00,REVIEW,REVIEW,NO_MATCH_FALLBACK,FALLBACK:AMBIGUOUS_NO_BRAND,,,,,False,,CANDIDATE FOR 1,structural/aggregate keyword present,MODERATE,STRUCTURAL_KEYWORD
400463,Closing 0.00 Adj 0.00 Branch 0.00,REVIEW,REVIEW,NO_MATCH_FALLBACK,FALLBACK:AMBIGUOUS_NO_BRAND,,,,,False,,CANDIDATE FOR 1,structural/aggregate keyword present,MODERATE,STRUCTURAL_KEYWORD
400467,Closing 7441.72 Adj 0.00 Branch 0.00,REVIEW,REVIEW,NO_MATCH_FALLBACK,FALLBACK:AMBIGUOUS_NO_BRAND,,,,,False,,CANDIDATE FOR 1,structural/aggregate keyword present,MODERATE,STRUCTURAL_KEYWORD
400508,Closing 129093.72 Adj 0.00 Branch 0.00,REVIEW,REVIEW,NO_MATCH_FALLBACK,FALLBACK:AMBIGUOUS_NO_BRAND,,,,,False,,CANDIDATE FOR 1,structural/aggregate keyword present,MODERATE,STRUCTURAL_KEYWORD
400520,Closing 49693.83 Adj 0.00 Branch 0.00,REVIEW,REVIEW,NO_MATCH_FALLBACK,FALLBACK:AMBIGUOUS_NO_BRAND,,,,,False,,CANDIDATE FOR 1,structural/aggregate keyword present,MODERATE,STRUCTURAL_KEYWORD
400525,Closing 1263.30 Adj 0.00 Branch 0.00,REVIEW,REVIEW,NO_MATCH_FALLBACK,FALLBACK:AMBIGUOUS_NO_BRAND,,,,,False,,CANDIDATE FOR 1,structural/aggregate keyword present,MODERATE,STRUCTURAL_KEYWORD
400526,Closing 610608.77 Adj 0.00 Branch 0.00,REVIEW,REVIEW,NO_MATCH_FALLBACK,FALLBACK:AMBIGUOUS_NO_BRAND,,,,,False,,CANDIDATE FOR 1,structural/aggregate keyword present,MODERATE,STRUCTURAL_KEYWORD
400799,SRAVANI MEDICAL AND SURGICALS LLP,REVIEW,REVIEW,NO_MATCH_FALLBACK,FALLBACK:DISTRIBUTION_ENTITY,,,,,False,,KEEP REVIEW,insufficient evidence; could be product or ambiguous OCR,LOW,INSUFFICIENT_EVIDENCE
400847,SRAVANI MEDICAL AND SURGICALS LLP,REVIEW,REVIEW,NO_MATCH_FALLBACK,FALLBACK:DISTRIBUTION_ENTITY,,,,,False,,KEEP REVIEW,insufficient evidence; could be product or ambiguous OCR,LOW,INSUFFICIENT_EVIDENCE
401102,HOSITTAB,REVIEW,REVIEW,NO_MATCH_FALLBACK,FALLBACK:AMBIGUOUS_NO_BRAND,,,,,False,,KEEP REVIEW,insufficient evidence; could be product or ambiguous OCR,LOW,INSUFFICIENT_EVIDENCE
401115,OROFERXT TOTAL TAB,REVIEW,REVIEW,NO_MATCH_FALLBACK,FALLBACK:STRUCTURAL_KW,,,,,False,,CANDIDATE FOR 1,structural/aggregate keyword present,MODERATE,STRUCTURAL_KEYWORD
401176,VANVIL PHARMA,REVIEW,REVIEW,NO_MATCH_FALLBACK,FALLBACK:AMBIGUOUS_NO_BRAND,,,,,False,,CANDIDATE FOR 1,company-like name without pharma dosage form,MODERATE,PHARMA_COMPANY_NAME
401225,VANVIL PHARMA,REVIEW,REVIEW,NO_MATCH_FALLBACK,FALLBACK:AMBIGUOUS_NO_BRAND,,,,,False,,CANDIDATE FOR 1,company-like name without pharma dosage form,MODERATE,PHARMA_COMPANY_NAME
401269,VANVIL PHARMA,REVIEW,REVIEW,NO_MATCH_FALLBACK,FALLBACK:AMBIGUOUS_NO_BRAND,,,,,False,,CANDIDATE FOR 1,company-like name without pharma dosage form,MODERATE,PHARMA_COMPANY_NAME
401308,VANVIL PHARMA,REVIEW,REVIEW,NO_MATCH_FALLBACK,FALLBACK:AMBIGUOUS_NO_BRAND,,,,,False,,CANDIDATE FOR 1,company-like name without pharma dosage form,MODERATE,PHARMA_COMPANY_NAME
401968,METOSAN XR 50 10,REVIEW,REVIEW,NO_MATCH_FALLBACK,FALLBACK:AMBIGUOUS_NO_BRAND,,,,,False,,KEEP REVIEW,insufficient evidence; could be product or ambiguous OCR,LOW,INSUFFICIENT_EVIDENCE
403146,GENNOVA,REVIEW,REVIEW,NO_MATCH_FALLBACK,FALLBACK:AMBIGUOUS_NO_BRAND,,,,,False,,CANDIDATE FOR 1,starts with known Emcure company/division prefix,STRONG,COMPANY_DIVISION_PREFIX
404336,ENTEROGERMINA AMPUL,REVIEW,REVIEW,NO_MATCH_FALLBACK,FALLBACK:AMBIGUOUS_NO_BRAND,,,,,False,,KEEP REVIEW,insufficient evidence; could be product or ambiguous OCR,LOW,INSUFFICIENT_EVIDENCE
404344,PRIMOSA BOOST,REVIEW,REVIEW,NO_MATCH_FALLBACK,FALLBACK:AMBIGUOUS_NO_BRAND,,,,,False,,KEEP REVIEW,insufficient evidence; could be product or ambiguous OCR,LOW,INSUFFICIENT_EVIDENCE
404392,Totals 128437.00 190442.00 15802.96,REVIEW,REVIEW,NO_MATCH_FALLBACK,FALLBACK:AMBIGUOUS_NO_BRAND,,,,,False,,KEEP REVIEW,insufficient evidence; could be product or ambiguous OCR,LOW,INSUFFICIENT_EVIDENCE
404415,Totals 148842.00 139944.00 9837.03,REVIEW,REVIEW,NO_MATCH_FALLBACK,FALLBACK:AMBIGUOUS_NO_BRAND,,,,,False,,KEEP REVIEW,insufficient evidence; could be product or ambiguous OCR,LOW,INSUFFICIENT_EVIDENCE
407043,Digital Purchase ERP Ordering Healthcare QRCode on bills for extra earnings Call MARG 9812818800,REVIEW,REVIEW,NO_MATCH_FALLBACK,FALLBACK:PHARMA_ENTITY,,,,,False,,CANDIDATE FOR 1,company/entity keyword (PHARMACEUTICALS/BIOPHARMA/HOSPITAL etc.),STRONG,COMPANY_ENTITY
407144,Valuation Rs. 0.00,REVIEW,REVIEW,NO_MATCH_FALLBACK,FALLBACK:AMBIGUOUS_NO_BRAND,,,,,False,,KEEP REVIEW,insufficient evidence; could be product or ambiguous OCR,LOW,INSUFFICIENT_EVIDENCE
407578,CYMEVENE 250MGGANCI 1X84C,REVIEW,REVIEW,NO_MATCH_FALLBACK,FALLBACK:AMBIGUOUS_NO_BRAND,,,,,False,,KEEP REVIEW,insufficient evidence; could be product or ambiguous OCR,LOW,INSUFFICIENT_EVIDENCE
407582,FORTOVASE 200MGSAQU 180 C,REVIEW,REVIEW,NO_MATCH_FALLBACK,FALLBACK:AMBIGUOUS_NO_BRAND,,,,,False,,KEEP REVIEW,insufficient evidence; could be product or ambiguous OCR,LOW,INSUFFICIENT_EVIDENCE
407584,HIVID 0.375MGZALCIT BOTLE,REVIEW,REVIEW,NO_MATCH_FALLBACK,FALLBACK:AMBIGUOUS_NO_BRAND,,,,,False,,KEEP REVIEW,insufficient evidence; could be product or ambiguous OCR,LOW,INSUFFICIENT_EVIDENCE
407585,INVIRASE 200MGSAQUI BOTLE,REVIEW,REVIEW,NO_MATCH_FALLBACK,FALLBACK:AMBIGUOUS_NO_BRAND,,,,,False,,KEEP REVIEW,insufficient evidence; could be product or ambiguous OCR,LOW,INSUFFICIENT_EVIDENCE
407597,NEO RECORMON 30000 I 1XPFS,REVIEW,REVIEW,NO_MATCH_FALLBACK,FALLBACK:AMBIGUOUS_NO_BRAND,,,,,False,,KEEP REVIEW,insufficient evidence; could be product or ambiguous OCR,LOW,INSUFFICIENT_EVIDENCE
407753,GMP-1 10,REVIEW,REVIEW,NO_MATCH_FALLBACK,FALLBACK:AMBIGUOUS_NO_BRAND,,,,,False,,KEEP REVIEW,insufficient evidence; could be product or ambiguous OCR,LOW,INSUFFICIENT_EVIDENCE
407754,GMP-2 10,REVIEW,REVIEW,NO_MATCH_FALLBACK,FALLBACK:AMBIGUOUS_NO_BRAND,,,,,False,,KEEP REVIEW,insufficient evidence; could be product or ambiguous OCR,LOW,INSUFFICIENT_EVIDENCE
408200,SITESTAT F TAB10/160 10,REVIEW,REVIEW,NO_MATCH_FALLBACK,FALLBACK:AMBIGUOUS_NO_BRAND,,,,,False,,KEEP REVIEW,insufficient evidence; could be product or ambiguous OCR,LOW,INSUFFICIENT_EVIDENCE
408209,TRICARDACE FORTE KIT 1KIT,REVIEW,REVIEW,NO_MATCH_FALLBACK,FALLBACK:AMBIGUOUS_NO_BRAND,,,,,False,,KEEP REVIEW,insufficient evidence; could be product or ambiguous OCR,LOW,INSUFFICIENT_EVIDENCE
408210,TRICARDACE KIT 1KIT,REVIEW,REVIEW,NO_MATCH_FALLBACK,FALLBACK:AMBIGUOUS_NO_BRAND,,,,,False,,KEEP REVIEW,insufficient evidence; could be product or ambiguous OCR,LOW,INSUFFICIENT_EVIDENCE
408365,E.& O.E. VALUE in 1000s,REVIEW,REVIEW,NO_MATCH_FALLBACK,FALLBACK:AMBIGUOUS_NO_BRAND,,,,,False,,KEEP REVIEW,insufficient evidence; could be product or ambiguous OCR,LOW,INSUFFICIENT_EVIDENCE
408929,TOTALCAL D3 20,REVIEW,REVIEW,NO_MATCH_FALLBACK,FALLBACK:AMBIGUOUS_NO_BRAND,,,,,False,,KEEP REVIEW,insufficient evidence; could be product or ambiguous OCR,LOW,INSUFFICIENT_EVIDENCE
409099,XXXTEMSAN CT 6.25 10,REVIEW,REVIEW,NO_MATCH_FALLBACK,FALLBACK:AMBIGUOUS_NO_BRAND,,,,,False,,KEEP REVIEW,insufficient evidence; could be product or ambiguous OCR,LOW,INSUFFICIENT_EVIDENCE
409276,ZZZZZZ 4055 --,REVIEW,REVIEW,NO_MATCH_FALLBACK,FALLBACK:AMBIGUOUS_NO_BRAND,,,,,False,,CANDIDATE FOR 1,all long alpha tokens lack vowels: ['ZZZZZZ'] → OCR noise,MODERATE,NO_VOWEL_OCR_NOISE
409387,GENNOVA AD,REVIEW,REVIEW,NO_MATCH_FALLBACK,FALLBACK:AMBIGUOUS_NO_BRAND,,,,,False,,CANDIDATE FOR 1,starts with known Emcure company/division prefix,STRONG,COMPANY_DIVISION_PREFIX
