Excel_Row,Input_Column,Positive_Product,Positive_Product_Code,Positive_Brand,Explicit_Negative,Explicit_Negative_Code,Mined_Negative_1,Mined_Negative_1_Code,Mined_Negative_1_Score,Mined_1_Same_Brand,Mined_Negative_2,Mined_Negative_2_Code,Mined_Negative_2_Score,Mined_2_Same_Brand,Mined_Negative_3,Mined_Negative_3_Code,Mined_Negative_3_Score,Mined_3_Same_Brand,Max_Mined_Score,Min_Mined_Score,Mean_Mined_Score,N_Same_Brand_Slots,All_3_Same_Brand,Positive_In_Top6,Mined_Count
2,GALACT POW 200GM 1*200G,GALACT GRANULE 200 GM ELAICHI,421112871,GALACT,GALACT PLUS NUTRITION POWDER 200GM,421113114,PROTOTAL POW.200GM,421111281,0.8596,False,GALACT PLUS MOMS NUTRIBAR 1x20GM,421112954,0.7845,True,GALACT GRANULES 600GM ELAICHI,421113037,0.7710,True,0.8596,0.7710,0.8050,2,False,False,3
3,GALACT POW 400GM 400GM,GALACT GRANULES 400GM ELAICHI,421113094,GALACT,GALACT PLUS NUTRITION POWDER 400GM CHOCO,421113062,GALACT GRANULES 400 GM KESAR,421112875,0.8215,True,GALACT GRANULES 400 GM CHOCOLATE,421112876,0.8095,True,PROTOTAL POW.200GM,421111281,0.7842,False,0.8215,0.7842,0.8051,2,False,False,3
4,CARDACE AM 2.25/5MG 1X10 PCS,CARDACE AM 2.5 TABLET 10x15T,421112895,CARDACE,CARDACE AM 5 TABLET 10x15T,421112896,CARDACE 1.25 MG TABLET 10x15T,421112890,0.8581,True,CARDACE 2.5 MG TABLET 10x15T,421112892,0.8567,True,CARDACE 5 MG TABLET 10x15T,421112893,0.8346,True,0.8581,0.8346,0.8498,3,True,False,3
5,OROFER XT+ SYR 200 ML,OROFER XT + SUSPENSION 200 ML,424441225,OROFER,OROFER XT-DHA 7 X 1 KIT,424440118,OROFER S 200 INJECTION 10 ML,421111388,0.8414,True,OROFER XT SUSPENSION 150 ML,424440590,0.8318,True,OROFER S INJECTION 2.5 ML,421111536,0.8203,True,0.8414,0.8203,0.8312,3,True,False,3
6,OSTERI INJ.600MCG/2.4 2.4ML,OSTERI INJ.600MCG /2.4MLPEN DEVICE,421112507,OSTERI,OSTERI INJECTION 750 MCG PFS,421111655,TASPIANCE INJ 180 MCG/0.5ML PFS,491110378,0.7614,False,PROTOTAL POW.200GM,421111281,0.7538,False,MAXTRA  SYP  60 ML,420030069,0.7486,False,0.7614,0.7486,0.7546,0,False,False,3
7,GALACT 1X30 CAP 30 CAP,GALACT CAPSULES 1x30C,421112745,GALACT,GALACT CAPSULES 1 x 60 C,421113009,VITASONIC Q 300 CAP.1X10C,429920030,0.7967,False,TYBRIVA CAPSULE 1X30C,421112339,0.7630,False,OBICURE CAPSULE 1X30 C,421111076,0.7503,False,0.7967,0.7503,0.7700,0,False,False,3
8,GALACT 200GM CHOCO GRANULES 200GM,GALACT GRANULES CHOCOLATE,421112647,GALACT,GALACT GRANULE 200 GM ELAICHI,421112871,GALACT GRANULES 600GM CHOCOLATE,421113039,0.8811,True,GALACT GRANULES 600GM ELAICHI,421113037,0.8598,True,GALACT GRANULES 400 GM CHOCOLATE,421112876,0.8549,True,0.8811,0.8549,0.8653,3,True,False,3
9,PROXYM-ER 300MG 15 TAB PLAN 15 TAB,PROXYM ER 200 TABLETS 15 T,424441863,PROXYM,PROXYM ER TABLET 1X15T,424441862,PROXYM 300 TABLETS,424440535,0.8377,True,PROXYM ER 200 TABLETS,424441015,0.8175,True,PROXYM ER  TABLETS,424441016,0.8114,True,0.8377,0.8114,0.8222,3,True,False,3
10,GALACT LACTATION GRANULES 400G CHOCOLATE FLAV,GALACT GRANULES 400 GM CHOCOLATE,421112876,GALACT,GALACT PLUS LACTATION BAR 15x20GM,421112942,GALACT GRANULES 600GM CHOCOLATE,421113039,0.8682,True,GALACT GRANULES 400GM ELAICHI,421113094,0.8620,True,GALACT GRANULES CHOCOLATE,421112647,0.8364,True,0.8682,0.8364,0.8555,3,True,False,3
11,GALACT LACTATION GRANULES 400G ELAICHI FLAV,GALACT GRANULES 400GM ELAICHI,421113094,GALACT,GALACT PLUS LACTATION BAR 15x20GM,421112942,GALACT GRANULES 600GM ELAICHI,421113037,0.8989,True,GALACT GRANULES 10GM ELAICHI,421112986,0.8723,True,GALACT GRANULE 200 GM ELAICHI,421112871,0.8490,True,0.8989,0.8490,0.8734,3,True,False,3
12,GALACT LACTATION GRANULES 400G KESAR FLV,GALACT GRANULES 400 GM KESAR,421112875,GALACT,GALACT PLUS LACTATION BAR 15x20GM,421112942,GALACT GRANULES KESAR,421112646,0.8832,True,GALACT GRANULES 400GM ELAICHI,421113094,0.8609,True,GALACT GRANULES 600GM ELAICHI,421113037,0.8259,True,0.8832,0.8259,0.8567,3,True,False,3
13,GALACT LACTATION GRANULES 600G CHOCOLATE FLV,GALACT GRANULES 600GM CHOCOLATE,421113039,GALACT,GALACT PLUS LACTATION BAR 15x20GM,421112942,GALACT GRANULES 600GM ELAICHI,421113037,0.8704,True,GALACT GRANULES 400 GM CHOCOLATE,421112876,0.8635,True,GALACT GRANULES CHOCOLATE,421112647,0.8436,True,0.8704,0.8436,0.8592,3,True,False,3
14,GALACT LACTATION GRANULES 600G ELAICHI FLV,GALACT GRANULES 600GM ELAICHI,421113037,GALACT,GALACT PLUS LACTATION BAR 15x20GM,421112942,GALACT GRANULES 400GM ELAICHI,421113094,0.8969,True,GALACT GRANULES 10GM ELAICHI,421112986,0.8718,True,GALACT GRANULE 200 GM ELAICHI,421112871,0.8578,True,0.8969,0.8578,0.8755,3,True,False,3
15,GALACT PLUS S/F 400G CHOCO HAZELNUT FLV POWDER JAR,GALACT PLUS NUTRITION POWDER 400GM CHOCO,421113062,GALACT,GALACT GRANULES 400 GM CHOCOLATE,421112876,GALACT PLUS NUTRITION POWDER 200GM,421113114,0.7853,True,HERBIGEST POWDER 50 GM JAR,420000470,0.7640,False,GALACT GRANULES 600GM CHOCOLATE,421113039,0.7566,True,0.7853,0.7566,0.7686,2,False,False,3
16,OROFER XT DROPSP 15 ML,OROFER XT DROPS,424441717,OROFER,OROFER XT TABLET 1x15T,424442006,OROFER DROPS 15 ML,421110180,0.8655,True,ZEMCIFER - XT DROPS 15 ML,420500002,0.8483,False,OROFER XT SUSPENSION 150 ML,424440590,0.8353,True,0.8655,0.8353,0.8497,2,False,False,3
17,POVIZTRA FLXT 05MG 1X1,POVIZTRA FLXT 0.5MG 1.5ML 1PC COPACK,420008826,POVIZTRA,POVIZTRA FLXT 1MG 3ML 1PC COPACK,420008827,POVIZTRA FLXT 1.7MG 3ML 1PC COPACK,420008828,0.8662,True,POVIZTRA FLXT 0.25MG 1.5ML 1PC COPACK,420008825,0.8658,True,POVIZTRA FLXT 2.4MG 3ML 1PC COPACK,420008829,0.8470,True,0.8662,0.8470,0.8597,3,True,False,3
18,FLAWLIZO MICRO 0.01 GEL P 15GM,FLAWLIZO MICRO 0.1% GEL 15GM PUMP PACK,421113083,FLAWLIZO,FLAWLIZO MICRO 0.04% GEL 15GM TUBE PACK,421113049,FLAWLIZO MICRO 0.1% GEL 15GM TUBE PACK,421113050,0.9096,True,FLAWLIZO MICRO 0.04% GEL 15GM PUMP PACK,421113085,0.8789,True,FLAWLIZO 0.025% CREAM 20GM,421113048,0.8373,True,0.9096,0.8373,0.8753,3,True,False,3
19,FLAWLIZO MICRO 0.025 GEL 20GM,FLAWLIZO 0.025% CREAM 20GM,421113048,FLAWLIZO,FLAWLIZO MICRO 0.04% GEL 15GM TUBE PACK,421113049,FLAWLIZO MICRO 0.1% GEL 15GM TUBE PACK,421113050,0.8887,True,FLAWLIZO MICRO 0.04% GEL 15GM PUMP PACK,421113085,0.8732,True,FLAWLIZO MICRO 0.1% GEL 15GM PUMP PACK,421113083,0.8678,True,0.8887,0.8678,0.8766,3,True,False,3
20,PROXYM-ER 300MG TABS 1X15,PROXYM ER 200 TABLETS 15 T,424441863,PROXYM,PROXYM ER TABLET 1X15T,424441862,PROXYM 300 TABLETS,424440535,0.8160,True,PROXYM ER 200 TABLETS,424441015,0.7983,True,PROXYM ER  TABLETS,424441016,0.7864,True,0.8160,0.7864,0.8002,3,True,False,3
21,ASOMEX AT TAB 5MG 10X15 115TAB,ASOMEX AT 2.5 MG TABLET 1X15T,424441921,ASOMEX,ASOMEX AT 5 MG TABLET,424440006,ASOMEX AT 5 MG TABLET 1X15T,424441922,0.9211,True,ASOMEX 2.5 MG TABLET 1X15T,424441736,0.8802,True,ASOMEX 5 MG TABLET 1x15T,424441737,0.8782,True,0.9211,0.8782,0.8932,3,True,False,3
22,ASOMEX D TAB 10X15 115TAB,ASOMEX D TABLET 1x15T,424440759,ASOMEX,ASOMEX D TABLET,424440007,ASOMEX D 5 TABLET 1x15T,424440760,0.8571,True,ASOMEX LT TABLET 1X15T,424440761,0.8483,True,ASOMEX - M  TABLETS 10X10 T,424441465,0.8462,True,0.8571,0.8462,0.8505,3,True,False,3
23,ASOMEX TAB 2.5MG 20X15 115TAB,ASOMEX 2.5 MG TABLET 1X15T,424441736,ASOMEX,ASOMEX 2.5 MG TABLET,424440002,ASOMEX AT 2.5 MG TABLET 1X15T,424441921,0.9103,True,ASOMEX 2.5 MG TABLET 1x30T,424440094,0.9031,True,ASOMEX 5 MG TABLET 1x15T,424441737,0.8916,True,0.9103,0.8916,0.9017,3,True,False,3
24,ASOMEX TAB 5MG 20X15 115TAB,ASOMEX 5 MG TABLET 1x15T,424441737,ASOMEX,ASOMEX 5 MG TABLET,424440003,ASOMEX AT 5 MG TABLET 1X15T,424441922,0.9069,True,ASOMEX 2.5 MG TABLET 1X15T,424441736,0.9055,True,ASOMEX AT 2.5 MG TABLET 1X15T,424441921,0.8974,True,0.9069,0.8974,0.9033,3,True,False,3
25,ASOMEX TM TAB 10X15 115TAB,ASOMEX - TM TABLETS 1X15T,424441530,ASOMEX,ASOMEX - TM TABLETS,421110575,ASOMEX LT TABLET 1X15T,424440761,0.8496,True,ASOMEX D TABLET 1x15T,424440759,0.8484,True,ASOMEX - M  TABLETS 10X10 T,424441465,0.8410,True,0.8496,0.8410,0.8463,3,True,False,3
26,OROFER XT SYP 200ML 1200ML,OROFER XT + SUSPENSION 200 ML,424441225,OROFER,OROFER XT SUSPENSION 150 ML,424440590,OROFER S 200 INJECTION 10 ML,421111388,0.8148,True,OROFER SYRUP 300 ML,424441446,0.7908,True,FERIUM XT + SUSPENSION 200 ML,424441727,0.7868,False,0.8148,0.7868,0.7975,2,False,False,3
27,OROFER XT TAB 5X15 115TAB,OROFER XT TABLET 1x15T,424442006,OROFER,OROFER XT TABLET,424441704,OROFER XT TABLET 1X30 T,424441705,0.8612,True,OROFER XT TOTAL TABLET,424441708,0.8165,True,EMLINZ M 2.5/1000 TAB 1X10T,429991542,0.8159,False,0.8612,0.8159,0.8312,2,False,False,3
28,FERIUM XT TAB 5X10 115TAB,FERIUM XT TABLET 10x15T,424441955,FERIUM,FERIUM XT TABLET,424441702,EMLINZ M 2.5/1000 TAB 1X10T,429991542,0.7896,False,MAXTRA-COLD TAB 10X10 T,423330502,0.7815,False,FERIUM XT - Z TABLETS 1X10 T,424440134,0.7806,True,0.7896,0.7806,0.7839,1,False,False,3
29,PROXYM ER TAB 10X15 115TAB,PROXYM ER TABLET 1X15T,424441862,PROXYM,PROXYM ER  TABLETS,424441016,PROXYC - FT TABLETS 20X10,420000491,0.8242,False,PROXYM ER 200 TABLETS 15 T,424441863,0.8196,True,PROXYM XT TABLET 1X15T,424441838,0.8140,True,0.8242,0.8140,0.8193,2,False,False,3
30,NUMLOD-2.5MG TAB 1X15,NUMLO-D TABLET,421110384,NUMLO,NUMLO-D TABLET 1X15 T,424441202,S-NUMLO 2.5 MG TABLET 1x15 T,424441203,0.8899,False,S-NUMLO 5 MG TABLET 1x15 T,424441204,0.8644,False,NUMLO-TM 5 TABLETS 1X15 T,421112128,0.8533,True,0.8899,0.8533,0.8692,1,False,False,3
31,NUMLOD-5MG TAB 1X15,NUMLO-D 5 TABLET,424440017,NUMLO,NUMLO-D 5 TABLET 1x15 T,424441201,S-NUMLO 5 MG TABLET 1x15 T,424441204,0.8879,False,NUMLO-TM 5 TABLETS 1X15 T,421112128,0.8814,True,S-NUMLO 2.5 MG TABLET 1x15 T,424441203,0.8813,False,0.8879,0.8813,0.8835,1,False,False,3
32,SYLATET-500MG TAB 1X10,SYLATE T 500 TABLET,421110143,SYLATE,SYLATE TABLET 500 MG,424441083,NAPROXEN TAB 500 MG 10X2X10T,421112839,0.8730,False,CEDIL 500MG TABLET 10x1x10T,421113153,0.8559,False,PRASUMAX-5 TABS 1X10 T,429990891,0.8532,False,0.8730,0.8532,0.8607,0,False,False,3
33,CORDARONE 100MG TAB 1X15TAB 1 X15TAB,CORDARONE 100 MG TABLET 20x15T,421112908,CORDARONE,CORDARONE X 200 MG TABLET 10x15T,421112910,EMSITA 100 MG TABLET 1X10T,421112585,0.8413,False,NAPROXEN TAB 500 MG 10X2X10T,421112839,0.8409,False,BRCAONE 100 MG TABLET 1x60T,421112869,0.8360,False,0.8413,0.8360,0.8394,0,False,False,3
34,TEMSAN-80 H TAB 15*10,TEMSAN 80 H TABLETS 1X15T,424441192,TEMSAN,TEMSAN  80 H TABLETS,424440636,TEMSAN LN TABLET 10x15T,421112933,0.8265,True,TEMSAN 80 MG TABLETS 10x15T,424441700,0.8142,True,SIMSTAT 10 MG TAB 10,421110138,0.8069,False,0.8265,0.8069,0.8159,2,False,False,3
35,TEMSAN-AM TAB 15*10,TEMSAN - AM TABLETS 1X15T,424441539,TEMSAN,TEMSAN - AM TABLETS,421110955,TEMSAN LN TABLET 10x15T,421112933,0.8136,True,TEMSAN BS 2.5/40 TABLET 10x10T,421112702,0.7920,True,TEMSAN BS 5/40 TABLET 10x10T,421112703,0.7866,True,0.8136,0.7866,0.7974,3,True,False,3
36,TEMSAN-H TAB 15*10,TEMSAN H TABLETS 1X15 T,424441191,TEMSAN,TEMSAN H TABLETS,424440638,TEMSAN LN TABLET 10x15T,421112933,0.8326,True,TEMSAN BS 2.5/40 TABLET 10x10T,421112702,0.8032,True,TEMSAN BS 5/40 TABLET 10x10T,421112703,0.8022,True,0.8326,0.8022,0.8127,3,True,False,3
37,LASIX 40 MG 10,LASIX 40 MG TABLET 80x15T,421112913,LASIX,LASIX 40 MG/4ML INJECTION,421112912,ATOREC 40 MG TABLET,424441962,0.7903,False,ATOREC 10 MG TABLET,424441079,0.7839,False,ZOSEC S TABLET 40 MG,420000594,0.7812,False,0.7903,0.7812,0.7851,0,False,False,3
38,EMLETRA TAB NET 1X60,EMLETRA 200/50 MG TABLET 60s,491110327,EMLETRA,EMLETRA TABLETS,491110071,EMTRI 40 TABLET 1X60 T,491110268,0.8210,False,EMTRI 30 TABLET 1x60 T,491110267,0.8208,False,EMDUO 30 TABLET 1X60 T,494440096,0.8201,False,0.8210,0.8201,0.8206,0,False,False,3
39,VONADAY TAB NET RATE 1X30,VONADAY 600/300/300 MG TABLET 30s,,,VONADAY 600/300/300 MG TABLET 30s,424440875,EMLINZ M 2.5/1000 TAB 1X10T,429991542,0.6798,False,RIVOFONET TABLETS 1X30 T,424440879,0.6730,False,VONARIL SYRUP 1X30 ML,421111791,0.6706,False,0.6798,0.6706,0.6745,0,False,False,3
40,NUMLO-AT TAB 15*10,NUMLO-AT TABLET 1X15 T,424441936,NUMLO,NUMLO-AT TABLET,424440015,NUMLO-D TABLET 1X15 T,424441202,0.7995,True,NUMLO-D TABLET,421110384,0.7847,True,NUMLO L TABLET,421110111,0.7754,True,0.7995,0.7754,0.7865,3,True,False,3
41,S-NUMLO 2.5MG TAB 10X15,S-NUMLO 2.5 MG TABLET 1x15 T,424441203,S-NUMLO,S-NUMLO 2.5 MG TABLET,424440011,S-NUMLO 5 MG TABLET 1x15 T,424441204,0.8995,True,NUMLO TABLET 2.5 MG,420000458,0.8663,False,NUMLO-M 5 TABLETS 10X10 T,424441471,0.8614,False,0.8995,0.8614,0.8757,1,False,False,3
42,S-NUMLO 5MG TAB 15X10,S-NUMLO 5 MG TABLET 1x15 T,424441204,S-NUMLO,S-NUMLO 5 MG TABLET,424440012,S-NUMLO 2.5 MG TABLET 1x15 T,424441203,0.9125,True,NUMLO-TM 5 TABLETS 1X15 T,421112128,0.8762,False,NUMLO-M 5 TABLETS 10X10 T,424441471,0.8760,False,0.9125,0.8760,0.8882,1,False,False,3
43,VYLDA TAB 15*10,VYLDA TABLETS 1X15 T,424441803,VYLDA,VYLDA TABLET,424442008,VYLDA DM 100/10/1000 TABLET 1x10T,421112889,0.8096,True,VYLDA P TABLET 1x10T,421112679,0.8067,True,VYLDA DM 100/10/500 TABLET 1x10T,421112888,0.8067,True,0.8096,0.8067,0.8077,3,True,False,3
44,NUCORIL 5MG 1X10,NUCORIL - 5 TABLETS 1X10 T,424441444,NUCORIL,NUCORIL 5 MG TAB 20,424440893,NUCORIL - 5 TABLETS 1X30 T,424440492,0.8741,True,CORTIMAX 1 MG  10X6 T,423330235,0.8176,False,EPITRIL MD 0.5 MG TABLET 10X10T,421111787,0.8139,False,0.8741,0.8139,0.8352,1,False,False,3
45,ASOMEX AT Tab 5mg 1X10s,ASOMEX AT 2.5 MG TABLET,420000021,ASOMEX,ASOMEX AT 5 MG TABLET,424440006,ASOMEX AT 5 MG TABLET 1X15T,424441922,0.9174,True,ASOMEX AT 2.5 MG TABLET 1X15T,424441921,0.8903,True,ASOMEX 5 MG TABLET,424440003,0.8757,True,0.9174,0.8757,0.8945,3,True,False,3
46,ASOMEX LT Tab 1X10s,ASOMEX LT 2.5 MG TABLET,424440489,ASOMEX,ASOMEX LT TABLET 1X15T,424440761,ASOMEX D TABLET 1x15T,424440759,0.8558,True,ASOMEX - M  TABLETS 10X10 T,424441465,0.8509,True,EMLINZ M 2.5/1000 TAB 1X10T,429991542,0.8442,False,0.8558,0.8442,0.8503,2,False,False,3
47,ASOMEX Tab 1.25mg 1X15s,ASOMEX 1.25 TABLETS 1X15T,424440754,ASOMEX,ASOMEX 1.25 MG TABLET,424440001,ASOMEX 2.5 MG TABLET 1X15T,424441736,0.9157,True,ASOMEX AT 2.5 MG TABLET 1X15T,424441921,0.9146,True,ASOMEX AT 5 MG TABLET 1X15T,424441922,0.9049,True,0.9157,0.9049,0.9117,3,True,False,3
48,FITJOINT Tab 1X10s,FITJOINT CAPSULES,421112131,FITJOINT,FITJOINT GM TABLETS,421110321,QCEPH AZ TABLET 10X1X10 T,421111141,0.7874,False,ARTH TABLET 10X10 T,420000531,0.7796,False,RETUNE-LS OD TABLETS 10X10 T,423330480,0.7718,False,0.7874,0.7718,0.7796,0,False,False,3
49,PROXYM-ER 300 TAB 1X15S,PROXYM ER 200 TABLETS 15 T,424441863,PROXYM,PROXYM ER TABLET 1X15T,424441862,PROXYM XT TABLET 1X15T,424441838,0.8474,True,PROXYM 300 TABLETS,424440535,0.8255,True,PROXYC - FT TABLETS 20X10,420000491,0.8009,False,0.8474,0.8009,0.8246,2,False,False,3
50,ENCICARB 1G INJ,ENCICARB INJECTION 100MG/2ML,422220078,ENCICARB,ENCICARB INJECTION 1K,422220233,GROS  260 MG INJ 1 VIAL,422220168,0.7872,False,GROS 100 MG INJ 1 VIAL,422220282,0.7838,False,CITAFINE 200 MG INJ 1 VIAL,422220161,0.7817,False,0.7872,0.7817,0.7842,0,False,False,3
51,ASOMEX 2.5 MG ATB,ASOMEX AT 2.5 MG TABLET,420000021,ASOMEX,ASOMEX 2.5 MG TABLET,424440002,ASOMEX LT 2.5 MG TABLET,424440489,0.8777,True,ASOMEX AT 5 MG TABLET,424440006,0.8768,True,ASOMEX 5 MG TABLET,424440003,0.8727,True,0.8777,0.8727,0.8757,3,True,False,3
52,ABEC TABLETS,A-BEC TABLET 60T,424441967,A-BEC,A-BEC L TABLETS,424441093,AUGPEN LB 1 GM TABLETS,423330402,0.7753,False,AUGPEN LB 625 TABLETS,423330383,0.7725,False,IRBEZ TABLETS,421110622,0.7690,False,0.7753,0.7690,0.7723,0,False,False,3
53,TAVIN (L) TAB,TAVIN-L TABLETS,424440874,TAVIN,TAVIN TABLET,494440016,TAVIN EM TABLET,494440004,0.8113,True,ULTIMOX CLAV KID DT TAB,421112184,0.7913,False,TAVIN 300 MG TABLET 30s,424440878,0.7814,True,0.8113,0.7814,0.7947,2,False,False,3
54,GALACT GRANULES ELACHI FLAVOUR,GALACT GRANULES 10GM ELAICHI,421112986,GALACT,GALACT GRANULES,420000615,GALACT GRANULES 600GM ELAICHI,421113037,0.8419,True,GALACT GRANULE 200 GM ELAICHI,421112871,0.8407,True,GALACT GRANULES 400GM ELAICHI,421113094,0.8379,True,0.8419,0.8379,0.8402,3,True,False,3
55,OROFER XT 0(EC24) 0,OROFER XT TABLET,424441704,OROFER,OROFER XT DROPS,424441717,OROFER XT TOTAL TABLET,424441708,0.7699,True,OROFER XTM TABLETS,420001221,0.7654,True,OROFER XT + SUSPENSION 200 ML,424441225,0.7607,True,0.7699,0.7607,0.7653,3,True,False,3
56,ASOMEX AT 10 S(EC101) 10 S,ASOMEX AT 2.5 MG TABLET,420000021,ASOMEX,ASOMEX AT 5 MG TABLET,424440006,ASOMEX - M  TABLETS 10X10 T,424441465,0.7642,True,ASOMEX - M 5 TABLETS 10X10 T,424441466,0.7409,True,ASOMEX AT 5 MG TABLET 1X15T,424441922,0.7351,True,0.7642,0.7351,0.7467,3,True,False,3
57,ASOMEX-LT 0(EC17) 0,ASOMEX LT 2.5 MG TABLET,424440489,ASOMEX,ASOMEX LT TABLET 1X15T,424440761,ASOMEX R TABLET,421110889,0.7120,True,ASOMEX LTH TABLETS,421110759,0.6992,True,ASOMEX - TM TABLETS,421110575,0.6792,True,0.7120,0.6792,0.6968,3,True,False,3
58,EMSITA M 5/50 0(EMQU0008) 0,EMSITA M 50/500 1X10T,421112586,EMSITA,EMSITA M 50/1000 1X10T,421112587,EMSITA M SR 100/1000 1X10T,421112596,0.7333,True,EMBREMMA INJECTION 0.5MG/ML,421112287,0.7298,False,EMSITA 50 MG TABLET 1X10T,421112584,0.7206,True,0.7333,0.7206,0.7279,2,False,False,3
59,TEMSAN AM 5. 0(EMQU0018) 0,TEMSAN - AM 5 TABLETS,421110956,TEMSAN,TEMSAN - AM TABLETS,421110955,TEMSAN AM-5 TABLETS 1X15 T,421111794,0.7199,True,TEMSAN 20 MG. TABLETS,424440932,0.7025,True,TEMSAN  80 H TABLETS,424440636,0.7009,True,0.7199,0.7009,0.7078,3,True,False,3
60,OSTERI INJ 600MCG/2.4ML UNIT,OSTERI INJ.600MCG /2.4MLPEN DEVICE,421112507,OSTERI,OSTERI INJECTION 750 MCG PFS,421111655,RTCARB INJ 100 mcg/ml,421112610,0.7712,False,TASPIANCE INJ 180 MCG/0.5ML PFS,491110378,0.7598,False,PROTOTAL POW.200GM,421111281,0.7516,False,0.7712,0.7516,0.7609,0,False,False,3
61,AMARYL M FORET 1 TAB,AMARYL M FORTE 1MG TABLET 10x15T,421113132,AMARYL,AMARYL M 1MG TABLET 8x20T,421113130,AMARYL MV 1MG TABLET 10x15T,421113134,0.7659,True,ULTIMOX CLAV KID DT TAB,421112184,0.7655,False,AMARYL 1MG TABLET 10x30T,421113127,0.7646,True,0.7659,0.7646,0.7653,2,False,False,3
62,FULL 365 SYRUP 200 ML,FULL 365 SYRUP 100 ML,429990182,FULL 365,FULL 365 SUSPENSION,423331551,FULL 365 SYRUP 50 ML,429990459,0.9128,True,MIGHTYLIV SYRUP 200 ML,423330694,0.8918,False,PEGCLEAR SYRUP 200 ML,423331378,0.8903,False,0.9128,0.8903,0.8983,1,False,False,3
63,ACEGABA-100 CAP 1X15CA,ACEGABA 100 CAPSULE 1 X 15 C,424442056,ACEGABA,ACEGABA 100 CAPSULE,424440999,VITASONIC Q 300 CAP.1X10C,429920030,0.7863,False,ACEGABA 300 CAPSULE,424441000,0.7785,True,ACEGABA NT 100 TABLET 1x15T,421112627,0.7722,True,0.7863,0.7722,0.7790,2,False,False,3
64,EPITRIL 0.50MG 1X10,EPITRIL 0.5 MG TABLET,424441024,EPITRIL,EPITRIL 1 MG TABLET,424441025,EPITRIL MD 0.5 MG TABLET 10X10T,421111787,0.8904,True,EPITRIL MD 0.25 MG TABLET 10X10T,421111786,0.8797,True,EPITRIL MD 1 MG TABLET 10X10T,421111788,0.8658,True,0.8904,0.8658,0.8786,3,True,False,3
65,OROFER FCM I 0,OROFER FCM  INJECTION 500MG/10ML,421111114,OROFER,OROFER FCM  INJECTION 1K,421111805,OROFER FCM INJECTION 750MG/15ML,421112705,0.8174,True,HOSIT FCM INJECTION 1K,421112615,0.7382,False,FERONIA-FCM 100 MG INJECTION,423331598,0.6961,False,0.8174,0.6961,0.7506,1,False,False,3
66,EMSITA TRIO F 10TAB,EMSITA TRIO FORTE TABLET 1x10T,421112883,EMSITA,EMSITA TRIO TABLET 1x10T,421112864,EMSITA M 50/1000 1X10T,421112587,0.7847,True,EMSITA M 50/500 1X10T,421112586,0.7667,True,EMSITA MP FORTE TABLET 10x10T,421112720,0.7624,True,0.7847,0.7624,0.7713,3,True,False,3
67,OSTERI INJ. 600 1X1,OSTERI INJ.600MCG /2.4MLPEN DEVICE,421112507,OSTERI,OSTERI INJECTION 750 MCG PFS,421111655,EMILDAP M10/500 1X10T,421112860,0.7636,False,EMILDAP M10/1000 1X10T,421112571,0.7571,False,EMSITA M SR 100/1000 1X10T,421112596,0.7474,False,0.7636,0.7474,0.7560,0,False,False,3
68,OROFER FCM 7 1,OROFER FCM INJECTION 750MG/15ML,421112705,OROFER,OROFER FCM  INJECTION 1K,421111805,OROFER FCM  INJECTION 500MG/10ML,421111114,0.7850,True,HOSIT FCM INJECTION 1K,421112615,0.7465,False,FCMO INJECTION 1k/20ML,421112711,0.6994,False,0.7850,0.6994,0.7436,1,False,False,3
69,EMPRI L 10/5 M 1X10 TAB,EMPRI L 10/5MG TABLET 10x10T,421113069,EMPRI,EMPRI M 12.5/500 MG TABLET 10x10T,421113071,EMPRI L 25/5MG TABLET 10x10T,421113070,0.8815,True,EMPRI 25MG TABLET 10x10T,421113068,0.8632,True,EMLINZ M 2.5/1000 TAB 1X10T,429991542,0.8631,False,0.8815,0.8631,0.8693,2,False,False,3
70,TEMSAN CT 6.2 1X10 TAB,TEMSAN CT-6.25 TABLETS,421111887,TEMSAN,TEMSAN CT TABLETS,421111094,TEMSAN LNC 6.25 TABLET 10x10T,421112985,0.8419,True,TEMSAN BS 2.5/40 TABLET 10x10T,421112702,0.8300,True,TEMSAN LN TABLET 10x15T,421112933,0.8283,True,0.8419,0.8283,0.8334,3,True,False,3
71,VYLDA DM 100/ 1X10 TAB,VYLDA DM 100/5/500 TABLET 1x10T,421112638,VYLDA,VYLDA DM 100/10/500 TABLET 1x10T,421112888,VYLDA DM 100/10/1000 TABLET 1x10T,421112889,0.9080,True,VYLDA DM 100/5/1000 TABLET 1x10T,421112639,0.9034,True,VYLDA D100/10 TABLET 1X10T,421112886,0.8667,True,0.9080,0.8667,0.8927,3,True,False,3
72,VYLDA DM 100/ 1X10 TAB,VYLDA DM 100/5/500 TABLET 1x10T,421112638,VYLDA,VYLDA DM 100/10/500 TABLET 1x10T,421112888,VYLDA DM 100/10/1000 TABLET 1x10T,421112889,0.9080,True,VYLDA DM 100/5/1000 TABLET 1x10T,421112639,0.9034,True,VYLDA D100/10 TABLET 1X10T,421112886,0.8667,True,0.9080,0.8667,0.8927,3,True,False,3
73,OROFER FCM I 0,OROFER FCM  INJECTION 500MG/10ML,421111114,OROFER,OROFER FCM  INJECTION 1K,421111805,OROFER FCM INJECTION 750MG/15ML,421112705,0.8174,True,HOSIT FCM INJECTION 1K,421112615,0.7382,False,FERONIA-FCM 100 MG INJECTION,423331598,0.6961,False,0.8174,0.6961,0.7506,1,False,False,3
74,EMSITA TRIO F 10TAB,EMSITA TRIO FORTE TABLET 1x10T,421112883,EMSITA,EMSITA TRIO TABLET 1x10T,421112864,EMSITA M 50/1000 1X10T,421112587,0.7847,True,EMSITA M 50/500 1X10T,421112586,0.7667,True,EMSITA MP FORTE TABLET 10x10T,421112720,0.7624,True,0.7847,0.7624,0.7713,3,True,False,3
75,OSTERI INJ. 600 1X1,OSTERI INJ.600MCG /2.4MLPEN DEVICE,421112507,OSTERI,OSTERI INJECTION 750 MCG PFS,421111655,EMILDAP M10/500 1X10T,421112860,0.7636,False,EMILDAP M10/1000 1X10T,421112571,0.7571,False,EMSITA M SR 100/1000 1X10T,421112596,0.7474,False,0.7636,0.7474,0.7560,0,False,False,3
76,OROFER FCM 7 1,OROFER FCM INJECTION 750MG/15ML,421112705,OROFER,OROFER FCM  INJECTION 1K,421111805,OROFER FCM  INJECTION 500MG/10ML,421111114,0.7850,True,HOSIT FCM INJECTION 1K,421112615,0.7465,False,FCMO INJECTION 1k/20ML,421112711,0.6994,False,0.7850,0.6994,0.7436,1,False,False,3
77,EMPRI L 10/5 M 1X10 TAB,EMPRI L 10/5MG TABLET 10x10T,421113069,EMPRI,EMPRI M 12.5/500 MG TABLET 10x10T,421113071,EMPRI L 25/5MG TABLET 10x10T,421113070,0.8815,True,EMPRI 25MG TABLET 10x10T,421113068,0.8632,True,EMLINZ M 2.5/1000 TAB 1X10T,429991542,0.8631,False,0.8815,0.8631,0.8693,2,False,False,3
78,TEMSAN CT 6.2 1X10 TAB,TEMSAN CT-6.25 TABLETS,421111887,TEMSAN,TEMSAN CT TABLETS,421111094,TEMSAN LNC 6.25 TABLET 10x10T,421112985,0.8419,True,TEMSAN BS 2.5/40 TABLET 10x10T,421112702,0.8300,True,TEMSAN LN TABLET 10x15T,421112933,0.8283,True,0.8419,0.8283,0.8334,3,True,False,3
79,VYLDA DM 100/ 1X10 TAB,VYLDA DM 100/5/500 TABLET 1x10T,421112638,VYLDA,VYLDA DM 100/10/500 TABLET 1x10T,421112888,VYLDA DM 100/10/1000 TABLET 1x10T,421112889,0.9080,True,VYLDA DM 100/5/1000 TABLET 1x10T,421112639,0.9034,True,VYLDA D100/10 TABLET 1X10T,421112886,0.8667,True,0.9080,0.8667,0.8927,3,True,False,3
80,VYLDA DM 100/ 1X10 TAB,VYLDA DM 100/5/500 TABLET 1x10T,421112638,VYLDA,VYLDA DM 100/10/500 TABLET 1x10T,421112888,VYLDA DM 100/10/1000 TABLET 1x10T,421112889,0.9080,True,VYLDA DM 100/5/1000 TABLET 1x10T,421112639,0.9034,True,VYLDA D100/10 TABLET 1X10T,421112886,0.8667,True,0.9080,0.8667,0.8927,3,True,False,3
81,VYLDA DM 100/500 1X10,VYLDA DM 100/5/500 TABLET 1x10T,421112638,VYLDA,VYLDA DM 100/10/500 TABLET 1x10T,421112888,VYLDA DM 100/5/1000 TABLET 1x10T,421112639,0.8614,True,VYLDA DM 100/10/1000 TABLET 1x10T,421112889,0.8598,True,VYLDA D100/5 TABLET 1X10T,421112572,0.8112,True,0.8614,0.8112,0.8441,3,True,False,3
82,TEMSAN 20 MG TAB F35 15,TEMSAN 20 MG TABLETS 10x15T,424441698,TEMSAN,TEMSAN 20 MG. TABLETS,424440932,TEMSAN 40 MG. TABLETS,424440933,0.8348,True,TEMSAN - AM 5 TABLETS,421110956,0.8291,True,TEMSAN 80 MG. TABLETS,424440934,0.8265,True,0.8348,0.8265,0.8301,3,True,False,3
83,TEMSAN-AM 5 TAB 10X15,TEMSAN AM-5 TABLETS 1X15 T,421111794,TEMSAN,TEMSAN - AM 5 TABLETS,421110956,TEMSAN LN TABLET 10x15T,421112933,0.8894,True,TEMSAN BS 5/40 TABLET 10x10T,421112703,0.8768,True,TEMSAN BS 2.5/40 TABLET 10x10T,421112702,0.8739,True,0.8894,0.8739,0.8800,3,True,False,3
84,OROFER XT TAB (15) 10X15,OROFER XT TABLET 1x15T,424442006,OROFER,OROFER XT TABLET,424441704,OROFER XT TABLET 1X30 T,424441705,0.8565,True,FERIUM XT TABLET 10x15T,424441955,0.8396,False,OROFER XT-Z TABLETS 1X10 T,424440112,0.8299,True,0.8565,0.8299,0.8420,2,False,False,3
85,VYLDA 50 TAB 10X15,VYLDA TABLETS 1X15 T,424441803,VYLDA,VYLDA TABLET,424442008,VYLDA OD 50 TABLET 1X15T,421112490,0.8612,True,VYLDA P TABLET 1x10T,421112679,0.8567,True,VYLDA DM 100/10/500 TABLET 1x10T,421112888,0.8519,True,0.8612,0.8519,0.8566,3,True,False,3
86,ASOMEX-5 TAB 20X15,ASOMEX 5 MG TABLET 1x15T,424441737,ASOMEX,ASOMEX 5 MG TABLET,424440003,ASOMEX D 5 TABLET 1x15T,424440760,0.8508,True,ASOMEX D TABLET 1x15T,424440759,0.8421,True,ASOMEX LT TABLET 1X15T,424440761,0.8362,True,0.8508,0.8362,0.8430,3,True,False,3
87,ASOMEX-AT 2.5 TAB 10X15,ASOMEX AT 2.5 MG TABLET 1X15T,424441921,ASOMEX,ASOMEX AT 2.5 MG TABLET,420000021,ASOMEX - M  TABLETS 10X10 T,424441465,0.8327,True,ASOMEX AT 5 MG TABLET 1X15T,424441922,0.8237,True,ASOMEX - M 5 TABLETS 10X10 T,424441466,0.8188,True,0.8327,0.8188,0.8251,3,True,False,3
88,ASOMEX-D 2.5 TAB 10X15,ASOMEX D TABLET 1x15T,424440759,ASOMEX,ASOMEX D TABLET,424440007,ASOMEX - M  TABLETS 10X10 T,424441465,0.8426,True,ASOMEX - M 5 TABLETS 10X10 T,424441466,0.8296,True,ASOMEX D 5 TABLET 1x15T,424440760,0.8223,True,0.8426,0.8223,0.8315,3,True,False,3
89,OROFER XT SYR 1x15,OROFER XT SUSPENSION 150 ML,424440590,OROFER,OROFER XT-DHA 7 X 1 KIT,424440118,OROFER XT TABLET 1x15T,424442006,0.8255,True,OROFER XT TABLET 1X30 T,424441705,0.7979,True,OROFER XT-Z TABLETS 1X10 T,424440112,0.7708,True,0.8255,0.7708,0.7981,3,True,False,3
90,Emc OROFER XT DROPSNEW 1X15,OROFER XT DROPS,424441717,OROFER,OROFER XT TABLET 1x15T,424442006,ZEMCIFER - XT DROPS 15 ML,420500002,0.7087,False,EMILDAP M10/500 1X10T,421112860,0.7012,False,FERIUM XT DROPS 15 ML,424441719,0.6970,False,0.7087,0.6970,0.7023,0,False,False,3
91,EMCUREXENNEX GALACT GRANULES 400GM 1X40,GALACT GRANULES 400GM ELAICHI,421113094,GALACT,GALACT GRANULES,420000615,GALACT GRANULES 400 GM KESAR,421112875,0.8293,True,GALACT GRANULES 600GM ELAICHI,421113037,0.8229,True,GALACT GRANULES 400 GM CHOCOLATE,421112876,0.8123,True,0.8293,0.8123,0.8215,3,True,False,3
92,LASIX 40MG 11510,LASIX 40 MG TABLET 80x15T,421112913,LASIX,LASIX 40 MG/4ML INJECTION,421112912,ATOREC 40 MG TABLET,424441962,0.7744,False,PARIDEM IV 40MG,421112473,0.7694,False,URIFIX 40 TABLETS,423330809,0.7662,False,0.7744,0.7662,0.7700,0,False,False,3
93,FERIUM 1K INJ 1K PCS,FERIUM INJECTION 1K (1GM/20ML),421111885,FERIUM,FERIUM INJECTION 500MG,421110953,VINTOR 10000 IU INJ 1 PFS,422220120,0.7701,False,VINTOR 6000 IU INJ 1 PFS,422220118,0.7503,False,VINTOR 4000 IU INJ 1 PFS,422220108,0.7326,False,0.7701,0.7326,0.7510,0,False,False,3
94,PROXYM ER 300TAB 15T,PROXYM ER 200 TABLETS 15 T,424441863,PROXYM,PROXYM ER TABLET 1X15T,424441862,PROXYM 300 TABLETS,424440535,0.8141,True,PROXYM ER 200 TABLETS,424441015,0.8004,True,PROXYM ER  TABLETS,424441016,0.7829,True,0.8141,0.7829,0.7991,3,True,False,3
95,OROFER XT PLUSSUSPOROFER XT SYP 200ML,OROFER XT + SUSPENSION 200 ML,424441225,OROFER,OROFER XT SUSPENSION 150 ML,424440590,FERIUM XT + SUSPENSION 200 ML,424441727,0.7837,False,OROFER S 200 INJECTION 10 ML,421111388,0.7789,True,OROFER XT TABLET,424441704,0.7705,True,0.7837,0.7705,0.7777,2,False,False,3
96,ENCICARB 1 GM INJ \ net ra VAIL,ENCICARB INJECTION 100MG/2ML,422220078,ENCICARB,ENCICARB INJECTION 1K,422220233,ENCICARB INJECTION 750MG/15ML,421112707,0.8033,True,ENCICARB INJECTION 500MG/10ML,422220079,0.7771,True,BACTILEM  1.5 GM INJECTION,421111902,0.7577,False,0.8033,0.7577,0.7794,2,False,False,3
97,TEMSAN CT 40MG TABS 10S,TEMSAN CT 40/12.5 MG TABLET 10X10,424441139,TEMSAN,TEMSAN CT TABLETS,421111094,TEMSAN 40 MG TABLETS 10x15T,424441699,0.8798,True,TEMSAN 40 MG. TABLETS,424440933,0.8705,True,TEMSAN 20 MG TABLETS 10x15T,424441698,0.8501,True,0.8798,0.8501,0.8668,3,True,False,3
98,MATERNA HCG 10000 I.U 1s,MATERNA-HCG 10000 IU HP,491110367,MATERNA,MATERNA-HCG 2000 I.U.,491110275,MATERNA-HCG 5000 IU HP,491110366,0.8636,True,MATERNA r-FSH 1200 I.U.,421111034,0.8245,True,MATERNA HMG HP 300 IU/1ML PFS,421112532,0.8121,True,0.8636,0.8121,0.8334,3,True,False,3
99,PROXYM ER 300 TABS. 15s PCS,PROXYM ER 200 TABLETS 15 T,424441863,PROXYM,PROXYM ER TABLET 1X15T,424441862,PROXYM 300 TABLETS,424440535,0.8258,True,PROXYM ER 200 TABLETS,424441015,0.8212,True,PROXYM ER  TABLETS,424441016,0.7924,True,0.8258,0.7924,0.8131,3,True,False,3
100,AMARYL M1FORTE 10,AMARYL M FORTE 1MG TABLET 10x15T,421113132,AMARYL,AMARYL M 1MG TABLET 8x20T,421113130,AMARYL MV 1MG TABLET 10x15T,421113134,0.7265,True,AMARYL 1MG TABLET 10x30T,421113127,0.7228,True,AMARYL MV 2MG TABLET 10x15T,421113135,0.7208,True,0.7265,0.7208,0.7234,3,True,False,3
101,AMARYL M2FORTE 10,AMARYL M FORTE 2MG TABLET 10x15T,421113133,AMARYL,AMARYL M 2MG TABLET 8x20T,421113131,AMARYL MV 2MG TABLET 10x15T,421113135,0.7381,True,AMARYL MV 1MG TABLET 10x15T,421113134,0.7377,True,AMARYL M FORTE 1MG TABLET 10x15T,421113132,0.7359,True,0.7381,0.7359,0.7372,3,True,False,3
102,LASIX 40MG 10,LASIX 40 MG TABLET 80x15T,421112913,LASIX,LASIX 40 MG/4ML INJECTION,421112912,ATOREC 40 MG TABLET,424441962,0.7960,False,ATOREC 10 MG TABLET,424441079,0.7901,False,BLAXTIN 20 MG TABLET 10T,421112851,0.7874,False,0.7960,0.7874,0.7912,0,False,False,3
103,LASIX 40MG(SANOFI) 80X15,LASIX 40 MG TABLET 80x15T,421112913,LASIX,LASIX 40 MG/4ML INJECTION,421112912,SANOXABAN 2.5 MG TABLET 10x10T,421112930,0.8114,False,PANSALVE 40 MG TABLET 20X10,421110837,0.8102,False,SANOXABAN 5 MG TABLET 10x10T,421112931,0.8085,False,0.8114,0.8085,0.8100,0,False,False,3
104,ASOMEX 1.25mg TAB 15 sEMC449 15 s,ASOMEX 1.25 TABLETS 1X15T,424440754,ASOMEX,ASOMEX 1.25 MG TABLET,424440001,ASOMEX AT 2.5 MG TABLET 1X15T,424441921,0.8783,True,ASOMEX 2.5 MG TABLET 1X15T,424441736,0.8732,True,ASOMEX AT 5 MG TABLET 1X15T,424441922,0.8699,True,0.8783,0.8699,0.8738,3,True,False,3
105,ENCICARB 1K INJ 1 VIALEMC60 1 VIAL,ENCICARB INJECTION 100MG/2ML,422220078,ENCICARB,ENCICARB INJECTION 1K,422220233,EMSTAR 1 GM INJ 1 VIAL,421110944,0.8660,False,CITAFINE 1 GM INJ 1 VIAL,422220160,0.8617,False,PEMCURE 500 MG INJ 1 VIAL,421111011,0.8543,False,0.8660,0.8543,0.8607,0,False,False,3
106,ASOMEX 1.25MG TAB 1X15S,ASOMEX 1.25 TABLETS 1X15T,424440754,ASOMEX,ASOMEX 1.25 MG TABLET,424440001,ASOMEX AT 2.5 MG TABLET 1X15T,424441921,0.9163,True,ASOMEX 2.5 MG TABLET 1X15T,424441736,0.9085,True,ASOMEX AT 5 MG TABLET 1X15T,424441922,0.9059,True,0.9163,0.9059,0.9102,3,True,False,3
107,PROXYM ER 300MG TAB 15 S 1X15,PROXYM ER 200 TABLETS 15 T,424441863,PROXYM,PROXYM ER TABLET 1X15T,424441862,PROXYM ER 200 TABLETS,424441015,0.8227,True,PROXYM 300 TABLETS,424440535,0.8213,True,PROXYM ER  TABLETS,424441016,0.8198,True,0.8227,0.8198,0.8213,3,True,False,3
108,GALACT LACTATION GRANULES ELAICHI FLV 200G 1X200GM,GALACT GRANULE 200 GM ELAICHI,421112871,GALACT,GALACT PLUS LACTATION BAR 15x20GM,421112942,GALACT GRANULES 600GM ELAICHI,421113037,0.8950,True,GALACT GRANULES 400GM ELAICHI,421113094,0.8859,True,GALACT GRANULES 10GM ELAICHI,421112986,0.8751,True,0.8950,0.8751,0.8853,3,True,False,3
109,ENCICARB 1GM/20ML INJ 1X20ML,ENCICARB INJECTION 1K,422220233,ENCICARB,ENCICARB INJECTION 1K,422220233,ENCICARB INJECTION 100MG/2ML,422220078,0.8069,True,ENCICARB INJECTION 500MG/10ML,422220079,0.7996,True,ENCICARB INJECTION 750MG/15ML,421112707,0.7878,True,0.8069,0.7878,0.7981,3,True,False,3
110,XGRAST 300MCG INJ 1 PFS 1 PFS,XGRAST 300 MCG INJ 1 PFS,492220092,XGRAST,XGRAST  INJ 300 MCG/0.5 ML PFS,422220290,EMGRAST 300 MCG INJ 1 PFS,422220194,0.8450,False,PEGEX 6 MG INJ 1 PFS,422220252,0.7404,False,OSTERI INJECTION 750 MCG PFS,421111655,0.7366,False,0.8450,0.7366,0.7740,0,False,False,3
111,ASOMEX 1.25MG 1X15S,ASOMEX 1.25 TABLETS 1X15T,424440754,ASOMEX,ASOMEX 1.25 MG TABLET,424440001,ASOMEX AT 2.5 MG TABLET 1X15T,424441921,0.9042,True,ASOMEX AT 5 MG TABLET 1X15T,424441922,0.8998,True,ASOMEX 2.5 MG TABLET 1X15T,424441736,0.8888,True,0.9042,0.8888,0.8976,3,True,False,3
112,OROFER FCM ING 50 1VIL,OROFER FCM  INJECTION 500MG/10ML,421111114,OROFER,OROFER FCM  INJECTION 1K,421111805,OROFER FCM INJECTION 750MG/15ML,421112705,0.7758,True,HOSIT FCM INJECTION 1K,421112615,0.7624,False,FCMO INJECTION 1k/20ML,421112711,0.7263,False,0.7758,0.7263,0.7548,1,False,False,3
113,TEMSAN H 15 15 S,TEMSAN H TABLETS 1X15 T,424441191,TEMSAN,TEMSAN 80 H TABLETS 1X15T,424441192,TEMSAN - AM TABLETS 1X15T,424441539,0.7890,True,TEMSAN AM-5 TABLETS 1X15 T,421111794,0.7796,True,TEMSAN H TABLETS,424440638,0.7763,True,0.7890,0.7763,0.7816,3,True,False,3
114,SNUMLO 5 Mg 20BOX 15*2tab,S-NUMLO 5 MG TABLET 1x15 T,424441204,S-NUMLO,S-NUMLO 5 MG TABLET,424440012,S-NUMLO 2.5 MG TABLET 1x15 T,424441203,0.8623,True,S-NUMLO 2.5 MG TABLET,424440011,0.8275,True,NUMLO TABLET 2.5 MG,420000458,0.8192,False,0.8623,0.8192,0.8363,2,False,False,3
115,"FERIUM XT.TAB. 15""S",FERIUM XT TABLET 10x15T,424441955,FERIUM,FERIUM XT TABLET,424441702,MEZTEC 1.2 GM TAB,423331142,0.7633,False,EMLINZ M 2.5/1000 TAB 1X10T,429991542,0.7611,False,ACEGABA NT 200 TABLET 1x15T,421112686,0.7557,False,0.7633,0.7557,0.7600,0,False,False,3
116,"ASOMEX D-2.5 TABS. 15""S",ASOMEX D TABLET 1x15T,424440759,ASOMEX,ASOMEX D TABLET,424440007,ASOMEX 2.5 MG TABLET 1X15T,424441736,0.8340,True,ASOMEX AT 2.5 MG TABLET 1X15T,424441921,0.8326,True,ASOMEX 2.5 MG TABLET 1x30T,424440094,0.8142,True,0.8340,0.8142,0.8269,3,True,False,3
117,"ASOMEX-LT-2.5MG TABS 15""S",ASOMEX LT TABLET 1X15T,424440761,ASOMEX,ASOMEX LT 2.5 MG TABLET,424440489,ASOMEX AT 2.5 MG TABLET 1X15T,424441921,0.8916,True,ASOMEX 2.5 MG TABLET 1X15T,424441736,0.8822,True,ASOMEX AT 5 MG TABLET 1X15T,424441922,0.8669,True,0.8916,0.8669,0.8802,3,True,False,3
118,"NUMLO -D TAB. 15""S",NUMLO-D TABLET 1X15 T,424441202,NUMLO,NUMLO-D TABLET,421110384,NUMLO-AT TABLET 1X15 T,424441936,0.8281,True,NUMLO-D 5 TABLET 1x15 T,424441201,0.8143,True,NUMLO-D 5 TABLET,424440017,0.7979,True,0.8281,0.7979,0.8134,3,True,False,3
119,"S-NUMLO 2.5MG 15""S",S-NUMLO 2.5 MG TABLET 1x15 T,424441203,S-NUMLO,S-NUMLO 2.5 MG TABLET,424440011,S-NUMLO 5 MG TABLET 1x15 T,424441204,0.8967,True,S-NUMLO 5 MG TABLET,424440012,0.8858,True,S-NUMLO 1.25 MG TABLET,424440010,0.8825,True,0.8967,0.8825,0.8883,3,True,False,3
120,"S-NUMLO 5MG 15""S",S-NUMLO 5 MG TABLET 1x15 T,424441204,S-NUMLO,S-NUMLO 5 MG TABLET,424440012,S-NUMLO 2.5 MG TABLET 1x15 T,424441203,0.8985,True,S-NUMLO 2.5 MG TABLET,424440011,0.8780,True,S-NUMLO 1.25 MG TABLET,424440010,0.8706,True,0.8985,0.8706,0.8824,3,True,False,3
121,"ASOMEX - TM 5 15""S",ASOMEX - TM 5 TABLETS 1X15T,421111383,ASOMEX,ASOMEX - TM 5 TABLETS,421110576,ASOMEX D 5 TABLET 1x15T,424440760,0.7920,True,ASOMEX LT TABLET 1X15T,424440761,0.7824,True,ASOMEX D TABLET 1x15T,424440759,0.7814,True,0.7920,0.7814,0.7853,3,True,False,3
122,"ASOMEX AT- 5 15""S",ASOMEX AT 5 MG TABLET 1X15T,424441922,ASOMEX,ASOMEX AT 5 MG TABLET,424440006,ASOMEX AT 2.5 MG TABLET 1X15T,424441921,0.7874,True,ASOMEX 1.25 TABLETS 1X15T,424440754,0.7684,True,ASOMEX D 5 TABLET 1x15T,424440760,0.7636,True,0.7874,0.7636,0.7731,3,True,False,3
123,"EMLEVO -500 15""S",EMLEVO 500 TABLET 1 X 15 T,421113002,EMLEVO,EMLEVO 500 TABLET,421112031,EMLEVO 1000 TABLET,421112029,0.7436,True,EMSITA M 50/500 1X10T,421112586,0.7384,False,EMLEVO - XR 500 TABLET,421112028,0.7355,True,0.7436,0.7355,0.7392,2,False,False,3
124,EPITRIL 0.50 1X10TAB PCS,EPITRIL 0.5 MG TABLET,424441024,EPITRIL,EPITRIL 1 MG TABLET,424441025,EPITRIL MD 0.5 MG TABLET 10X10T,421111787,0.8275,True,EPITRIL MD 0.25 MG TABLET 10X10T,421111786,0.8205,True,EPITRIL MD 1 MG TABLET 10X10T,421111788,0.8152,True,0.8275,0.8152,0.8211,3,True,False,3
125,ASOMEX 2.5 MG 1X15AB Pcs,ASOMEX 2.5 MG TABLET 1X15T,424441736,ASOMEX,ASOMEX 2.5 MG TABLET,424440002,ASOMEX AT 2.5 MG TABLET 1X15T,424441921,0.9058,True,ASOMEX AT 5 MG TABLET 1X15T,424441922,0.8881,True,ASOMEX AT 2.5 MG TABLET,420000021,0.8770,True,0.9058,0.8770,0.8903,3,True,False,3
126,OROFER XT SUSP 1X200ML Pcs,OROFER XT + SUSPENSION 200 ML,424441225,OROFER,OROFER XT DROPS,424441717,OROFER XT TABLET 1X30 T,424441705,0.7816,True,OROFER XT TABLET 1x15T,424442006,0.7735,True,OROFER XT TABLET,424441704,0.7508,True,0.7816,0.7508,0.7686,3,True,False,3
127,OSTERI INJ NEEDLED 30S,OSTERI INJECTION NEEDLES,421111705,OSTERI,OSTERI INJECTION 750 MCG PFS,421111655,GROS 30 INJ 1 VIAL,422220280,0.7344,False,NEVIR ER TBALET 1 X 30,424441482,0.7144,False,NORMET R 30 SACHET,420000793,0.7093,False,0.7344,0.7093,0.7194,0,False,False,3
128,OSTERI INJ 600MG PEN,OSTERI INJ.600MCG /2.4MLPEN DEVICE,421112507,OSTERI,OSTERI INJECTION 750 MCG PFS,421111655,AUGPEN I.V. 600 MG INJECTION,423331091,0.7616,False,EXHEP PEN CARTRIDGE 300MG/3ML,421112829,0.7499,False,EMSTAR 500 MG INJ 1 VIAL,421110943,0.7446,False,0.7616,0.7446,0.7520,0,False,False,3
129,FERIUM 1K 20ML 1 S,FERIUM INJECTION 1K (1GM/20ML),421111885,FERIUM,FERIUM SYRUP 150 ML,424440123,FERRIC CARBOXYMALTOSE INJ 1G/20ML,420007076,0.8061,False,FERINJECT 1000mg/20 mL VIAL,420430002,0.7867,False,FERIUM INJECTION 750MG/15ML,421112706,0.7830,True,0.8061,0.7830,0.7919,1,False,False,3
130,GALACT LACTATION GRANULES CHOCO FLV 600G 600G,GALACT GRANULES 600GM CHOCOLATE,421113039,GALACT,GALACT PLUS LACTATION BAR 15x20GM,421112942,GALACT GRANULES 600GM ELAICHI,421113037,0.8949,True,GALACT GRANULES 400GM ELAICHI,421113094,0.8493,True,GALACT GRANULES 400 GM CHOCOLATE,421112876,0.8445,True,0.8949,0.8445,0.8629,3,True,False,3
131,GALACT LACTATION GRANULES CHOCOLATE FLAV 400G 400G,GALACT GRANULES 400 GM CHOCOLATE,421112876,GALACT,GALACT PLUS LACTATION BAR 15x20GM,421112942,GALACT GRANULES 600GM CHOCOLATE,421113039,0.8697,True,GALACT GRANULES 400GM ELAICHI,421113094,0.8621,True,GALACT GRANULES CHOCOLATE,421112647,0.8370,True,0.8697,0.8370,0.8563,3,True,False,3
132,GALACT LACTATION GRANULES ELAICHI FLAV 400G 400G,GALACT GRANULES 400GM ELAICHI,421113094,GALACT,GALACT PLUS LACTATION BAR 15x20GM,421112942,GALACT GRANULES 600GM ELAICHI,421113037,0.8949,True,GALACT GRANULES 10GM ELAICHI,421112986,0.8643,True,GALACT GRANULE 200 GM ELAICHI,421112871,0.8481,True,0.8949,0.8481,0.8691,3,True,False,3
133,GALACT LACTATION GRANULES ELAICHI FLV 600G 600G,GALACT GRANULES 600GM ELAICHI,421113037,GALACT,GALACT PLUS LACTATION BAR 15x20GM,421112942,GALACT GRANULES 400GM ELAICHI,421113094,0.8952,True,GALACT GRANULES 10GM ELAICHI,421112986,0.8660,True,GALACT GRANULE 200 GM ELAICHI,421112871,0.8602,True,0.8952,0.8602,0.8738,3,True,False,3
134,GALACT LACTATION GRANULES KESAR FLV 400G 400G,GALACT GRANULES 400 GM KESAR,421112875,GALACT,GALACT PLUS LACTATION BAR 15x20GM,421112942,GALACT GRANULES KESAR,421112646,0.8881,True,GALACT GRANULES 400GM ELAICHI,421113094,0.8593,True,GALACT GRANULES 600GM ELAICHI,421113037,0.8172,True,0.8881,0.8172,0.8549,3,True,False,3
135,GALACT PLUS S/F CHOCO HAZELNUT FLV POWDER 400G JAR 400 GM,GALACT PLUS NUTRITION POWDER 400GM CHOCO,421113062,GALACT,GALACT GRANULES 400 GM KESAR,421112875,GALACT PLUS NUTRITION POWDER 200GM,421113114,0.8344,True,GALACT GRANULES 400 GM CHOCOLATE,421112876,0.8195,True,ARTH HIGH PROTEIN POWDER 400GM CHOCO HAZ,421113115,0.7943,False,0.8344,0.7943,0.8161,2,False,False,3
136,CARDACE 5X10X15 10 10,CARDACE 5 MG TABLET 10x15T,421112893,CARDACE,CARDACE 10 MG TABLET 10x15T,421112891,CARDACE H 5 TABLET 10x15T,421112899,0.8244,True,CARDACE AM 5 TABLET 10x15T,421112896,0.8228,True,CARDACE H 2.5 TABLET 10x15T,421112898,0.8226,True,0.8244,0.8226,0.8233,3,True,False,3
137,CARDACE 2.5X10X15 10 10,CARDACE 2.5 MG TABLET 10x15T,421112892,CARDACE,CARDACE 10 MG TABLET 10x15T,421112891,CARDACE H 2.5 TABLET 10x15T,421112898,0.8331,True,CARDACE AM 2.5 TABLET 10x15T,421112895,0.8269,True,CARDACE 5 MG TABLET 10x15T,421112893,0.8173,True,0.8331,0.8173,0.8258,3,True,False,3
138,CORDARONE 100X20X15 20 20,CORDARONE X 200 MG TABLET 10x15T,421112910,CORDARONE,CORDARONE 100 MG TABLET 20x15T,421112908,LEMCURE SACHET 20X5G,421112478,0.7716,False,LOPRESOR 100 10X10 T,420120021,0.7570,False,LOPRESOR 50 10X10 T,420120022,0.7345,False,0.7716,0.7345,0.7544,0,False,False,3
139,CORDARONE TAB 200MG 15 S,CORDARONE X 200 MG TABLET 10x15T,421112910,CORDARONE,CORDARONE 100 MG TABLET 20x15T,421112908,TIMCIN 200 MG TABLET,420000628,0.8067,False,EFCURE 200 MG TABLET 30s,424441076,0.8031,False,CORDARONE 150 MG/3ML INJECTION,421112909,0.7999,True,0.8067,0.7999,0.8032,1,False,False,3
140,GALACT GRANULES-400 GM 400 GM,GALACT GRANULES 400GM ELAICHI,421113094,GALACT,GALACT GRANULES 400 GM CHOCOLATE,421112876,GALACT GRANULES 400 GM KESAR,421112875,0.8830,True,GALACT GRANULES,420000615,0.8744,True,GALACT GRANULES 600GM ELAICHI,421113037,0.8579,True,0.8830,0.8579,0.8718,3,True,False,3
141,GALACT GRANULES 400GM CH,GALACT GRANULES 600GM CHOCOLATE,421113039,GALACT,GALACT GRANULES 400GM ELAICHI,421113094,GALACT GRANULES 400 GM KESAR,421112875,0.9083,True,GALACT GRANULES,420000615,0.8889,True,GALACT GRANULES 400 GM CHOCOLATE,421112876,0.8843,True,0.9083,0.8843,0.8938,3,True,False,3
142,GALOP PLUS 5X1X10 1*10,GALOP PLUS-5 TABLETS,421111957,GALOP,GALOP PLUS-10 TABLETS,421111958,APRUV-2.5 4X5X10 T,420000013,0.7690,False,APRUV-5 4X5X10 T,420000014,0.7624,False,APRUV - LT  3X2X10 T,421110502,0.7525,False,0.7690,0.7525,0.7613,0,False,False,3
143,FERIUM 1K ING 1X1,FERIUM INJECTION 1K (1GM/20ML),421111885,FERIUM,FERIUM INJECTION 500MG,421110953,FERIUM XT - Z TABLETS 1X10 T,424440134,0.7445,True,FERIUM XT DHA 7X1 KIT,424440135,0.7437,True,LANCURE I.V. 1X300 ML,421110934,0.7349,False,0.7445,0.7349,0.7410,2,False,False,3
144,CARDACE 2.515TAB,CARDACE 2.5 MG TABLET 10x15T,421112892,CARDACE,CARDACE 1.25 MG TABLET 10x15T,421112890,CARDACE METO 2.5 TABLET 10x10T,421112900,0.7448,True,CARDACE H 2.5 TABLET 10x15T,421112898,0.7429,True,CARDACE AM 2.5 TABLET 10x15T,421112895,0.7352,True,0.7448,0.7352,0.7410,3,True,False,3
145,OROFER FCM INJ 1VIAL PCS,OROFER FCM  INJECTION 500MG/10ML,421111114,OROFER,OROFER FCM  INJECTION 1K,421111805,OROFER FCM INJECTION 750MG/15ML,421112705,0.7803,True,HOSIT FCM INJECTION 1K,421112615,0.7507,False,EMGRAST 300 MCG INJ 1 PFS,422220194,0.6945,False,0.7803,0.6945,0.7418,1,False,False,3
146,FERIUM 1K 10ML 10ML,FERIUM INJECTION 1K (1GM/20ML),421111885,FERIUM,FERIUM CHEWABLE TABLETS 10X10 T,420000222,FERIUM SYRUP 150 ML,424440123,0.8043,True,FERINJECT 1000mg/20 mL VIAL,420430002,0.7725,False,FERIUM DROPS 15 ML,421110068,0.7688,True,0.8043,0.7688,0.7819,2,False,False,3
147,ASOMEX - TM STA 3 10S,ASOMEX - TM 5 TABLETS,421110576,ASOMEX,ASOMEX - TM TABLETS,421110575,ASOMEX - M  TABLETS 10X10 T,424441465,0.7445,True,ESLORIL 3X10 T,420030059,0.7314,False,ASOMEX - M 5 TABLETS 10X10 T,424441466,0.7162,True,0.7445,0.7162,0.7307,2,False,False,3
148,UREADERM MOIST CREAM 20 1X100GM,UREADERM MOISTURIZING CREAM 20% 100GM,421113046,UREADERM,UREADERM MOISTURIZING CREAM 10% 100GM,421113045,LUZARN LOTION 1 X 20 ML,429991253,0.8107,False,LUZARN CREAM 1X20 GM,421111943,0.8067,False,LUZARN CREAM 1X30 GM,421112520,0.8055,False,0.8107,0.8055,0.8076,0,False,False,3
149,PAUSE 500 VAIL,PAUSE INJECTION,424441951,PAUSE,PAUSE TABLET 500 MG,424441657,PAUSE-SR TABLETS,491110123,0.7300,True,PAUSE 1000 MG INJECTION,424442022,0.7200,True,PAUSE 250 MG TABLET,421111103,0.7189,True,0.7300,0.7189,0.7230,3,True,False,3
150,H)CARDACE 1.25mg Tab 15S,CARDACE 1.25 MG TABLET 10x15T,421112890,CARDACE,CARDACE H 2.5 TABLET 10x15T,421112898,CARDACE 2.5 MG TABLET 10x15T,421112892,0.8335,True,CARDACE 5 MG TABLET 10x15T,421112893,0.8293,True,CARDACE 10 MG TABLET 10x15T,421112891,0.8142,True,0.8335,0.8142,0.8257,3,True,False,3
151,H)CARDACE 2.5MG 15S,CARDACE 2.5 MG TABLET 10x15T,421112892,CARDACE,CARDACE H 2.5 TABLET 10x15T,421112898,CARDACE 1.25 MG TABLET 10x15T,421112890,0.8214,True,CARDACE 5 MG TABLET 10x15T,421112893,0.8103,True,CARDACE 10 MG TABLET 10x15T,421112891,0.7820,True,0.8214,0.7820,0.8046,3,True,False,3
152,H)CARDACE 5MG 15S,CARDACE 5 MG TABLET 10x15T,421112893,CARDACE,CARDACE H 5 TABLET 10x15T,421112899,CARDACE 1.25 MG TABLET 10x15T,421112890,0.8160,True,CARDACE 2.5 MG TABLET 10x15T,421112892,0.8154,True,CARDACE 10 MG TABLET 10x15T,421112891,0.7913,True,0.8160,0.7913,0.8076,3,True,False,3
153,ASOMEX LT 2.5+50 TAB 15S,ASOMEX LT TABLET 1X15T,424440761,ASOMEX,ASOMEX LT 2.5 MG TABLET,424440489,ASOMEX R TABLET,421110889,0.8010,True,ASOMEX AT 2.5 MG TABLET 1X15T,424441921,0.7939,True,ASOMEX AT 5 MG TABLET 1X15T,424441922,0.7829,True,0.8010,0.7829,0.7926,3,True,False,3
154,ASOMEX LT 2.5+50 TAB 15S,ASOMEX LT TABLET 1X15T,424440761,ASOMEX,ASOMEX LT 2.5 MG TABLET,424440489,ASOMEX R TABLET,421110889,0.8010,True,ASOMEX AT 2.5 MG TABLET 1X15T,424441921,0.7939,True,ASOMEX AT 5 MG TABLET 1X15T,424441922,0.7829,True,0.8010,0.7829,0.7926,3,True,False,3
155,EMANZEN 10T,EMANZEN D TABLET,424440056,EMANZEN,EMANZEN N CAPSULES 10,420000468,EMANZEN AP TABLET 10x10T,421113182,0.7888,True,EMLINZ M5/1000 TABLET 10x10T,421112828,0.7559,False,EMANZEN TBR-DS TABLETS 1X10 T,421112229,0.7380,True,0.7888,0.7380,0.7609,2,False,False,3
156,CARDACE H 1015 S 15 TAB,CARDACE H 10 TABLET 10x15T,421112897,CARDACE,CARDACE H 5 TABLET 10x15T,421112899,CARDACE H 2.5 TABLET 10x15T,421112898,0.8088,True,CARDACE 1.25 MG TABLET 10x15T,421112890,0.8031,True,CARDACE 10 MG TABLET 10x15T,421112891,0.7991,True,0.8088,0.7991,0.8037,3,True,False,3
157,NUCORIL-5MG TAB 30TAB,NUCORIL - 5 TABLETS 1X30 T,424440492,NUCORIL,NUCORIL 5 MG TAB 20,424440893,NUCORIL - 5 TABLETS 1X10 T,424441444,0.8175,True,VINCORT TABLET 30 MG,422220027,0.8056,False,NUCORIL OD TABLET,424440669,0.8019,True,0.8175,0.8019,0.8083,2,False,False,3
158,ROSUVAS-EZ 10 TAB 110S 27553 10S,ROSUVAS EZ 20 MG TABLET 1x10T,421112688,ROSUVAS EZ,ROSUVAS EZ-10 TABLETS,424441190,ROSUVAS EZ 40 TABLET 1x10T,421112724,0.8117,True,EMLINZ M 2.5/1000 TAB 1X10T,429991542,0.7779,False,CONSIVAS EZ 10 TABLET 1x10T,424441940,0.7732,False,0.8117,0.7732,0.7876,1,False,False,3
159,TEMSAN-80 CT TAB 10X10S 1259891 10S,TEMSAN CT 40/12.5 MG TABLET 10X10,424441139,TEMSAN,TEMSAN 80 CT TABLETS,424441140,TEMSAN LN TABLET 10x15T,421112933,0.8210,True,TEMSAN BS 5/40 TABLET 10x10T,421112703,0.8169,True,TEMSAN BS 2.5/40 TABLET 10x10T,421112702,0.8152,True,0.8210,0.8152,0.8177,3,True,False,3
160,ASOMEX-5mg TABS 15S 15S 15S1259865 15S,ASOMEX 1.25 TABLETS 1X15T,424440754,ASOMEX,ASOMEX 5 MG TABLET 1x15T,424441737,ASOMEX AT 5 MG TABLET 1X15T,424441922,0.8591,True,ASOMEX AT 2.5 MG TABLET 1X15T,424441921,0.8496,True,ASOMEX - TM 5 TABLETS 1X15T,421111383,0.8308,True,0.8591,0.8308,0.8465,3,True,False,3
161,ASOMEX-TM TABS 15S 10X1 15S 1259875 15S,ASOMEX - TM TABLETS 1X15T,424441530,ASOMEX,ASOMEX - TM TABLETS,421110575,ASOMEX - TM 5 TABLETS 1X15T,421111383,0.8123,True,ASOMEX 1.25 TABLETS 1X15T,424440754,0.8030,True,NUMLO-TM TABLETS 1X15 T,421112129,0.7875,False,0.8123,0.7875,0.8009,2,False,False,3
162,SYLATE-T 500mg TAB 10S 1260229 10S,SYLATE T 500 TABLET,421110143,SYLATE,SYLATE TABLET 500 MG,424441083,SYLATE M TABLET 500 MG,421110142,0.8413,True,SYLATE T TABLET,420000603,0.8208,True,CELLCEPT 500MG TABLET 10T,420008971,0.8101,False,0.8413,0.8101,0.8241,2,False,False,3
163,NUMLO-TM 5 TAB 115 S (1061708) 15 S,NUMLO-TM 5 TABLETS 1X15 T,421112128,NUMLO,NUMLO-TM 5 TABLETS,421110630,NUMLO-TM TABLETS,421111349,0.7974,True,NUMLO-AT TABLET 1X15 T,424441936,0.7943,True,NUMLO-AT TABLET,424440015,0.7833,True,0.7974,0.7833,0.7917,3,True,False,3
164,PROXYM-ER 300 TAB 1X15 STR,PROXYM ER 200 TABLETS 15 T,424441863,PROXYM,PROXYM ER TABLET 1X15T,424441862,PROXYM XT TABLET 1X15T,424441838,0.8230,True,PROXYM 300 TABLETS,424440535,0.8020,True,PROXYM TH8 TABLET 1x10T,424441957,0.7936,True,0.8230,0.7936,0.8062,3,True,False,3
165,FERIUM XT + SUSP 200ML SYR,FERIUM XT + SUSPENSION 200 ML,424441727,FERIUM,FERIUM XT DHA 7X1 KIT,424440135,FERIUM XT DROPS 15 ML,424441719,0.7460,True,FERIUM XT SUSPENSION,424440591,0.7458,True,FERIUM INJECTION 1K (1GM/20ML),421111885,0.7295,True,0.7460,0.7295,0.7404,3,True,False,3
166,FERIUM XT + SUSP 200ML SYR,FERIUM XT + SUSPENSION 200 ML,424441727,FERIUM,FERIUM XT DHA 7X1 KIT,424440135,FERIUM XT DROPS 15 ML,424441719,0.7460,True,FERIUM XT SUSPENSION,424440591,0.7458,True,FERIUM INJECTION 1K (1GM/20ML),421111885,0.7295,True,0.7460,0.7295,0.7404,3,True,False,3
167,LASIX 40 MG 80X15 STR,LASIX 40 MG TABLET 80x15T,421112913,LASIX,LASIX 40 MG/4ML INJECTION,421112912,TEMSAN 40 MG TABLETS 10x15T,424441699,0.7928,False,TEMSAN 80 MG TABLETS 10x15T,424441700,0.7916,False,PANSALVE 40 MG TABLET 20X10,421110837,0.7868,False,0.7928,0.7868,0.7904,0,False,False,3
168,INBEC TABLET NEW MRP STRIPS,INBEC CAPSULES,491110002,INBEC,INBEC TABLETS 1X30T,424441764,INBEC TABLETS 1X90T,424441554,0.7963,True,INFEN MR TABLETS,424440771,0.7781,False,MAHANAC MR TABLETS,423331405,0.7706,False,0.7963,0.7706,0.7817,1,False,False,3
169,MESALACURE TABLET 1.2GM NEW MRP Pcs.,MESALACURE TABLET  1.2GM,,,MESALACURE TABLET  1.2GM,424440981,ATEREMCURE 25 TABLET 1x15T,421112704,0.7876,False,SEMI XILIA MP 1 TABLETS,421111085,0.7850,False,FM ACTIVE TABLETS 1 X 15 T,421113004,0.7830,False,0.7876,0.7830,0.7852,0,False,False,3
170,VONADAY 600/300/30 30TAB,VONADAY 600/300/300 MG TABLET 30s,,,VONADAY 600/300/300 MG TABLET 30s,424440875,VONAVIR 600/200/300 MG TABLET 30s,424440821,0.7130,False,VONARIL SYRUP 1X30 ML,421111791,0.6840,False,A BEC 300 MG TABLET 30s,424440872,0.6822,False,0.7130,0.6822,0.6931,0,False,False,3
171,DAPAGZA M 10/10 10S,DAPAGZA M10/1000 1X10T,421112563,DAPAGZA,DAPAGZA M 10/ 500 1X10T,421112847,DAPAGZA M 5/1000 1X10T,421112564,0.8559,True,DAPAGZA L 10/5 TABLET 10x10T,421112809,0.7386,True,DAPAGZA 10 TABLET 1X15T,421112845,0.6936,True,0.8559,0.6936,0.7627,3,True,False,3
172,OROFER XT 200M 200,OROFER XT + SUSPENSION 200 ML,424441225,OROFER,OROFER XT TABLET,424441704,OROFER XT SUSPENSION 150 ML,424440590,0.8098,True,OROFER XT TOTAL TABLET,424441708,0.7898,True,OROFER XT DROPS,424441717,0.7894,True,0.8098,0.7894,0.7963,3,True,False,3
173,SYLATE T-500MG,SYLATE T 500 TABLET,421110143,SYLATE,SYLATE TABLET 500 MG,424441083,SYLATE M TABLET 500 MG,421110142,0.9156,True,SYLATE T TABLET,420000603,0.8568,True,SYLATE TABLETS 250 MG 10,424441082,0.8237,True,0.9156,0.8237,0.8654,3,True,False,3
174,PROXYM ER300 TAB,PROXYM ER 200 TABLETS,424441015,PROXYM,PROXYM ER  TABLETS,424441016,PROXYM ER 200 TABLETS 15 T,424441863,0.8276,True,PROXYM 300 TABLETS,424440535,0.8169,True,PROXYM 200 TABLET,424440534,0.8105,True,0.8276,0.8105,0.8183,3,True,False,3
175,FLAWLIZO MICRO 0.01 TUB 15 GM,FLAWLIZO MICRO 0.1% GEL 15GM TUBE PACK,421113050,FLAWLIZO,FLAWLIZO MICRO 0.04% GEL 15GM TUBE PACK,421113049,FLAWLIZO MICRO 0.1% GEL 15GM PUMP PACK,421113083,0.8309,True,FLAWLIZO MICRO 0.04% GEL 15GM PUMP PACK,421113085,0.8273,True,FLAWLIZO 0.025% CREAM 20GM,421113048,0.7524,True,0.8309,0.7524,0.8035,3,True,False,3
177,OSTERI INJ.600MCG PENNET30 1 UNIT,OSTERI INJ.600MCG /2.4MLPEN DEVICE,421112507,OSTERI,OSTERI INJECTION 750 MCG PFS,421111655,VINTOR 6000 IU INJ 1 PFS,422220118,0.7398,False,VINTOR 10000 IU INJ 1 PFS,422220120,0.7318,False,VINTOR 4000 IU INJ 1 PFS,422220108,0.7280,False,0.7398,0.7280,0.7332,0,False,False,3
178,TEMSAN 80 MG TABLETS10X15T-15 T,TEMSAN 80 MG TABLETS 10x15T,424441700,TEMSAN,TEMSAN 80 MG. TABLETS,424440934,TEMSAN 80 H TABLETS 1X15T,424441192,0.9579,True,TEMSAN 20 MG TABLETS 10x15T,424441698,0.9468,True,TEMSAN 40 MG TABLETS 10x15T,424441699,0.9394,True,0.9579,0.9394,0.9480,3,True,False,3
179,VYLDA OD 10 TAB,VYLDA OD 50 TABLET 1X15T,421112490,VYLDA,VYLDA OD 100 TABLETS,421112452,VYLDA TABLET,424442008,0.8341,True,VYLDA DM 100/10/1000 TABLET 1x10T,421112889,0.8054,True,VYLDA DM 100/10/500 TABLET 1x10T,421112888,0.8030,True,0.8341,0.8030,0.8142,3,True,False,3
180,LOBACOR 510T 10T,LOBACOR 5 TABLET,421112056,LOBACOR,LOBACOR 10 TABLET,421112055,LOPRESOR 50 10X10 T,420120022,0.7806,False,LOPRESOR 100 10X10 T,420120021,0.7759,False,VOVERAN D 10X10 T,420120041,0.7179,False,0.7806,0.7179,0.7581,0,False,False,3
181,ROSUVAS EZ 20 TAB-10STAB,ROSUVAS EZ 20 MG TABLET 1x10T,421112688,ROSUVAS EZ,ROSUVAS EZ-10 TABLETS,424441190,SIMSTAT 20 MG TAB 10,420000362,0.8078,False,SIMSTAT 10 MG TAB 10,421110138,0.7900,False,SIMSTAT 5 MG TAB 10,420000363,0.7780,False,0.8078,0.7780,0.7919,0,False,False,3
182,ROSUVAS EZ 40 TAB-10STAB,ROSUVAS EZ 40 TABLET 1x10T,421112724,ROSUVAS EZ,ROSUVAS EZ-10 TABLETS,424441190,ROSUVAS EZ 20 MG TABLET 1x10T,421112688,0.8167,True,SIMSTAT 10 MG TAB 10,421110138,0.7832,False,SIMSTAT 20 MG TAB 10,420000362,0.7801,False,0.8167,0.7801,0.7933,1,False,False,3
183,FERIUM CHEWABLE TABLET10-10 T,FERIUM CHEWABLE TABLETS 10X10 T,420000222,FERIUM,FERIUM 50 CHEWABLE TABLET 10,421110066,FERIUM CHEWABLE 100 MG TAB 10X10 T,424440048,0.9096,True,FERIUM XT - Z TABLETS 1X10 T,424440134,0.8294,True,FERIUM XT TABLET 10x15T,424441955,0.8186,True,0.9096,0.8186,0.8525,3,True,False,3
184,GALACT GRANULES 400GMELAICHI XENNEX-1X400 GM,GALACT GRANULES 400GM ELAICHI,421113094,GALACT,GALACT GRANULES 400 GM KESAR,421112875,GALACT GRANULES 600GM ELAICHI,421113037,0.8620,True,GALACT GRANULES,420000615,0.8611,True,GALACT GRANULES 400 GM CHOCOLATE,421112876,0.8579,True,0.8620,0.8579,0.8603,3,True,False,3
185,CELOL.D3.PLUS.TAB 10X10,CELOL D3 + TABLETS,424441917,CELOL,CELOL - D 3 CAPSULES,421111003,EMLINZ DM TABLET 10x10T,421112935,0.7773,False,EMANZEN AP TABLET 10x10T,421113182,0.7752,False,ARTH TABLET 10X10 T,420000531,0.7739,False,0.7773,0.7739,0.7755,0,False,False,3
186,FERIUM XT TAB 5X15,FERIUM XT TABLET 10x15T,424441955,FERIUM,FERIUM XT TABLET,424441702,ASOMEX LT TABLET 1X15T,424440761,0.7932,False,PROXYM XT TABLET 1X15T,424441838,0.7904,False,ATEREMCURE 25 TABLET 1x15T,421112704,0.7874,False,0.7932,0.7874,0.7903,0,False,False,3
187,PROXYM.ER.300 TAB 15TAB,PROXYM ER 200 TABLETS 15 T,424441863,PROXYM,PROXYM ER TABLET 1X15T,424441862,PROXYM 300 TABLETS,424440535,0.8040,True,PROXYM ER 200 TABLETS,424441015,0.7772,True,PROXYM 200 TABLET,424440534,0.7753,True,0.8040,0.7753,0.7855,3,True,False,3
188,ASOMEX.AT.5TAB 10X15,ASOMEX AT 5 MG TABLET 1X15T,424441922,ASOMEX,ASOMEX AT 5 MG TABLET,424440006,ASOMEX - M  TABLETS 10X10 T,424441465,0.7953,True,ASOMEX AT 2.5 MG TABLET 1X15T,424441921,0.7945,True,ESLO -AT TABLETS 5X2X15 T,427770143,0.7923,False,0.7953,0.7923,0.7940,2,False,False,3
189,AMARYL.M.2MG.TAB 1*20,AMARYL 2MG TABLET 15x30T,421113128,AMARYL,AMARYL M 2MG TABLET 8x20T,421113131,AMARYL M 1MG TABLET 8x20T,421113130,0.8183,True,AMARYL 1MG TABLET 10x30T,421113127,0.8092,True,AMARYL MV 2MG TABLET 10x15T,421113135,0.8053,True,0.8183,0.8053,0.8109,3,True,False,3
190,TEMSAN CT40/6.25,TEMSAN CT-6.25 TABLETS,421111887,TEMSAN,TEMSAN CT 40/12.5 MG TABLET 10X10,424441139,TEMSAN - 40 CV TABLETS,421110678,0.7756,True,TEMSAN BS 2.5/40 TABLET 10x10T,421112702,0.7631,True,TEMSAN BS 5/40 TABLET 10x10T,421112703,0.7616,True,0.7756,0.7616,0.7668,3,True,False,3
191,OROFER XT-SUSP 200ML,OROFER XT + SUSPENSION 200 ML,424441225,OROFER,OROFER XT DROPS,424441717,OROFER XT SUSPENSION 150 ML,424440590,0.8360,True,OROFER S 200 INJECTION 10 ML,421111388,0.8286,True,OROFER SYRUP 150 ML,424441435,0.8045,True,0.8360,0.8045,0.8230,3,True,False,3
192,S NUMLO 5 TAB 1152,S-NUMLO 5 MG TABLET 1x15 T,424441204,S-NUMLO,S-NUMLO 5 MG TABLET,424440012,NUMLO-D 5 TABLET,424440017,0.8433,False,NUMLO-AT TABLET,424440015,0.8274,False,NUMLO L TABLET,421110111,0.8238,False,0.8433,0.8238,0.8315,0,False,False,3
193,S NUMLO 2.5 TAB 1152,S-NUMLO 2.5 MG TABLET 1x15 T,424441203,S-NUMLO,S-NUMLO 2.5 MG TABLET,424440011,NUMLO-AT TABLET,424440015,0.8171,False,NUMLO-D 5 TABLET,424440017,0.8037,False,NUMLO-TM 5 TABLETS,421110630,0.7989,False,0.8171,0.7989,0.8066,0,False,False,3
194,TEMSAN-H TAB 10S EMCURE 15 S,TEMSAN H TABLETS 1X15 T,424441191,TEMSAN,TEMSAN H TABLETS,424440638,TEMSAN LN TABLET 10x15T,421112933,0.7984,True,TEMSAN BS 2.5/40 TABLET 10x10T,421112702,0.7853,True,TEMSAN BS 5/40 TABLET 10x10T,421112703,0.7789,True,0.7984,0.7789,0.7875,3,True,False,3
195,OROFER CAP 10S EMCURE 10 S,OROFER S INJECTION 2.5 ML,421111536,OROFER,OROFER CAPSULES,424440351,MECOVON CAPS. 10X10C,420030187,0.7631,False,OROFER S 200 INJECTION 10 ML,421111388,0.7609,True,ENCIFER - O 10 T,420020004,0.7368,False,0.7631,0.7368,0.7536,1,False,False,3
196,OROFER FCM INJEMCURE VIAL,OROFER FCM  INJECTION 500MG/10ML,421111114,OROFER,OROFER FCM  INJECTION 1K,421111805,OROFER FCM INJECTION 750MG/15ML,421112705,0.8134,True,GROS 30 INJ 1 VIAL,422220280,0.7942,False,EMSTAR 1 GM INJ 1 VIAL,421110944,0.7893,False,0.8134,0.7893,0.7990,1,False,False,3
197,OROFER XT TOTALEMCURE 10 s,OROFER XT TOTAL TABLET,424441708,OROFER,OROFER XT DROPS,424441717,OROFER XT TABLET,424441704,0.8101,True,OROFER XT-Z TABLETS 1X10 T,424440112,0.8050,True,OROFER XTM TABLETS,420001221,0.7941,True,0.8101,0.7941,0.8031,3,True,False,3
198,VYLDA D100 TABEMCURE 10 S,VYLDA D100/5 TABLET 1X10T,421112572,VYLDA,VYLDA D100/10 TABLET 1X10T,421112886,VYLDA DM 100/10/1000 TABLET 1x10T,421112889,0.8172,True,VYLDA DM 100/5/1000 TABLET 1x10T,421112639,0.8119,True,VYLDA DM 100/10/500 TABLET 1x10T,421112888,0.8018,True,0.8172,0.8018,0.8103,3,True,False,3
199,ASOMEX 1.25MG TAB EMCURE 15 S,ASOMEX 1.25 TABLETS 1X15T,424440754,ASOMEX,ASOMEX 1.25 MG TABLET,424440001,ASOMEX AT 2.5 MG TABLET 1X15T,424441921,0.8731,True,ASOMEX AT 5 MG TABLET 1X15T,424441922,0.8639,True,ASOMEX 2.5 MG TABLET 1X15T,424441736,0.8546,True,0.8731,0.8546,0.8639,3,True,False,3
200,FERIUM XT TAB.10S 15 TAB,FERIUM XT TABLET 10x15T,424441955,FERIUM,FERIUM XT TABLET,424441702,SIMSTAT 10 MG TAB 10,421110138,0.7785,False,MEZTEC 1.2 GM TAB,423331142,0.7633,False,ULTIMOX CLAV KID DT TAB,421112184,0.7596,False,0.7785,0.7596,0.7671,0,False,False,3
201,OSTERI INJ 600MCG / 1PEN,OSTERI INJ.600MCG /2.4MLPEN DEVICE,421112507,OSTERI,OSTERI INJECTION 750 MCG PFS,421111655,XGRAST  INJ 300 MCG/0.5 ML PFS,422220290,0.7454,False,XGRAST 300 MCG INJ 1 PFS,492220092,0.7423,False,EMGRAST 300 MCG INJ 1 PFS,422220194,0.7399,False,0.7454,0.7399,0.7425,0,False,False,3
202,ASOMEX 2.5 TAB 4515,ASOMEX 2.5 MG TABLET 1X15T,424441736,ASOMEX,ASOMEX 2.5 MG TABLET,424440002,ASOMEX AT 5 MG TABLET,424440006,0.7898,True,ASOMEX D 5 TABLET,424440008,0.7884,True,ASOMEX D TABLET,424440007,0.7862,True,0.7898,0.7862,0.7881,3,True,False,3
203,ASOMEX D5 3315,ASOMEX D 5 TABLET 1x15T,424440760,ASOMEX,ASOMEX D 5 TABLET,424440008,ASOMEX D TABLET,424440007,0.7565,True,ASOMEX R TABLET,421110889,0.7395,True,ASOMEX D TABLET 1x15T,424440759,0.7349,True,0.7565,0.7349,0.7436,3,True,False,3
204,ASOMEX LT 2.5 10X15,ASOMEX LT TABLET 1X15T,424440761,ASOMEX,ASOMEX LT 2.5 MG TABLET,424440489,APRUV-2.5 4X5X10 T,420000013,0.8212,False,APRUV - LT  3X2X10 T,421110502,0.8173,False,ASOMEX - M  TABLETS 10X10 T,424441465,0.8041,True,0.8212,0.8041,0.8142,1,False,False,3
205,VYLDA 50 6X15,VYLDA TABLETS 1X15 T,424441803,VYLDA,VYLDA TABLET,424442008,VYLDA OD 50 TABLET 1X15T,421112490,0.7996,True,TAVIN LN KIT 5X6 KIT,424441483,0.7752,False,EMSITA M 50/500 1X10T,421112586,0.7462,False,0.7996,0.7462,0.7737,1,False,False,3
206,NUMLO AT 2315,NUMLO-AT TABLET 1X15 T,424441936,NUMLO,NUMLO-AT TABLET,424440015,NUMLO-R TABLETS,421110615,0.7216,True,NUMLO-D TABLET,421110384,0.7126,True,NUMLO-TM TABLETS,421111349,0.7081,True,0.7216,0.7081,0.7141,3,True,False,3
207,NUMLO D TAB 3315,NUMLO-D TABLET 1X15 T,424441202,NUMLO,NUMLO-D TABLET,421110384,NUMLO-D 5 TABLET,424440017,0.8472,True,NUMLO-AT TABLET,424440015,0.8338,True,NUMLO L TABLET,421110111,0.8246,True,0.8472,0.8246,0.8352,3,True,False,3
208,NUMLO TM 5 TAB 10X15,NUMLO-TM 5 TABLETS 1X15 T,421112128,NUMLO,NUMLO-TM 5 TABLETS,421110630,NUMLO TMH TABLET 10x10T,421112770,0.8634,True,NUMLO-AT TABLET 1X15 T,424441936,0.8602,True,NUMLO-M  TABLETS 10X10 T,424441470,0.8534,True,0.8634,0.8534,0.8590,3,True,False,3
209,S NUMLO 2.5 4515,S-NUMLO 2.5 MG TABLET 1x15 T,424441203,S-NUMLO,S-NUMLO 2.5 MG TABLET,424440011,NUMLO-D 5 TABLET,424440017,0.7523,False,NUMLO-TM 5 TABLETS,421110630,0.7504,False,NUMLO TABLET 2.5 MG,420000458,0.7463,False,0.7523,0.7463,0.7497,0,False,False,3
210,S NUMLO 5 4515,S-NUMLO 5 MG TABLET 1x15 T,424441204,S-NUMLO,S-NUMLO 5 MG TABLET,424440012,NUMLO-D 5 TABLET,424440017,0.7298,False,NUMLO-TM 5 TABLETS,421110630,0.7214,False,NUMLO-D 5 TABLET 1x15 T,424441201,0.7065,False,0.7298,0.7065,0.7192,0,False,False,3
211,PROXYM ER (300) TAB 10X10,PROXYM ER 200 TABLETS,424441015,PROXYM,PROXYM ER  TABLETS,424441016,PROXYM ER TABLET 1X15T,424441862,0.8605,True,PROXYC - FT TABLETS 20X10,420000491,0.8444,False,PROXYM TH8 TABLET 1x10T,424441957,0.8210,True,0.8605,0.8210,0.8420,2,False,False,3
212,CORDARONE 1X10 Pcs,CORDARONE 100 MG TABLET 20x15T,421112908,CORDARONE,CORDARONE 150 MG/3ML INJECTION,421112909,CORDARONE X 200 MG TABLET 10x15T,421112910,0.7575,True,TREDICAL FT 10X10,420000606,0.7470,False,CERUME TABLET 1x10T,421112625,0.7337,False,0.7575,0.7337,0.7461,1,False,False,3
213,ASOMEX 2.5 MG TABLET 1X15I PCS,ASOMEX 2.5 MG TABLET 1X15T,424441736,ASOMEX,ASOMEX 2.5 MG TABLET,424440002,ASOMEX 5 MG TABLET 1x15T,424441737,0.9443,True,ASOMEX 2.5 MG TABLET 1x30T,424440094,0.9418,True,ASOMEX AT 2.5 MG TABLET 1X15T,424441921,0.9293,True,0.9443,0.9293,0.9385,3,True,False,3
214,OROFER FCM0 INJEC,OROFER FCM  INJECTION 500MG/10ML,421111114,OROFER,OROFER FCM  INJECTION 1K,421111805,OROFER FCM INJECTION 750MG/15ML,421112705,0.7902,True,HOSIT FCM INJECTION 1K,421112615,0.7086,False,FLOFRE INJ 2ML,421110290,0.6881,False,0.7902,0.6881,0.7290,1,False,False,3
215,ASOMEX-5 10X2X15T,ASOMEX 5 MG TABLET 1x15T,424441737,ASOMEX,ASOMEX 5 MG TABLET,424440003,ASOMEX - M 5 TABLETS 10X10 T,424441466,0.8576,True,ASOMEX - M  TABLETS 10X10 T,424441465,0.8492,True,ASOMEX - TM 5 TABLETS 1X15T,421111383,0.8306,True,0.8576,0.8306,0.8458,3,True,False,3
216,TEMSAN CT/12.5MG TAB 1X10,TEMSAN CT 40/12.5 MG TABLET 10X10,424441139,TEMSAN,TEMSAN CT TABLETS,421111094,TEMSAN CT-6.25 TABLETS,421111887,0.8581,True,TEMSAN 80 CT TABLETS,424441140,0.8555,True,TEMSAN 20 MG TABLETS 10x15T,424441698,0.8486,True,0.8581,0.8486,0.8541,3,True,False,3
217,DAONIL--M 10 15,DAONIL M TABLETS 1X15 T,421111961,DAONIL,DAONIL M TABLETS,421111118,DAONIL TABLETS,421111589,0.7911,True,DAONIL TABLETS 1 X 30 T,421111590,0.7537,True,SEMI DAONIL TABLETS,421111487,0.7337,True,0.7911,0.7337,0.7595,3,True,False,3
218,OROFER XT  200ML SYP 1 1,OROFER XT + SUSPENSION 200 ML,424441225,OROFER,OROFER XT SUSPENSION 150 ML,424440590,OROFER S 200 INJECTION 10 ML,421111388,0.7774,True,OROFER SYRUP 150 ML,424441435,0.7656,True,OROFER SYRUP 300 ML,424441446,0.7563,True,0.7774,0.7563,0.7664,3,True,False,3
219,LASIX-40MG DPCO,LASIX 40 MG TABLET 80x15T,421112913,LASIX,LASIX 40 MG/4ML INJECTION,421112912,PARIDEM IV 40MG,421112473,0.7734,False,ENOXARIN 40 MG INJECTION,423331161,0.7523,False,ELAXIM 40 MG INJ 1 VIAL,422220131,0.7484,False,0.7734,0.7484,0.7580,0,False,False,3
220,ASOMEX 1.25 MG TAB 15 15.0,ASOMEX 1.25 TABLETS 1X15T,424440754,ASOMEX,ASOMEX 1.25 MG TABLET,424440001,ASOMEX AT 2.5 MG TABLET 1X15T,424441921,0.8936,True,ASOMEX AT 5 MG TABLET 1X15T,424441922,0.8805,True,ASOMEX 2.5 MG TABLET 1X15T,424441736,0.8772,True,0.8936,0.8772,0.8838,3,True,False,3
221,PROXYM ER 300 TAB 15S 15.0,PROXYM ER 200 TABLETS 15 T,424441863,PROXYM,PROXYM ER TABLET 1X15T,424441862,PROXYM 300 TABLETS,424440535,0.8244,True,PROXYM ER 200 TABLETS,424441015,0.8165,True,PROXYM 200 TABLET,424440534,0.8068,True,0.8244,0.8068,0.8159,3,True,False,3
222,VYLDA DM 1000 10X10S,VYLDA DM 100/5/1000 TABLET 1x10T,421112639,VYLDA,VYLDA DM 100/10/1000 TABLET 1x10T,421112889,VYLDA DM 100/10/500 TABLET 1x10T,421112888,0.8518,True,VYLDA D100/10 TABLET 1X10T,421112886,0.8380,True,VYLDA-M 1000 TABLETS 1X10 T,424441911,0.8371,True,0.8518,0.8371,0.8423,3,True,False,3
223,VYLDA DM 500 10X10S,VYLDA DM 100/5/500 TABLET 1x10T,421112638,VYLDA,VYLDA DM 100/10/500 TABLET 1x10T,421112888,VYLDA DM 100/10/1000 TABLET 1x10T,421112889,0.8417,True,VYLDA DM 100/5/1000 TABLET 1x10T,421112639,0.8355,True,VOVERAN D 10X10 T,420120041,0.8221,False,0.8417,0.8221,0.8331,2,False,False,3
224,OROFER XT TABLET 5X15 TAB,OROFER XT TABLET 1x15T,424442006,OROFER,OROFER XT TABLET,424441704,OROFER XT TABLET 1X30 T,424441705,0.9161,True,OROFER XT TOTAL TABLET,424441708,0.8701,True,FERIUM XT TABLET 10x15T,424441955,0.8619,False,0.9161,0.8619,0.8827,2,False,False,3
225,TEMSAN -80 H TABLET 10X15,TEMSAN 80 H TABLETS 1X15T,424441192,TEMSAN,TEMSAN  80 H TABLETS,424440636,TEMSAN LN TABLET 10x15T,421112933,0.9534,True,TEMSAN BS 5/40 TABLET 10x10T,421112703,0.9302,True,TEMSAN BS 2.5/40 TABLET 10x10T,421112702,0.9294,True,0.9534,0.9294,0.9377,3,True,False,3
226,ASOMEX 1.25 MG TAB 20X15,ASOMEX 1.25 TABLETS 1X15T,424440754,ASOMEX,ASOMEX 1.25 MG TABLET,424440001,ASOMEX AT 2.5 MG TABLET 1X15T,424441921,0.9069,True,ASOMEX 2.5 MG TABLET 1X15T,424441736,0.9046,True,ASOMEX AT 5 MG TABLET 1X15T,424441922,0.8976,True,0.9069,0.8976,0.9030,3,True,False,3
227,ASOMEX 5 MG TAB 20X15,ASOMEX 5 MG TABLET 1x15T,424441737,ASOMEX,ASOMEX 5 MG TABLET,424440003,ASOMEX AT 5 MG TABLET 1X15T,424441922,0.9145,True,ASOMEX 2.5 MG TABLET 1X15T,424441736,0.9025,True,ASOMEX AT 2.5 MG TABLET 1X15T,424441921,0.8976,True,0.9145,0.8976,0.9049,3,True,False,3
228,NUMLO -AT TAB 10X15 15 TAB,NUMLO-AT TABLET 1X15 T,424441936,NUMLO,NUMLO-AT TABLET,424440015,NUMLO-D TABLET 1X15 T,424441202,0.8162,True,NUMLO-M  TABLETS 10X10 T,424441470,0.8018,True,NUMLO TMH TABLET 10x10T,421112770,0.7948,True,0.8162,0.7948,0.8043,3,True,False,3
229,S-NUMLO- 2.5 MG TAB 20X15 15 TAB,S-NUMLO 2.5 MG TABLET 1x15 T,424441203,S-NUMLO,S-NUMLO 2.5 MG TABLET,424440011,S-NUMLO 5 MG TABLET 1x15 T,424441204,0.8868,True,NUMLO TABLET 2.5 MG,420000458,0.8837,False,S-NUMLO 1.25 MG TABLET,424440010,0.8824,True,0.8868,0.8824,0.8843,2,False,False,3
230,S-NUMLO- 5 MG TAB 20X15 15 TAB,S-NUMLO 5 MG TABLET 1x15 T,424441204,S-NUMLO,S-NUMLO 5 MG TABLET,424440012,S-NUMLO 2.5 MG TABLET 1x15 T,424441203,0.9097,True,S-NUMLO 2.5 MG TABLET,424440011,0.8870,True,S-NUMLO 1.25 MG TABLET,424440010,0.8783,True,0.9097,0.8783,0.8917,3,True,False,3
231,TEMSAN - 20 TAB 10X15 15 TAB,TEMSAN 20 MG TABLETS 10x15T,424441698,TEMSAN,TEMSAN 20 MG. TABLETS,424440932,TEMSAN LN TABLET 10x15T,421112933,0.8952,True,TEMSAN BS 2.5/40 TABLET 10x10T,421112702,0.8601,True,TEMSAN BS 5/40 TABLET 10x10T,421112703,0.8587,True,0.8952,0.8587,0.8713,3,True,False,3
232,TEMSAN - 40 TAB 10X15 15 TAB,TEMSAN 40 MG TABLETS 10x15T,424441699,TEMSAN,TEMSAN 40 MG. TABLETS,424440933,TEMSAN LN TABLET 10x15T,421112933,0.8987,True,TEMSAN BS 5/40 TABLET 10x10T,421112703,0.8804,True,TEMSAN BS 2.5/40 TABLET 10x10T,421112702,0.8746,True,0.8987,0.8746,0.8846,3,True,False,3
233,TEMSAN - 80 TAB 10X15 15 TAB,TEMSAN 80 MG TABLETS 10x15T,424441700,TEMSAN,TEMSAN 80 MG. TABLETS,424440934,TEMSAN LN TABLET 10x15T,421112933,0.8944,True,TEMSAN BS 5/40 TABLET 10x10T,421112703,0.8602,True,TEMSAN BS 2.5/40 TABLET 10x10T,421112702,0.8598,True,0.8944,0.8598,0.8715,3,True,False,3
234,TEMSAN - 80-H TAB 10X15 15 TAB,TEMSAN 80 H TABLETS 1X15T,424441192,TEMSAN,TEMSAN  80 H TABLETS,424440636,TEMSAN LN TABLET 10x15T,421112933,0.8902,True,TEMSAN BS 2.5/40 TABLET 10x10T,421112702,0.8595,True,TEMSAN BS 5/40 TABLET 10x10T,421112703,0.8587,True,0.8902,0.8587,0.8695,3,True,False,3
235,TEMSAN - AM TAB10X15 10 TAB,TEMSAN - AM TABLETS 1X15T,424441539,TEMSAN,TEMSAN - AM TABLETS,421110955,TEMSAN LN TABLET 10x15T,421112933,0.8812,True,TEMSAN BS 2.5/40 TABLET 10x10T,421112702,0.8698,True,TEMSAN BS 5/40 TABLET 10x10T,421112703,0.8664,True,0.8812,0.8664,0.8725,3,True,False,3
236,TEMSAN - H TAB 10X15 15 TAB,TEMSAN H TABLETS 1X15 T,424441191,TEMSAN,TEMSAN H TABLETS,424440638,TEMSAN LN TABLET 10x15T,421112933,0.8944,True,TEMSAN BS 2.5/40 TABLET 10x10T,421112702,0.8524,True,TEMSAN BS 5/40 TABLET 10x10T,421112703,0.8500,True,0.8944,0.8500,0.8656,3,True,False,3
237,ASOMEX - 2.5 MG TAB 20X15 15 TAB,ASOMEX 2.5 MG TABLET 1X15T,424441736,ASOMEX,ASOMEX 2.5 MG TABLET,424440002,ASOMEX AT 2.5 MG TABLET 1X15T,424441921,0.9207,True,ASOMEX AT 5 MG TABLET 1X15T,424441922,0.8932,True,ASOMEX AT 2.5 MG TABLET,420000021,0.8814,True,0.9207,0.8814,0.8984,3,True,False,3
238,ASOMEX - 5 MG TAB20X15 15 TAB,ASOMEX 5 MG TABLET 1x15T,424441737,ASOMEX,ASOMEX 5 MG TABLET,424440003,ASOMEX AT 5 MG TABLET 1X15T,424441922,0.9202,True,ASOMEX AT 2.5 MG TABLET 1X15T,424441921,0.9109,True,ASOMEX 2.5 MG TABLET 1X15T,424441736,0.9009,True,0.9202,0.9009,0.9107,3,True,False,3
239,ASOMEX - D TAB10X15 15 TAB,ASOMEX D TABLET 1x15T,424440759,ASOMEX,ASOMEX D TABLET,424440007,ASOMEX LT TABLET 1X15T,424440761,0.8267,True,ASOMEX D 5 TABLET 1x15T,424440760,0.8262,True,ASOMEX - M  TABLETS 10X10 T,424441465,0.8012,True,0.8267,0.8012,0.8180,3,True,False,3
240,ASOMEX - D-5 TAB10X15 15 TAB,ASOMEX D 5 TABLET 1x15T,424440760,ASOMEX,ASOMEX D 5 TABLET,424440008,ASOMEX D TABLET 1x15T,424440759,0.8456,True,ASOMEX - M  TABLETS 10X10 T,424441465,0.8334,True,ASOMEX - M 5 TABLETS 10X10 T,424441466,0.8319,True,0.8456,0.8319,0.8370,3,True,False,3
241,ASOMEX - TM TAB10X15 15 TAB,ASOMEX - TM TABLETS 1X15T,424441530,ASOMEX,ASOMEX - TM TABLETS,421110575,ASOMEX LT TABLET 1X15T,424440761,0.8302,True,ASOMEX D TABLET 1x15T,424440759,0.8262,True,EMLINZ M 2.5/1000 TAB 1X10T,429991542,0.8161,False,0.8302,0.8161,0.8242,2,False,False,3
242,ASOMEX -TM -5 TAB10X15 15 TAB,ASOMEX - TM 5 TABLETS 1X15T,421111383,ASOMEX,ASOMEX - TM 5 TABLETS,421110576,ASOMEX - M  TABLETS 10X10 T,424441465,0.8337,True,ASOMEX - M 5 TABLETS 10X10 T,424441466,0.8278,True,ASOMEX D 5 TABLET 1x15T,424440760,0.8272,True,0.8337,0.8272,0.8296,3,True,False,3
243,PROXYM ER 300 TAB 10X15 15 TAB,PROXYM ER 200 TABLETS 15 T,424441863,PROXYM,PROXYM ER  TABLETS,424441016,PROXYM ER TABLET 1X15T,424441862,0.8708,True,PROXYM XT TABLET 1X15T,424441838,0.8264,True,PROXYC - FT TABLETS 20X10,420000491,0.8147,False,0.8708,0.8147,0.8373,2,False,False,3
244,NUMLO D TAB 9X15,NUMLO-D TABLET 1X15 T,424441202,NUMLO,NUMLO-D TABLET,421110384,NUMLO-AT TABLET 1X15 T,424441936,0.8673,True,NUMLO-D 5 TABLET 1x15 T,424441201,0.8488,True,NUMLO TMH TABLET 10x10T,421112770,0.8068,True,0.8673,0.8068,0.8410,3,True,False,3
245,NUMLO TM2.5 +40 MG TA 10X15,NUMLO-TM TABLETS 1X15 T,421112129,NUMLO,NUMLO-TM TABLETS,421111349,S-NUMLO 2.5 MG TABLET 1x15 T,424441203,0.8364,False,NUMLO-TM 5 TABLETS 1X15 T,421112128,0.8294,True,S-NUMLO 5 MG TABLET 1x15 T,424441204,0.8188,False,0.8364,0.8188,0.8282,1,False,False,3
246,OSTERI 600MCG INJ WITH NEEDLE 30 1PEN,OSTERI INJ.600MCG /2.4MLPEN DEVICE,421112507,OSTERI,OSTERI INJECTION NEEDLES,421111705,EMSTAR 500 MG INJ 1 VIAL,421110943,0.7637,False,EMSTAR 1 GM INJ 1 VIAL,421110944,0.7619,False,OXA 50 MG INJ 1 VIAL,422220253,0.7591,False,0.7637,0.7591,0.7616,0,False,False,3
247,EPITRIL.25 TAB 1X10TAB,EPITRIL 0.25 MG TABLET,424441023,EPITRIL,EPITRIL 1 MG TABLET,424441025,EPITRIL MD 0.25 MG TABLET 10X10T,421111786,0.8662,True,EPITRIL BETA 0.25 TABLETS 10X10T,421112140,0.8541,True,EPITRIL MD 0.5 MG TABLET 10X10T,421111787,0.8438,True,0.8662,0.8438,0.8547,3,True,False,3
248,FULVIRA INJ2X5ML 2X5ML,FULVIRA 250 MG INJ 2X5 ML PFS,421112211,FULVIRA,FULVIRA INJECTION 1X5 ML PFS,421112210,NEVIR ER TBALET 1 X 30,424441482,0.7622,False,APRUV-2.5 4X5X10 T,420000013,0.7506,False,APRUV-5 4X5X10 T,420000014,0.7211,False,0.7622,0.7211,0.7446,0,False,False,3
249,OREFER FCM 1k INJ,OROFER FCM  INJECTION 500MG/10ML,421111114,OROFER,OROFER FCM  INJECTION 1K,421111805,HOSIT FCM INJECTION 1K,421112615,0.8179,False,FCMO INJECTION 1k/20ML,421112711,0.7410,False,VINTOR 10000 IU INJ 1 PFS,422220120,0.7294,False,0.8179,0.7294,0.7628,0,False,False,3
250,ASOMAX LT 2.5 TAB 1X15 Pcs,ASOMEX LT TABLET 1X15T,424440761,ASOMEX,ASOMEX LT 2.5 MG TABLET,424440489,ASOMEX D TABLET 1x15T,424440759,0.8300,True,ASOMEX AT 2.5 MG TABLET 1X15T,424441921,0.8283,True,ASOMEX 2.5 MG TABLET 1X15T,424441736,0.8264,True,0.8300,0.8264,0.8282,3,True,False,3
251,C-LET 2.0 GM INJECTION 1X1,C - LET 2.0 GM INJECTION,421112471,C-LET,C - LET 1.0 GM INJECTION,421111669,C - PIME 1.0 GM INJECTION,421110858,0.8274,False,C-TAX 1 GM INJECTION,427770097,0.8264,False,C - DIME 1.0 GM INJECTION,421110851,0.8125,False,0.8274,0.8125,0.8221,0,False,False,3
252,OSTERI INJ NEEDLEFREE 1PCS,OSTERI INJECTION NEEDLES,421111705,OSTERI,OSTERI INJECTION 750 MCG PFS,421111655,OSTERI INJ.600MCG /2.4MLPEN DEVICE,421112507,0.7286,True,EMSTAR 1 GM INJ 1 VIAL,421110944,0.7107,False,VINTOR 10000 IU INJ 1 PFS,422220120,0.7008,False,0.7286,0.7008,0.7134,1,False,False,3
253,OSTERI INJ.600 MCG/2.4ML PE 1 PEN,OSTERI INJ.600MCG /2.4MLPEN DEVICE,421112507,OSTERI,OSTERI INJECTION 750 MCG PFS,421111655,EXHEP PEN CARTRIDGE 300MG/3ML,421112829,0.7388,False,PEMCURE 500 MG INJ 1 VIAL,421111011,0.7291,False,MAXTRA GARGLE 120 ML,423331303,0.7265,False,0.7388,0.7265,0.7315,0,False,False,3
254,FLAWLIZO MICRO 0.01 TUBE 15gm,FLAWLIZO MICRO 0.1% GEL 15GM TUBE PACK,421113050,FLAWLIZO,FLAWLIZO MICRO 0.04% GEL 15GM TUBE PACK,421113049,FLAWLIZO MICRO 0.1% GEL 15GM PUMP PACK,421113083,0.8558,True,FLAWLIZO MICRO 0.04% GEL 15GM PUMP PACK,421113085,0.8495,True,FLAWLIZO 0.025% CREAM 20GM,421113048,0.7748,True,0.8558,0.7748,0.8267,3,True,False,3
255,PROXYM-ER 300 1X15,PROXYM ER 200 TABLETS 15 T,424441863,PROXYM,PROXYM ER TABLET 1X15T,424441862,PROXYM XT TABLET 1X15T,424441838,0.7785,True,PROXYM 300 TABLETS,424440535,0.7666,True,PROXYM GEL 30 GM,421112498,0.7523,True,0.7785,0.7523,0.7658,3,True,False,3
256,C-LET 2.0 GM,C - LET 2.0 GM INJECTION,421112471,C-LET,C - LET OF TABLETS,421111080,C - LET 1.0 GM INJECTION,421111669,0.8885,True,C - LET CV TABLETS,421111013,0.6853,True,Q - TAX 1.0 GM INJECTION,421110967,0.6751,False,0.8885,0.6751,0.7496,2,False,False,3
257,S NUMLO 2.5 S 15TAB,S-NUMLO 2.5 MG TABLET 1x15 T,424441203,S-NUMLO,S-NUMLO 2.5 MG TABLET,424440011,NUMLO-AT TABLET 1X15 T,424441936,0.8135,False,NUMLO-D TABLET 1X15 T,424441202,0.7914,False,NUMLO-D 5 TABLET 1x15 T,424441201,0.7847,False,0.8135,0.7847,0.7965,0,False,False,3
258,S NUMLO 5 S 15TAB,S-NUMLO 5 MG TABLET 1x15 T,424441204,S-NUMLO,S-NUMLO 5 MG TABLET,424440012,NUMLO-AT TABLET 1X15 T,424441936,0.8098,False,NUMLO-D 5 TABLET 1x15 T,424441201,0.8074,False,NUMLO-D TABLET 1X15 T,424441202,0.8019,False,0.8098,0.8019,0.8064,0,False,False,3
259,OROFER XT DROPSH.S 15ML PCS,OROFER XT DROPS,424441717,OROFER,OROFER XT TABLET 1x15T,424442006,OROFER DROPS 15 ML,421110180,0.8414,True,OROFER XT SUSPENSION 150 ML,424440590,0.8177,True,ZEMCIFER - XT DROPS 15 ML,420500002,0.8160,False,0.8414,0.8160,0.8250,2,False,False,3
260,OROFER-XT SY. 1X200,OROFER XT + SUSPENSION 200 ML,424441225,OROFER,OROFER XT DROPS,424441717,OROFER XT TABLET 1X30 T,424441705,0.8089,True,OROFER XT TABLET 1x15T,424442006,0.8004,True,OROFER XT TABLET,424441704,0.7905,True,0.8089,0.7905,0.7999,3,True,False,3
261,PROXYM ER 300 TAB. 15S 15:S,PROXYM ER 200 TABLETS 15 T,424441863,PROXYM,PROXYM ER TABLET 1X15T,424441862,PROXYM ER 200 TABLETS,424441015,0.8036,True,PROXYM 300 TABLETS,424440535,0.8014,True,PROXYM ER  TABLETS,424441016,0.7886,True,0.8036,0.7886,0.7979,3,True,False,3
262,PROXYM ER 300 TAB. 15S 15:S,PROXYM ER 200 TABLETS 15 T,424441863,PROXYM,PROXYM ER TABLET 1X15T,424441862,PROXYM ER 200 TABLETS,424441015,0.8036,True,PROXYM 300 TABLETS,424440535,0.8014,True,PROXYM ER  TABLETS,424441016,0.7886,True,0.8036,0.7886,0.7979,3,True,False,3
263,UREADERM MOIST.CREAM 20 100GMS,UREADERM MOISTURIZING CREAM 20% 100GM,421113046,UREADERM,UREADERM MOISTURIZING CREAM 10% 100GM,421113045,AQUAOAT MOISTURIZING CREAM 100 GM,421112579,0.8008,False,AQUAOAT MOISTURIZING CREAM 250GM,421113108,0.7911,False,AQUAOAT MOISTURIZING CREAM 50GM,421111878,0.7882,False,0.8008,0.7882,0.7934,0,False,False,3
264,OSTERI 600MCG INJ PEN 1*2.4ML,OSTERI INJ.600MCG /2.4MLPEN DEVICE,421112507,OSTERI,OSTERI INJECTION 750 MCG PFS,421111655,PEMCURE 500 MG INJ 1 VIAL,421111011,0.7414,False,EMSTAR 500 MG INJ 1 VIAL,421110943,0.7405,False,EXHEP PEN CARTRIDGE 300MG/3ML,421112829,0.7395,False,0.7414,0.7395,0.7405,0,False,False,3
265,OROFER FCM INJ 1K 10ML 1X10ML,OROFER FCM  INJECTION 1K,421111805,OROFER,OROFER FCM  INJECTION 500MG/10ML,421111114,OROFER FCM INJECTION 750MG/15ML,421112705,0.8406,True,FCMO INJECTION 1k/20ML,421112711,0.8185,False,HOSIT FCM INJECTION 1K,421112615,0.7974,False,0.8406,0.7974,0.8188,1,False,False,3
266,EPOFER 4000IU INJ 1 PFS,EPOFER 4000 - PFS,422220109,EPOFER,EPOFER 4000 IU VIAL,422220112,EPOFER 40 000 IU PFS,491110058,0.9239,True,EPOFER 6000 - PFS,491110049,0.8783,True,EPOFER 10 000 - PFS,422220121,0.8756,True,0.9239,0.8756,0.8926,3,True,False,3
267,NUCORIL 5 TAB 1s,NUCORIL - 5 TABLETS 1X10 T,424441444,NUCORIL,NUCORIL 5 MG TAB 20,424440893,NUCORIL - 5 TABLETS 1X30 T,424440492,0.8102,True,NUCORIL OD TABLET,424440669,0.7928,True,NUMLO-D 5 TABLET 1x15 T,424441201,0.7815,False,0.8102,0.7815,0.7948,2,False,False,3
268,NUMLO-D 5/12.5 15S,NUMLO-D 5 TABLET,424440017,NUMLO,NUMLO-D 5 TABLET 1x15 T,424441201,NUMLO-D TABLET 1X15 T,424441202,0.8186,True,NUMLO-AT TABLET 1X15 T,424441936,0.8164,True,NUMLO-D TABLET,421110384,0.8002,True,0.8186,0.8002,0.8117,3,True,False,3
269,CINEZ D 1X15TA,CINEZ-D TABLETS,421112120,CINEZ,CINEZ-D TABLETS 1 X 15 T,421113003,SCAVISTA 1X1 T,420030136,0.7281,False,DAPAGZA 10 TABLET 1X15T,421112845,0.7164,False,ACEGABA NT 100 TABLET 1x15T,421112627,0.7104,False,0.7281,0.7104,0.7183,0,False,False,3
270,EPITRIL .25MG 1X10TA,EPITRIL 0.25 MG TABLET,424441023,EPITRIL,EPITRIL 1 MG TABLET,424441025,EPITRIL MD 0.25 MG TABLET 10X10T,421111786,0.9190,True,EPITRIL MD 0.5 MG TABLET 10X10T,421111787,0.8955,True,EPITRIL MD 1 MG TABLET 10X10T,421111788,0.8787,True,0.9190,0.8787,0.8977,3,True,False,3
271,EPITRIL .5MG 1X10TA,EPITRIL 0.5 MG TABLET,424441024,EPITRIL,EPITRIL 1 MG TABLET,424441025,EPITRIL MD 0.5 MG TABLET 10X10T,421111787,0.9043,True,EPITRIL MD 0.25 MG TABLET 10X10T,421111786,0.8887,True,EPITRIL MD 1 MG TABLET 10X10T,421111788,0.8801,True,0.9043,0.8801,0.8910,3,True,False,3
272,NUMLO-AT TAB 15*10,NUMLO-AT TABLET 1X15 T,424441936,NUMLO,NUMLO-AT TABLET,424440015,NUMLO-D TABLET 1X15 T,424441202,0.7995,True,NUMLO-D TABLET,421110384,0.7847,True,NUMLO L TABLET,421110111,0.7754,True,0.7995,0.7754,0.7865,3,True,False,3
273,S-NUMLO 2.5MG TAB 10X15,S-NUMLO 2.5 MG TABLET 1x15 T,424441203,S-NUMLO,S-NUMLO 2.5 MG TABLET,424440011,S-NUMLO 5 MG TABLET 1x15 T,424441204,0.8995,True,NUMLO TABLET 2.5 MG,420000458,0.8663,False,NUMLO-M 5 TABLETS 10X10 T,424441471,0.8614,False,0.8995,0.8614,0.8757,1,False,False,3
274,S-NUMLO 5MG TAB 15X10,S-NUMLO 5 MG TABLET 1x15 T,424441204,S-NUMLO,S-NUMLO 5 MG TABLET,424440012,S-NUMLO 2.5 MG TABLET 1x15 T,424441203,0.9125,True,NUMLO-TM 5 TABLETS 1X15 T,421112128,0.8762,False,NUMLO-M 5 TABLETS 10X10 T,424441471,0.8760,False,0.9125,0.8760,0.8882,1,False,False,3
275,VYLDA TAB 15*10,VYLDA TABLETS 1X15 T,424441803,VYLDA,VYLDA TABLET,424442008,VYLDA DM 100/10/1000 TABLET 1x10T,421112889,0.8096,True,VYLDA P TABLET 1x10T,421112679,0.8067,True,VYLDA DM 100/10/500 TABLET 1x10T,421112888,0.8067,True,0.8096,0.8067,0.8077,3,True,False,3
276,EMPRI L TAB 10 TAB,EMPRI L 10/5MG TABLET 10x10T,421113069,EMPRI,EMPRI 10MG TABLET 10x10T,421113067,SIMSTAT 10 MG TAB 10,421110138,0.8053,False,EMPRI L 25/5MG TABLET 10x10T,421113070,0.8012,True,EMPRI TABLET,421110405,0.7962,True,0.8053,0.7962,0.8009,2,False,False,3
277,OSTERI 60MCG INJ 2.4ML 2.4INJ,OSTERI INJ.600MCG /2.4MLPEN DEVICE,421112507,OSTERI,OSTERI INJECTION 750 MCG PFS,421111655,MAXTRA  SYP  60 ML,420030069,0.7642,False,TASPIANCE INJ 180 MCG/0.5ML PFS,491110378,0.7623,False,RTCARB INJ 100 mcg/ml,421112610,0.7612,False,0.7642,0.7612,0.7626,0,False,False,3
278,TEMSAN-80 H TAB 15*10,TEMSAN 80 H TABLETS 1X15T,424441192,TEMSAN,TEMSAN  80 H TABLETS,424440636,TEMSAN LN TABLET 10x15T,421112933,0.8265,True,TEMSAN 80 MG TABLETS 10x15T,424441700,0.8142,True,SIMSTAT 10 MG TAB 10,421110138,0.8069,False,0.8265,0.8069,0.8159,2,False,False,3
279,TEMSAN-AM TAB 15*10,TEMSAN - AM TABLETS 1X15T,424441539,TEMSAN,TEMSAN - AM TABLETS,421110955,TEMSAN LN TABLET 10x15T,421112933,0.8136,True,TEMSAN BS 2.5/40 TABLET 10x10T,421112702,0.7920,True,TEMSAN BS 5/40 TABLET 10x10T,421112703,0.7866,True,0.8136,0.7866,0.7974,3,True,False,3
280,TEMSAN-H TAB 15*10,TEMSAN H TABLETS 1X15 T,424441191,TEMSAN,TEMSAN H TABLETS,424440638,TEMSAN LN TABLET 10x15T,421112933,0.8326,True,TEMSAN BS 2.5/40 TABLET 10x10T,421112702,0.8032,True,TEMSAN BS 5/40 TABLET 10x10T,421112703,0.8022,True,0.8326,0.8022,0.8127,3,True,False,3
281,NUMLO D 5 TAB 15S 15,NUMLO-D 5 TABLET,424440017,NUMLO,NUMLO-D 5 TABLET 1x15 T,424441201,NUMLO-D TABLET 1X15 T,424441202,0.8244,True,NUMLO-AT TABLET 1X15 T,424441936,0.8204,True,NUMLO-D TABLET,421110384,0.8064,True,0.8244,0.8064,0.8171,3,True,False,3
282,ASOMEX M TAB 1X10 Pcs,ASOMEX 5 MG TABLET,424440003,ASOMEX,ASOMEX - M  TABLETS 10X10 T,424441465,ASOMEX LT TABLET 1X15T,424440761,0.8455,True,ASOMEX D TABLET 1x15T,424440759,0.8444,True,EMLINZ M 2.5/1000 TAB 1X10T,429991542,0.8385,False,0.8455,0.8385,0.8428,2,False,False,3
283,ASOMEX-M 5 1X10 Pcs,ASOMEX 5 MG TABLET,424440003,ASOMEX,ASOMEX - M 5 TABLETS 10X10 T,424441466,ASOMEX - M  TABLETS 10X10 T,424441465,0.8029,True,ASOMEX D TABLET 1x15T,424440759,0.7668,True,ASOMEX D 5 TABLET 1x15T,424440760,0.7648,True,0.8029,0.7648,0.7782,3,True,False,3
284,NUCORIL-5 1X20 Pcs,NUCORIL - 5 TABLETS 1X10 T,424441444,NUCORIL,NUCORIL 5 MG TAB 20,424440893,NUCORIL - 5 TABLETS 1X30 T,424440492,0.8355,True,NUMLO-TM 5 TABLETS 1X15 T,421112128,0.7378,False,NUMLO-D 5 TABLET 1x15 T,424441201,0.7280,False,0.8355,0.7280,0.7671,1,False,False,3
285,TEMSAN 40MG 10X15,TEMSAN 40 MG TABLETS 10x15T,424441699,TEMSAN,TEMSAN 40 MG. TABLETS,424440933,TEMSAN CT 40/12.5 MG TABLET 10X10,424441139,0.9077,True,TEMSAN 20 MG TABLETS 10x15T,424441698,0.9075,True,TEMSAN 80 MG TABLETS 10x15T,424441700,0.8979,True,0.9077,0.8979,0.9044,3,True,False,3
286,TEMSAN H 40MG 10X15,TEMSAN H TABLETS 1X15 T,424441191,TEMSAN,TEMSAN H TABLETS,424440638,TEMSAN 40 MG TABLETS 10x15T,424441699,0.9287,True,TEMSAN 20 MG TABLETS 10x15T,424441698,0.9000,True,TEMSAN CT 40/12.5 MG TABLET 10X10,424441139,0.8990,True,0.9287,0.8990,0.9092,3,True,False,3
287,TEMSAN AM 5 15 15,TEMSAN AM-5 TABLETS 1X15 T,421111794,TEMSAN,TEMSAN - AM 5 TABLETS,421110956,TEMSAN - AM TABLETS,421110955,0.7310,True,TEMSAN H TABLETS,424440638,0.7124,True,TEMSAN  80 H TABLETS,424440636,0.7061,True,0.7310,0.7061,0.7165,3,True,False,3
288,EMSITA M SR TABS 100/1000MG,EMSITA M SR 100/1000 1X10T,421112596,EMSITA,EMSITA M SR 100/500 TABLET 1x10T,421112619,EMSITA 100 MG TABLET 1X10T,421112585,0.8408,True,EMTUX 100MG/10ML,421112666,0.8112,False,EMSITA 50 MG TABLET 1X10T,421112584,0.7998,True,0.8408,0.7998,0.8173,2,False,False,3
289,TEMSAN AM TABS 5MG,TEMSAN - AM TABLETS,421110955,TEMSAN,TEMSAN - AM 5 TABLETS,421110956,TEMSAN AM-5 TABLETS 1X15 T,421111794,0.8439,True,NUSAR AM 5 MG TABLET,421110117,0.8432,False,TEMSAN 20 MG. TABLETS,424440932,0.8411,True,0.8439,0.8411,0.8427,2,False,False,3
290,ASOMEX LT2.5 1X15TAB,ASOMEX LT TABLET 1X15T,424440761,ASOMEX,ASOMEX LT 2.5 MG TABLET,424440489,ASOMEX AT 2.5 MG TABLET 1X15T,424441921,0.8224,True,ASOMEX D TABLET 1x15T,424440759,0.8176,True,ASOMEX AT 5 MG TABLET 1X15T,424441922,0.8147,True,0.8224,0.8147,0.8182,3,True,False,3
291,ATOREC-10 TAB D 1X10TAB,ATOREC 10 MG TABLET,424441079,ATOREC,ATOREC - D 3 TABLETS,421110991,ATOREC F 10/160 MG TABLET 10X10,424441186,0.8615,True,EMILDAP GM 10/1/1000 TABLET 10x10T,421112742,0.8121,False,EFICEF - 100 DT TABLETS 10X10 T,427770051,0.8069,False,0.8615,0.8069,0.8268,1,False,False,3
292,EMSITA M SR 100/1000 1X10TAB,EMSITA M SR 100/1000 1X10T,421112596,EMSITA,EMSITA M SR 100/500 TABLET 1x10T,421112619,EMSITA M 50/1000 1X10T,421112587,0.8945,True,EMSITA M 50/500 1X10T,421112586,0.8594,True,EMILDAP M10/1000 1X10T,421112571,0.8471,False,0.8945,0.8471,0.8670,2,False,False,3
293,OSTERI INJ 600 MC,OSTERI INJ.600MCG /2.4MLPEN DEVICE,421112507,OSTERI,OSTERI INJECTION 750 MCG PFS,421111655,VINTOR 6000 IU INJ 1 PFS,422220118,0.7777,False,VINTOR 10000 IU INJ 1 PFS,422220120,0.7602,False,VINTOR 4000 IU INJ 1 PFS,422220108,0.7509,False,0.7777,0.7509,0.7629,0,False,False,3
294,PROXYM ER 300MG TABLET 15 S,PROXYM ER 200 TABLETS 15 T,424441863,PROXYM,PROXYM ER TABLET 1X15T,424441862,PROXYM 300 TABLETS,424440535,0.8812,True,PROXYM ER 200 TABLETS,424441015,0.8739,True,PROXYM ER  TABLETS,424441016,0.8692,True,0.8812,0.8692,0.8748,3,True,False,3
295,MATERNA HMG HP 1200IU 1 VIAL,MATERNA HMG HP 1200 IU/4ML MD,421112530,MATERNA,MATERNA HMG HP 300 IU/1ML PFS,421112532,MATERNA HMG HP 225 IU/0.75ML PFS,421112531,0.8385,True,EMSTAR 1 GM INJ 1 VIAL,421110944,0.8240,False,PEMCURE 500 MG INJ 1 VIAL,421111011,0.8168,False,0.8385,0.8168,0.8264,1,False,False,3
296,XGRAST INJ 300MCG 1 1 VIAL,XGRAST 300 MCG INJ 1 PFS,492220092,XGRAST,XGRAST  INJ 300 MCG/0.5 ML PFS,422220290,GROS 30 INJ 1 VIAL,422220280,0.8857,False,GROS  260 MG INJ 1 VIAL,422220168,0.8769,False,CITAFINE 1 GM INJ 1 VIAL,422220160,0.8761,False,0.8857,0.8761,0.8796,0,False,False,3
297,ASOMEX M 2.5MG TAB 15 S,ASOMEX 2.5 MG TABLET 1X15T,424441736,ASOMEX,ASOMEX - M  TABLETS 10X10 T,424441465,ASOMEX AT 2.5 MG TABLET 1X15T,424441921,0.8930,True,ASOMEX 2.5 MG TABLET,424440002,0.8908,True,ASOMEX AT 2.5 MG TABLET,420000021,0.8834,True,0.8930,0.8834,0.8891,3,True,False,3
298,EMSITA M SR TABS 100/1000MG,EMSITA M SR 100/1000 1X10T,421112596,EMSITA,EMSITA M SR 100/500 TABLET 1x10T,421112619,EMSITA 100 MG TABLET 1X10T,421112585,0.8408,True,EMTUX 100MG/10ML,421112666,0.8112,False,EMSITA 50 MG TABLET 1X10T,421112584,0.7998,True,0.8408,0.7998,0.8173,2,False,False,3
299,TEMSAN AM TABS 5MG,TEMSAN - AM TABLETS,421110955,TEMSAN,TEMSAN - AM 5 TABLETS,421110956,TEMSAN AM-5 TABLETS 1X15 T,421111794,0.8439,True,NUSAR AM 5 MG TABLET,421110117,0.8432,False,TEMSAN 20 MG. TABLETS,424440932,0.8411,True,0.8439,0.8411,0.8427,2,False,False,3
300,PROXYM ER-300 TAB 15;S,PROXYM ER 200 TABLETS 15 T,424441863,PROXYM,PROXYM ER TABLET 1X15T,424441862,PROXYM 300 TABLETS,424440535,0.8462,True,PROXYM ER 200 TABLETS,424441015,0.8354,True,PROXYM 200 TABLET,424440534,0.8183,True,0.8462,0.8183,0.8333,3,True,False,3
301,OROFER XT PULS SUSPENSION 1X200ML,OROFER XT + SUSPENSION 200 ML,424441225,OROFER,OROFER XT SUSPENSION 150 ML,424440590,ZEMCIFER  XT SUSPENSION,423331447,0.8076,False,FERIUM XT + SUSPENSION 200 ML,424441727,0.7922,False,ULTIMOX DDS SUSPENSION 1X30 ML,421112271,0.7903,False,0.8076,0.7903,0.7967,0,False,False,3
302,PROXYM ER-300 TAB 15;S,PROXYM ER 200 TABLETS 15 T,424441863,PROXYM,PROXYM ER TABLET 1X15T,424441862,PROXYM 300 TABLETS,424440535,0.8462,True,PROXYM ER 200 TABLETS,424441015,0.8354,True,PROXYM 200 TABLET,424440534,0.8183,True,0.8462,0.8183,0.8333,3,True,False,3
303,PROXYM ER TAB.300mg 15S,PROXYM ER 200 TABLETS 15 T,424441863,PROXYM,PROXYM ER TABLET 1X15T,424441862,PROXYM ER  TABLETS,424441016,0.8197,True,PROXYM ER 200 TABLETS,424441015,0.8131,True,PROXYM GEL 30 GM,421112498,0.8049,True,0.8197,0.8049,0.8126,3,True,False,3
304,POVIZTRA FLXT.25 INJ 1PEN,POVIZTRA FLXT 0.25MG 1.5ML 1PC COPACK,420008825,POVIZTRA,POVIZTRA FLXT 1MG 3ML 1PC COPACK,420008827,POVIZTRA FLXT 0.5MG 1.5ML 1PC COPACK,420008826,0.7741,True,POVIZTRA FLXT 1.7MG 3ML 1PC COPACK,420008828,0.7575,True,POVIZTRA FLXT 2.4MG 3ML 1PC COPACK,420008829,0.7480,True,0.7741,0.7480,0.7599,3,True,False,3
305,PROXYM -ER 300 TAB 1*10,PROXYM ER 200 TABLETS,424441015,PROXYM,PROXYM ER  TABLETS,424441016,PROXYM 300 TABLETS,424440535,0.8529,True,PROXYM ER 200 TABLETS 15 T,424441863,0.8344,True,PROXYM ER TABLET 1X15T,424441862,0.8226,True,0.8529,0.8226,0.8366,3,True,False,3
306,LOBACOR 510T 10T,LOBACOR 5 TABLET,421112056,LOBACOR,LOBACOR 10 TABLET,421112055,LOPRESOR 50 10X10 T,420120022,0.7806,False,LOPRESOR 100 10X10 T,420120021,0.7759,False,VOVERAN D 10X10 T,420120041,0.7179,False,0.7806,0.7179,0.7581,0,False,False,3
307,LOBACOR 510T 10T,LOBACOR 5 TABLET,421112056,LOBACOR,LOBACOR 10 TABLET,421112055,LOPRESOR 50 10X10 T,420120022,0.7806,False,LOPRESOR 100 10X10 T,420120021,0.7759,False,VOVERAN D 10X10 T,420120041,0.7179,False,0.7806,0.7179,0.7581,0,False,False,3
308,GALACT LACTATION GRANULES CHOCOLATE 400GM,GALACT GRANULES 400 GM CHOCOLATE,421112876,GALACT,GALACT PLUS LACTATION BAR 15x20GM,421112942,GALACT GRANULES 600GM CHOCOLATE,421113039,0.9021,True,GALACT GRANULES 400GM ELAICHI,421113094,0.8791,True,GALACT GRANULES CHOCOLATE,421112647,0.8622,True,0.9021,0.8622,0.8811,3,True,False,3
309,GALACT LACTATION GRANULES ELAICHI 400GM,GALACT GRANULES 400GM ELAICHI,421113094,GALACT,GALACT PLUS LACTATION BAR 15x20GM,421112942,GALACT GRANULES 600GM ELAICHI,421113037,0.9152,True,GALACT GRANULES 10GM ELAICHI,421112986,0.8782,True,GALACT GRANULE 200 GM ELAICHI,421112871,0.8649,True,0.9152,0.8649,0.8861,3,True,False,3
310,TEMSAN H 15TAB 1X15TAB,TEMSAN H TABLETS 1X15 T,424441191,TEMSAN,TEMSAN 80 H TABLETS 1X15T,424441192,TEMSAN - AM TABLETS 1X15T,424441539,0.8584,True,TEMSAN AM-5 TABLETS 1X15 T,421111794,0.8224,True,TEMSAN LN TABLET 10x15T,421112933,0.8088,True,0.8584,0.8088,0.8299,3,True,False,3
311,VYLDA-DM100/1000/11X10TAB,VYLDA DM 100/5/1000 TABLET 1x10T,421112639,VYLDA,VYLDA DM 100/10/1000 TABLET 1x10T,421112889,VYLDA DM 100/10/500 TABLET 1x10T,421112888,0.8597,True,VYLDA DM 100/5/500 TABLET 1x10T,421112638,0.8544,True,VYLDA D100/10 TABLET 1X10T,421112886,0.8484,True,0.8597,0.8484,0.8542,3,True,False,3
312,PROXYM ER 300 MG 1X15TAB,PROXYM ER 200 TABLETS 15 T,424441863,PROXYM,PROXYM ER TABLET 1X15T,424441862,PROXYM GEL 30 GM,421112498,0.8235,True,PROXYM ER 200 TABLETS,424441015,0.8157,True,PROXYM ER  TABLETS,424441016,0.8112,True,0.8235,0.8112,0.8168,3,True,False,3
313,NUMLO D 115 115TAB,NUMLO-D TABLET 1X15 T,424441202,NUMLO,NUMLO-D TABLET,421110384,NUMLO-D 5 TABLET,424440017,0.7610,True,NUMLO-D 5 TABLET 1x15 T,424441201,0.7534,True,NUMLO-AT TABLET 1X15 T,424441936,0.7442,True,0.7610,0.7442,0.7529,3,True,False,3
314,S NUMLO 5 115 115TAB,S-NUMLO 5 MG TABLET 1x15 T,424441204,S-NUMLO,S-NUMLO 5 MG TABLET,424440012,NUMLO-D 5 TABLET,424440017,0.7715,False,NUMLO-D 5 TABLET 1x15 T,424441201,0.7650,False,NUMLO-TM 5 TABLETS,421110630,0.7567,False,0.7715,0.7567,0.7644,0,False,False,3
315,OROFER CAP 1X10EM21 1*10,OROFER S INJECTION 2.5 ML,421111536,OROFER,OROFER CAPSULES,424440351,MECOVON CAPS. 10X10C,420030187,0.7693,False,OROFER D3 TABLETS 1X10 T,424442021,0.7572,True,OROFER S 200 INJECTION 10 ML,421111388,0.7526,True,0.7693,0.7526,0.7597,2,False,False,3
316,NUMLO TM TAB 1X15NU5 1X15,NUMLO-TM TABLETS 1X15 T,421112129,NUMLO,NUMLO-TM 5 TABLETS 1X15 T,421112128,NUMLO-AT TABLET 1X15 T,424441936,0.8746,True,NUMLO-D TABLET 1X15 T,424441202,0.8568,True,NUMLO-D 5 TABLET 1x15 T,424441201,0.8385,True,0.8746,0.8385,0.8566,3,True,False,3
317,EMSITA M SR 100/1000 TAB 1X10EMUU01008 1 *10,EMSITA M SR 100/1000 1X10T,421112596,EMSITA,EMSITA M SR 100/500 TABLET 1x10T,421112619,EMLINZ M 2.5/1000 TAB 1X10T,429991542,0.8505,False,EMSITA D 100/10 TABLET 1X10T,421112882,0.8345,True,EMSITA GM 50/1/1000 TABLET 10x10T,421112697,0.8199,True,0.8505,0.8199,0.8350,2,False,False,3
318,FERIUM 1 K INJ 1X1FRUM01 1 X1,FERIUM INJECTION 1K (1GM/20ML),421111885,FERIUM,FERIUM INJECTION 500MG,421110953,LANCURE I.V. 1X300 ML,421110934,0.7531,False,EMSTAR 1 GM INJ 1 VIAL,421110944,0.7387,False,FERRIC CARBOXYMALTOSE INJ 1G/20ML,420007076,0.7262,False,0.7531,0.7262,0.7393,0,False,False,3
319,NUCORIL 5 MG TAB 1X30NUC5 1X30,NUCORIL - 5 TABLETS 1X30 T,424440492,NUCORIL,NUCORIL 5 MG TAB 20,424440893,NUCORIL - 5 TABLETS 1X10 T,424441444,0.8847,True,S-NUMLO 5 MG TABLET 1x15 T,424441204,0.8321,False,NAPROXEN TAB 500 MG 10X2X10T,421112839,0.8197,False,0.8847,0.8197,0.8455,1,False,False,3
320,ASOMEX 1.25 MG TAB 1X15EMC 1X15,ASOMEX 1.25 TABLETS 1X15T,424440754,ASOMEX,ASOMEX 1.25 MG TABLET,424440001,ASOMEX AT 2.5 MG TABLET 1X15T,424441921,0.8967,True,ASOMEX AT 5 MG TABLET 1X15T,424441922,0.8908,True,ASOMEX 2.5 MG TABLET 1X15T,424441736,0.8859,True,0.8967,0.8859,0.8911,3,True,False,3
321,ASOMEX LT TAB 1X15EM5 1*15,ASOMEX LT TABLET 1X15T,424440761,ASOMEX,ASOMEX LT 5 MG TABLET,421111036,ASOMEX D TABLET 1x15T,424440759,0.8465,True,ASOMEX 1.25 TABLETS 1X15T,424440754,0.8331,True,ASOMEX D 5 TABLET 1x15T,424440760,0.8290,True,0.8465,0.8290,0.8362,3,True,False,3
322,OSTERI INJ 600 MCG PFS PENOST1 PEN,OSTERI INJ.600MCG /2.4MLPEN DEVICE,421112507,OSTERI,OSTERI INJECTION 750 MCG PFS,421111655,PEGEX 6 MG INJ 1 PFS,422220252,0.7548,False,XGRAST 300 MCG INJ 1 PFS,492220092,0.7380,False,EMGRAST 300 MCG INJ 1 PFS,422220194,0.7377,False,0.7548,0.7377,0.7435,0,False,False,3
323,PROXYM ER 300 TAB 1X15PRT 1X15,PROXYM ER 200 TABLETS 15 T,424441863,PROXYM,PROXYM ER TABLET 1X15T,424441862,PROXYM XT TABLET 1X15T,424441838,0.8443,True,PROXYM ER 200 TABLETS,424441015,0.8073,True,PROXYM 300 TABLETS,424440535,0.8059,True,0.8443,0.8059,0.8192,3,True,False,3
324,PANPURE DSR CAP 1X10EM45 1*10,PANPURE DSR CAPSULE 10X15C,421113181,PANPURE,PANPURE DSR CAPSULES,424440052,ZOSECTA DSR CAPSULE 10x15C,421113167,0.7710,False,PANSA DSR CAPSULES,427770201,0.7587,False,PANSALVE DSR CAPSULES 1 X 15 C,421112840,0.7544,False,0.7710,0.7544,0.7614,0,False,False,3
325,SYLATE T 500 MG TAB 1X10EM53 1*10,SYLATE T 500 TABLET,421110143,SYLATE,SYLATE TABLET 500 MG,424441083,SYLATE M TABLET 500 MG,421110142,0.8721,True,NAPROXEN TAB 500 MG 10X2X10T,421112839,0.8720,False,PRASUMAX-5 TABS 1X10 T,429990891,0.8423,False,0.8721,0.8423,0.8621,1,False,False,3
326,EMPRI 25MG TABLET 10X10T 10*10T,EMPRI L 25/5MG TABLET 10x10T,421113070,EMPRI,EMPRI 25MG TABLET 10x10T,421113068,EMPRI 10MG TABLET 10x10T,421113067,0.9605,True,EMPRI L 10/5MG TABLET 10x10T,421113069,0.9569,True,EMPRI M 12.5/1000MG TABLET 10x10T,421113072,0.9424,True,0.9605,0.9424,0.9533,3,True,False,3
327,SYLATE T 500MG TAB. 1X10 EE179 1*10,SYLATE T 500 TABLET,421110143,SYLATE,SYLATE TABLET 500 MG,424441083,SYLATE M TABLET 500 MG,421110142,0.8489,True,NAPROXEN TAB 500 MG 10X2X10T,421112839,0.8407,False,PRASUMAX-5 TABS 1X10 T,429990891,0.8322,False,0.8489,0.8322,0.8406,1,False,False,3
328,OROFER S 2.5 M.L 2MLEE294 2ML,OROFER S INJECTION 2.5 ML,421111536,OROFER,OROFER CAPSULES,424440351,OROFER S 200 INJECTION 10 ML,421111388,0.7702,True,OROFER S 100 INJECTION,421111537,0.7511,True,OROFER SYRUP 150 ML,424441435,0.7496,True,0.7702,0.7496,0.7570,3,True,False,3
329,OROFER CAP 1X10 EEO02 1*10,OROFER S INJECTION 2.5 ML,421111536,OROFER,OROFER CAPSULES,424440351,OROFER S 200 INJECTION 10 ML,421111388,0.7496,True,MECOVON CAPS. 10X10C,420030187,0.7488,False,VITASONIC Q 300 CAP.1X10C,429920030,0.7483,False,0.7496,0.7483,0.7489,1,False,False,3
330,OROFER XT BIG SUSPENSION 1X200MLEE45 1 *200ML,OROFER XT + SUSPENSION 200 ML,424441225,OROFER,OROFER XT SUSPENSION 150 ML,424440590,NORMET XT SUSPENSION 30 ML,421110283,0.8252,False,FERIUM XT + SUSPENSION 200 ML,424441727,0.8195,False,CALOBUILD SUSPENSION 200 ML,423330750,0.8066,False,0.8252,0.8066,0.8171,0,False,False,3
331,EPITRIL.25 TAB 1X10TAB,EPITRIL 0.25 MG TABLET,424441023,EPITRIL,EPITRIL 1 MG TABLET,424441025,EPITRIL MD 0.25 MG TABLET 10X10T,421111786,0.8662,True,EPITRIL BETA 0.25 TABLETS 10X10T,421112140,0.8541,True,EPITRIL MD 0.5 MG TABLET 10X10T,421111787,0.8438,True,0.8662,0.8438,0.8547,3,True,False,3
332,EMPRI 25 TABLET 10 NOS,EMPRI L 25/5MG TABLET 10x10T,421113070,EMPRI,EMPRI 10MG TABLET 10x10T,421113067,EMTRI 30 TABLET,491110214,0.8605,False,EMPRI TABLET,421110405,0.8558,True,EMDUO 30 TABLET,491110005,0.8503,False,0.8605,0.8503,0.8555,1,False,False,3
333,NUMLO TM 5 TAB15NOS 15 NOS,NUMLO-TM 5 TABLETS 1X15 T,421112128,NUMLO,NUMLO-TM 5 TABLETS,421110630,NUMLO-AT TABLET 1X15 T,424441936,0.8233,True,NUMLO-TM TABLETS 1X15 T,421112129,0.8031,True,NUMLO-D TABLET 1X15 T,424441202,0.7995,True,0.8233,0.7995,0.8086,3,True,False,3
334,S NUMLO 5 TAB15NOS,S-NUMLO 5 MG TABLET 1x15 T,424441204,S-NUMLO,S-NUMLO 5 MG TABLET,424440012,NUMLO-AT TABLET 1X15 T,424441936,0.8254,False,NUMLO-D 5 TABLET 1x15 T,424441201,0.8118,False,NUMLO-TM 5 TABLETS 1X15 T,421112128,0.8095,False,0.8254,0.8095,0.8156,0,False,False,3
335,TEMSAN 20 TAB15NOS,TEMSAN 20 MG TABLETS 10x15T,424441698,TEMSAN,TEMSAN 20 MG. TABLETS,424440932,TEMSAN - AM TABLETS 1X15T,424441539,0.8120,True,TEMSAN H TABLETS 1X15 T,424441191,0.8097,True,TEMSAN 80 H TABLETS 1X15T,424441192,0.8030,True,0.8120,0.8030,0.8082,3,True,False,3
336,PROXYM ER 300 TAB 15 NOS,PROXYM ER 200 TABLETS 15 T,424441863,PROXYM,PROXYM ER TABLET 1X15T,424441862,PROXYM 300 TABLETS,424440535,0.8367,True,PROXYM ER 200 TABLETS,424441015,0.8285,True,PROXYM 200 TABLET,424440534,0.8112,True,0.8367,0.8112,0.8255,3,True,False,3
337,ASOMEX D TABLET15NOS 15 NOS,ASOMEX D TABLET 1x15T,424440759,ASOMEX,ASOMEX D TABLET,424440007,ASOMEX D 5 TABLET,424440008,0.8851,True,ASOMEX D 5 TABLET 1x15T,424440760,0.8766,True,ASOMEX R TABLET,421110889,0.8688,True,0.8851,0.8688,0.8768,3,True,False,3
338,ASOMEX LT 2.5 TABLET 15 NOS,ASOMEX LT TABLET 1X15T,424440761,ASOMEX,ASOMEX LT 2.5 MG TABLET,424440489,ASOMEX R TABLET,421110889,0.8752,True,ASOMEX D 5 TABLET,424440008,0.8510,True,ASOMEX D TABLET 1x15T,424440759,0.8415,True,0.8752,0.8415,0.8559,3,True,False,3
339,TAPIC EM 4.5GM INJECTION 1X1VIAL,TAPICEM 4.5 GM INJECTION,421112178,TAPIC EM,TAPIC EM 1.125 GM INJECTION,421111530,TAPIC INJECTION 4.5 gm,420000604,0.8848,False,TAPIC 2.25 GM INJECTION,420000808,0.8390,False,EMUCIN INJECTION 4 GM,421112495,0.8198,False,0.8848,0.8198,0.8479,0,False,False,3
340,RAMIPRO CAPS.5MG 1X10,RAMIPRO CAPS.5 MG,424441061,RAMIPRO,RAMIPRO CAPS.2.50,424441060,RAMIPRO CAPSULES 1.25 MG,421110309,0.8184,True,APIXABAN TABLETS 5 MG 10 X 10T,420004071,0.8148,False,S-NUMLO 5 MG TABLET 1x15 T,424441204,0.7980,False,0.8184,0.7980,0.8104,1,False,False,3
341,IRBEZ TABLETS 1X10,IRBEZ - 6 10X10 T,420000254,IRBEZ,IRBEZ TABLETS,421110622,EMANZEN TBR TABLETS 1X10 T,421112228,0.8693,False,INBEC TABLETS 1X90T,424441554,0.8676,False,BACTICURE 250 TABLETS 1X10 T,421112223,0.8670,False,0.8693,0.8670,0.8680,0,False,False,3
342,COGNITRAC 60MG INJ 60MG 1X60MG,COGNITRAC L INJECTION,421112018,COGNITRAC,COGNITRAC INJECTION 60 MG,421112017,CORTIMAX 1 MG  10X6 T,423330235,0.7973,False,CORTIMAX 18 MG  10X6 T,423330279,0.7755,False,PEGEX 6 MG INJ 1 PFS,422220252,0.7744,False,0.7973,0.7744,0.7824,0,False,False,3
343,EMCOLZ 0.25 MG TAB 1X10,EMCLOZ 0.25MG TABLET,,,EMCLOZ 0.25MG TABLET,424441289,EMRAXI 0.25 MG TABLET 1x10T,421112952,0.8848,False,EMRAXI 0.5 MG TABLET 1x10T,421112953,0.8694,False,EMCLOZ 0.5MG TABLET,424441290,0.8543,False,0.8848,0.8543,0.8695,0,False,False,3
344,EMCOLZ 0.5 MG TAB 1X10,EMCLOZ 0.5MG TABLET,,,EMCLOZ 0.5MG TABLET,424441290,EMRAXI 0.5 MG TABLET 1x10T,421112953,0.8879,False,EMRAXI 0.25 MG TABLET 1x10T,421112952,0.8694,False,EMCLOZ 0.25MG TABLET,424441289,0.8548,False,0.8879,0.8548,0.8707,0,False,False,3
345,EPITRIL .5 MG TAB 1X10,EPITRIL 0.5 MG TABLET,424441024,EPITRIL,EPITRIL 1 MG TABLET,424441025,EPITRIL MD 0.5 MG TABLET 10X10T,421111787,0.9145,True,EPITRIL MD 0.25 MG TABLET 10X10T,421111786,0.9009,True,EPITRIL MD 1 MG TABLET 10X10T,421111788,0.8884,True,0.9145,0.8884,0.9013,3,True,False,3
346,EPITRIL BETA .5 TAB 1X10,EPITRIL BETA 0.5 TABLETS,421112141,EPITRIL,EPITRIL BETA 0.25 TABLETS 10X10T,421112140,EPITRIL MD 0.5 MG TABLET 10X10T,421111787,0.8620,True,EPITRIL MD 0.25 MG TABLET 10X10T,421111786,0.8519,True,EPITRIL MD 1 MG TABLET 10X10T,421111788,0.8478,True,0.8620,0.8478,0.8539,3,True,False,3
347,EPITRIL.25MG TAB 1X10,EPITRIL 0.25 MG TABLET,424441023,EPITRIL,EPITRIL 1 MG TABLET,424441025,EPITRIL MD 0.25 MG TABLET 10X10T,421111786,0.9171,True,EPITRIL MD 0.5 MG TABLET 10X10T,421111787,0.8929,True,EPITRIL BETA 0.25 TABLETS 10X10T,421112140,0.8773,True,0.9171,0.8773,0.8958,3,True,False,3
348,GALACT GRANULES(ELAC 400G,GALACT GRANULES 400GM ELAICHI,421113094,GALACT,GALACT GRANULES 400 GM KESAR,421112875,GALACT GRANULES,420000615,0.9135,True,GALACT GRANULES 600GM ELAICHI,421113037,0.9027,True,GALACT GRANULES 10GM ELAICHI,421112986,0.8628,True,0.9135,0.8628,0.8930,3,True,False,3
349,GALACT GRANULES(ELAC 400G,GALACT GRANULES 400GM ELAICHI,421113094,GALACT,GALACT GRANULES 400 GM KESAR,421112875,GALACT GRANULES,420000615,0.9135,True,GALACT GRANULES 600GM ELAICHI,421113037,0.9027,True,GALACT GRANULES 10GM ELAICHI,421112986,0.8628,True,0.9135,0.8628,0.8930,3,True,False,3
350,A-BEC 300MG 60S 60.00,A-BEC TABLET 60T,424441967,A-BEC,A BEC 300 MG TABLET 30s,424440872,ZIDINE 300 MG TABLET 60s,424441073,0.7961,False,BEMLO SYRUP 60 ML,420000418,0.7952,False,BEMLO TABLET 20 MG,420000417,0.7906,False,0.7961,0.7906,0.7940,0,False,False,3
351,EFNOCAR MX 40/25 T 10T,EFNOCAR-T 40/40  TABLET,427770323,EFNOCAR,EFNOCAR-MX 40/25 TABLETS,423331446,EFNOCAR-T 20/40 TABLET,427770330,0.7744,True,EMSITA M 50/500 1X10T,421112586,0.7225,False,EMSITA M 50/1000 1X10T,421112587,0.7180,False,0.7744,0.7180,0.7383,1,False,False,3
352,GALACT GRANULE ELAICHI,GALACT GRANULES 10GM ELAICHI,421112986,GALACT,GALACT GRANULES,420000615,GALACT GRANULE 200 GM ELAICHI,421112871,0.9130,True,GALACT GRANULES 600GM ELAICHI,421113037,0.8979,True,GALACT GRANULES 400GM ELAICHI,421113094,0.8927,True,0.9130,0.8927,0.9012,3,True,False,3
353,PROXYM ER 300MG TA 10 S,PROXYM ER 200 TABLETS,424441015,PROXYM,PROXYM ER  TABLETS,424441016,PROXYM GEL 30 GM,421112498,0.8016,True,PROXYM ER 200 TABLETS 15 T,424441863,0.7907,True,PROXYM 300 TABLETS,424440535,0.7773,True,0.8016,0.7773,0.7899,3,True,False,3
354,OSTERI 600MG INJ 1S,OSTERI INJ.600MCG /2.4MLPEN DEVICE,421112507,OSTERI,OSTERI INJECTION 750 MCG PFS,421111655,PEGEX 6 MG INJ 1 PFS,422220252,0.8224,False,GROS  260 MG INJ 1 VIAL,422220168,0.8137,False,EMSTAR 500 MG INJ 1 VIAL,421110943,0.8136,False,0.8224,0.8136,0.8166,0,False,False,3
355,OSTERI INJ.600MCG/2.4MLPEN 600MCG,OSTERI INJ.600MCG /2.4MLPEN DEVICE,421112507,OSTERI,OSTERI INJECTION 750 MCG PFS,421111655,TASPIANCE INJ 180 MCG/0.5ML PFS,491110378,0.7554,False,PROTOTAL POW.200GM,421111281,0.7545,False,XGRAST  INJ 300 MCG/0.5 ML PFS,422220290,0.7490,False,0.7554,0.7490,0.7530,0,False,False,3
356,OROFER XT 1X10EM24,OROFER XT TABLET,424441704,OROFER,OROFER XT DROPS,424441717,OROFER XT-Z TABLETS 1X10 T,424440112,0.8201,True,OROFER XT TABLET 1X30 T,424441705,0.8048,True,OROFER XT TABLET 1x15T,424442006,0.8019,True,0.8201,0.8019,0.8089,3,True,False,3
357,OSTERI 600MCG INJ 1PEN,OSTERI INJ.600MCG /2.4MLPEN DEVICE,421112507,OSTERI,OSTERI INJECTION 750 MCG PFS,421111655,EMSTAR 1 GM INJ 1 VIAL,421110944,0.7516,False,EMGRAST 300 MCG INJ 1 PFS,422220194,0.7478,False,XGRAST 300 MCG INJ 1 PFS,492220092,0.7470,False,0.7516,0.7470,0.7488,0,False,False,3
358,CARDACE-METO-550,CARDACE METO 5 TABLET 10x10T,421112901,CARDACE,CARDACE METO 2.5 TABLET 10x10T,421112900,CARDACE 1.25 MG TABLET 10x15T,421112890,0.7128,True,CARDACE 2.5 MG TABLET 10x15T,421112892,0.7037,True,PRESTOL PLUS 200 CAPSULE,423330825,0.6985,False,0.7128,0.6985,0.7050,2,False,False,3
359,OSTERI INJ 600MCG/2. VAIL,OSTERI INJ.600MCG /2.4MLPEN DEVICE,421112507,OSTERI,OSTERI INJECTION 750 MCG PFS,421111655,LIF-TAZ FORTE INJ. 1.125 GM,421110090,0.7030,False,TASPIANCE INJ 180 MCG/0.5ML PFS,491110378,0.6841,False,XGRAST  INJ 300 MCG/0.5 ML PFS,422220290,0.6795,False,0.7030,0.6795,0.6889,0,False,False,3
360,POVIZTRA FLXT .25MG 1PC,POVIZTRA FLXT 0.25MG 1.5ML 1PC COPACK,420008825,POVIZTRA,POVIZTRA FLXT 1MG 3ML 1PC COPACK,420008827,POVIZTRA FLXT 0.5MG 1.5ML 1PC COPACK,420008826,0.9201,True,POVIZTRA FLXT 1.7MG 3ML 1PC COPACK,420008828,0.9134,True,POVIZTRA FLXT 2.4MG 3ML 1PC COPACK,420008829,0.9023,True,0.9201,0.9023,0.9119,3,True,False,3
361,AMARYL M F 10,AMARYL M FORTE 1MG TABLET 10x15T,421113132,AMARYL,AMARYL M 1MG TABLET 8x20T,421113130,AMARYL 1MG TABLET 10x30T,421113127,0.6999,True,AMARYL MV 1MG TABLET 10x15T,421113134,0.6999,True,AMARYL MV 2MG TABLET 10x15T,421113135,0.6931,True,0.6999,0.6931,0.6976,3,True,False,3
362,AMARYL M F 10,AMARYL M FORTE 1MG TABLET 10x15T,421113132,AMARYL,AMARYL M 1MG TABLET 8x20T,421113130,AMARYL 1MG TABLET 10x30T,421113127,0.6999,True,AMARYL MV 1MG TABLET 10x15T,421113134,0.6999,True,AMARYL MV 2MG TABLET 10x15T,421113135,0.6931,True,0.6999,0.6931,0.6976,3,True,False,3
363,ASOMEX 5 M 1X10,ASOMEX 5 MG TABLET,424440003,ASOMEX,ASOMEX - M 5 TABLETS 10X10 T,424441466,APRUV-5 4X5X10 T,420000014,0.8128,False,ASOMEX - M  TABLETS 10X10 T,424441465,0.8110,True,ASOMEX AT 5 MG TABLET 1X15T,424441922,0.7976,True,0.8128,0.7976,0.8071,2,False,False,3
364,CARDACE 1. 10,CARDACE 10 MG TABLET 10x15T,421112891,CARDACE,CARDACE 1.25 MG TABLET 10x15T,421112890,CARDACE METO 2.5 TABLET 10x10T,421112900,0.7226,True,CARDACE PROTECT 2.5 TABLET 10x10T,421112902,0.7175,True,CARDACE PROTECT 5 TABLET 10x10T,421112903,0.7128,True,0.7226,0.7128,0.7176,3,True,False,3
365,CARDACE 2. 10,CARDACE 2.5 MG TABLET 10x15T,421112892,CARDACE,CARDACE 1.25 MG TABLET 10x15T,421112890,CARDACE METO 2.5 TABLET 10x10T,421112900,0.7572,True,CARDACE PROTECT 2.5 TABLET 10x10T,421112902,0.7562,True,CARDACE H 2.5 TABLET 10x15T,421112898,0.7370,True,0.7572,0.7370,0.7501,3,True,False,3
366,FERIUM XT 120M,FERIUM XT TABLET,424441702,FERIUM,FERIUM XT SUSPENSION,424440591,FERIUM XT DROPS 15 ML,424441719,0.7657,True,FERIUM XT + SUSPENSION 200 ML,424441727,0.7636,True,FERIUM XT DHA 7X1 KIT,424440135,0.7420,True,0.7657,0.7420,0.7571,3,True,False,3
367,GALACT GRA 400G,GALACT GRANULES 400GM ELAICHI,421113094,GALACT,GALACT GRANULES 400 GM KESAR,421112875,GALACT GRANULES 400 GM CHOCOLATE,421112876,0.8435,True,GALACT GRANULES 600GM ELAICHI,421113037,0.8144,True,GALACT PLUS NUTRITION POWDER 400GM CHOCO,421113062,0.8005,True,0.8435,0.8005,0.8195,3,True,False,3
368,LASIX 40TA 1X10,LASIX 40 MG TABLET 80x15T,421112913,LASIX,LASIX 40 MG/4ML INJECTION,421112912,LASILACTONE 50 TABLET 10x10T,421112911,0.8112,False,ZAPIXA 5 TABLETS 1X10 T,424441486,0.7956,False,TROXPRO TABLETS 10X10 T,424441359,0.7955,False,0.8112,0.7955,0.8008,0,False,False,3
369,OROFER S 2 10ML,OROFER S INJECTION 2.5 ML,421111536,OROFER,OROFER CAPSULES,424440351,OROFER S 200 INJECTION 10 ML,421111388,0.8831,True,OROFER SYRUP 300 ML,424441446,0.8027,True,OROFER SYRUP 150 ML,424441435,0.7985,True,0.8831,0.7985,0.8281,3,True,False,3
370,OROFER S 5 1X2.,OROFER S 100 INJECTION,421111537,OROFER,OROFER CAPSULES,424440351,OROFER S INJECTION 2.5 ML,421111536,0.7863,True,OROFER XT TABLET 1x15T,424442006,0.7213,True,OROFER XT-Z TABLETS 1X10 T,424440112,0.7212,True,0.7863,0.7212,0.7429,3,True,False,3
371,GALACT GRANULES.(ELAI)400*,GALACT GRANULES 400GM ELAICHI,421113094,GALACT,GALACT GRANULES 400 GM CHOCOLATE,421112876,GALACT GRANULES 600GM ELAICHI,421113037,0.8990,True,GALACT GRANULES 400 GM KESAR,421112875,0.8974,True,GALACT GRANULES,420000615,0.8881,True,0.8990,0.8881,0.8948,3,True,False,3
372,OSTERI INJ .600MCG/2.4ML,OSTERI INJ.600MCG /2.4MLPEN DEVICE,421112507,OSTERI,OSTERI INJECTION 750 MCG PFS,421111655,MAXTRA  SYP  60 ML,420030069,0.7568,False,MAXTRA P SYRUP 60ML,423331434,0.7554,False,TASPIANCE INJ 180 MCG/0.5ML PFS,491110378,0.7537,False,0.7568,0.7537,0.7553,0,False,False,3
373,TEMSAN H 40/12.5 15 S,TEMSAN H TABLETS 1X15 T,424441191,TEMSAN,TEMSAN CT 40/12.5 MG TABLET 10X10,424441139,TEMSAN 40 MG. TABLETS,424440933,0.8005,True,TEMSAN 40 MG TABLETS 10x15T,424441699,0.7981,True,TEMSAN - 40 CV TABLETS,421110678,0.7955,True,0.8005,0.7955,0.7980,3,True,False,3
374,XILIA-M2FORTE 10 S,XILIA - M 2 FORTE TABLETS,421110949,XILIA,XILIA - M 2 TABLETS,421110646,XILIA-MP 2 TABLETS,421110648,0.7578,True,XILIA - M 1 FORTE TABLETS,421110948,0.7484,True,XILIA - M 1 TABLETS,421110645,0.7396,True,0.7578,0.7396,0.7486,3,True,False,3
375,NUMLO-D2.5 15S,NUMLO-D TABLET,421110384,NUMLO,NUMLO-D TABLET 1X15 T,424441202,NUMLO-AT TABLET 1X15 T,424441936,0.8143,True,NUMLO-D 5 TABLET,424440017,0.7938,True,NUMLO-D 5 TABLET 1x15 T,424441201,0.7932,True,0.8143,0.7932,0.8004,3,True,False,3
376,OROFER FCM 1K INJE 10ML,OROFER FCM  INJECTION 1K,421111805,OROFER,OROFER FCM  INJECTION 500MG/10ML,421111114,OROFER FCM INJECTION 750MG/15ML,421112705,0.8056,True,FCMO INJECTION 1k/20ML,421112711,0.7703,False,HOSIT FCM INJECTION 1K,421112615,0.7684,False,0.8056,0.7684,0.7814,1,False,False,3
377,TEMSAN 40MG TAB 10X15EMC028 10*15,TEMSAN 40 MG TABLETS 10x15T,424441699,TEMSAN,TEMSAN 40 MG. TABLETS,424440933,TEMSAN 20 MG TABLETS 10x15T,424441698,0.8976,True,TEMSAN CT 40/12.5 MG TABLET 10X10,424441139,0.8930,True,TEMSAN 80 MG TABLETS 10x15T,424441700,0.8845,True,0.8976,0.8845,0.8917,3,True,False,3
378,TEMSAN 80MG TAB 10X15EMC030 10*15,TEMSAN 80 MG TABLETS 10x15T,424441700,TEMSAN,TEMSAN 80 MG. TABLETS,424440934,TEMSAN 20 MG TABLETS 10x15T,424441698,0.8941,True,TEMSAN 80 H TABLETS 1X15T,424441192,0.8900,True,TEMSAN 40 MG TABLETS 10x15T,424441699,0.8857,True,0.8941,0.8857,0.8899,3,True,False,3
379,TEMSAN AM 5 TAB 10X15EMC150 10*15,TEMSAN AM-5 TABLETS 1X15 T,421111794,TEMSAN,TEMSAN - AM 5 TABLETS,421110956,TEMSAN LN TABLET 10x15T,421112933,0.8596,True,TEMSAN BS 2.5/40 TABLET 10x10T,421112702,0.8381,True,TEMSAN BS 5/40 TABLET 10x10T,421112703,0.8379,True,0.8596,0.8379,0.8452,3,True,False,3
380,TEMSAN AM TAB 10X15EMC131 10 *15,TEMSAN - AM TABLETS 1X15T,424441539,TEMSAN,TEMSAN - AM TABLETS,421110955,TEMSAN LN TABLET 10x15T,421112933,0.8667,True,TEMSAN BS 2.5/40 TABLET 10x10T,421112702,0.8410,True,TEMSAN BS 5/40 TABLET 10x10T,421112703,0.8394,True,0.8667,0.8394,0.8490,3,True,False,3
381,S-NUMLO 2.5 20X15EMC081 20 *15,S-NUMLO 2.5 MG TABLET 1x15 T,424441203,S-NUMLO,S-NUMLO 2.5 MG TABLET,424440011,NUMLO-AT TABLET 1X15 T,424441936,0.7820,False,NUMLO-TM TABLETS 1X15 T,421112129,0.7689,False,NUMLO-TM 5 TABLETS 1X15 T,421112128,0.7634,False,0.7820,0.7634,0.7714,0,False,False,3
382,S-NUMLO 5 20X15EMC082 20*15,S-NUMLO 5 MG TABLET 1x15 T,424441204,S-NUMLO,S-NUMLO 5 MG TABLET,424440012,NUMLO-TM 5 TABLETS 1X15 T,421112128,0.7625,False,NUMLO-AT TABLET 1X15 T,424441936,0.7591,False,NUMLO-TM TABLETS 1X15 T,421112129,0.7538,False,0.7625,0.7538,0.7585,0,False,False,3
383,ASOMEX 1.25 TAB 20X15EMC001 20 *15,ASOMEX 1.25 TABLETS 1X15T,424440754,ASOMEX,ASOMEX 1.25 MG TABLET,424440001,ASOMEX AT 2.5 MG TABLET 1X15T,424441921,0.8231,True,ASOMEX AT 5 MG TABLET 1X15T,424441922,0.8201,True,ASOMEX 2.5 MG TABLET 1X15T,424441736,0.8162,True,0.8231,0.8162,0.8198,3,True,False,3
384,ASOMEX 2.5 TAB 20X15EMC002 20*15,ASOMEX 2.5 MG TABLET 1X15T,424441736,ASOMEX,ASOMEX 2.5 MG TABLET,424440002,ASOMEX 1.25 TABLETS 1X15T,424440754,0.8177,True,ASOMEX AT 2.5 MG TABLET 1X15T,424441921,0.8177,True,EMLINZ M 2.5/1000 TAB 1X10T,429991542,0.8117,False,0.8177,0.8117,0.8157,2,False,False,3
385,ASOMEX 5MG TAB 20X15EMC003 20 *15,ASOMEX 5 MG TABLET 1x15T,424441737,ASOMEX,ASOMEX 5 MG TABLET,424440003,ASOMEX AT 5 MG TABLET 1X15T,424441922,0.8959,True,ASOMEX AT 2.5 MG TABLET 1X15T,424441921,0.8847,True,ASOMEX 2.5 MG TABLET 1X15T,424441736,0.8841,True,0.8959,0.8841,0.8882,3,True,False,3
386,ASOMEX AT 2.5 TAB 10X15EMC004 10 *15,ASOMEX AT 2.5 MG TABLET 1X15T,424441921,ASOMEX,ASOMEX AT 2.5 MG TABLET,420000021,ASOMEX AT 5 MG TABLET 1X15T,424441922,0.8284,True,EMLINZ M 2.5/1000 TAB 1X10T,429991542,0.8110,False,ASOMEX 2.5 MG TABLET 1X15T,424441736,0.8051,True,0.8284,0.8051,0.8148,2,False,False,3
387,ASOMEX AT 5 TAB 10X15EMC005 10 *15,ASOMEX AT 5 MG TABLET 1X15T,424441922,ASOMEX,ASOMEX AT 5 MG TABLET,424440006,ASOMEX AT 2.5 MG TABLET 1X15T,424441921,0.8235,True,EMLINZ M 2.5/1000 TAB 1X10T,429991542,0.8041,False,ASOMEX - M 5 TABLETS 10X10 T,424441466,0.8028,True,0.8235,0.8028,0.8101,2,False,False,3
388,ASOMEX D 2.5MG TAB 10X15EMC034 10 *15,ASOMEX D TABLET 1x15T,424440759,ASOMEX,ASOMEX D TABLET,424440007,ASOMEX AT 2.5 MG TABLET 1X15T,424441921,0.8868,True,ASOMEX 2.5 MG TABLET 1X15T,424441736,0.8788,True,ASOMEX AT 5 MG TABLET 1X15T,424441922,0.8698,True,0.8868,0.8698,0.8785,3,True,False,3
389,ASOMEX D 5MG TAB 10X15EMC035 10 *15,ASOMEX D 5 TABLET 1x15T,424440760,ASOMEX,ASOMEX D 5 TABLET,424440008,ASOMEX AT 5 MG TABLET 1X15T,424441922,0.8874,True,ASOMEX 2.5 MG TABLET 1X15T,424441736,0.8793,True,ASOMEX 5 MG TABLET 1x15T,424441737,0.8792,True,0.8874,0.8792,0.8820,3,True,False,3
390,ASOMEX LT 2.5 10X15EMC006 10*15,ASOMEX LT TABLET 1X15T,424440761,ASOMEX,ASOMEX LT 2.5 MG TABLET,424440489,ASOMEX AT 2.5 MG TABLET 1X15T,424441921,0.7772,True,ASOMEX AT 5 MG TABLET 1X15T,424441922,0.7659,True,APRUV - LT  3X2X10 T,421110502,0.7629,False,0.7772,0.7629,0.7687,2,False,False,3
391,ASOMEX TM 2.5 10X15EMC008 10*15,ASOMEX - TM TABLETS 1X15T,424441530,ASOMEX,ASOMEX - TM TABLETS,421110575,ASOMEX AT 2.5 MG TABLET 1X15T,424441921,0.7917,True,ASOMEX - TM 5 TABLETS 1X15T,421111383,0.7825,True,ASOMEX AT 5 MG TABLET 1X15T,424441922,0.7789,True,0.7917,0.7789,0.7844,3,True,False,3
392,ASOMEX TM 5MG TAB 10X15EMC007 10 *15,ASOMEX - TM 5 TABLETS 1X15T,421111383,ASOMEX,ASOMEX - TM 5 TABLETS,421110576,ASOMEX AT 5 MG TABLET 1X15T,424441922,0.8893,True,ASOMEX 5 MG TABLET 1x15T,424441737,0.8799,True,ASOMEX 2.5 MG TABLET 1X15T,424441736,0.8752,True,0.8893,0.8752,0.8815,3,True,False,3
393,VYLDA 50 2X15EMC198 2 *15,VYLDA TABLETS 1X15 T,424441803,VYLDA,VYLDA TABLET,424442008,VYLDA OD 50 TABLET 1X15T,421112490,0.7632,True,VYLDA-M 500 TABLETS  1X10 T,424441909,0.7502,True,NEVIR ER TBALET 1 X 30,424441482,0.7448,False,0.7632,0.7448,0.7527,2,False,False,3
394,OROFER FCM INJECT 10MG,OROFER FCM  INJECTION 500MG/10ML,421111114,OROFER,OROFER FCM  INJECTION 1K,421111805,OROFER FCM INJECTION 750MG/15ML,421112705,0.9022,True,HOSIT FCM INJECTION 500MG/10ML,421112614,0.8774,False,FCMO INJECTION 500MG/10ML,421112709,0.8706,False,0.9022,0.8706,0.8834,1,False,False,3
395,CORDARONE 200 TAB 10S,CORDARONE X 200 MG TABLET 10x15T,421112910,CORDARONE,CORDARONE 100 MG TABLET 20x15T,421112908,EXDUO 200 TABLET 10 T,424441901,0.7909,False,OSLOCURE 200 TABLET 20X10T,421112302,0.7658,False,ACEGABA GRS 300 TABLET 10T,421113194,0.7656,False,0.7909,0.7656,0.7741,0,False,False,3
396,VYLDA DM 1000/10/50 10TAB,VYLDA DM 100/5/1000 TABLET 1x10T,421112639,VYLDA,VYLDA DM 100/10/1000 TABLET 1x10T,421112889,VYLDA DM 100/10/500 TABLET 1x10T,421112888,0.8474,True,VYLDA DM 100/5/500 TABLET 1x10T,421112638,0.8404,True,VYLDA-M 1000 TABLETS 1X10 T,424441911,0.8089,True,0.8474,0.8089,0.8322,3,True,False,3
397,TEMSAN CT 40/6.25 10*10S,TEMSAN CT-6.25 TABLETS,421111887,TEMSAN,TEMSAN CT 40/12.5 MG TABLET 10X10,424441139,TEMSAN 40 MG TABLETS 10x15T,424441699,0.7968,True,TEMSAN CT TABLETS,421111094,0.7895,True,TEMSAN 40 MG. TABLETS,424440933,0.7800,True,0.7968,0.7800,0.7888,3,True,False,3
398,NUCORIL-5 TAB 130 130,NUCORIL - 5 TABLETS 1X30 T,424440492,NUCORIL,NUCORIL 5 MG TAB 20,424440893,NUCORIL - 5 TABLETS 1X10 T,424441444,0.7969,True,NUCORIL OD TABLET,424440669,0.7823,True,NUMLOPAR 5 TABLETS,421110823,0.7575,False,0.7969,0.7575,0.7789,2,False,False,3
399,LAZID TAB 60 S 60 S,LAZID TABLETS,491110216,LAZID,LAZID N TABLET 1x60 T,494440079,LAZID 150/300 MG TABLET 60s,424441072,0.8706,True,LAZID N TABLET,494440065,0.8228,True,GAZIN ER 60 TABLET,421111270,0.8023,False,0.8706,0.8023,0.8319,2,False,False,3
400,OSTERI INJ 600 PEN 2.4ML,OSTERI INJ.600MCG /2.4MLPEN DEVICE,421112507,OSTERI,OSTERI INJECTION 750 MCG PFS,421111655,EXHEP PEN CARTRIDGE 300MG/3ML,421112829,0.7324,False,MAXTRA  SYP  60 ML,420030069,0.7189,False,POVIZTRA FLXT 2.4MG 3ML 1PC COPACK,420008829,0.7171,False,0.7324,0.7171,0.7228,0,False,False,3
401,OROFER CAP 15S,OROFER S INJECTION 2.5 ML,421111536,OROFER,OROFER CAPSULES,424440351,OROFER DROPS 15 ML,421110180,0.7914,True,OROFER SYRUP 150 ML,424441435,0.7390,True,OROFER XT SUSPENSION 150 ML,424440590,0.7194,True,0.7914,0.7194,0.7499,3,True,False,3
402,NUCORIL 5 MG 1X30T,NUCORIL - 5 TABLETS 1X30 T,424440492,NUCORIL,NUCORIL 5 MG TAB 20,424440893,NUCORIL - 5 TABLETS 1X10 T,424441444,0.8887,True,S-NUMLO 5 MG TABLET 1x15 T,424441204,0.8307,False,ASOMEX 2.5 MG TABLET 1x30T,424440094,0.8221,False,0.8887,0.8221,0.8472,1,False,False,3
403,LAZID TAB60 60 Pcs,LAZID TABLETS,491110216,LAZID,LAZID N TABLET 1x60 T,494440079,LAZID 150/300 MG TABLET 60s,424441072,0.8581,True,NATRIEM 60 TABLET,424440775,0.8124,False,GAZIN ER 60 TABLET,421111270,0.7987,False,0.8581,0.7987,0.8231,1,False,False,3
404,FERIUM 1K MG INJECTION\,FERIUM INJECTION 1K (1GM/20ML),421111885,FERIUM,FERIUM INJECTION 500MG,421110953,FERIUM INJECTION 750MG/15ML,421112706,0.8783,True,FERONIA-FCM 1000 MG INJECTION,423331600,0.8414,False,FERONIA IV 100 MG INJECTION,423330998,0.8311,False,0.8783,0.8311,0.8503,1,False,False,3
405,ASOMEX LT 2.5MG TABS 1*15T,ASOMEX LT TABLET 1X15T,424440761,ASOMEX,ASOMEX LT 2.5 MG TABLET,424440489,ASOMEX AT 2.5 MG TABLET 1X15T,424441921,0.9237,True,ASOMEX AT 5 MG TABLET 1X15T,424441922,0.8977,True,ASOMEX 2.5 MG TABLET 1X15T,424441736,0.8931,True,0.9237,0.8931,0.9048,3,True,False,3
406,RAMIPRO 5MG 10CAP PCS,RAMIPRO CAPS.5 MG,424441061,RAMIPRO,RAMIPRO CAPS.2.50,424441060,RAMIPRO CAPSULES 1.25 MG,421110309,0.8122,True,SANOXABAN 5 MG TABLET 10x10T,421112931,0.8040,False,APIXABAN TABLETS 5 MG 10 X 10T,420004071,0.8010,False,0.8122,0.8010,0.8057,1,False,False,3
407,OROFER XT SYR 1x15,OROFER XT SUSPENSION 150 ML,424440590,OROFER,OROFER XT-DHA 7 X 1 KIT,424440118,OROFER XT TABLET 1x15T,424442006,0.8255,True,OROFER XT TABLET 1X30 T,424441705,0.7979,True,OROFER XT-Z TABLETS 1X10 T,424440112,0.7708,True,0.8255,0.7708,0.7981,3,True,False,3
408,Emc OROFER XT DROPSNEW 1X15,OROFER XT DROPS,424441717,OROFER,OROFER XT TABLET 1x15T,424442006,ZEMCIFER - XT DROPS 15 ML,420500002,0.7087,False,EMILDAP M10/500 1X10T,421112860,0.7012,False,FERIUM XT DROPS 15 ML,424441719,0.6970,False,0.7087,0.6970,0.7023,0,False,False,3
409,EMCUREXENNEX GALACT GRANULES 400GM 1X40,GALACT GRANULES 400GM ELAICHI,421113094,GALACT,GALACT GRANULES,420000615,GALACT GRANULES 400 GM KESAR,421112875,0.8293,True,GALACT GRANULES 600GM ELAICHI,421113037,0.8229,True,GALACT GRANULES 400 GM CHOCOLATE,421112876,0.8123,True,0.8293,0.8123,0.8215,3,True,False,3
410,EMLEVO-500 TAB 10X15,EMLEVO 500 TABLET 1 X 15 T,421113002,EMLEVO,EMLEVO 500 TABLET,421112031,ENHEMO 500 TABLET 10x10T,424442072,0.8510,False,EMLINZ M 2.5/1000 TAB 1X10T,429991542,0.8465,False,EMVAL TABLET 10X10 T,492220087,0.8454,False,0.8510,0.8454,0.8476,0,False,False,3
411,OSTERI INJ 600MG 2.4ML PEN 1 PC,OSTERI INJ.600MCG /2.4MLPEN DEVICE,421112507,OSTERI,OSTERI INJECTION 750 MCG PFS,421111655,PEMCURE 500 MG INJ 1 VIAL,421111011,0.7785,False,EMSTAR 500 MG INJ 1 VIAL,421110943,0.7694,False,CITAFINE 200 MG INJ 1 VIAL,422220161,0.7668,False,0.7785,0.7668,0.7716,0,False,False,3
412,GALACT POW 400GM 1X400G,GALACT GRANULES 400GM ELAICHI,421113094,GALACT,GALACT PLUS NUTRITION POWDER 400GM CHOCO,421113062,GALACT GRANULES 400 GM KESAR,421112875,0.7997,True,GALACT GRANULES 400 GM CHOCOLATE,421112876,0.7918,True,GALACT CAPSULES 1x30C,421112745,0.7844,True,0.7997,0.7844,0.7920,3,True,False,3
413,CARDACE 5.0MG 10X10 10,CARDACE 5 MG TABLET 10x15T,421112893,CARDACE,CARDACE 10 MG TABLET 10x15T,421112891,CARDACE 2.5 MG TABLET 10x15T,421112892,0.8783,True,CARDACE 1.25 MG TABLET 10x15T,421112890,0.8670,True,ENCURE 0.5 MG TABLET  10X10,424441408,0.8283,False,0.8783,0.8283,0.8579,2,False,False,3
414,OSTERI INJ 600MCG 1.0,OSTERI INJ.600MCG /2.4MLPEN DEVICE,421112507,OSTERI,OSTERI INJECTION 750 MCG PFS,421111655,VINTOR 6000 IU INJ 1 PFS,422220118,0.7547,False,VINTOR 10000 IU INJ 1 PFS,422220120,0.7387,False,VINTOR 4000 IU INJ 1 PFS,422220108,0.7176,False,0.7547,0.7176,0.7370,0,False,False,3
415,FERIUM 1 K INJ.,FERIUM INJECTION 1K (1GM/20ML),421111885,FERIUM,FERIUM INJECTION 500MG,421110953,FERRIC CARBOXYMALTOSE INJ 1G/20ML,420007076,0.7778,False,FERIUM INJECTION 750MG/15ML,421112706,0.7577,True,FERIUM DROPS 15 ML,421110068,0.7560,True,0.7778,0.7560,0.7638,2,False,False,3
416,GALACT GRANULES.ELAICHI,GALACT GRANULES 10GM ELAICHI,421112986,GALACT,GALACT GRANULES,420000615,GALACT GRANULES 600GM ELAICHI,421113037,0.9159,True,GALACT GRANULES 400GM ELAICHI,421113094,0.9094,True,GALACT GRANULE 200 GM ELAICHI,421112871,0.8834,True,0.9159,0.8834,0.9029,3,True,False,3
417,SYLATE-T 500 MG.TAB.,SYLATE T 500 TABLET,421110143,SYLATE,SYLATE TABLET 500 MG,424441083,SYLATE M TABLET 500 MG,421110142,0.9064,True,SYLATE T TABLET,420000603,0.8369,True,C-TRI T 500 MG TABLET,427770076,0.8263,False,0.9064,0.8263,0.8565,2,False,False,3
418,GALACT GRAN - 400GM 1x400,GALACT GRANULES 400GM ELAICHI,421113094,GALACT,GALACT GRANULES 400 GM KESAR,421112875,GALACT GRANULES 400 GM CHOCOLATE,421112876,0.8416,True,GALACT GRANULE 200 GM ELAICHI,421112871,0.8269,True,GALACT GRANULES 600GM ELAICHI,421113037,0.8177,True,0.8416,0.8177,0.8287,3,True,False,3
419,OROFER - FCM INJ 1x1,OROFER FCM  INJECTION 500MG/10ML,421111114,OROFER,OROFER FCM  INJECTION 1K,421111805,OROFER FCM INJECTION 750MG/15ML,421112705,0.8227,True,HOSIT FCM INJECTION 1K,421112615,0.7696,False,FCMO INJECTION 1k/20ML,421112711,0.7425,False,0.8227,0.7425,0.7783,1,False,False,3
420,TAPIC EM 4.5 GM INJECTION,TAPICEM 4.5 GM INJECTION,421112178,TAPIC EM,TAPIC EM 1.125 GM INJECTION,421111530,TAPIC INJECTION 4.5 gm,420000604,0.9580,False,TAPIC 2.25 GM INJECTION,420000808,0.8917,False,TAZOTUM 4.5 GM INJECTION,423331199,0.8399,False,0.9580,0.8399,0.8965,0,False,False,3
421,CARDACE 1.255X2X15 10 S,CARDACE 1.25 MG TABLET 10x15T,421112890,CARDACE,CARDACE 10 MG TABLET 10x15T,421112891,CARDACE H 2.5 TABLET 10x15T,421112898,0.8182,True,CARDACE AM 2.5 TABLET 10x15T,421112895,0.8131,True,CARDACE 2.5 MG TABLET 10x15T,421112892,0.8108,True,0.8182,0.8108,0.8140,3,True,False,3
422,CARDACE AM 55X2X15BOX 10 S,CARDACE AM 5 TABLET 10x15T,421112896,CARDACE,CARDACE AM 10 TABLET 10x15T,421112894,CARDACE AM 2.5 TABLET 10x15T,421112895,0.8126,True,CARDACE H 2.5 TABLET 10x15T,421112898,0.7940,True,CARDACE H 5 TABLET 10x15T,421112899,0.7900,True,0.8126,0.7900,0.7989,3,True,False,3
423,TEMSAN 20 MG TAB 10X15T,TEMSAN 20 MG TABLETS 10x15T,424441698,TEMSAN,TEMSAN 20 MG. TABLETS,424440932,TEMSAN 40 MG TABLETS 10x15T,424441699,0.9195,True,TEMSAN 80 MG TABLETS 10x15T,424441700,0.9153,True,TEMSAN CT 40/12.5 MG TABLET 10X10,424441139,0.9085,True,0.9195,0.9085,0.9144,3,True,False,3
424,OROFER XT TABLET 5X15T,OROFER XT TABLET 1x15T,424442006,OROFER,OROFER XT TABLET,424441704,OROFER XT TABLET 1X30 T,424441705,0.9476,True,FERIUM XT TABLET 10x15T,424441955,0.8954,False,DAPAGZA 5 TABLET 1X15T,421112560,0.8863,False,0.9476,0.8863,0.9098,1,False,False,3
425,PROXYM-ER 300 15S,PROXYM ER 200 TABLETS 15 T,424441863,PROXYM,PROXYM ER TABLET 1X15T,424441862,PROXYM 300 TABLETS,424440535,0.8071,True,PROXYM ER 200 TABLETS,424441015,0.7737,True,PROXYM GEL 30 GM,421112498,0.7717,True,0.8071,0.7717,0.7842,3,True,False,3
426,FLAWLIZO MICRO 4 PUMP PACK 1,FLAWLIZO MICRO 0.04% GEL 15GM PUMP PACK,421113085,FLAWLIZO,FLAWLIZO MICRO 0.1% GEL 15GM PUMP PACK,421113083,FLAWLIZO MICRO 0.1% GEL 15GM TUBE PACK,421113050,0.7797,True,FLAWLIZO MICRO 0.04% GEL 15GM TUBE PACK,421113049,0.7780,True,DYDROFEM TABLET 1X30T,421112632,0.6963,False,0.7797,0.6963,0.7513,2,False,False,3
427,CONSIUM 100 INJ UNSURE,CONSIUM 100(CARMUSTINE FOR INJ.),490310001,CONSIUM,DILUENT FOR CONSIUM 100 INJ,421112759,BIMODE 100 MG INJ 1 VIAL,421112202,0.6870,False,TASPIANCE INJ 180 MCG/0.5ML PFS,491110378,0.6853,False,GROS 100 MG INJ 1 VIAL,422220282,0.6850,False,0.6870,0.6850,0.6858,0,False,False,3
428,ELIGARD 45 SPL UNSURE,ELIGARD 45 MG INJECTABLE SUSPENSION,491110288,ELIGARD,ELIGARD 45 MG DEPOT INJ.,492220086,ELIGARD 22.5MG DEPOT INJ,492220085,0.7061,True,ELIGARD 30 MG INJECTABLE SUSPENSION,421112685,0.6804,True,ELIGARD 7.5 MG INJECTABLE SUSPENSION,491110286,0.6775,True,0.7061,0.6775,0.6880,3,True,False,3
429,CISCURE INJ 2.5ML,CISCURE 0.25 MG INJECTION,421110589,CISCURE,CISCURE  PFS,421112188,BIOCURE 2 MG INJ 1 VIAL,421112203,0.8201,False,PEMCURE 500 MG INJ 1 VIAL,421111011,0.7951,False,CITAFINE 200 MG INJ 1 VIAL,422220161,0.7777,False,0.8201,0.7777,0.7976,0,False,False,3
430,OROFER XT + TABLET 30S 30S,OROFER XT + SUSPENSION 200 ML,424441225,OROFER,OROFER XT TABLET 1X30 T,424441705,OROFER XT TABLET,424441704,0.9184,True,OROFER XT TOTAL TABLET,424441708,0.8868,True,OROFER XT TABLET 1x15T,424442006,0.8620,True,0.9184,0.8620,0.8891,3,True,False,3
431,"ASOMEX 5MG TAB 10S 10X15""",ASOMEX 5 MG TABLET 1x15T,424441737,ASOMEX,ASOMEX 5 MG TABLET,424440003,ASOMEX - M 5 TABLETS 10X10 T,424441466,0.9281,True,ASOMEX - M  TABLETS 10X10 T,424441465,0.9121,True,ENCURE 0.5 MG TABLET  10X10,424441408,0.8885,False,0.9281,0.8885,0.9096,2,False,False,3
432,LASIX-40MG 15S 15X15,LASIX 40 MG TABLET 80x15T,421112913,LASIX,LASIX 40 MG/4ML INJECTION,421112912,TEMSAN 40 MG TABLETS 10x15T,424441699,0.8024,False,ASOMEX 2.5 MG TABLET 1X15T,424441736,0.7903,False,ASOMEX AT 5 MG TABLET 1X15T,424441922,0.7871,False,0.8024,0.7871,0.7933,0,False,False,3
433,FERIUM 1K 1S,FERIUM INJECTION 1K (1GM/20ML),421111885,FERIUM,FERIUM DROPS 15 ML,421110068,FERIUM  365 CAPSULES,421110813,0.7619,True,FERIUM XT - Z TABLETS 1X10 T,424440134,0.7315,True,FERIUM INJECTION 500MG,421110953,0.7247,True,0.7619,0.7247,0.7394,3,True,False,3
434,ASOMEX 5MG10X2X1515 S,ASOMEX 5 MG TABLET 1x15T,424441737,ASOMEX,ASOMEX 5 MG TABLET,424440003,ASOMEX AT 5 MG TABLET 1X15T,424441922,0.8988,True,ASOMEX 2.5 MG TABLET 1X15T,424441736,0.8825,True,ASOMEX AT 2.5 MG TABLET 1X15T,424441921,0.8823,True,0.8988,0.8823,0.8879,3,True,False,3
435,ASOMEX AT2.55X2X1515 S,ASOMEX AT 2.5 MG TABLET 1X15T,424441921,ASOMEX,ASOMEX AT 2.5 MG TABLET,420000021,ESLO -AT TABLETS 5X2X15 T,427770143,0.8175,False,ASOMEX 1.25 TABLETS 1X15T,424440754,0.8074,True,ASOMEX AT 5 MG TABLET 1X15T,424441922,0.8019,True,0.8175,0.8019,0.8089,2,False,False,3
436,ASOMEX D 5X2X1515 S,ASOMEX D 5 TABLET 1x15T,424440760,ASOMEX,ASOMEX D 5 TABLET,424440008,ESLO -AT TABLETS 5X2X15 T,427770143,0.8246,False,ASOMEX D TABLET 1x15T,424440759,0.8238,True,ASOMEX 1.25 TABLETS 1X15T,424440754,0.8207,True,0.8246,0.8207,0.8230,2,False,False,3
437,ASOMEX-TM10X1515,ASOMEX - TM TABLETS 1X15T,424441530,ASOMEX,ASOMEX - TM TABLETS,421110575,ASOMEX - M  TABLETS 10X10 T,424441465,0.7835,True,ASOMEX - TM 5 TABLETS 1X15T,421111383,0.7697,True,ASOMEX D TABLET 1x15T,424440759,0.7570,True,0.7835,0.7570,0.7701,3,True,False,3
438,ASOMEX-TM510X1515 S,ASOMEX - TM 5 TABLETS 1X15T,421111383,ASOMEX,ASOMEX - TM TABLETS,421110575,ASOMEX - TM TABLETS 1X15T,424441530,0.7648,True,ASOMEX D TABLET 1x15T,424440759,0.7519,True,ASOMEX LT TABLET 1X15T,424440761,0.7517,True,0.7648,0.7517,0.7561,3,True,False,3
439,CALONAT-D31X15,CALONAT - D 3 TABLETS,424441177,CALONAT,CALONAT D TABLET,424440032,CALONAT XT TABLET 10x15T,421112769,0.7459,True,CALONAT - D3 GRANULES,421111197,0.7294,True,CALOSHELL SUSPENSION 150 ML,421110843,0.7242,False,0.7459,0.7242,0.7332,2,False,False,3
440,FERIUM XT5X1515 S,FERIUM XT TABLET 10x15T,424441955,FERIUM,FERIUM XT TABLET,424441702,FERIUM XT SUSPENSION,424440591,0.7686,True,FERIUM XT DROPS 15 ML,424441719,0.7518,True,FERIUM XT - Z TABLETS 1X10 T,424440134,0.7471,True,0.7686,0.7471,0.7558,3,True,False,3
441,OROFER XT5X1515 S,OROFER XT TABLET 1x15T,424442006,OROFER,OROFER XT DROPS,424441717,OROFER XT SUSPENSION 150 ML,424440590,0.7936,True,OROFER XT TABLET 1X30 T,424441705,0.7715,True,OROFER XT TABLET,424441704,0.7668,True,0.7936,0.7668,0.7773,3,True,False,3
442,PAUSE 50010X1010TAS,PAUSE TABLET 500 MG,424441657,PAUSE,PAUSE INJECTION,424441951,PAUSE 1000 TABLETS 10x10T,424442023,0.8362,True,PAUSE-XT TABLETS,491110141,0.8012,True,PAUSE-SR TABLETS,491110123,0.7912,True,0.8362,0.7912,0.8095,3,True,False,3
443,PROXYM ER30010X1515 S,PROXYM ER 200 TABLETS 15 T,424441863,PROXYM,PROXYM ER  TABLETS,424441016,PROXYM ER TABLET 1X15T,424441862,0.8453,True,PROXYM XT TABLET 1X15T,424441838,0.7782,True,PROXYM ER 200 TABLETS,424441015,0.7779,True,0.8453,0.7779,0.8005,3,True,False,3
444,OSTERI INJ 600 600X2.4ML PCS,OSTERI INJ.600MCG /2.4MLPEN DEVICE,421112507,OSTERI,OSTERI INJECTION 750 MCG PFS,421111655,AXENTRI TABLETS 1X60T,424441069,0.7621,False,EOPTAL 600 TABLETS 10X10 T,421112257,0.7517,False,BACTICURE 500 TABLETS 1X6 T,421112224,0.7505,False,0.7621,0.7505,0.7548,0,False,False,3
445,PROXYM 200ER 10TAB PCS,PROXYM ER 200 TABLETS,424441015,PROXYM,PROXYM 200 TABLET,424440534,PROXYM ER 200 TABLETS 15 T,424441863,0.8257,True,PROXYC - FT TABLETS 20X10,420000491,0.7935,False,PROXYM 300 TABLETS,424440535,0.7913,True,0.8257,0.7913,0.8035,2,False,False,3
446,TEMSAN CT 40MG TAB 10TAB 10TA,TEMSAN CT 40/12.5 MG TABLET 10X10,424441139,TEMSAN,TEMSAN CT TABLETS,421111094,TEMSAN 40 MG TABLETS 10x15T,424441699,0.8760,True,TEMSAN 40 MG. TABLETS,424440933,0.8575,True,TEMSAN 20 MG TABLETS 10x15T,424441698,0.8534,True,0.8760,0.8534,0.8623,3,True,False,3
447,ARMOD 50 15x15,ARMOD-50 TABLETS 1 x 15 T,424442060,ARMOD,ARMOD-50 TABLETS,424441213,ARMOD-150 TABLETS 1 x 15 T,424442061,0.8246,True,EMROFT - 50 30X10 T,420000175,0.7557,False,ESLO -AT TABLETS 5X2X15 T,427770143,0.7523,False,0.8246,0.7523,0.7775,1,False,False,3
448,LOBACOR 5 TABS 10,LOBACOR 5 TABLET,421112056,LOBACOR,LOBACOR 10 TABLET,421112055,SIMSTAT 5 MG TAB 10,420000363,0.8111,False,SIMSTAT 10 MG TAB 10,421110138,0.7939,False,PRASUMAX-5 TABS 1X10 T,429990891,0.7833,False,0.8111,0.7833,0.7961,0,False,False,3
449,GALACT GRANULES 400 1X400 GM,GALACT GRANULES 400GM ELAICHI,421113094,GALACT,GALACT GRANULES 400 GM CHOCOLATE,421112876,GALACT GRANULES 400 GM KESAR,421112875,0.8817,True,GALACT GRANULES,420000615,0.8722,True,GALACT GRANULES 600GM ELAICHI,421113037,0.8570,True,0.8817,0.8570,0.8703,3,True,False,3
450,GALACT GRANULES 400MG 400MG,GALACT GRANULES 400GM ELAICHI,421113094,GALACT,GALACT GRANULES 400 GM CHOCOLATE,421112876,GALACT GRANULES 400 GM KESAR,421112875,0.9053,True,GALACT GRANULES 600GM ELAICHI,421113037,0.8736,True,GALACT GRANULES 600GM CHOCOLATE,421113039,0.8527,True,0.9053,0.8527,0.8772,3,True,False,3
451,PROXYM-ER300 TABS 15 S,PROXYM ER 200 TABLETS 15 T,424441863,PROXYM,PROXYM ER TABLET 1X15T,424441862,PROXYM ER 200 TABLETS,424441015,0.8118,True,PROXYM 300 TABLETS,424440535,0.8105,True,PROXYM 200 TABLET,424440534,0.7826,True,0.8118,0.7826,0.8016,3,True,False,3
452,TEMSAN 40MG TAB 10X15 10*15,TEMSAN 40 MG TABLETS 10x15T,424441699,TEMSAN,TEMSAN 40 MG. TABLETS,424440933,TEMSAN CT 40/12.5 MG TABLET 10X10,424441139,0.9131,True,TEMSAN 20 MG TABLETS 10x15T,424441698,0.9094,True,TEMSAN 80 MG TABLETS 10x15T,424441700,0.8995,True,0.9131,0.8995,0.9073,3,True,False,3
453,OROFER XT MCP VAIL 1X130 1*30,OROFER XT TABLET 1X30 T,424441705,OROFER,OROFER XT DROPS,424441717,OROFER XT SUSPENSION 150 ML,424440590,0.7569,True,OROFER XT-Z TABLETS 1X10 T,424440112,0.7435,True,OROFER XT TABLET 1x15T,424442006,0.7431,True,0.7569,0.7431,0.7478,3,True,False,3
454,OSTERI INJECTION 1X5,OSTERI INJ.600MCG /2.4MLPEN DEVICE,421112507,OSTERI,OSTERI INJECTION 750 MCG PFS,421111655,OSTERI INJECTION NEEDLES,421111705,0.8324,True,FULVIRA INJECTION 1X5 ML PFS,421112210,0.7505,False,ETS - 50 INJECTION 5X1 ML,420000218,0.7476,False,0.8324,0.7476,0.7768,1,False,False,3
455,ASOMEX AT5MG 15S 15S,ASOMEX AT 2.5 MG TABLET 1X15T,424441921,ASOMEX,ASOMEX AT 5 MG TABLET 1X15T,424441922,ASOMEX 5 MG TABLET,424440003,0.8699,True,ASOMEX 5 MG TABLET 1x15T,424441737,0.8652,True,ASOMEX 2.5 MG TABLET 1X15T,424441736,0.8639,True,0.8699,0.8639,0.8663,3,True,False,3
456,ASOMEX-D5MG TAB 10S 15S,ASOMEX D 5 TABLET 1x15T,424440760,ASOMEX,ASOMEX D 5 TABLET,424440008,ASOMEX D TABLET,424440007,0.8491,True,SIMSTAT 10 MG TAB 10,421110138,0.8376,False,SIMSTAT 5 MG TAB 10,420000363,0.8333,False,0.8491,0.8333,0.8400,1,False,False,3
457,OSTERI INJ600 MCG/2.4ML PEN+NEEDLES 1S,OSTERI INJ.600MCG /2.4MLPEN DEVICE,421112507,OSTERI,OSTERI INJECTION NEEDLES,421111705,EMSTAR 1 GM INJ 1 VIAL,421110944,0.7295,False,EMSTAR 500 MG INJ 1 VIAL,421110943,0.7281,False,CITAFINE 1 GM INJ 1 VIAL,422220160,0.7218,False,0.7295,0.7218,0.7265,0,False,False,3
458,FLAWLIZO MICRO 0.04 GELPUMP-15gm,FLAWLIZO MICRO 0.04% GEL 15GM PUMP PACK,421113085,FLAWLIZO,FLAWLIZO MICRO 0.04% GEL 15GM TUBE PACK,421113049,FLAWLIZO MICRO 0.1% GEL 15GM PUMP PACK,421113083,0.8898,True,FLAWLIZO MICRO 0.1% GEL 15GM TUBE PACK,421113050,0.8499,True,FLAWLIZO 0.025% CREAM 20GM,421113048,0.7529,True,0.8898,0.7529,0.8309,3,True,False,3
459,NUMLO D5 TAB 1X15S,NUMLO-D 5 TABLET,424440017,NUMLO,NUMLO-D 5 TABLET 1x15 T,424441201,NUMLO-D TABLET 1X15 T,424441202,0.8724,True,NUMLO-AT TABLET 1X15 T,424441936,0.8690,True,NUMLO-TM 5 TABLETS 1X15 T,421112128,0.8316,True,0.8724,0.8316,0.8577,3,True,False,3
460,PROXYM ER 300 TAB 1X15S,PROXYM ER 200 TABLETS 15 T,424441863,PROXYM,PROXYM ER TABLET 1X15T,424441862,PROXYM XT TABLET 1X15T,424441838,0.8495,True,PROXYM 300 TABLETS,424440535,0.8268,True,PROXYM ER 200 TABLETS,424441015,0.8120,True,0.8495,0.8120,0.8294,3,True,False,3
461,ASOMEX 1.25MG TAB 1X15S,ASOMEX 1.25 TABLETS 1X15T,424440754,ASOMEX,ASOMEX 1.25 MG TABLET,424440001,ASOMEX AT 2.5 MG TABLET 1X15T,424441921,0.9163,True,ASOMEX 2.5 MG TABLET 1X15T,424441736,0.9085,True,ASOMEX AT 5 MG TABLET 1X15T,424441922,0.9059,True,0.9163,0.9059,0.9102,3,True,False,3
462,OSTERI INJ 600 MCG /2.4 ML PEN,OSTERI INJ.600MCG /2.4MLPEN DEVICE,421112507,OSTERI,OSTERI INJECTION 750 MCG PFS,421111655,RTCARB INJ 100 mcg/ml,421112610,0.7273,False,AUGPEN I.V. 600 MG INJECTION,423331091,0.7245,False,EXHEP PEN CARTRIDGE 300MG/3ML,421112829,0.7233,False,0.7273,0.7233,0.7250,0,False,False,3
463,SYLATE-T 500MG TAB 10 T,SYLATE T 500 TABLET,421110143,SYLATE,SYLATE TABLET 500 MG,424441083,SYLATE M TABLET 500 MG,421110142,0.8779,True,CELLCEPT 500MG TABLET 10T,420008971,0.8418,False,SYLATE T TABLET,420000603,0.8412,True,0.8779,0.8412,0.8536,2,False,False,3
464,AMARYL MV215TAB 1X15TAB,AMARYL MV 2MG TABLET 10x15T,421113135,AMARYL,AMARYL MV 1MG TABLET 10x15T,421113134,EMLINZ M 2.5/1000 TAB 1X10T,429991542,0.7587,False,AMARYL M 1MG TABLET 8x20T,421113130,0.7533,True,EMILDAP M10/500 1X10T,421112860,0.7496,False,0.7587,0.7496,0.7539,1,False,False,3
465,TEMSAN-H TAB 115(1015)BOX,TEMSAN H TABLETS 1X15 T,424441191,TEMSAN,TEMSAN H TABLETS,424440638,TEMSAN BS 2.5/40 TABLET 10x10T,421112702,0.7623,True,TEMSAN BS 5/40 TABLET 10x10T,421112703,0.7620,True,TEMSAN LN TABLET 10x15T,421112933,0.7529,True,0.7623,0.7529,0.7591,3,True,False,3
466,OROFER XT BOX,OROFER XT TABLET,424441704,OROFER,OROFER XT DROPS,424441717,OROFER XT TABLET 1X30 T,424441705,0.8073,True,OROFER XT TOTAL TABLET,424441708,0.8028,True,OROFER XT TABLET 1x15T,424442006,0.7951,True,0.8073,0.7951,0.8017,3,True,False,3
467,TEMSAN-80 TAB 115(1015)BOX,TEMSAN 80 MG TABLETS 10x15T,424441700,TEMSAN,TEMSAN 80 MG. TABLETS,424440934,TEMSAN BS 5/40 TABLET 10x10T,421112703,0.7612,True,TEMSAN BS 2.5/40 TABLET 10x10T,421112702,0.7610,True,EXDUO 200 TABLET 10 T,424441901,0.7548,False,0.7612,0.7548,0.7590,2,False,False,3
468,OROFER-XT SUSP. 200 ML,OROFER XT + SUSPENSION 200 ML,424441225,OROFER,OROFER XT DROPS,424441717,OROFER XT SUSPENSION 150 ML,424440590,0.8538,True,OROFER S 200 INJECTION 10 ML,421111388,0.8505,True,OROFER S INJECTION 2.5 ML,421111536,0.8297,True,0.8538,0.8297,0.8447,3,True,False,3
469,OSTERI INJ.600MCG/2.4 ML 2.4 ML,OSTERI INJ.600MCG /2.4MLPEN DEVICE,421112507,OSTERI,OSTERI INJECTION 750 MCG PFS,421111655,MAXTRA  SYP  60 ML,420030069,0.7407,False,PROTOTAL POW.200GM,421111281,0.7308,False,MAXTRA GARGLE 120 ML,423331303,0.7308,False,0.7407,0.7308,0.7341,0,False,False,3
470,PROXYM ER 300 10X10,PROXYM ER 200 TABLETS,424441015,PROXYM,PROXYM ER  TABLETS,424441016,PROXYM ER TABLET 1X15T,424441862,0.8167,True,PROXYC - FT TABLETS 20X10,420000491,0.8032,False,EOPTAL 300 TABLETS 10X10 T,421112255,0.7724,False,0.8167,0.7724,0.7974,1,False,False,3
471,AMARYL-M1FORTE 1X15,AMARYL M FORTE 1MG TABLET 10x15T,421113132,AMARYL,AMARYL M 1MG TABLET 8x20T,421113130,AMARYL MV 1MG TABLET 10x15T,421113134,0.7578,True,AMARYL 2MG TABLET 15x30T,421113128,0.7459,True,AMARYL 1MG TABLET 10x30T,421113127,0.7372,True,0.7578,0.7372,0.7470,3,True,False,3
472,OROFER XT PLUSSYP 200ML.,OROFER XT + SUSPENSION 200 ML,424441225,OROFER,OROFER XT DROPS,424441717,OROFER XT SUSPENSION 150 ML,424440590,0.8329,True,OROFER S 200 INJECTION 10 ML,421111388,0.8177,True,OROFER SYRUP 150 ML,424441435,0.8008,True,0.8329,0.8008,0.8171,3,True,False,3
473,GALACT GRAN.400GM ELICHI 1*400GM,GALACT GRANULES 400GM ELAICHI,421113094,GALACT,GALACT GRANULES 400 GM KESAR,421112875,GALACT GRANULES 600GM ELAICHI,421113037,0.8376,True,GALACT GRANULE 200 GM ELAICHI,421112871,0.8223,True,GALACT GRANULES 400 GM CHOCOLATE,421112876,0.8058,True,0.8376,0.8058,0.8219,3,True,False,3
474,NUCORIL-5MG TAB 30T,NUCORIL - 5 TABLETS 1X30 T,424440492,NUCORIL,NUCORIL 5 MG TAB 20,424440893,NUCORIL - 5 TABLETS 1X10 T,424441444,0.8354,True,VINCORT TABLET 30 MG,422220027,0.8109,False,NUCORIL OD TABLET,424440669,0.8104,True,0.8354,0.8104,0.8189,2,False,False,3
475,PROXYM ER 15 T,PROXYM ER TABLET 1X15T,424441862,PROXYM,PROXYM ER 200 TABLETS 15 T,424441863,PROXYM ER  TABLETS,424441016,0.8084,True,PROXYM ER 200 TABLETS,424441015,0.7985,True,PROXYM-XT TABLETS,424441021,0.7563,True,0.8084,0.7563,0.7877,3,True,False,3
476,AMARYL-M28X20 1X20,AMARYL M 2MG TABLET 8x20T,421113131,AMARYL,AMARYL M 1MG TABLET 8x20T,421113130,AMARYL 1MG TABLET 10x30T,421113127,0.7267,True,AMARYL MV 1MG TABLET 10x15T,421113134,0.7218,True,AMARYL 2MG TABLET 15x30T,421113128,0.7133,True,0.7267,0.7133,0.7206,3,True,False,3
477,PROXYM ER 300 MG TAB 1X15TA,PROXYM ER 200 TABLETS 15 T,424441863,PROXYM,PROXYM ER TABLET 1X15T,424441862,PROXYM ER 200 TABLETS,424441015,0.8340,True,ASOMEX 2.5 MG TABLET 1X15T,424441736,0.8298,False,PROXYM 300 TABLETS,424440535,0.8273,True,0.8340,0.8273,0.8304,2,False,False,3
478,ENHEMO 500 VIAL 5ML,ENHEMO 500 TABLET 10x10T,424442072,ENHEMO,ENHEMO 500 INJECTION 5x5ML,424442068,EMLEVO INJECTION 5ML,421112033,0.8399,False,EMSTAR 500 MG INJ 1 VIAL,421110943,0.8391,False,PEMCURE 500 MG INJ 1 VIAL,421111011,0.8381,False,0.8399,0.8381,0.8390,0,False,False,3
479,CISCURE VIAL. 1X1,CISCURE 0.25 MG INJECTION,421110589,CISCURE,CISCURE  PFS,421112188,CITAFINE 1 GM INJ 1 VIAL,422220160,0.8338,False,EMSTAR 1 GM INJ 1 VIAL,421110944,0.8239,False,GROS 30 INJ 1 VIAL,422220280,0.8185,False,0.8338,0.8185,0.8254,0,False,False,3
480,OROFER-XT5X15 1X15,OROFER XT TABLET 1x15T,424442006,OROFER,OROFER XT DROPS,424441717,OROFER XT TABLET 1X30 T,424441705,0.7729,True,OROFER XT SUSPENSION 150 ML,424440590,0.7717,True,OROFER XT-Z TABLETS 1X10 T,424440112,0.7678,True,0.7729,0.7678,0.7708,3,True,False,3
481,PROXYM-ER.300 TAB 10TAB,PROXYM ER 200 TABLETS,424441015,PROXYM,PROXYM ER  TABLETS,424441016,PROXYM 300 TABLETS,424440535,0.8197,True,PROXYM ER 200 TABLETS 15 T,424441863,0.8041,True,PROXYM 200 TABLET,424440534,0.7964,True,0.8197,0.7964,0.8067,3,True,False,3
482,LASIX 40 MG 80X15T 80*15T,LASIX 40 MG TABLET 80x15T,421112913,LASIX,LASIX 40 MG/4ML INJECTION,421112912,TEMSAN 80 MG TABLETS 10x15T,424441700,0.8282,False,TEMSAN 40 MG TABLETS 10x15T,424441699,0.8210,False,TELSITE 80 MG TABLET 10x15T,421112923,0.8199,False,0.8282,0.8199,0.8230,0,False,False,3
483,ENCICARB 1K INJ 1000MG INJ 20ML,ENCICARB INJECTION 1K,422220233,ENCICARB,ENCICARB INJECTION 1K,422220233,ENCICARB INJECTION 500MG/10ML,422220079,0.8395,True,ENCICARB INJECTION 100MG/2ML,422220078,0.8319,True,PEMCURE 500 MG INJ 1 VIAL,421111011,0.8149,False,0.8395,0.8149,0.8288,2,False,False,3
484,NUCORIL 5 MG 30 TA,NUCORIL - 5 TABLETS 1X30 T,424440492,NUCORIL,NUCORIL 5 MG TAB 20,424440893,VINCORT TABLET 30 MG,422220027,0.8168,False,NUCORIL - 5 TABLETS 1X10 T,424441444,0.8017,True,NUCORIL I.V.48 MG INJECTION,421110410,0.7988,True,0.8168,0.7988,0.8058,2,False,False,3
485,OSTERI INJ 600MCG/2.4 ML 1 PEN,OSTERI INJ.600MCG /2.4MLPEN DEVICE,421112507,OSTERI,OSTERI INJECTION 750 MCG PFS,421111655,EXHEP PEN CARTRIDGE 300MG/3ML,421112829,0.7226,False,AUGPEN I.V. 600 MG INJECTION,423331091,0.7221,False,MAXTRA  SYP  60 ML,420030069,0.7147,False,0.7226,0.7147,0.7198,0,False,False,3
486,EMLETRA TABLET 120 TAB 120,EMLETRA TABLET 1x120T,424441533,EMLETRA,EMLETRA TABLETS,491110071,EMLEVO 250 TABLET,421112030,0.8577,False,EMLEVO 1000 TABLET,421112029,0.8542,False,EMLEVO 750 TABLET,421112032,0.8530,False,0.8577,0.8530,0.8550,0,False,False,3
487,FULVIRA INJ FULVESTRANT PFS,FULVIRA 250 MG INJ 2X5 ML PFS,421112211,FULVIRA,FULVIRA INJECTION 1X5 ML PFS,421112210,CISCURE  PFS,421112188,0.7134,False,DARBECURE 25 INJECTION PFS,422220083,0.7041,False,DARBECURE 60 INJECTION PFS,422220179,0.7021,False,0.7134,0.7021,0.7065,0,False,False,3
488,CORDARONE 200MG 15 S,CORDARONE X 200 MG TABLET 10x15T,421112910,CORDARONE,CORDARONE 100 MG TABLET 20x15T,421112908,CORDARONE 150 MG/3ML INJECTION,421112909,0.8488,True,EFCURE 200 MG TABLET 30s,424441076,0.7750,False,APREONE INJECTION 150 MG,421111238,0.7666,False,0.8488,0.7666,0.7968,1,False,False,3
489,MATERNA-HCG 150I.U. VIAL,MATERNA-HMG 150 I.U.,491110369,MATERNA,MATERNA-HCG 5000 IU HP,491110366,MATERNA-FSH 150 I.U.,491110143,0.8392,True,MATERNA-HCG 10000 IU HP,491110367,0.8377,True,MATERNA-HCG 2000 I.U.,491110275,0.8303,True,0.8392,0.8303,0.8357,3,True,False,3
490,MATERNA-HCG 75IU VIAL,MATERNA-HMG 75 I.U.,491110368,MATERNA,MATERNA-HCG 2000 I.U.,491110275,MATERNA-HCG 10000 IU HP,491110367,0.8420,True,MATERNA R-FSH 75 IU INJECTION,421111273,0.8346,True,MATERNA-HCG 5000 IU HP,491110366,0.8341,True,0.8420,0.8341,0.8369,3,True,False,3
491,FERIUM 1K 20ML VIA,FERIUM INJECTION 1K (1GM/20ML),421111885,FERIUM,FERIUM SYRUP 150 ML,424440123,FCMO INJECTION 1k/20ML,421112711,0.8015,False,FERINJECT 1000mg/20 mL VIAL,420430002,0.7961,False,FERRIC CARBOXYMALTOSE INJ 1G/20ML,420007076,0.7957,False,0.8015,0.7957,0.7978,0,False,False,3
492,AQUAOAT-MOISTURIZING250ML,AQUAOAT MOISTURIZING CREAM 250GM,421113108,AQUAOAT,AQUAOAT MOISTURIZING LOTION 250ML,421112581,AQUAOAT MOISTURIZING LOTION 100ML,421112580,0.8998,True,AQUAOAT MOISTURIZING CREAM 100 GM,421112579,0.8721,True,AQUAOAT MOISTURIZING CREAM 50GM,421111878,0.8663,True,0.8998,0.8663,0.8794,3,True,False,3
493,A-BEC 300MG 30TAB,A-BEC TABLET 60T,424441967,A-BEC,A BEC 300 MG TABLET 30s,424440872,TAVIN 300 MG TABLET 30s,424440878,0.8195,False,TAVIN EM 300/200 MG TABLET 30s,424440817,0.8125,False,ACEGABA 300 CAPSULE,424441000,0.7809,False,0.8195,0.7809,0.8043,0,False,False,3
494,ENCICARB-1K VIAL,ENCICARB INJECTION 1K,422220233,ENCICARB,ENCICARB INJECTION 1K,422220233,CITAFINE 1 GM INJ 1 VIAL,422220160,0.8327,False,OXA 100 MG INJ 1 VIAL,422220254,0.8312,False,EMSTAR 500 MG INJ 1 VIAL,421110943,0.8295,False,0.8327,0.8295,0.8311,0,False,False,3
495,OXA-10050ML VIAL,OXA 100 MG INJ 1 VIAL,422220254,OXA,OXA INJECTION 25 ML,422220237,OXA 50 MG INJ 1 VIAL,422220253,0.8799,True,VENOFER 100mg/5mL VIAL,420430001,0.8637,False,BIMODE 100 MG INJ 1 VIAL,421112202,0.8368,False,0.8799,0.8368,0.8601,1,False,False,3
496,OXA-5025ML VIAL,OXA 50 MG INJ 1 VIAL,422220253,OXA,OXA INJECTION 25 ML,422220237,OXA 100 MG INJ 1 VIAL,422220254,0.8745,True,ELAXIM 50 MG INJ 1 VIAL,422220014,0.8436,False,TRASPOR INJECTION 50MG/VIAL,421112486,0.8330,False,0.8745,0.8330,0.8504,1,False,False,3
497,FERIUM 1K 20ML VIA,FERIUM INJECTION 1K (1GM/20ML),421111885,FERIUM,FERIUM SYRUP 150 ML,424440123,FCMO INJECTION 1k/20ML,421112711,0.8015,False,FERINJECT 1000mg/20 mL VIAL,420430002,0.7961,False,FERRIC CARBOXYMALTOSE INJ 1G/20ML,420007076,0.7957,False,0.8015,0.7957,0.7978,0,False,False,3
498,OROFER XT TABBOTTL 1*30,OROFER XT TABLET 1X30 T,424441705,OROFER,OROFER XT TABLET 1x15T,424442006,OROFER XT TOTAL TABLET,424441708,0.8465,True,OROFER XT TABLET,424441704,0.8452,True,OROFER XT-Z TABLETS 1X10 T,424440112,0.8004,True,0.8465,0.8004,0.8307,3,True,False,3
499,SYLATE- T 500MG TAB 1*10,SYLATE T 500 TABLET,421110143,SYLATE,SYLATE TABLET 500 MG,424441083,SYLATE M TABLET 500 MG,421110142,0.8803,True,NAPROXEN TAB 500 MG 10X2X10T,421112839,0.8386,False,SYLATE T TABLET,420000603,0.8328,True,0.8803,0.8328,0.8506,2,False,False,3
500,HOSIT D3. 1X10,HOSIT D3 TABLET,424441914,HOSIT,HOSIT TABLET,424441222,CALOSHELL D3 SACHET,421113029,0.7768,False,CALOSHELL D3 CAPSULES 20X1X4,421112248,0.7599,False,OROFER D3 TABLETS 1X10 T,424442021,0.7561,False,0.7768,0.7561,0.7643,0,False,False,3
501,VYLDA DM 100/1000 1X10,VYLDA DM 100/5/1000 TABLET 1x10T,421112639,VYLDA,VYLDA DM 100/10/1000 TABLET 1x10T,421112889,VYLDA DM 100/10/500 TABLET 1x10T,421112888,0.8495,True,VYLDA DM 100/5/500 TABLET 1x10T,421112638,0.8424,True,VYLDA D100/10 TABLET 1X10T,421112886,0.8227,True,0.8495,0.8227,0.8382,3,True,False,3
502,VYLDA DM 100/500 1X10,VYLDA DM 100/5/500 TABLET 1x10T,421112638,VYLDA,VYLDA DM 100/10/500 TABLET 1x10T,421112888,VYLDA DM 100/5/1000 TABLET 1x10T,421112639,0.8614,True,VYLDA DM 100/10/1000 TABLET 1x10T,421112889,0.8598,True,VYLDA D100/5 TABLET 1X10T,421112572,0.8112,True,0.8614,0.8112,0.8441,3,True,False,3
503,GALACT GRANULES KASHMIRI KESAR,GALACT GRANULES KESAR,421112646,GALACT,GALACT GRANULES,420000615,GALACT GRANULES 400 GM KESAR,421112875,0.8767,True,GALACT GRANULES 600GM ELAICHI,421113037,0.7920,True,GALACT GRANULES 400GM ELAICHI,421113094,0.7874,True,0.8767,0.7874,0.8187,3,True,False,3
504,FERIUM 1K INJ 1X20M,FERIUM INJECTION 1K (1GM/20ML),421111885,FERIUM,FERIUM INJECTION 500MG,421110953,LANCURE I.V. 1X300 ML,421110934,0.7575,False,EMSTAR 1 GM INJ 1 VIAL,421110944,0.7531,False,VINTOR 10000 IU INJ 1 PFS,422220120,0.7517,False,0.7575,0.7517,0.7541,0,False,False,3
505,LAZID TAB 1X60 60,LAZID TABLETS,491110216,LAZID,LAZID N TABLET 1x60 T,494440079,LAZID 150/300 MG TABLET 60s,424441072,0.8661,True,EMTRI 40 TABLET 1X60 T,491110268,0.8396,False,EMDUO 30 TABLET 1X60 T,494440096,0.8351,False,0.8661,0.8351,0.8469,1,False,False,3
506,SYLATE-T 500MG TAB 10 S 1s,SYLATE T 500 TABLET,421110143,SYLATE,SYLATE TABLET 500 MG,424441083,SYLATE M TABLET 500 MG,421110142,0.8681,True,SYLATE T TABLET,420000603,0.8368,True,CELLCEPT 500MG TABLET 10T,420008971,0.8230,False,0.8681,0.8230,0.8426,2,False,False,3
507,ASOMEX 2.5MG TAB 15 S 1s,ASOMEX 2.5 MG TABLET 1X15T,424441736,ASOMEX,ASOMEX 2.5 MG TABLET,424440002,ASOMEX AT 2.5 MG TABLET 1X15T,424441921,0.8982,True,ASOMEX AT 5 MG TABLET 1X15T,424441922,0.8797,True,ASOMEX 1.25 MG TABLET,424440001,0.8776,True,0.8982,0.8776,0.8852,3,True,False,3
508,ASOMEX 5MG TAB 15 S 1s,ASOMEX 5 MG TABLET 1x15T,424441737,ASOMEX,ASOMEX 5 MG TABLET,424440003,ASOMEX AT 5 MG TABLET 1X15T,424441922,0.8957,True,ASOMEX 2.5 MG TABLET 1X15T,424441736,0.8809,True,ASOMEX LT 5 MG TABLET,421111036,0.8755,True,0.8957,0.8755,0.8840,3,True,False,3
509,ASOMEX AT 2.5MG TAB 15 S 1s,ASOMEX AT 2.5 MG TABLET 1X15T,424441921,ASOMEX,ASOMEX AT 2.5 MG TABLET,420000021,ASOMEX AT 5 MG TABLET 1X15T,424441922,0.8882,True,ASOMEX AT 5 MG TABLET,424440006,0.8788,True,ASOMEX 2.5 MG TABLET,424440002,0.8730,True,0.8882,0.8730,0.8800,3,True,False,3
510,ASOMEX D TAB 15 S 1s,ASOMEX D TABLET 1x15T,424440759,ASOMEX,ASOMEX D TABLET,424440007,ASOMEX D 5 TABLET,424440008,0.8362,True,ASOMEX D 5 TABLET 1x15T,424440760,0.8337,True,ASOMEX LT TABLET 1X15T,424440761,0.8302,True,0.8362,0.8302,0.8334,3,True,False,3
511,S-NUMLO 2.5MG TAB 15 S 1s,S-NUMLO 2.5 MG TABLET 1x15 T,424441203,S-NUMLO,S-NUMLO 2.5 MG TABLET,424440011,S-NUMLO 5 MG TABLET 1x15 T,424441204,0.9062,True,S-NUMLO 1.25 MG TABLET,424440010,0.9013,True,S-NUMLO 5 MG TABLET,424440012,0.8951,True,0.9062,0.8951,0.9009,3,True,False,3
512,VYLDA TAB 15 S 1s,VYLDA TABLETS 1X15 T,424441803,VYLDA,VYLDA TABLET,424442008,VYLDA P TABLET 1x10T,421112679,0.7765,True,VYLDA OD 50 TABLET 1X15T,421112490,0.7757,True,VYLDA DM 100/10/500 TABLET 1x10T,421112888,0.7601,True,0.7765,0.7601,0.7708,3,True,False,3
513,OROFER CAP 10 S 1s,OROFER S INJECTION 2.5 ML,421111536,OROFER,OROFER CAPSULES,424440351,OROFER S 200 INJECTION 10 ML,421111388,0.7717,True,OROFER S 100 INJECTION,421111537,0.7447,True,MECOVON CAPS. 10X10C,420030187,0.7406,False,0.7717,0.7406,0.7523,2,False,False,3
514,EMSITA M SR 100/1000 TAB 10S 1s,EMSITA M SR 100/1000 1X10T,421112596,EMSITA,EMSITA M SR 100/500 TABLET 1x10T,421112619,EMLINZ M 2.5/1000 TAB 1X10T,429991542,0.8480,False,EMSITA D 100/10 TABLET 1X10T,421112882,0.8242,True,EMSITA GM 50/1/1000 TABLET 10x10T,421112697,0.8097,True,0.8480,0.8097,0.8273,2,False,False,3
515,TEMSAN 20MG TAB 15 S 1s,TEMSAN 20 MG TABLETS 10x15T,424441698,TEMSAN,TEMSAN 20 MG. TABLETS,424440932,TEMSAN H TABLETS 1X15 T,424441191,0.8484,True,TEMSAN 80 H TABLETS 1X15T,424441192,0.8396,True,TEMSAN AM-5 TABLETS 1X15 T,421111794,0.8376,True,0.8484,0.8376,0.8419,3,True,False,3
516,TEMSAN 40MG TAB 15 S 1s,TEMSAN 40 MG TABLETS 10x15T,424441699,TEMSAN,TEMSAN 40 MG. TABLETS,424440933,TEMSAN H TABLETS 1X15 T,424441191,0.8491,True,TEMSAN 80 H TABLETS 1X15T,424441192,0.8423,True,TEMSAN AM-5 TABLETS 1X15 T,421111794,0.8381,True,0.8491,0.8381,0.8432,3,True,False,3
517,TEMSAN 80H TAB 15 S 1s,TEMSAN 80 H TABLETS 1X15T,424441192,TEMSAN,TEMSAN  80 H TABLETS,424440636,TEMSAN - AM TABLETS 1X15T,424441539,0.7984,True,TEMSAN H TABLETS 1X15 T,424441191,0.7981,True,TEMSAN LN TABLET 10x15T,421112933,0.7958,True,0.7984,0.7958,0.7974,3,True,False,3
518,TEMSAN 80MG TAB 15 S 1s,TEMSAN 80 MG TABLETS 10x15T,424441700,TEMSAN,TEMSAN 80 MG. TABLETS,424440934,TEMSAN 80 H TABLETS 1X15T,424441192,0.8659,True,TEMSAN  80 H TABLETS,424440636,0.8588,True,TEMSAN H TABLETS 1X15 T,424441191,0.8428,True,0.8659,0.8428,0.8558,3,True,False,3
519,TEMSAN H TAB 15 S 1s,TEMSAN H TABLETS 1X15 T,424441191,TEMSAN,TEMSAN H TABLETS,424440638,TEMSAN - AM TABLETS 1X15T,424441539,0.8010,True,TEMSAN LN TABLET 10x15T,421112933,0.7998,True,TEMSAN AM-5 TABLETS 1X15 T,421111794,0.7819,True,0.8010,0.7819,0.7942,3,True,False,3
520,XGRAST 300 MCG INJ 1PFS,XGRAST 300 MCG INJ 1 PFS,492220092,XGRAST,XGRAST  INJ 300 MCG/0.5 ML PFS,422220290,EMGRAST 300 MCG INJ 1 PFS,422220194,0.8809,False,EMGRAST 150 MCG,492220028,0.7938,False,PEGEX 6 MG INJ 1 PFS,422220252,0.7816,False,0.8809,0.7816,0.8188,0,False,False,3
521,FLAWLIZO MICRO 0.1GEL 1 PC,FLAWLIZO MICRO 0.1% GEL 15GM TUBE PACK,421113050,FLAWLIZO,FLAWLIZO MICRO 0.04% GEL 15GM TUBE PACK,421113049,FLAWLIZO MICRO 0.1% GEL 15GM PUMP PACK,421113083,0.7646,True,FLAWLIZO MICRO 0.04% GEL 15GM PUMP PACK,421113085,0.7596,True,FLAWLIZO 0.025% CREAM 20GM,421113048,0.6985,True,0.7646,0.6985,0.7409,3,True,False,3
522,NUMLO-D 5MG. TAB. 15S,NUMLO-D 5 TABLET,424440017,NUMLO,NUMLO-D 5 TABLET 1x15 T,424441201,S-NUMLO 2.5 MG TABLET 1x15 T,424441203,0.8775,False,S-NUMLO 5 MG TABLET 1x15 T,424441204,0.8715,False,NUMLO TABLET 2.5 MG,420000458,0.8624,True,0.8775,0.8624,0.8705,1,False,False,3
523,SYLATE-T 500MG. TAB. 6S,SYLATE T 500 TABLET,421110143,SYLATE,SYLATE TABLET 500 MG,424441083,SYLATE M TABLET 500 MG,421110142,0.8690,True,SYLATE T TABLET,420000603,0.8395,True,HEPMEND-500MG TABLET,424440736,0.8202,False,0.8690,0.8202,0.8429,2,False,False,3
524,ASOMEX TM TAB 15S 10*15,ASOMEX - TM TABLETS 1X15T,424441530,ASOMEX,ASOMEX - TM TABLETS,421110575,ASOMEX LT TABLET 1X15T,424440761,0.8404,True,ASOMEX D TABLET 1x15T,424440759,0.8339,True,ASOMEX D 5 TABLET 1x15T,424440760,0.8217,True,0.8404,0.8217,0.8320,3,True,False,3
525,PROXYM ER tab.300MG 15s,PROXYM ER 200 TABLETS 15 T,424441863,PROXYM,PROXYM ER TABLET 1X15T,424441862,PROXYM ER  TABLETS,424441016,0.8197,True,PROXYM ER 200 TABLETS,424441015,0.8131,True,PROXYM GEL 30 GM,421112498,0.8049,True,0.8197,0.8049,0.8126,3,True,False,3
526,S-NUMLO 2.5MG TAB PACK 2*15 TAB,S-NUMLO 2.5 MG TABLET 1x15 T,424441203,S-NUMLO,S-NUMLO 2.5 MG TABLET,424440011,NUMLO TABLET 2.5 MG,420000458,0.8787,False,S-NUMLO 5 MG TABLET 1x15 T,424441204,0.8753,True,S-NUMLO 5 MG TABLET,424440012,0.8690,True,0.8787,0.8690,0.8743,2,False,False,3
527,S-NUMLO 5MG TAB PACK 2*15 TAB,S-NUMLO 5 MG TABLET 1x15 T,424441204,S-NUMLO,S-NUMLO 5 MG TABLET,424440012,S-NUMLO 2.5 MG TABLET 1x15 T,424441203,0.9001,True,S-NUMLO 2.5 MG TABLET,424440011,0.8912,True,NUMLO TABLET 2.5 MG,420000458,0.8757,False,0.9001,0.8757,0.8890,2,False,False,3
528,CARDACE AM 2.50 TAB 1X10,CARDACE AM 2.5 TABLET 10x15T,421112895,CARDACE,CARDACE AM 10 TABLET 10x15T,421112894,CARDACE AM 5 TABLET 10x15T,421112896,0.8513,True,CARDACE METO 2.5 TABLET 10x10T,421112900,0.8494,True,CARDACE H 2.5 TABLET 10x15T,421112898,0.8370,True,0.8513,0.8370,0.8459,3,True,False,3
529,OROFER FCM 1000 MG 10ML,OROFER FCM  INJECTION 1K,421111805,OROFER,OROFER FCM  INJECTION 500MG/10ML,421111114,OROFER FCM INJECTION 750MG/15ML,421112705,0.8676,True,OROFER S 200 INJECTION 10 ML,421111388,0.8152,True,HOSIT FCM INJECTION 500MG/10ML,421112614,0.8035,False,0.8676,0.8035,0.8288,2,False,False,3
530,A-BEC 300MG TAB 1X60 PCS,A-BEC TABLET 60T,424441967,A-BEC,A BEC 300 MG TABLET 30s,424440872,ASOMEX 2.5 MG TABLET 1x30T,424440094,0.8043,False,A-BEC L TABLETS,424441093,0.7999,True,BIC EMTAF TABLET 1x30T,424442074,0.7974,False,0.8043,0.7974,0.8005,1,False,False,3
531,FULVIRA 2X5ML E V,FULVIRA 250 MG INJ 2X5 ML PFS,421112211,FULVIRA,FULVIRA INJECTION 1X5 ML PFS,421112210,NEVIR ER TBALET 1 X 30,424441482,0.7820,False,APRUV-2.5 4X5X10 T,420000013,0.7424,False,CLAMOB IV 1.2GM,421112472,0.7283,False,0.7820,0.7283,0.7509,0,False,False,3
532,PROXYM ER 300MG 1X15 PCS,PROXYM ER 200 TABLETS 15 T,424441863,PROXYM,PROXYM ER TABLET 1X15T,424441862,PROXYM ER  TABLETS,424441016,0.8112,True,PROXYM ER 200 TABLETS,424441015,0.8060,True,PROXYM GEL 30 GM,421112498,0.8045,True,0.8112,0.8045,0.8072,3,True,False,3
533,SYLATE T 500MG 1X10S T PCS,SYLATE T 500 TABLET,421110143,SYLATE,SYLATE TABLET 500 MG,424441083,SYLATE M TABLET 500 MG,421110142,0.8505,True,NAPROXEN TAB 500 MG 10X2X10T,421112839,0.8399,False,CEDIL 500MG TABLET 10x1x10T,421113153,0.8297,False,0.8505,0.8297,0.8400,1,False,False,3
534,VONADAY 1X30B PCS,VONADAY 600/300/300 MG TABLET 30s,,,VONADAY 600/300/300 MG TABLET 30s,424440875,ZUCOX - KIT 1X1 PS KIT,419990003,0.7070,False,TYBRIVA CAPSULE 1X30C,421112339,0.7003,False,VONARIL SYRUP 1X30 ML,421111791,0.6959,False,0.7070,0.6959,0.7011,0,False,False,3
535,EMANZEN AP TABLET 10,EMANZEN DP TABLET,421112653,EMANZEN,EMANZEN AP TABLET 10x10T,421113182,EMANZEN D TABLET,424440056,0.8648,True,EMZOSIN 10 TABLET,421111653,0.8205,False,DAPAFOR 10 TABLET,423331654,0.8172,False,0.8648,0.8172,0.8342,1,False,False,3
536,S NUMLO 2.5 TAB 10X15,S-NUMLO 2.5 MG TABLET 1x15 T,424441203,S-NUMLO,S-NUMLO 2.5 MG TABLET,424440011,NUMLO-AT TABLET 1X15 T,424441936,0.8557,False,NUMLO-M  TABLETS 10X10 T,424441470,0.8435,False,NUMLO-M 5 TABLETS 10X10 T,424441471,0.8371,False,0.8557,0.8371,0.8454,0,False,False,3
537,S NUMLO 5 TAB 10X15,S-NUMLO 5 MG TABLET 1x15 T,424441204,S-NUMLO,S-NUMLO 5 MG TABLET,424440012,NUMLO-AT TABLET 1X15 T,424441936,0.8637,False,NUMLO-D 5 TABLET 1x15 T,424441201,0.8595,False,NUMLO-M 5 TABLETS 10X10 T,424441471,0.8582,False,0.8637,0.8582,0.8605,0,False,False,3
538,NUMLO-D5 TAB. 1X15 PCS,NUMLO-D 5 TABLET,424440017,NUMLO,NUMLO-D 5 TABLET 1x15 T,424441201,NUMLO-AT TABLET 1X15 T,424441936,0.8711,True,NUMLO-D TABLET 1X15 T,424441202,0.8679,True,NUMLO-TM 5 TABLETS 1X15 T,421112128,0.8153,True,0.8711,0.8153,0.8514,3,True,False,3
539,S-NUMLO 2.5MG TAB PACK 2*15 TAB,S-NUMLO 2.5 MG TABLET 1x15 T,424441203,S-NUMLO,S-NUMLO 2.5 MG TABLET,424440011,NUMLO TABLET 2.5 MG,420000458,0.8787,False,S-NUMLO 5 MG TABLET 1x15 T,424441204,0.8753,True,S-NUMLO 5 MG TABLET,424440012,0.8690,True,0.8787,0.8690,0.8743,2,False,False,3
540,S-NUMLO 5MG TAB PACK 2*15 TAB,S-NUMLO 5 MG TABLET 1x15 T,424441204,S-NUMLO,S-NUMLO 5 MG TABLET,424440012,S-NUMLO 2.5 MG TABLET 1x15 T,424441203,0.9001,True,S-NUMLO 2.5 MG TABLET,424440011,0.8912,True,NUMLO TABLET 2.5 MG,420000458,0.8757,False,0.9001,0.8757,0.8890,2,False,False,3
541,ENCICARB 1K INJ 1000MG INJ 20ML,ENCICARB INJECTION 1K,422220233,ENCICARB,ENCICARB INJECTION 1K,422220233,ENCICARB INJECTION 500MG/10ML,422220079,0.8395,True,ENCICARB INJECTION 100MG/2ML,422220078,0.8319,True,PEMCURE 500 MG INJ 1 VIAL,421111011,0.8149,False,0.8395,0.8149,0.8288,2,False,False,3
542,NUCORIL 5 MG 30 TA,NUCORIL - 5 TABLETS 1X30 T,424440492,NUCORIL,NUCORIL 5 MG TAB 20,424440893,VINCORT TABLET 30 MG,422220027,0.8168,False,NUCORIL - 5 TABLETS 1X10 T,424441444,0.8017,True,NUCORIL I.V.48 MG INJECTION,421110410,0.7988,True,0.8168,0.7988,0.8058,2,False,False,3
543,ENCICARB 1K INJ 1000MG INJ 20ML,ENCICARB INJECTION 1K,422220233,ENCICARB,ENCICARB INJECTION 1K,422220233,ENCICARB INJECTION 500MG/10ML,422220079,0.8395,True,ENCICARB INJECTION 100MG/2ML,422220078,0.8319,True,PEMCURE 500 MG INJ 1 VIAL,421111011,0.8149,False,0.8395,0.8149,0.8288,2,False,False,3
544,NUCORIL 5 MG 30 TA,NUCORIL - 5 TABLETS 1X30 T,424440492,NUCORIL,NUCORIL 5 MG TAB 20,424440893,VINCORT TABLET 30 MG,422220027,0.8168,False,NUCORIL - 5 TABLETS 1X10 T,424441444,0.8017,True,NUCORIL I.V.48 MG INJECTION,421110410,0.7988,True,0.8168,0.7988,0.8058,2,False,False,3
545,PROXYM ER 300 TA 10S,PROXYM ER 200 TABLETS,424441015,PROXYM,PROXYM ER  TABLETS,424441016,PROXYM ER 200 TABLETS 15 T,424441863,0.8067,True,PROXYM 300 TABLETS,424440535,0.7849,True,PROXYM ER TABLET 1X15T,424441862,0.7701,True,0.8067,0.7701,0.7872,3,True,False,3
546,NUMLO AT TAB 1X1511 X15TAB,NUMLO-AT TABLET 1X15 T,424441936,NUMLO,NUMLO-AT TABLET,424440015,NUMLO-D TABLET 1X15 T,424441202,0.8277,True,NUMLO-D 5 TABLET 1x15 T,424441201,0.7945,True,NUMLO-TM TABLETS 1X15 T,421112129,0.7935,True,0.8277,0.7935,0.8052,3,True,False,3
547,S.NUMLO 2.5 TAB 1X1 1X15TAB,S-NUMLO 2.5 MG TABLET 1x15 T,424441203,S-NUMLO,S-NUMLO 2.5 MG TABLET,424440011,NUMLO-AT TABLET 1X15 T,424441936,0.8634,False,NUMLO-D TABLET 1X15 T,424441202,0.8427,False,NUMLO-TM TABLETS 1X15 T,421112129,0.8315,False,0.8634,0.8315,0.8459,0,False,False,3
548,CONSIVAS GOLD 20... 10,CONSIVAS GOLD 20 CAPSULES 10X10C,421112169,CONSIVAS,CONSIVAS GOLD 10 CAPSULES 10X10C,421112168,CONSIVAS 20 MG TABLET 10X10,424440444,0.7322,True,CONSIVAS CV 20 CAPSULE 10x10C,421112868,0.7123,True,CONSIVAS-40 TABLETS,424440648,0.7100,True,0.7322,0.7100,0.7182,3,True,False,3
549,GALACT GRANULES... 400g,GALACT GRANULES 400GM ELAICHI,421113094,GALACT,GALACT GRANULES 400 GM CHOCOLATE,421112876,GALACT GRANULES 400 GM KESAR,421112875,0.8876,True,GALACT GRANULES 600GM ELAICHI,421113037,0.8770,True,GALACT GRANULES 600GM CHOCOLATE,421113039,0.8644,True,0.8876,0.8644,0.8763,3,True,False,3
550,OSTERI INJ 600MCG/2.4 MLPEN 1 S,OSTERI INJ.600MCG /2.4MLPEN DEVICE,421112507,OSTERI,OSTERI INJECTION 750 MCG PFS,421111655,MAXTRA  SYP  60 ML,420030069,0.7440,False,XGRAST  INJ 300 MCG/0.5 ML PFS,422220290,0.7308,False,PEGEX 6 MG INJ 1 PFS,422220252,0.7282,False,0.7440,0.7282,0.7343,0,False,False,3
551,DAPAGZA M 10/1000 \*10 TA,DAPAGZA M10/1000 1X10T,421112563,DAPAGZA,DAPAGZA M 10/ 500 1X10T,421112847,DAPAGZA M 5/1000 1X10T,421112564,0.8883,True,DAPAGZA L 10/5 TABLET 10x10T,421112809,0.7629,True,EMSITA M 50/1000 1X10T,421112587,0.7477,False,0.8883,0.7477,0.7996,2,False,False,3
552,GALACT GRAN - 400GM 1x400,GALACT GRANULES 400GM ELAICHI,421113094,GALACT,GALACT GRANULES 400 GM KESAR,421112875,GALACT GRANULES 400 GM CHOCOLATE,421112876,0.8416,True,GALACT GRANULE 200 GM ELAICHI,421112871,0.8269,True,GALACT GRANULES 600GM ELAICHI,421113037,0.8177,True,0.8416,0.8177,0.8287,3,True,False,3
553,OROFER - FCM INJ 1x1,OROFER FCM  INJECTION 500MG/10ML,421111114,OROFER,OROFER FCM  INJECTION 1K,421111805,OROFER FCM INJECTION 750MG/15ML,421112705,0.8227,True,HOSIT FCM INJECTION 1K,421112615,0.7696,False,FCMO INJECTION 1k/20ML,421112711,0.7425,False,0.8227,0.7425,0.7783,1,False,False,3
554,CETAPIN XR 1GM TAB 1X20,CETAPIN XR 1000MG TABLET 10x15T,421113138,CETAPIN,CETAPIN XR 500MG TABLET 11x20T,421113139,CETAPIN V 0.2MG TABLET 10x15T,421113136,0.8579,True,CETAPIN V 0.3MG TABLET 10x15T,421113137,0.8535,True,EMTOFA XR 11MG TABLET 1x10T,421112691,0.7907,False,0.8579,0.7907,0.8340,2,False,False,3
555,TEMSAN CT 40/6.25 10,TEMSAN CT-6.25 TABLETS,421111887,TEMSAN,TEMSAN CT 40/12.5 MG TABLET 10X10,424441139,TEMSAN CT TABLETS,421111094,0.8025,True,TEMSAN 40 MG. TABLETS,424440933,0.7951,True,TEMSAN 40 MG TABLETS 10x15T,424441699,0.7929,True,0.8025,0.7929,0.7968,3,True,False,3
556,ASOMEX D 5 TAB 1515 S,ASOMEX D 5 TABLET 1x15T,424440760,ASOMEX,ASOMEX D 5 TABLET,424440008,ASOMEX D TABLET,424440007,0.8431,True,ASOMEX AT 5 MG TABLET 1X15T,424441922,0.8181,True,ASOMEX 2.5 MG TABLET 1X15T,424441736,0.8125,True,0.8431,0.8125,0.8246,3,True,False,3
557,GALACT GRANULES 4 4001400,GALACT GRANULES 400GM ELAICHI,421113094,GALACT,GALACT GRANULES,420000615,GALACT GRANULES 400 GM KESAR,421112875,0.8674,True,GALACT GRANULES 400 GM CHOCOLATE,421112876,0.8466,True,GALACT GRANULES 600GM ELAICHI,421113037,0.8381,True,0.8674,0.8381,0.8507,3,True,False,3
558,OROFER-XT-SYP 200 200200NL,OROFER XT + SUSPENSION 200 ML,424441225,OROFER,OROFER XT SUSPENSION 150 ML,424440590,OROFER XT DROPS,424441717,0.7436,True,OROFER XT TABLET,424441704,0.7345,True,OROFER XT TOTAL TABLET,424441708,0.7242,True,0.7436,0.7242,0.7341,3,True,False,3
559,VYLDA TAB 1515 S,VYLDA TABLETS 1X15 T,424441803,VYLDA,VYLDA TABLET,424442008,VYLDA OD 50 TABLET 1X15T,421112490,0.7792,True,VYLDA DM 100/5/500 TABLET 1x10T,421112638,0.7681,True,VYLDA DM 100/10/500 TABLET 1x10T,421112888,0.7668,True,0.7792,0.7668,0.7714,3,True,False,3
560,OROFER XT TAB 5X15 5S,OROFER XT TABLET 1x15T,424442006,OROFER,OROFER XT TABLET,424441704,OROFER XT TABLET 1X30 T,424441705,0.8463,True,ESLO -AT TABLETS 5X2X15 T,427770143,0.8065,False,ASOMEX D 5 TABLET 1x15T,424440760,0.8064,False,0.8463,0.8064,0.8197,1,False,False,3
561,OSTERI 600MCJ INJ 2.4ML,OSTERI INJ.600MCG /2.4MLPEN DEVICE,421112507,OSTERI,OSTERI INJECTION 750 MCG PFS,421111655,RTCARB INJ 100 mcg/ml,421112610,0.7587,False,PEMCURE 500 MG INJ 1 VIAL,421111011,0.7442,False,EMSTAR 500 MG INJ 1 VIAL,421110943,0.7410,False,0.7587,0.7410,0.7480,0,False,False,3
562,OROFER XT TAB 130 130,OROFER XT TABLET 1X30 T,424441705,OROFER,OROFER XT TABLET,424441704,OROFER XT TOTAL TABLET,424441708,0.8446,True,OROFER XT TABLET 1x15T,424442006,0.8024,True,OROFER XTM TABLETS,420001221,0.7958,True,0.8446,0.7958,0.8143,3,True,False,3
563,TEMSANH 1*15,TEMSAN H TABLETS 1X15 T,424441191,TEMSAN,TEMSAN 80 H TABLETS 1X15T,424441192,TEMSAN - AM TABLETS 1X15T,424441539,0.7845,True,TEMSAN AM-5 TABLETS 1X15 T,421111794,0.7689,True,NUMLO-TM TABLETS 1X15 T,421112129,0.7433,False,0.7845,0.7433,0.7656,2,False,False,3
564,ASOMEX LT 1X10 PCS,ASOMEX LT 2.5 MG TABLET,424440489,ASOMEX,ASOMEX LT TABLET 1X15T,424440761,APRUV - LT  3X2X10 T,421110502,0.7807,False,ASOMEX - M  TABLETS 10X10 T,424441465,0.7741,True,ASOMEX D TABLET 1x15T,424440759,0.7695,True,0.7807,0.7695,0.7748,2,False,False,3
565,OSTERI INJ.600 MCG 2.4 ML PEN,OSTERI INJ.600MCG /2.4MLPEN DEVICE,421112507,OSTERI,OSTERI INJECTION 750 MCG PFS,421111655,EXHEP PEN CARTRIDGE 300MG/3ML,421112829,0.7271,False,AUGPEN I.V. 600 MG INJECTION,423331091,0.7235,False,MAXTRA  SYP  60 ML,420030069,0.7197,False,0.7271,0.7197,0.7234,0,False,False,3
566,AMARYL M28X10 1X15,AMARYL M 2MG TABLET 8x20T,421113131,AMARYL,AMARYL M 1MG TABLET 8x20T,421113130,AMARYL MV 1MG TABLET 10x15T,421113134,0.7674,True,EMILDAP M10/1000 1X10T,421112571,0.7608,False,EMSITA M 50/1000 1X10T,421112587,0.7566,False,0.7674,0.7566,0.7616,1,False,False,3
567,EPITRIL .25MG NRX 1X10,EPITRIL 0.25 MG TABLET,424441023,EPITRIL,EPITRIL 1 MG TABLET,424441025,EPITRIL MD 0.25 MG TABLET 10X10T,421111786,0.8848,True,EPITRIL MD 0.5 MG TABLET 10X10T,421111787,0.8630,True,EPITRIL 0.5 MG TABLET,424441024,0.8549,True,0.8848,0.8549,0.8676,3,True,False,3
568,EPITRIL .5MG NRX 1X10,EPITRIL 0.5 MG TABLET,424441024,EPITRIL,EPITRIL 1 MG TABLET,424441025,EPITRIL MD 0.5 MG TABLET 10X10T,421111787,0.8747,True,EPITRIL MD 0.25 MG TABLET 10X10T,421111786,0.8615,True,EPITRIL MD 1 MG TABLET 10X10T,421111788,0.8508,True,0.8747,0.8508,0.8623,3,True,False,3
569,ARMOD 150 TAB 10X15,ARMOD-150 TABLETS 1 x 15 T,424442061,ARMOD,ARMOD-150 TABLETS,424441214,ARMOD-50 TABLETS 1 x 15 T,424442060,0.8328,True,ARTH TABLET 10X10 T,420000531,0.8316,False,EMILDAP 10 TABLET 1X15T,421112857,0.8227,False,0.8328,0.8227,0.8290,1,False,False,3
570,ARMOD 50 10X15,ARMOD-50 TABLETS 1 x 15 T,424442060,ARMOD,ARMOD-50 TABLETS,424441213,LOPRESOR 50 10X10 T,420120022,0.8072,False,ARMOD-150 TABLETS 1 x 15 T,424442061,0.7886,True,EMROFT - 50 30X10 T,420000175,0.7871,False,0.8072,0.7871,0.7943,1,False,False,3
571,CINEZ D 10X15,CINEZ-D TABLETS 1 X 15 T,421113003,CINEZ,CINEZ-D TABLETS,421112120,VOVERAN D 10X10 T,420120041,0.7731,False,IKA 10X10,420000449,0.7594,False,TREDICAL FT 10X10,420000606,0.7470,False,0.7731,0.7470,0.7598,0,False,False,3
572,EPITRIL BETA 10X10,EPITRIL BETA 0.25 TABLETS 10X10T,421112140,EPITRIL,EPITRIL BETA 0.5 TABLETS,421112141,EPITRIL MD 0.5 MG TABLET 10X10T,421111787,0.8733,True,EPITRIL MD 1 MG TABLET 10X10T,421111788,0.8712,True,EPITRIL MD 0.25 MG TABLET 10X10T,421111786,0.8679,True,0.8733,0.8679,0.8708,3,True,False,3
573,OROFER CAPSULES 1x10C,OROFER S INJECTION 2.5 ML,421111536,OROFER,OROFER CAPSULES,424440351,OROFER XT-Z TABLETS 1X10 T,424440112,0.8501,True,TYBRIVA CAPSULE 1X30C,421112339,0.8407,False,VICARE TOTAL CAPSULE 1x10C,421113023,0.8396,False,0.8501,0.8396,0.8435,1,False,False,3
574,OSTERI INJ NEEDDLES 30 S,OSTERI INJECTION NEEDLES,421111705,OSTERI,OSTERI INJECTION 750 MCG PFS,421111655,GROS 30 INJ 1 VIAL,422220280,0.6931,False,NORMET R 30 SACHET,420000793,0.6904,False,NEVIR ER TBALET 1 X 30,424441482,0.6721,False,0.6931,0.6721,0.6852,0,False,False,3
575,OSTERI-600MCG INJ 2.4ML P,OSTERI INJ.600MCG /2.4MLPEN DEVICE,421112507,OSTERI,OSTERI INJECTION 750 MCG PFS,421111655,TASPIANCE INJ 180 MCG/0.5ML PFS,491110378,0.7856,False,TASPIANCE INJ 135 MCG/0.5ML PFS,491110199,0.7811,False,PEGEX 6 MG INJ 1 PFS,422220252,0.7737,False,0.7856,0.7737,0.7801,0,False,False,3
576,ASOMEX LT 2.5+50 TAB 15S,ASOMEX LT TABLET 1X15T,424440761,ASOMEX,ASOMEX LT 2.5 MG TABLET,424440489,ASOMEX R TABLET,421110889,0.8010,True,ASOMEX AT 2.5 MG TABLET 1X15T,424441921,0.7939,True,ASOMEX AT 5 MG TABLET 1X15T,424441922,0.7829,True,0.8010,0.7829,0.7926,3,True,False,3
577,ASOMEX LT 2.5+50 TAB 15S,ASOMEX LT TABLET 1X15T,424440761,ASOMEX,ASOMEX LT 2.5 MG TABLET,424440489,ASOMEX R TABLET,421110889,0.8010,True,ASOMEX AT 2.5 MG TABLET 1X15T,424441921,0.7939,True,ASOMEX AT 5 MG TABLET 1X15T,424441922,0.7829,True,0.8010,0.7829,0.7926,3,True,False,3
578,Cordarone.X IV 1X6X3ml,CORDARONE 150 MG/3ML INJECTION,421112909,CORDARONE,CORDARONE X 200 MG TABLET 10x15T,421112910,VICARE I-CREAM 1x30GM,421113026,0.7670,False,PURON INJECTION 3X2 ML,423330339,0.7640,False,LANCURE I.V. 1X300 ML,421110934,0.7622,False,0.7670,0.7622,0.7644,0,False,False,3
579,ASOMEX TM 5 TAB 10X15,ASOMEX - TM 5 TABLETS 1X15T,421111383,ASOMEX,ASOMEX - TM 5 TABLETS,421110576,ASOMEX - M  TABLETS 10X10 T,424441465,0.8683,True,ASOMEX - M 5 TABLETS 10X10 T,424441466,0.8661,True,ASOMEX D 5 TABLET 1x15T,424440760,0.8592,True,0.8683,0.8592,0.8645,3,True,False,3
580,ASOMEX LT 2.5MG TABPLAIN 1X15TAB,ASOMEX LT TABLET 1X15T,424440761,ASOMEX,ASOMEX LT 2.5 MG TABLET,424440489,ASOMEX AT 2.5 MG TABLET 1X15T,424441921,0.9080,True,ASOMEX 2.5 MG TABLET 1X15T,424441736,0.8926,True,ASOMEX AT 5 MG TABLET 1X15T,424441922,0.8887,True,0.9080,0.8887,0.8964,3,True,False,3
581,OSTERI-600MG 1*5ML,OSTERI INJ.600MCG /2.4MLPEN DEVICE,421112507,OSTERI,OSTERI INJECTION 750 MCG PFS,421111655,MAXTRA GARGLE 120 ML,423331303,0.7621,False,RAMIPRO CAPS.5 MG,424441061,0.7571,False,LORETA TABLET 5 MG,420030063,0.7542,False,0.7621,0.7542,0.7578,0,False,False,3
582,GALACT POW CHOC 200GM,GALACT GRANULES CHOCOLATE,421112647,GALACT,GALACT PLUS NUTRITION POWDER 400GM CHOCO,421113062,GALACT PLUS NUTRITION POWDER 200GM,421113114,0.8293,True,GALACT GRANULES 600GM CHOCOLATE,421113039,0.8061,True,PROTOTAL POW.200GM,421111281,0.8007,False,0.8293,0.8007,0.8120,2,False,False,3
583,ASOMEX-(1.25)Tab 2X15 s,ASOMEX 1.25 TABLETS 1X15T,424440754,ASOMEX,ASOMEX 1.25 MG TABLET,424440001,ASOMEX AT 2.5 MG TABLET 1X15T,424441921,0.8514,True,ASOMEX AT 5 MG TABLET 1X15T,424441922,0.8330,True,ASOMEX D TABLET 1x15T,424440759,0.8295,True,0.8514,0.8295,0.8380,3,True,False,3
584,ASOMEX-(2.5)Tab 2X15 s,ASOMEX 2.5 MG TABLET 1X15T,424441736,ASOMEX,ASOMEX 2.5 MG TABLET 1x30T,424440094,ASOMEX AT 2.5 MG TABLET 1X15T,424441921,0.8611,True,ASOMEX AT 5 MG TABLET 1X15T,424441922,0.8401,True,ASOMEX D TABLET 1x15T,424440759,0.8299,True,0.8611,0.8299,0.8437,3,True,False,3
585,ASOMEX-(2.5=LT)Tab 15 s,ASOMEX LT TABLET 1X15T,424440761,ASOMEX,ASOMEX LT 2.5 MG TABLET,424440489,ASOMEX AT 2.5 MG TABLET 1X15T,424441921,0.8087,True,ASOMEX AT 5 MG TABLET 1X15T,424441922,0.7914,True,ASOMEX R TABLET,421110889,0.7891,True,0.8087,0.7891,0.7964,3,True,False,3
586,OSTERI 600MCG.INJ. 2.4ML,OSTERI INJ.600MCG /2.4MLPEN DEVICE,421112507,OSTERI,OSTERI INJECTION 750 MCG PFS,421111655,PROTOTAL POW.200GM,421111281,0.7598,False,MAXTRA  SYP  60 ML,420030069,0.7499,False,TASPIANCE INJ 180 MCG/0.5ML PFS,491110378,0.7428,False,0.7598,0.7428,0.7508,0,False,False,3
587,HOSIT FCM 750MG.INJ 15ML,HOSIT FCM INJECTION 750MG/15ML,421112708,HOSIT,HOSIT FCM INJECTION 750MG/15ML,421112708,FCMO  INJECTION 750MG/15ML,421112710,0.8586,False,HOSIT FCM INJECTION 500MG/10ML,421112614,0.8485,True,OROFER FCM INJECTION 750MG/15ML,421112705,0.8401,False,0.8586,0.8401,0.8491,1,False,False,3
588,AMARYL M FOURT 1MG 1X15,AMARYL M FORTE 1MG TABLET 10x15T,421113132,AMARYL,AMARYL M 1MG TABLET 8x20T,421113130,AMARYL MV 1MG TABLET 10x15T,421113134,0.8462,True,AMARYL 1MG TABLET 10x30T,421113127,0.8372,True,AMARYL 2MG TABLET 15x30T,421113128,0.8166,True,0.8462,0.8166,0.8333,3,True,False,3
589,AMARYL M FOURT 2MG 1X15,AMARYL M FORTE 2MG TABLET 10x15T,421113133,AMARYL,AMARYL M 2MG TABLET 8x20T,421113131,AMARYL 2MG TABLET 15x30T,421113128,0.8532,True,AMARYL MV 1MG TABLET 10x15T,421113134,0.8435,True,AMARYL MV 2MG TABLET 10x15T,421113135,0.8429,True,0.8532,0.8429,0.8465,3,True,False,3
590,GALACT GRANULES(400,GALACT GRANULES 400GM ELAICHI,421113094,GALACT,GALACT GRANULES 400 GM CHOCOLATE,421112876,GALACT GRANULES,420000615,0.9364,True,GALACT GRANULES 400 GM KESAR,421112875,0.8979,True,GALACT GRANULES 600GM ELAICHI,421113037,0.8736,True,0.9364,0.8736,0.9026,3,True,False,3
591,EMILDEP S 10 50 10S,EMILDAP S 5/50 TABLET 1X 10T,421112606,EMILDAP,EMILDAP 10 TABLET 1X15T,421112857,EMILDAP S 10/50 TABLET 1X10T,421112616,0.7624,True,EMILDAP M10/500 1X10T,421112860,0.7475,True,EMSITA M 50/1000 1X10T,421112587,0.7464,False,0.7624,0.7464,0.7521,2,False,False,3
592,FITJOINT TABS 10S,FITJOINT CAPSULES,421112131,FITJOINT,FITJOINT GM TABLETS,421110321,SIMSTAT 10 MG TAB 10,421110138,0.7551,False,RETUNE-LS OD TABLETS 10X10 T,423330480,0.7369,False,SIMSTAT 20 MG TAB 10,420000362,0.7363,False,0.7551,0.7363,0.7428,0,False,False,3
593,FLALIZO ACNE GEL 50ML,FLAWLIZO ACNE CARE MOISTURISING GEL 50M,421113051,FLAWLIZO,FLAWLIZO 0.025% CREAM 20GM,421113048,FLAWLIZO ACNE SPOT CORRECTOR 30ML,421113052,0.8335,True,SOLGLO INVISIBLE SUNSCREEN GEL 50ML,421113088,0.8175,False,SOLGLO HYBRID SUNSCREEN 50ML,421113087,0.8003,False,0.8335,0.8003,0.8171,1,False,False,3
594,SYLATE 500 MG T 1X10,SYLATE T 500 TABLET,421110143,SYLATE,SYLATE TABLET 500 MG,424441083,SYLATE M TABLET 500 MG,421110142,0.8836,True,SYLATE TABLETS 250 MG 10,424441082,0.8456,True,NAPROXEN TAB 500 MG 10X2X10T,421112839,0.8216,False,0.8836,0.8216,0.8503,2,False,False,3
595,ENCICARB INJ 1 K,ENCICARB INJECTION 1K,422220233,ENCICARB,ENCICARB INJECTION 1K,422220233,ENCICARB INJECTION 750MG/15ML,421112707,0.7951,True,ENCICARB INJECTION 100MG/2ML,422220078,0.7905,True,ENCICARB INJECTION 500MG/10ML,422220079,0.7861,True,0.7951,0.7861,0.7906,3,True,False,3
596,PROXYM ER300MGTAB 1X15T,PROXYM ER 200 TABLETS 15 T,424441863,PROXYM,PROXYM ER TABLET 1X15T,424441862,PROXYM XT TABLET 1X15T,424441838,0.8191,True,PROXYM TH8 TABLET 1x10T,424441957,0.7875,True,PROXYM ER 200 TABLETS,424441015,0.7747,True,0.8191,0.7747,0.7938,3,True,False,3
597,ACEGABA 100 MG 10X15,ACEGABA 100 CAPSULE 1 X 15 C,424442056,ACEGABA,ACEGABA 100 CAPSULE,424440999,CARMADA 100 MG TABLET 10x10T,421112928,0.8255,False,EOPTAL 150 MG TABLET 10X10,421112254,0.8078,False,CONSIVAS 10 MG TABLET 10X10,424440443,0.8077,False,0.8255,0.8077,0.8137,0,False,False,3
598,ARMOD 50 10X15,ARMOD-50 TABLETS 1 x 15 T,424442060,ARMOD,ARMOD-50 TABLETS,424441213,LOPRESOR 50 10X10 T,420120022,0.8072,False,ARMOD-150 TABLETS 1 x 15 T,424442061,0.7886,True,EMROFT - 50 30X10 T,420000175,0.7871,False,0.8072,0.7871,0.7943,1,False,False,3
599,TEMSAN-8O H TAB 1*10,TEMSAN  80 H TABLETS,424440636,TEMSAN,TEMSAN H TABLETS,424440638,TEMSAN LN TABLET 10x15T,421112933,0.8135,True,TEMSAN BS 2.5/40 TABLET 10x10T,421112702,0.8115,True,TEMSAN BS 5/40 TABLET 10x10T,421112703,0.8081,True,0.8135,0.8081,0.8110,3,True,False,3
600,POVIZTRA FLXT 1.00 MG 3ML PCS,POVIZTRA FLXT 1MG 3ML 1PC COPACK,420008827,POVIZTRA,POVIZTRA FLXT 1.7MG 3ML 1PC COPACK,420008828,POVIZTRA FLXT 2.4MG 3ML 1PC COPACK,420008829,0.9166,True,POVIZTRA FLXT 0.5MG 1.5ML 1PC COPACK,420008826,0.8966,True,POVIZTRA FLXT 0.25MG 1.5ML 1PC COPACK,420008825,0.8936,True,0.9166,0.8936,0.9023,3,True,False,3
601,GALACT GRANULES 400GELAICHI,GALACT GRANULES 400GM ELAICHI,421113094,GALACT,GALACT GRANULES 400 GM KESAR,421112875,GALACT GRANULES 600GM ELAICHI,421113037,0.8921,True,GALACT GRANULES,420000615,0.8845,True,GALACT GRANULES 400 GM CHOCOLATE,421112876,0.8768,True,0.8921,0.8768,0.8845,3,True,False,3
602,PROXYM-ER 300 M.G 1X15 TAB,PROXYM ER 200 TABLETS 15 T,424441863,PROXYM,PROXYM ER TABLET 1X15T,424441862,PROXYM XT TABLET 1X15T,424441838,0.8313,True,PROXYM 300 TABLETS,424440535,0.8210,True,PROXYM ER 200 TABLETS,424441015,0.8007,True,0.8313,0.8007,0.8177,3,True,False,3
603,SYLATE-500 M.G TAB. 1X10 TAB,SYLATE TABLET 500 MG,424441083,SYLATE,SYLATE M TABLET 500 MG,421110142,NAPROXEN TAB 500 MG 10X2X10T,421112839,0.8279,False,PRASUMAX-10 TABS 1X10 T,429990892,0.8235,False,PRASUMAX-5 TABS 1X10 T,429990891,0.8142,False,0.8279,0.8142,0.8219,0,False,False,3
604,PROXYM ER 300 MG 1*15,PROXYM ER 200 TABLETS 15 T,424441863,PROXYM,PROXYM ER TABLET 1X15T,424441862,PROXYM GEL 30 GM,421112498,0.8441,True,PROXYM ER  TABLETS,424441016,0.8026,True,PROXYM ER 200 TABLETS,424441015,0.7965,True,0.8441,0.7965,0.8144,3,True,False,3
605,FERIUM 1K INJ 1VAIL,FERIUM INJECTION 1K (1GM/20ML),421111885,FERIUM,FERIUM INJECTION 500MG,421110953,EMSTAR 1 GM INJ 1 VIAL,421110944,0.7728,False,GROS 30 INJ 1 VIAL,422220280,0.7604,False,VINTOR 10000 IU INJ 1 PFS,422220120,0.7548,False,0.7728,0.7548,0.7627,0,False,False,3
606,INBEC TAB 10TAB,INBEC CAPSULES,491110002,INBEC,INBEC TABLETS 1X30T,424441764,SIMSTAT 10 MG TAB 10,421110138,0.7873,False,LORETA-P 8 TAB 10X10 T,423330499,0.7677,False,EMLINZ M 2.5/1000 TAB 1X10T,429991542,0.7657,False,0.7873,0.7657,0.7736,0,False,False,3
607,ASOMEX LT 1X10 PCS,ASOMEX LT 2.5 MG TABLET,424440489,ASOMEX,ASOMEX LT TABLET 1X15T,424440761,APRUV - LT  3X2X10 T,421110502,0.7807,False,ASOMEX - M  TABLETS 10X10 T,424441465,0.7741,True,ASOMEX D TABLET 1x15T,424440759,0.7695,True,0.7807,0.7695,0.7748,2,False,False,3
608,ASOMEX 2.5 TAB LAMBA 2X1 2X15S,ASOMEX 2.5 MG TABLET 1X15T,424441736,ASOMEX,ASOMEX 2.5 MG TABLET,424440002,ASOMEX AT 2.5 MG TABLET 1X15T,424441921,0.8217,True,ASOMEX 1.25 TABLETS 1X15T,424440754,0.8145,True,ASOMEX - TM TABLETS 1X15T,424441530,0.8102,True,0.8217,0.8102,0.8155,3,True,False,3
609,ASOMEX 5 TAB LAMBA 2X15 2X15S,ASOMEX 5 MG TABLET 1x15T,424441737,ASOMEX,ASOMEX 5 MG TABLET,424440003,ASOMEX 2.5 MG TABLET 1X15T,424441736,0.8246,True,ASOMEX 1.25 TABLETS 1X15T,424440754,0.8194,True,ASOMEX - TM 5 TABLETS 1X15T,421111383,0.8187,True,0.8246,0.8187,0.8209,3,True,False,3
610,MATERNA HCG 5000 I 5K,MATERNA-HCG 5000 IU HP,491110366,MATERNA,MATERNA-HCG 2000 I.U.,491110275,MATERNA-HCG 10000 IU HP,491110367,0.8540,True,MATERNA HMG HP 225 IU/0.75ML PFS,421112531,0.7960,True,MATERNA HMG HP 1200 IU/4ML MD,421112530,0.7850,True,0.8540,0.7850,0.8117,3,True,False,3
611,XGRAST INJ 300MCG/ PFS,XGRAST 300 MCG INJ 1 PFS,492220092,XGRAST,XGRAST  INJ 300 MCG/0.5 ML PFS,422220290,EMGRAST 300 MCG INJ 1 PFS,422220194,0.8417,False,OSTERI INJECTION 750 MCG PFS,421111655,0.7300,False,TASPIANCE INJ 180 MCG/0.5ML PFS,491110378,0.7228,False,0.8417,0.7228,0.7648,0,False,False,3
612,OROFER-S- INJ 10 ML 1*10ML,OROFER S 200 INJECTION 10 ML,421111388,OROFER,OROFER S INJECTION 2.5 ML,421111536,LORNIT INFUSION 10 ML,423330300,0.7955,False,OROFER FCM  INJECTION 500MG/10ML,421111114,0.7759,True,OROFER SYRUP 150 ML,424441435,0.7709,True,0.7955,0.7709,0.7808,2,False,False,3
613,ASOMEX LT 2.5MG TAB 1X15TA,ASOMEX LT TABLET 1X15T,424440761,ASOMEX,ASOMEX LT 2.5 MG TABLET,424440489,ASOMEX AT 2.5 MG TABLET 1X15T,424441921,0.9334,True,ASOMEX 2.5 MG TABLET 1X15T,424441736,0.9288,True,ASOMEX AT 5 MG TABLET 1X15T,424441922,0.9126,True,0.9334,0.9126,0.9249,3,True,False,3
614,FERIUM XT  SUSP (ORANGE) 200ML,FERIUM XT + SUSPENSION 200 ML,424441727,FERIUM,FERIUM XT SUSPENSION,424440591,EMCURE ORS LIQUID ORANGE FLAV.200ML,421111909,0.8154,False,OROFER XT + SUSPENSION 200 ML,424441225,0.7576,False,ARTH ELECTROLYTE HYD ORANGE 20X20GM[P2P],421113064,0.7482,False,0.8154,0.7482,0.7737,0,False,False,3
615,OROFER XT SYP (ORG COOL FLV) 200 ML,OROFER XT + SUSPENSION 200 ML,424441225,OROFER,OROFER XT SUSPENSION 150 ML,424440590,OROFER S 200 INJECTION 10 ML,421111388,0.8019,True,EMCURE ORS LIQUID ORANGE FLAV.200ML,421111909,0.7908,False,FERIUM XT + SUSPENSION 200 ML,424441727,0.7780,False,0.8019,0.7780,0.7902,1,False,False,3
616,GALACT GRANULES (ELIACHI) 400 GM,GALACT GRANULES 400GM ELAICHI,421113094,GALACT,GALACT GRANULES 400 GM KESAR,421112875,GALACT GRANULES 600GM ELAICHI,421113037,0.8809,True,GALACT GRANULES 400 GM CHOCOLATE,421112876,0.8726,True,GALACT GRANULES,420000615,0.8604,True,0.8809,0.8604,0.8713,3,True,False,3
617,NEEDLE FOR OSTERI INJ 30 S,OSTERI INJECTION NEEDLES,421111705,OSTERI,OSTERI INJECTION 750 MCG PFS,421111655,GROS 30 INJ 1 VIAL,422220280,0.7045,False,LANCURE I.V. 1X300 ML,421110934,0.6797,False,LANCURE SUSPENSION 30 ML,421111071,0.6769,False,0.7045,0.6769,0.6870,0,False,False,3
618,FLAWLIZO MICRO0.04 PU 15GM,FLAWLIZO MICRO 0.04% GEL 15GM TUBE PACK,421113049,FLAWLIZO,FLAWLIZO MICRO 0.04% GEL 15GM PUMP PACK,421113085,FLAWLIZO MICRO 0.1% GEL 15GM TUBE PACK,421113050,0.7656,True,FLAWLIZO MICRO 0.1% GEL 15GM PUMP PACK,421113083,0.7547,True,FLAWLIZO 0.025% CREAM 20GM,421113048,0.6993,True,0.7656,0.6993,0.7399,3,True,False,3
619,OSTERI INJ.600MCG/2.4ML P 1,OSTERI INJ.600MCG /2.4MLPEN DEVICE,421112507,OSTERI,OSTERI INJECTION 750 MCG PFS,421111655,TASPIANCE INJ 180 MCG/0.5ML PFS,491110378,0.7584,False,PROTOTAL POW.200GM,421111281,0.7508,False,MAXTRA P SYRUP 60ML,423331434,0.7507,False,0.7584,0.7507,0.7533,0,False,False,3
620,PROXYM-ER 300 TAB 15,PROXYM ER 200 TABLETS 15 T,424441863,PROXYM,PROXYM ER TABLET 1X15T,424441862,PROXYM 300 TABLETS,424440535,0.8336,True,PROXYM 200 TABLET,424440534,0.8074,True,PROXYM ER 200 TABLETS,424441015,0.8067,True,0.8336,0.8067,0.8159,3,True,False,3
621,OROFER-FCMO 750 M 1*15ML,OROFER FCM INJECTION 750MG/15ML,421112705,OROFER,FCMO  INJECTION 750MG/15ML,421112710,OROFER FCM  INJECTION 1K,421111805,0.7927,True,OROFER FCM  INJECTION 500MG/10ML,421111114,0.7828,True,OROFER SYRUP 150 ML,424441435,0.7649,True,0.7927,0.7649,0.7801,3,True,False,3
622,NUMLOM 5 TAB,NUMLO TABLET 2.5 MG,420000458,NUMLO,NUMLO-M 5 TABLETS 10X10 T,424441471,NUMLO-TM 5 TABLETS,421110630,0.7947,True,NUMLOPAR 5 TABLETS,421110823,0.7910,False,NUMLO-D 5 TABLET,424440017,0.7886,True,0.7947,0.7886,0.7914,2,False,False,3
623,Cordarone.X IV 1X6X3ml,CORDARONE 150 MG/3ML INJECTION,421112909,CORDARONE,CORDARONE X 200 MG TABLET 10x15T,421112910,VICARE I-CREAM 1x30GM,421113026,0.7670,False,PURON INJECTION 3X2 ML,423330339,0.7640,False,LANCURE I.V. 1X300 ML,421110934,0.7622,False,0.7670,0.7622,0.7644,0,False,False,3
624,OSTERI INJ.600MCG /2.4MLPEN 1S,OSTERI INJ.600MCG /2.4MLPEN DEVICE,421112507,OSTERI,OSTERI INJECTION 750 MCG PFS,421111655,XGRAST  INJ 300 MCG/0.5 ML PFS,422220290,0.7566,False,TASPIANCE INJ 180 MCG/0.5ML PFS,491110378,0.7560,False,PROTOTAL POW.200GM,421111281,0.7510,False,0.7566,0.7510,0.7545,0,False,False,3
625,NUMLO D5 TAB 15S.,NUMLO-D 5 TABLET,424440017,NUMLO,NUMLO-D 5 TABLET 1x15 T,424441201,NUMLO-D TABLET 1X15 T,424441202,0.8364,True,NUMLO-AT TABLET 1X15 T,424441936,0.8347,True,NUMLO-D TABLET,421110384,0.8259,True,0.8364,0.8259,0.8323,3,True,False,3
626,AQUAOAT MOIST CREAM 250 250,AQUAOAT MOISTURIZING CREAM 250GM,421113108,AQUAOAT,AQUAOAT MOISTURIZING CREAM 50GM,421111878,AQUAOAT MOISTURIZING CREAM 100 GM,421112579,0.9011,True,AQUAOAT MOISTURIZING LOTION 250ML,421112581,0.8880,True,AQUAOAT MOISTURIZING LOTION 100ML,421112580,0.8438,True,0.9011,0.8438,0.8776,3,True,False,3
627,AQUAOAT MOIST LOTION 250 250LM,AQUAOAT MOISTURIZING LOTION 250ML,421112581,AQUAOAT,AQUAOAT MOISTURIZING LOTION 100ML,421112580,AQUAOAT MOISTURIZING CREAM 250GM,421113108,0.9138,True,AQUAOAT MOISTURIZING CREAM 100 GM,421112579,0.8648,True,AQUAOAT MOISTURIZING CREAM 50GM,421111878,0.8406,True,0.9138,0.8406,0.8731,3,True,False,3
628,FLAWLIZD MICRO0.04pump 15GM,FLAWLIZO MICRO 0.04% GEL 15GM PUMP PACK,421113085,FLAWLIZO,FLAWLIZO MICRO 0.04% GEL 15GM TUBE PACK,421113049,FLAWLIZO MICRO 0.1% GEL 15GM PUMP PACK,421113083,0.7899,True,FLAWLIZO MICRO 0.1% GEL 15GM TUBE PACK,421113050,0.7420,True,ZEMCIFER - XT DROPS 15 ML,420500002,0.7260,False,0.7899,0.7260,0.7526,2,False,False,3
629,FLAWLIZO MICRO 0.04PUMP PACK 15GM,FLAWLIZO MICRO 0.04% GEL 15GM PUMP PACK,421113085,FLAWLIZO,FLAWLIZO MICRO 0.04% GEL 15GM TUBE PACK,421113049,FLAWLIZO MICRO 0.1% GEL 15GM PUMP PACK,421113083,0.8943,True,FLAWLIZO MICRO 0.1% GEL 15GM TUBE PACK,421113050,0.8681,True,ZEMCIFER - XT DROPS 15 ML,420500002,0.7135,False,0.8943,0.7135,0.8253,2,False,False,3
630,FLAWLIZO MICRO 0.1PUMP PACK 15GM,FLAWLIZO MICRO 0.1% GEL 15GM PUMP PACK,421113083,FLAWLIZO,FLAWLIZO MICRO 0.04% GEL 15GM TUBE PACK,421113049,FLAWLIZO MICRO 0.04% GEL 15GM PUMP PACK,421113085,0.9002,True,FLAWLIZO MICRO 0.1% GEL 15GM TUBE PACK,421113050,0.8843,True,NUMLO-TM TABLETS 1X15 T,421112129,0.7337,False,0.9002,0.7337,0.8394,2,False,False,3
631,ASOMEX-TM 2.5 TAB 10*15T,ASOMEX - TM TABLETS 1X15T,424441530,ASOMEX,ASOMEX - TM TABLETS,421110575,ASOMEX AT 2.5 MG TABLET 1X15T,424441921,0.8192,True,ASOMEX AT 5 MG TABLET 1X15T,424441922,0.8065,True,ASOMEX 2.5 MG TABLET 1X15T,424441736,0.8064,True,0.8192,0.8064,0.8107,3,True,False,3
632,EOPTAL 6OO TAB,EOPTAL 600 TABLETS 10X10 T,421112257,EOPTAL,EOPTAL 150 MG TABLET 10X10,421112254,SIMSTAT 5 MG TAB 10,420000363,0.7723,False,SIMSTAT 10 MG TAB 10,421110138,0.7703,False,ULTIMOX CLAV KID DT TAB,421112184,0.7581,False,0.7723,0.7581,0.7669,0,False,False,3
633,GALACT GRANULES 1X400GMS,GALACT GRANULES 400GM ELAICHI,421113094,GALACT,GALACT GRANULES 400 GM KESAR,421112875,GALACT GRANULES,420000615,0.9100,True,GALACT GRANULES 600GM ELAICHI,421113037,0.8649,True,GALACT GRANULES 400 GM CHOCOLATE,421112876,0.8513,True,0.9100,0.8513,0.8754,3,True,False,3
634,EMLINZ-M 5/1000 TAB 10X10,EMLINZ M 1000 TABLET 1x10T,421112772,EMLINZ,EMLINZ M5/1000 TABLET 10x10T,421112828,EMLINZ M 2.5/1000 TAB 1X10T,429991542,0.9510,True,EMLINZ DM TABLET 10x10T,421112935,0.8855,True,EMLINZ D 5/10 TABLET 1x10T,421112771,0.8803,True,0.9510,0.8803,0.9056,3,True,False,3
635,NUMLO-D TAB 5215,NUMLO-D 5 TABLET,424440017,NUMLO,NUMLO-D TABLET,421110384,NUMLO-AT TABLET,424440015,0.7993,True,NUMLO-D TABLET 1X15 T,424441202,0.7851,True,NUMLO-D 5 TABLET 1x15 T,424441201,0.7767,True,0.7993,0.7767,0.7870,3,True,False,3
636,TEMSAN-20 10X15,TEMSAN 20 MG TABLETS 10x15T,424441698,TEMSAN,TEMSAN 20 MG. TABLETS,424440932,TEMSAN LN TABLET 10x15T,421112933,0.8400,True,TEMSAN BS 5/40 TABLET 10x10T,421112703,0.8068,True,TEMSAN BS 2.5/40 TABLET 10x10T,421112702,0.8009,True,0.8400,0.8009,0.8159,3,True,False,3
637,OROFER FCM 1K INJ 1X10ML,OROFER FCM  INJECTION 1K,421111805,OROFER,OROFER FCM  INJECTION 500MG/10ML,421111114,OROFER FCM INJECTION 750MG/15ML,421112705,0.8528,True,FCMO INJECTION 1k/20ML,421112711,0.8334,False,HOSIT FCM INJECTION 1K,421112615,0.8062,False,0.8528,0.8062,0.8308,1,False,False,3
638,TEMSAN CT 40/6.25 1X10,TEMSAN CT-6.25 TABLETS,421111887,TEMSAN,TEMSAN CT 40/12.5 MG TABLET 10X10,424441139,TEMSAN BS 5/40 TABLET 10x10T,421112703,0.8014,True,TEMSAN 40 MG TABLETS 10x15T,424441699,0.7936,True,TEMSAN BS 2.5/40 TABLET 10x10T,421112702,0.7912,True,0.8014,0.7912,0.7954,3,True,False,3
639,OSTERI INJ. 600 MCG/ 1X600MG,OSTERI INJ.600MCG /2.4MLPEN DEVICE,421112507,OSTERI,OSTERI INJECTION 750 MCG PFS,421111655,XGRAST  INJ 300 MCG/0.5 ML PFS,422220290,0.7944,False,EMGRAST 150 MCG,492220028,0.7910,False,TASPIANCE INJ 180 MCG/0.5ML PFS,491110378,0.7874,False,0.7944,0.7874,0.7909,0,False,False,3
640,TEMSAN BS 40/2. 1X10 PCS,TEMSAN BS 5/40 TABLET 10x10T,421112703,TEMSAN,TEMSAN BS 2.5/40 TABLET 10x10T,421112702,TEMSAN TRIO 40 TABLET 1X10T,421112554,0.7931,True,TEMSAN LN TABLET 10x15T,421112933,0.7832,True,ATSA  4X5X10 T,420000046,0.7702,False,0.7931,0.7702,0.7822,2,False,False,3
641,CONSIVAS GOLD 2 1X10 PCS,CONSIVAS GOLD 20 CAPSULES 10X10C,421112169,CONSIVAS,CONSIVAS GOLD 10 CAPSULES 10X10C,421112168,CONSIVAS EZ 10 TABLET 1x10T,424441940,0.7818,True,CONSIVAS BM TABLET 1x10T,421112731,0.7803,True,CONSIVAS EZ 40 TABLET 1x10T,421112723,0.7699,True,0.7818,0.7699,0.7773,3,True,False,3
642,PROXYM ER 300 T 1X10 PCS,PROXYM ER 200 TABLETS,424441015,PROXYM,PROXYM ER  TABLETS,424441016,PROXYM ER TABLET 1X15T,424441862,0.8294,True,PROXYM ER 200 TABLETS 15 T,424441863,0.7925,True,PROXYM 300 TABLETS,424440535,0.7756,True,0.8294,0.7756,0.7992,3,True,False,3
643,FERIUM XT + SYR,FERIUM XT + SUSPENSION 200 ML,424441727,FERIUM,FERIUM XT DHA 7X1 KIT,424440135,FERIUM XT TABLET,424441702,0.7958,True,FERIUM XT SUSPENSION,424440591,0.7728,True,FERONIA XT TABLETS,427770478,0.7282,False,0.7958,0.7282,0.7656,2,False,False,3
644,TEMSAN BS 40/2. 1X10 PCS,TEMSAN BS 5/40 TABLET 10x10T,421112703,TEMSAN,TEMSAN BS 2.5/40 TABLET 10x10T,421112702,TEMSAN TRIO 40 TABLET 1X10T,421112554,0.7931,True,TEMSAN LN TABLET 10x15T,421112933,0.7832,True,ATSA  4X5X10 T,420000046,0.7702,False,0.7931,0.7702,0.7822,2,False,False,3
645,CONSIVAS GOLD 2 1X10 PCS,CONSIVAS GOLD 20 CAPSULES 10X10C,421112169,CONSIVAS,CONSIVAS GOLD 10 CAPSULES 10X10C,421112168,CONSIVAS EZ 10 TABLET 1x10T,424441940,0.7818,True,CONSIVAS BM TABLET 1x10T,421112731,0.7803,True,CONSIVAS EZ 40 TABLET 1x10T,421112723,0.7699,True,0.7818,0.7699,0.7773,3,True,False,3
646,PROXYM ER 300 T 1X10 PCS,PROXYM ER 200 TABLETS,424441015,PROXYM,PROXYM ER  TABLETS,424441016,PROXYM ER TABLET 1X15T,424441862,0.8294,True,PROXYM ER 200 TABLETS 15 T,424441863,0.7925,True,PROXYM 300 TABLETS,424440535,0.7756,True,0.8294,0.7756,0.7992,3,True,False,3
647,NUMLO D 5 15 TA,NUMLO-D 5 TABLET,424440017,NUMLO,NUMLO-D 5 TABLET 1x15 T,424441201,NUMLO-TM 5 TABLETS 1X15 T,421112128,0.7594,True,NUMLO-D TABLET 1X15 T,424441202,0.7568,True,NUMLO-AT TABLET 1X15 T,424441936,0.7532,True,0.7594,0.7532,0.7565,3,True,False,3
648,PROXYM ER 300MG 15,PROXYM ER 200 TABLETS 15 T,424441863,PROXYM,PROXYM ER  TABLETS,424441016,PROXYM GEL 30 GM,421112498,0.8316,True,PROXYM ER 200 TABLETS,424441015,0.8005,True,PROXYM 300 TABLETS,424440535,0.7956,True,0.8316,0.7956,0.8092,3,True,False,3
649,CONSIVAS F TAB. 10S STR,CONSIVAS-F TABLETS,421111971,CONSIVAS,CONSIVAS-F10/160 TABLETS,421112323,CONSIVAS EZ 10 TABLET 1x10T,424441940,0.7219,True,CONSIVAS EZ 20 TABLET,421112423,0.7212,True,CONSIVAS-10 D3 TABLETS,421111063,0.7169,True,0.7219,0.7169,0.7200,3,True,False,3
650,OROFER-XT SY. 1X200,OROFER XT + SUSPENSION 200 ML,424441225,OROFER,OROFER XT DROPS,424441717,OROFER XT TABLET 1X30 T,424441705,0.8089,True,OROFER XT TABLET 1x15T,424442006,0.8004,True,OROFER XT TABLET,424441704,0.7905,True,0.8089,0.7905,0.7999,3,True,False,3
651,CONSIVAS- 5 TAB 10-S,CONSIVAS-5 TABLETS,424440442,CONSIVAS,CONSIVAS 10 MG TABLET 10X10,424440443,CONSIVAS-F10/160 TABLETS,421112323,0.8202,True,CONSIVAS-10 D3 TABLETS,421111063,0.8028,True,CONSIVAS 20 MG TABLET 10X10,424440444,0.7934,True,0.8202,0.7934,0.8055,3,True,False,3
652,ABEC TABLET 1X30,A-BEC TABLET 60T,424441967,A-BEC,A-BEC L TABLETS,424441093,BIC EMTAF TABLET 1x30T,424442074,0.8887,False,INSTGRA TABLET 1X30T,424441757,0.8770,False,EMDYDRO TABLET 1x30T,421112693,0.8733,False,0.8887,0.8733,0.8797,0,False,False,3
653,SYLATE (T)500 TAB 1X10,SYLATE T 500 TABLET,421110143,SYLATE,SYLATE TABLET 500 MG,424441083,EMLINZ M 2.5/1000 TAB 1X10T,429991542,0.8240,False,ARTH TABLET 10X10 T,420000531,0.8231,False,ENHEMO 500 TABLET 10x10T,424442072,0.8206,False,0.8240,0.8206,0.8226,0,False,False,3
654,OSTERI INJ NEEDALES,OSTERI INJECTION NEEDLES,421111705,OSTERI,OSTERI INJECTION 750 MCG PFS,421111655,OSTERI INJ.600MCG /2.4MLPEN DEVICE,421112507,0.6730,True,EPORISE 10 000 IU PFS,423330917,0.6702,False,EPORISE 40 000 IU PFS,423330850,0.6671,False,0.6730,0.6671,0.6701,1,False,False,3
655,HOSIT D TAB S,HOSIT D3 TABLET,424441914,HOSIT,HOSIT TABLET,424441222,HOSIT L TABLET,424441221,0.8027,True,TRUSTEN AZ TAB,423330741,0.7769,False,ULTIMOX CLAV KID DT TAB,421112184,0.7665,False,0.8027,0.7665,0.7820,1,False,False,3
656,VYLDA D / TAB S,VYLDA D100/5 TABLET 1X10T,421112572,VYLDA,VYLDA D100/10 TABLET 1X10T,421112886,VYLDA TABLET,424442008,0.8621,True,VYLDA DM 100/10/500 TABLET 1x10T,421112888,0.7920,True,VYLDA DM 100/10/1000 TABLET 1x10T,421112889,0.7875,True,0.8621,0.7875,0.8139,3,True,False,3
657,VYLDA OD TAB S,VYLDA OD 50 TABLET 1X15T,421112490,VYLDA,VYLDA OD 100 TABLETS,421112452,VYLDA TABLET,424442008,0.8428,True,VYLDA TABLETS 1X15 T,424441803,0.7733,True,VYLDA DM 100/10/500 TABLET 1x10T,421112888,0.7605,True,0.8428,0.7605,0.7922,3,True,False,3
658,VYLDA-M S,VYLDA-M 500 TABLETS  1X10 T,424441909,VYLDA,VYLDA-M 1000 TABLETS 1X10 T,424441911,VYLDA TABLET,424442008,0.7722,True,VYLDA OD 100 TABLETS,421112452,0.7020,True,VYLDA TABLETS 1X15 T,424441803,0.7001,True,0.7722,0.7001,0.7248,3,True,False,3
659,VYLDA-M TAB S,VYLDA-M 500 TABLETS  1X10 T,424441909,VYLDA,VYLDA-M 1000 TABLETS 1X10 T,424441911,VYLDA TABLET,424442008,0.8448,True,VYLDA DM 100/10/500 TABLET 1x10T,421112888,0.7613,True,VYLDA-M 850 TABLETS 1X10 T,424441910,0.7603,True,0.8448,0.7603,0.7888,3,True,False,3
660,VYLDA-M TAB S,VYLDA-M 500 TABLETS  1X10 T,424441909,VYLDA,VYLDA-M 1000 TABLETS 1X10 T,424441911,VYLDA TABLET,424442008,0.8448,True,VYLDA DM 100/10/500 TABLET 1x10T,421112888,0.7613,True,VYLDA-M 850 TABLETS 1X10 T,424441910,0.7603,True,0.8448,0.7603,0.7888,3,True,False,3
661,EMILDAP 10 TAB 15 S(EMI1T) 15 S,EMILDAP S 10/100 TABLET 1X10T,421112866,EMILDAP,EMILDAP 10 TABLET 1X15T,421112857,SIMSTAT 10 MG TAB 10,421110138,0.8139,False,EMILDAP 5 TABLET 1X15T,421112568,0.8076,True,EMILDAP GM 10/1/1000 TABLET 10x10T,421112742,0.8033,True,0.8139,0.8033,0.8083,2,False,False,3
662,TEMSAN 20MG TAB 15 S(TEM2T) 15 S,TEMSAN 20 MG TABLETS 10x15T,424441698,TEMSAN,TEMSAN 20 MG. TABLETS,424440932,TEMSAN 80 MG TABLETS 10x15T,424441700,0.8343,True,TEMSAN H TABLETS 1X15 T,424441191,0.8341,True,TEMSAN 40 MG TABLETS 10x15T,424441699,0.8330,True,0.8343,0.8330,0.8338,3,True,False,3
663,TEMSAN 40MG TAB 15 S(TEM4T) 15 S,TEMSAN 40 MG TABLETS 10x15T,424441699,TEMSAN,TEMSAN 40 MG. TABLETS,424440933,TEMSAN 20 MG TABLETS 10x15T,424441698,0.8425,True,TEMSAN 80 MG TABLETS 10x15T,424441700,0.8331,True,TEMSAN CT 40/12.5 MG TABLET 10X10,424441139,0.8328,True,0.8425,0.8328,0.8361,3,True,False,3
664,TEMSAN AM 5 TAB 15 S(TEMA5T) 15 S,TEMSAN AM-5 TABLETS 1X15 T,421111794,TEMSAN,TEMSAN - AM 5 TABLETS,421110956,TEMSAN LN TABLET 10x15T,421112933,0.8072,True,TEMSAN - AM TABLETS 1X15T,424441539,0.8040,True,TEMSAN BS 2.5/40 TABLET 10x10T,421112702,0.7977,True,0.8072,0.7977,0.8030,3,True,False,3
665,NUMLO TM 5 TAB 15 S(NUMT5T) 15 S,NUMLO-TM 5 TABLETS 1X15 T,421112128,NUMLO,NUMLO-TM 5 TABLETS,421110630,NUMLO-AT TABLET 1X15 T,424441936,0.8329,True,NUMLO-D 5 TABLET 1x15 T,424441201,0.8150,True,NUMLO-D TABLET 1X15 T,424441202,0.8146,True,0.8329,0.8146,0.8208,3,True,False,3
666,ASOMEX 1.25MG TAB 15T(ASO12T) 15T,ASOMEX 1.25 TABLETS 1X15T,424440754,ASOMEX,ASOMEX 1.25 MG TABLET,424440001,ASOMEX AT 2.5 MG TABLET 1X15T,424441921,0.8995,True,ASOMEX 2.5 MG TABLET 1X15T,424441736,0.8914,True,ASOMEX AT 5 MG TABLET 1X15T,424441922,0.8865,True,0.8995,0.8865,0.8925,3,True,False,3
667,ASOMEX 2.5MG TAB. 15S(ASO25T) 15S,ASOMEX 1.25 TABLETS 1X15T,424440754,ASOMEX,ASOMEX 2.5 MG TABLET 1X15T,424441736,ASOMEX AT 2.5 MG TABLET 1X15T,424441921,0.8999,True,ASOMEX AT 2.5 MG TABLET,420000021,0.8831,True,ASOMEX 2.5 MG TABLET,424440002,0.8762,True,0.8999,0.8762,0.8864,3,True,False,3
668,ASOMEX AT 2.5MG TAB. 15 S(ASOA25T) 15 S,ASOMEX AT 2.5 MG TABLET 1X15T,424441921,ASOMEX,ASOMEX AT 2.5 MG TABLET,420000021,ASOMEX 2.5 MG TABLET,424440002,0.8830,True,ASOMEX LT 2.5 MG TABLET,424440489,0.8768,True,ASOMEX AT 5 MG TABLET,424440006,0.8754,True,0.8830,0.8754,0.8784,3,True,False,3
669,ASOMEX LT 2.5MG TAB 15T(ASOL25T) 15T,ASOMEX LT TABLET 1X15T,424440761,ASOMEX,ASOMEX LT 2.5 MG TABLET,424440489,ASOMEX AT 2.5 MG TABLET 1X15T,424441921,0.9036,True,ASOMEX 2.5 MG TABLET 1X15T,424441736,0.8973,True,ASOMEX LT 5 MG TABLET,421111036,0.8822,True,0.9036,0.8822,0.8944,3,True,False,3
670,OSTERI INJ 1UNIT(OSTI) 1UNIT,OSTERI INJ.600MCG /2.4MLPEN DEVICE,421112507,OSTERI,OSTERI INJECTION 750 MCG PFS,421111655,EPORISE 10 000 IU PFS,423330917,0.6982,False,EPORISE 40 000 IU PFS,423330850,0.6933,False,NEVIR ER TBALET 1 X 30,424441482,0.6895,False,0.6982,0.6895,0.6937,0,False,False,3
671,Aquaoat Moist Cream 250ml,AQUAOAT MOISTURIZING CREAM 250GM,421113108,AQUAOAT,AQUAOAT MOISTURIZING LOTION 250ML,421112581,AQUAOAT MOISTURIZING CREAM 100 GM,421112579,0.9168,True,AQUAOAT MOISTURIZING CREAM 50GM,421111878,0.9064,True,AQUAOAT MOISTURIZING LOTION 100ML,421112580,0.8856,True,0.9168,0.8856,0.9029,3,True,False,3
672,CARDACE 2.50X10 15S,CARDACE 2.5 MG TABLET 10x15T,421112892,CARDACE,CARDACE 10 MG TABLET 10x15T,421112891,CARDACE H 2.5 TABLET 10x15T,421112898,0.8570,True,CARDACE AM 2.5 TABLET 10x15T,421112895,0.8526,True,CARDACE METO 2.5 TABLET 10x10T,421112900,0.8388,True,0.8570,0.8388,0.8495,3,True,False,3
673,NUCORIL-5 TAB(NUCRAN),NUCORIL - 5 TABLETS 1X10 T,424441444,NUCORIL,NUCORIL 5 MG TAB 20,424440893,NUCORIL OD TABLET,424440669,0.8151,True,NUCORIL - 5 TABLETS 1X30 T,424440492,0.8079,True,NUCROVIT TABLETS,421111009,0.8003,False,0.8151,0.8003,0.8078,2,False,False,3
674,CETAPIN-V-.3 MG TAB,CETAPIN V 0.3MG TABLET 10x15T,421113137,CETAPIN,CETAPIN V 0.2MG TABLET 10x15T,421113136,CETAPIN XR 1000MG TABLET 10x15T,421113138,0.7800,True,CETAPIN XR 500MG TABLET 11x20T,421113139,0.7738,True,MUVPRU TABLET 2 MG,421111905,0.7464,False,0.7800,0.7464,0.7667,2,False,False,3
676,UREADERM MOISTU CREAM 20 1X100GM,UREADERM MOISTURIZING CREAM 20% 100GM,421113046,UREADERM,UREADERM MOISTURIZING CREAM 10% 100GM,421113045,LUZARN LOTION 1 X 20 ML,429991253,0.8261,False,AQUAOAT MOISTURIZING CREAM 100 GM,421112579,0.8160,False,LUZARN CREAM 1X20 GM,421111943,0.8131,False,0.8261,0.8131,0.8184,0,False,False,3
677,OROFER XT BOTTLE OF,OROFER XT TABLET 1X30 T,424441705,OROFER,OROFER XT DROPS,424441717,OROFER XT TABLET,424441704,0.8322,True,OROFER XT TOTAL TABLET,424441708,0.8210,True,OROFER XT + SUSPENSION 200 ML,424441225,0.8092,True,0.8322,0.8092,0.8208,3,True,False,3
678,ASOMEX AT 2. 15 TAB STP,ASOMEX AT 2.5 MG TABLET 1X15T,424441921,ASOMEX,ASOMEX AT 2.5 MG TABLET,420000021,ASOMEX AT 5 MG TABLET 1X15T,424441922,0.7729,True,ASOMEX 2.5 MG TABLET 1X15T,424441736,0.7534,True,ASOMEX 2.5 MG TABLET,424440002,0.7454,True,0.7729,0.7454,0.7572,3,True,False,3
679,ENCICARB 1GM INJ 1X1,ENCICARB INJECTION 100MG/2ML,422220078,ENCICARB,ENCICARB INJECTION 1K,422220233,ENCICARB INJECTION 750MG/15ML,421112707,0.7942,True,CITAFINE 1 GM INJ 1 VIAL,422220160,0.7839,False,PEMCURE 500 MG INJ 1 VIAL,421111011,0.7793,False,0.7942,0.7793,0.7858,1,False,False,3
680,FULVIRA INJECTION 2X5ML PF 1X1,FULVIRA 250 MG INJ 2X5 ML PFS,421112211,FULVIRA,FULVIRA INJECTION 1X5 ML PFS,421112210,PURON INJECTION 3X2 ML,423330339,0.8088,False,CFEICURE-S INJECTION 1.5g,421112127,0.7854,False,ETS - 50 INJECTION 5X1 ML,420000218,0.7827,False,0.8088,0.7827,0.7923,0,False,False,3
681,EMTOFA 2% OINTMENT,EMTOFA OINTMENT 15GM,421113091,EMTOFA,EMTOFA OINTMENT 10 GM,421112713,EMTOFA OINTMENT 20 GM,421112714,0.8847,True,EMTOFA OINTMENT 30GM,421113092,0.8776,True,EMANZEN D OINTMENT 30 GM,421110987,0.7722,False,0.8847,0.7722,0.8448,2,False,False,3
682,CARDACE AM 2.5MG T 10/15 ;S,CARDACE AM 2.5 TABLET 10x15T,421112895,CARDACE,CARDACE AM 10 TABLET 10x15T,421112894,CARDACE 2.5 MG TABLET 10x15T,421112892,0.8550,True,CARDACE 1.25 MG TABLET 10x15T,421112890,0.8310,True,CARDACE 5 MG TABLET 10x15T,421112893,0.8288,True,0.8550,0.8288,0.8383,3,True,False,3
683,OLANEX F TAB 10S/15S 10S/15S,OLANEX  F TABLETS 1 x 15 T,424442062,OLANEX,OLANEX  F TABLETS,424441212,SIMSTAT 10 MG TAB 10,421110138,0.7848,False,FLOFRE 10 TABLETS,421110285,0.7843,False,OZATEX 10 TABLET,421112059,0.7712,False,0.7848,0.7712,0.7801,0,False,False,3
684,LASIX 40MG(SANOFI) 80X15,LASIX 40 MG TABLET 80x15T,421112913,LASIX,LASIX 40 MG/4ML INJECTION,421112912,SANOXABAN 2.5 MG TABLET 10x10T,421112930,0.8114,False,PANSALVE 40 MG TABLET 20X10,421110837,0.8102,False,SANOXABAN 5 MG TABLET 10x10T,421112931,0.8085,False,0.8114,0.8085,0.8100,0,False,False,3
685,C - LET 1.0GM,C - LET 1.0 GM INJECTION,421111669,C-LET,C - LET OF TABLETS,421111080,C - LET 2.0 GM INJECTION,421112471,0.8449,True,C-ZID 1GM,421110434,0.7208,False,PROTOTAL POW.200GM,421111281,0.7105,False,0.8449,0.7105,0.7587,1,False,False,3
686,EMPRI M 12.5/100,EMPRI M 12.5/1000MG TABLET 10x10T,421113072,EMPRI,EMPRI M 12.5/500 MG TABLET 10x10T,421113071,EMSITA M SR 100/1000 1X10T,421112596,0.7557,False,EMSITA M 50/1000 1X10T,421112587,0.7404,False,EMSITA M 50/500 1X10T,421112586,0.7380,False,0.7557,0.7380,0.7447,0,False,False,3
687,PROXYM 300ER 15S,PROXYM ER TABLET 1X15T,424441862,PROXYM,PROXYM 300 TABLETS,424440535,PROXYM ER 200 TABLETS 15 T,424441863,0.8193,True,PROXYM GEL 30 GM,421112498,0.7601,True,PROXYM ER 200 TABLETS,424441015,0.7472,True,0.8193,0.7472,0.7755,3,True,False,3
688,FLAWLIZO ACNE M- 50ML,FLAWLIZO ACNE CARE MOISTURISING GEL 50M,421113051,FLAWLIZO,FLAWLIZO ACNE SPOT CORRECTOR 30ML,421113052,FLAWLIZO 0.025% CREAM 20GM,421113048,0.8263,True,FLAWLIZO MICRO 0.04% GEL 15GM TUBE PACK,421113049,0.7442,True,SOLGLO HYBRID SUNSCREEN 50ML,421113087,0.7386,False,0.8263,0.7386,0.7697,2,False,False,3
689,FLAWLIZO MIC .04 15GM,FLAWLIZO MICRO 0.04% GEL 15GM TUBE PACK,421113049,FLAWLIZO,FLAWLIZO MICRO 0.04% GEL 15GM PUMP PACK,421113085,FLAWLIZO MICRO 0.1% GEL 15GM TUBE PACK,421113050,0.6799,True,FLAWLIZO MICRO 0.1% GEL 15GM PUMP PACK,421113083,0.6685,True,FLAWLIZO 0.025% CREAM 20GM,421113048,0.6413,True,0.6799,0.6413,0.6632,3,True,False,3
690,FLAWLIZO MIC .04 15GM,FLAWLIZO MICRO 0.04% GEL 15GM TUBE PACK,421113049,FLAWLIZO,FLAWLIZO MICRO 0.04% GEL 15GM PUMP PACK,421113085,FLAWLIZO MICRO 0.1% GEL 15GM TUBE PACK,421113050,0.6799,True,FLAWLIZO MICRO 0.1% GEL 15GM PUMP PACK,421113083,0.6685,True,FLAWLIZO 0.025% CREAM 20GM,421113048,0.6413,True,0.6799,0.6413,0.6632,3,True,False,3
691,FLAWLIZO MIC 0.1 G 15GM,FLAWLIZO MICRO 0.1% GEL 15GM TUBE PACK,421113050,FLAWLIZO,FLAWLIZO MICRO 0.1% GEL 15GM PUMP PACK,421113083,FLAWLIZO MICRO 0.04% GEL 15GM TUBE PACK,421113049,0.7753,True,FLAWLIZO MICRO 0.04% GEL 15GM PUMP PACK,421113085,0.7612,True,FLAWLIZO 0.025% CREAM 20GM,421113048,0.7599,True,0.7753,0.7599,0.7655,3,True,False,3
692,FLAWLIZO MIC 0.1 15GM,FLAWLIZO MICRO 0.1% GEL 15GM TUBE PACK,421113050,FLAWLIZO,FLAWLIZO MICRO 0.1% GEL 15GM PUMP PACK,421113083,FLAWLIZO MICRO 0.04% GEL 15GM TUBE PACK,421113049,0.7563,True,FLAWLIZO MICRO 0.04% GEL 15GM PUMP PACK,421113085,0.7423,True,FLAWLIZO 0.025% CREAM 20GM,421113048,0.7316,True,0.7563,0.7316,0.7434,3,True,False,3
693,C - LET 1.0GM,C - LET 1.0 GM INJECTION,421111669,C-LET,C - LET OF TABLETS,421111080,C - LET 2.0 GM INJECTION,421112471,0.8449,True,C-ZID 1GM,421110434,0.7208,False,PROTOTAL POW.200GM,421111281,0.7105,False,0.8449,0.7105,0.7587,1,False,False,3
694,NUCORIL 5MG TABLETS 1X30,NUCORIL - 5 TABLETS 1X30 T,424440492,NUCORIL,NUCORIL 5 MG TAB 20,424440893,NUCORIL - 5 TABLETS 1X10 T,424441444,0.9282,True,NUACE TABLETS 1x30 T,424441611,0.8562,False,DAONIL TABLETS 1 X 30 T,421111590,0.8512,False,0.9282,0.8512,0.8785,1,False,False,3
695,NUMLO-D5TAB15S 1X15S,NUMLO-D 5 TABLET,424440017,NUMLO,NUMLO-D 5 TABLET 1x15 T,424441201,NUMLO-AT TABLET 1X15 T,424441936,0.8348,True,NUMLO-D TABLET 1X15 T,424441202,0.8286,True,NUMLO-TM 5 TABLETS 1X15 T,421112128,0.8122,True,0.8348,0.8122,0.8252,3,True,False,3
696,OROFER XT TAB 15/10S,OROFER XT TABLET 1x15T,424442006,OROFER,OROFER XT TABLET,424441704,OROFER XT TOTAL TABLET,424441708,0.8472,True,OROFER XT TABLET 1X30 T,424441705,0.8350,True,OROFER XTM TABLETS,420001221,0.7825,True,0.8472,0.7825,0.8216,3,True,False,3
697,CELOL (10 TAB) 10TAB,FERIUM XT TABLET,424441702,FERIUM,CELOL CAPSULES,421110030,CELOL+ TABLET,424441788,0.8370,False,SIMSTAT 10 MG TAB 10,421110138,0.7888,False,GLIPSOV-M TABLET 20/1000 10X15T,421112327,0.7747,False,0.8370,0.7747,0.8002,0,False,False,3
698,GALACT GRANULES (KESAR) 200GM NOS,GALACT GRANULES KESAR,421112646,GALACT,GALACT GRANULE 200 GM ELAICHI,421112871,GALACT GRANULES 400 GM KESAR,421112875,0.9258,True,GALACT GRANULES 600GM ELAICHI,421113037,0.8339,True,GALACT GRANULES 400GM ELAICHI,421113094,0.8334,True,0.9258,0.8334,0.8644,3,True,False,3
699,EMPRI M 12.5500 10 NOS,EMPRI M 12.5/500 MG TABLET 10x10T,421113071,EMPRI,EMPRI M 12.5/1000MG TABLET 10x10T,421113072,EMSITA M 50/500 1X10T,421112586,0.7520,False,EMSITA M 50/1000 1X10T,421112587,0.7517,False,EMSITA M SR 100/1000 1X10T,421112596,0.7467,False,0.7520,0.7467,0.7501,0,False,False,3
700,AQUA OAT CLEAN & MOISTURIZING BAR 75GM NOS,AQUAOAT CLEAN & MOISTURE SYNDET BAR 75GM,421113161,AQUAOAT,AQUA OAT BATHING BAR 75 GM,421111895,AQUAOAT MOISTURIZING CREAM 100 GM,421112579,0.7766,True,AQUAOAT MOISTURIZING CREAM 250GM,421113108,0.7755,True,AQUAOAT MOISTURIZING CREAM 50GM,421111878,0.7700,True,0.7766,0.7700,0.7740,3,True,False,3
701,OROFER XT  SUSPENSION 200ML NOS,OROFER XT + SUSPENSION 200 ML,424441225,OROFER,OROFER XT SUSPENSION 150 ML,424440590,FERIUM XT + SUSPENSION 200 ML,424441727,0.8605,False,ANCOOL SUSPENSION 200 ML,423331543,0.8222,False,CALOBUILD SUSPENSION 200 ML,423330750,0.8205,False,0.8605,0.8205,0.8344,0,False,False,3
702,FERIUM XT SUSPENSION 200ML NOS,FERIUM XT + SUSPENSION 200 ML,424441727,FERIUM,FERIUM XT SUSPENSION,424440591,OROFER XT + SUSPENSION 200 ML,424441225,0.8420,False,ANCOOL SUSPENSION 200 ML,423331543,0.8287,False,ANCOOL SF 200 ML SUSPENSION,423331203,0.8242,False,0.8420,0.8242,0.8316,0,False,False,3
703,EMPRI-L10+5 TABLETS- 1*10 TAB,EMPRI L 10/5MG TABLET 10x10T,421113069,EMPRI,EMPRI 10MG TABLET 10x10T,421113067,EMPRI L 25/5MG TABLET 10x10T,421113070,0.8695,True,EMPRI M 12.5/1000MG TABLET 10x10T,421113072,0.8634,True,EMPRI M 12.5/500 MG TABLET 10x10T,421113071,0.8632,True,0.8695,0.8632,0.8654,3,True,False,3
704,EMPRI-L-25+5TABLETS-10 TAB 1*10 TAB,EMPRI L 25/5MG TABLET 10x10T,421113070,EMPRI,EMPRI 25MG TABLET 10x10T,421113068,EMLINZ M 2.5/1000 TAB 1X10T,429991542,0.7958,False,EMPRI L 10/5MG TABLET 10x10T,421113069,0.7872,True,EMPRI M 12.5/500 MG TABLET 10x10T,421113071,0.7756,True,0.7958,0.7756,0.7862,2,False,False,3
705,POVIZTRA-1.75 MG FLXT 3 ML1 PC COPACK 1 PC,POVIZTRA FLXT 1.7MG 3ML 1PC COPACK,420008828,POVIZTRA,POVIZTRA FLXT 1MG 3ML 1PC COPACK,420008827,POVIZTRA FLXT 0.5MG 1.5ML 1PC COPACK,420008826,0.9367,True,POVIZTRA FLXT 0.25MG 1.5ML 1PC COPACK,420008825,0.9366,True,POVIZTRA FLXT 2.4MG 3ML 1PC COPACK,420008829,0.9218,True,0.9367,0.9218,0.9317,3,True,False,3
706,GALACT GRANULES.ELACHI FLAVOUR- BIG SIZE BIG SIZE,GALACT GRANULES 10GM ELAICHI,421112986,GALACT,GALACT GRANULES,420000615,GALACT GRANULES 400GM ELAICHI,421113094,0.8534,True,GALACT GRANULES 600GM ELAICHI,421113037,0.8472,True,GALACT GRANULE 200 GM ELAICHI,421112871,0.8189,True,0.8534,0.8189,0.8398,3,True,False,3
707,OROFER FCM1 K 1K 1 K 10 ML- 1 K (1 K),OROFER FCM  INJECTION 1K,421111805,OROFER,OROFER FCM  INJECTION 500MG/10ML,421111114,OROFER FCM INJECTION 750MG/15ML,421112705,0.8294,True,FCMO INJECTION 1k/20ML,421112711,0.7924,False,HOSIT FCM INJECTION 1K,421112615,0.7765,False,0.8294,0.7765,0.7994,1,False,False,3
708,ERIBULIN 0.5MG/ML INJ EMBREMMA VIAL,EMMDARA INJECTION 50MG/2ML,421112598,EMMDARA,EMBREMMA INJECTION 0.5MG/ML,421112287,EMSTAR 500 MG INJ 1 VIAL,421110943,0.8565,False,PEMCURE 500 MG INJ 1 VIAL,421111011,0.8495,False,ELAXIM 50 MG INJ 1 VIAL,422220014,0.8322,False,0.8565,0.8322,0.8461,0,False,False,3
709,SYLATE T 500MG 10 S,SYLATE T 500 TABLET,421110143,SYLATE,SYLATE TABLET 500 MG,424441083,SYLATE M TABLET 500 MG,421110142,0.8955,True,SYLATE TABLETS 250 MG 10,424441082,0.8494,True,CELLCEPT 500MG TABLET 10T,420008971,0.8237,False,0.8955,0.8237,0.8562,2,False,False,3
710,ASOMEX 1.25MG TAB.15 15.,ASOMEX 1.25 TABLETS 1X15T,424440754,ASOMEX,ASOMEX 1.25 MG TABLET,424440001,ASOMEX AT 2.5 MG TABLET 1X15T,424441921,0.8737,True,ASOMEX AT 5 MG TABLET 1X15T,424441922,0.8582,True,ASOMEX 2.5 MG TABLET 1X15T,424441736,0.8465,True,0.8737,0.8465,0.8595,3,True,False,3
711,PROXYM ER300 TAB 15TAB PCS,PROXYM ER 200 TABLETS 15 T,424441863,PROXYM,PROXYM ER TABLET 1X15T,424441862,PROXYM 300 TABLETS,424440535,0.8216,True,PROXYM 200 TABLET,424440534,0.8207,True,PROXYM ER 200 TABLETS,424441015,0.8099,True,0.8216,0.8099,0.8174,3,True,False,3
712,S NUMLO 5MG TAB. 20X15,S-NUMLO 5 MG TABLET 1x15 T,424441204,S-NUMLO,S-NUMLO 5 MG TABLET,424440012,S-NUMLO 2.5 MG TABLET 1x15 T,424441203,0.9061,True,S-NUMLO 2.5 MG TABLET,424440011,0.8685,True,NUMLO TABLET 2.5 MG,420000458,0.8569,False,0.9061,0.8569,0.8772,2,False,False,3
713,NUMLO- D 5 TAB 1X15,NUMLO-D 5 TABLET,424440017,NUMLO,NUMLO-D 5 TABLET 1x15 T,424441201,NUMLO-D TABLET 1X15 T,424441202,0.8667,True,NUMLO-AT TABLET 1X15 T,424441936,0.8615,True,NUMLO-TM 5 TABLETS 1X15 T,421112128,0.8338,True,0.8667,0.8338,0.8540,3,True,False,3
714,OSTERI INJ600 MCG+ NEEDLS 1X1,OSTERI INJ.600MCG /2.4MLPEN DEVICE,421112507,OSTERI,OSTERI INJECTION 750 MCG PFS,421111655,XGRAST 300 MCG INJ 1 PFS,492220092,0.7480,False,XGRAST  INJ 300 MCG/0.5 ML PFS,422220290,0.7178,False,EMGRAST 300 MCG INJ 1 PFS,422220194,0.7171,False,0.7480,0.7171,0.7276,0,False,False,3
715,PROXYM ER 300MG TAB 15 S 1X15,PROXYM ER 200 TABLETS 15 T,424441863,PROXYM,PROXYM ER TABLET 1X15T,424441862,PROXYM ER 200 TABLETS,424441015,0.8227,True,PROXYM 300 TABLETS,424440535,0.8213,True,PROXYM ER  TABLETS,424441016,0.8198,True,0.8227,0.8198,0.8213,3,True,False,3
716,GALACT GRANULES CHOCOLATE FLV 200GM 1X200GM,GALACT GRANULES CHOCOLATE,421112647,GALACT,GALACT GRANULE 200 GM ELAICHI,421112871,GALACT GRANULES 600GM CHOCOLATE,421113039,0.9057,True,GALACT GRANULES 400 GM CHOCOLATE,421112876,0.8886,True,GALACT GRANULES 600GM ELAICHI,421113037,0.8444,True,0.9057,0.8444,0.8796,3,True,False,3
717,GALACT GRANULES KESAR FLV 200GM 1X200GM,GALACT GRANULES KESAR,421112646,GALACT,GALACT GRANULE 200 GM ELAICHI,421112871,GALACT GRANULES 400 GM KESAR,421112875,0.9235,True,GALACT GRANULES 600GM ELAICHI,421113037,0.8535,True,GALACT GRANULES 400GM ELAICHI,421113094,0.8474,True,0.9235,0.8474,0.8748,3,True,False,3
718,GALACT LACTATION GRANULES ELAICHI FLV 200G 1X200GM,GALACT GRANULE 200 GM ELAICHI,421112871,GALACT,GALACT PLUS LACTATION BAR 15x20GM,421112942,GALACT GRANULES 600GM ELAICHI,421113037,0.8950,True,GALACT GRANULES 400GM ELAICHI,421113094,0.8859,True,GALACT GRANULES 10GM ELAICHI,421112986,0.8751,True,0.8950,0.8751,0.8853,3,True,False,3
719,ASOMEX D 5MG TAB 10S Pcs 157.33,ASOMEX D 5 TABLET 1x15T,424440760,ASOMEX,ASOMEX D 5 TABLET,424440008,ASOMEX 5 MG TABLET,424440003,0.8703,True,ASOMEX LT 5 MG TABLET,421111036,0.8636,True,ASOMEX AT 5 MG TABLET,424440006,0.8590,True,0.8703,0.8590,0.8643,3,True,False,3
720,ASOMEX TM TAB 10S PCS 178.15,ASOMEX - TM TABLETS 1X15T,424441530,ASOMEX,ASOMEX - TM TABLETS,421110575,ASOMEX R TABLET,421110889,0.7996,True,ASOMEX LT TABLET 1X15T,424440761,0.7812,True,ASOMEX OH FORTE TABLET,421110762,0.7799,True,0.7996,0.7799,0.7869,3,True,False,3
721,OSTERI INJ.600MCG / 1S,OSTERI INJ.600MCG /2.4MLPEN DEVICE,421112507,OSTERI,OSTERI INJECTION 750 MCG PFS,421111655,XGRAST  INJ 300 MCG/0.5 ML PFS,422220290,0.7398,False,XGRAST 300 MCG INJ 1 PFS,492220092,0.7374,False,PROTOTAL POW.200GM,421111281,0.7327,False,0.7398,0.7327,0.7366,0,False,False,3
722,OROFOR XT 15ML,OROFER XT SUSPENSION 150 ML,424440590,OROFER,OROFER XT TABLET 1x15T,424442006,OROFER XT + SUSPENSION 200 ML,424441225,0.8121,True,OROFER SYRUP 150 ML,424441435,0.8114,True,OROFER DROPS 15 ML,421110180,0.7964,True,0.8121,0.7964,0.8066,3,True,False,3
723,SYLATE 500MG 10S T,SYLATE T 500 TABLET,421110143,SYLATE,SYLATE TABLET 500 MG,424441083,SYLATE M TABLET 500 MG,421110142,0.8959,True,SYLATE TABLETS 250 MG 10,424441082,0.8438,True,SYLATE T TABLET,420000603,0.8201,True,0.8959,0.8201,0.8533,3,True,False,3
724,OSTERI-600MCG/2.4ML-PFS-INJ(COLD)1AMP --,OSTERI INJ.600MCG /2.4MLPEN DEVICE,421112507,OSTERI,OSTERI INJECTION 750 MCG PFS,421111655,TASPIANCE INJ 180 MCG/0.5ML PFS,491110378,0.7586,False,TASPIANCE INJ 135 MCG/0.5ML PFS,491110199,0.7512,False,XGRAST  INJ 300 MCG/0.5 ML PFS,422220290,0.7482,False,0.7586,0.7482,0.7527,0,False,False,3
725,NUCORIL-5MG-30TAB(COLD CHAINE)30TAB,NUCORIL - 5 TABLETS 1X30 T,424440492,NUCORIL,NUCORIL 5 MG TAB 20,424440893,NUCORIL - 5 TABLETS 1X10 T,424441444,0.7901,True,NUCORIL I.V.48 MG INJECTION,421110410,0.7690,True,VINCORT TABLET 30 MG,422220027,0.7653,False,0.7901,0.7653,0.7748,2,False,False,3
726,POVIZTRA-2.4ML INJ(COLD NO RETURN)1VIAL,POVIZTRA FLXT 2.4MG 3ML 1PC COPACK,420008829,POVIZTRA,POVIZTRA FLXT 1MG 3ML 1PC COPACK,420008827,POVIZTRA FLXT 0.25MG 1.5ML 1PC COPACK,420008825,0.7866,True,POVIZTRA FLXT 0.5MG 1.5ML 1PC COPACK,420008826,0.7815,True,POVIZTRA FLXT 1.7MG 3ML 1PC COPACK,420008828,0.7661,True,0.7866,0.7661,0.7781,3,True,False,3
727,OSTERI-600MCG/2.4ML-PFS-INJ(COLD)1AMP --,OSTERI INJ.600MCG /2.4MLPEN DEVICE,421112507,OSTERI,OSTERI INJECTION 750 MCG PFS,421111655,TASPIANCE INJ 180 MCG/0.5ML PFS,491110378,0.7586,False,TASPIANCE INJ 135 MCG/0.5ML PFS,491110199,0.7512,False,XGRAST  INJ 300 MCG/0.5 ML PFS,422220290,0.7482,False,0.7586,0.7482,0.7527,0,False,False,3
728,NUCORIL-5MG-30TAB(COLD CHAINE)30TAB,NUCORIL - 5 TABLETS 1X30 T,424440492,NUCORIL,NUCORIL 5 MG TAB 20,424440893,NUCORIL - 5 TABLETS 1X10 T,424441444,0.7901,True,NUCORIL I.V.48 MG INJECTION,421110410,0.7690,True,VINCORT TABLET 30 MG,422220027,0.7653,False,0.7901,0.7653,0.7748,2,False,False,3
729,POVIZTRA-2.4ML INJ(COLD NO RETURN)1VIAL,POVIZTRA FLXT 2.4MG 3ML 1PC COPACK,420008829,POVIZTRA,POVIZTRA FLXT 1MG 3ML 1PC COPACK,420008827,POVIZTRA FLXT 0.25MG 1.5ML 1PC COPACK,420008825,0.7866,True,POVIZTRA FLXT 0.5MG 1.5ML 1PC COPACK,420008826,0.7815,True,POVIZTRA FLXT 1.7MG 3ML 1PC COPACK,420008828,0.7661,True,0.7866,0.7661,0.7781,3,True,False,3
730,NUMLO D5 1X15,NUMLO-D 5 TABLET,424440017,NUMLO,NUMLO-D 5 TABLET 1x15 T,424441201,NUMLO-D TABLET 1X15 T,424441202,0.8141,True,NUMLO-AT TABLET 1X15 T,424441936,0.8090,True,NUMLO-TM 5 TABLETS 1X15 T,421112128,0.7720,True,0.8141,0.7720,0.7984,3,True,False,3
731,EMANZEN AP 1X10,EMANZEN DP TABLET,421112653,EMANZEN,EMANZEN AP TABLET 10x10T,421113182,EMANZEN TBR-DS TABLETS 1X10 T,421112229,0.7592,True,EMANZEN TBR TABLETS 1X10 T,421112228,0.7572,True,APRUV - LT  3X2X10 T,421110502,0.7503,False,0.7592,0.7503,0.7556,2,False,False,3
732,VONADAY TABS 1X30,VONADAY 600/300/300 MG TABLET 30s,,,VONADAY 600/300/300 MG TABLET 30s,424440875,TEMNER TABLETS 1X30T,424441768,0.7575,False,NUACE TABLETS 1x30 T,424441611,0.7490,False,EMLINZ M 2.5/1000 TAB 1X10T,429991542,0.7394,False,0.7575,0.7394,0.7486,0,False,False,3
733,OROFER S INJ.5ML,OROFER S 100 INJECTION,421111537,OROFER,OROFER S INJECTION 2.5 ML,421111536,OROFER S 200 INJECTION 10 ML,421111388,0.8214,True,OROFER SYRUP 300 ML,424441446,0.7920,True,OROFER FCM  INJECTION 500MG/10ML,421111114,0.7894,True,0.8214,0.7894,0.8009,3,True,False,3
734,EMANZEN AP 1X10,EMANZEN DP TABLET,421112653,EMANZEN,EMANZEN AP TABLET 10x10T,421113182,EMANZEN TBR-DS TABLETS 1X10 T,421112229,0.7592,True,EMANZEN TBR TABLETS 1X10 T,421112228,0.7572,True,APRUV - LT  3X2X10 T,421110502,0.7503,False,0.7592,0.7503,0.7556,2,False,False,3
735,VONADAY TABS 1X30,VONADAY 600/300/300 MG TABLET 30s,,,VONADAY 600/300/300 MG TABLET 30s,424440875,TEMNER TABLETS 1X30T,424441768,0.7575,False,NUACE TABLETS 1x30 T,424441611,0.7490,False,EMLINZ M 2.5/1000 TAB 1X10T,429991542,0.7394,False,0.7575,0.7394,0.7486,0,False,False,3
736,ARMOD 150 TAB 10X15,ARMOD-150 TABLETS 1 x 15 T,424442061,ARMOD,ARMOD-150 TABLETS,424441214,ARMOD-50 TABLETS 1 x 15 T,424442060,0.8328,True,ARTH TABLET 10X10 T,420000531,0.8316,False,EMILDAP 10 TABLET 1X15T,421112857,0.8227,False,0.8328,0.8227,0.8290,1,False,False,3
737,ARMOD 50 10X15,ARMOD-50 TABLETS 1 x 15 T,424442060,ARMOD,ARMOD-50 TABLETS,424441213,LOPRESOR 50 10X10 T,420120022,0.8072,False,ARMOD-150 TABLETS 1 x 15 T,424442061,0.7886,True,EMROFT - 50 30X10 T,420000175,0.7871,False,0.8072,0.7871,0.7943,1,False,False,3
738,CINEZ D 10X15,CINEZ-D TABLETS 1 X 15 T,421113003,CINEZ,CINEZ-D TABLETS,421112120,VOVERAN D 10X10 T,420120041,0.7731,False,IKA 10X10,420000449,0.7594,False,TREDICAL FT 10X10,420000606,0.7470,False,0.7731,0.7470,0.7598,0,False,False,3
739,EPITRIL BETA 10X10,EPITRIL BETA 0.25 TABLETS 10X10T,421112140,EPITRIL,EPITRIL BETA 0.5 TABLETS,421112141,EPITRIL MD 0.5 MG TABLET 10X10T,421111787,0.8733,True,EPITRIL MD 1 MG TABLET 10X10T,421111788,0.8712,True,EPITRIL MD 0.25 MG TABLET 10X10T,421111786,0.8679,True,0.8733,0.8679,0.8708,3,True,False,3
740,AMARYL M F/TE 1MG,AMARYL M FORTE 1MG TABLET 10x15T,421113132,AMARYL,AMARYL M 1MG TABLET 8x20T,421113130,AMARYL M 2MG TABLET 8x20T,421113131,0.7798,True,AMARYL 1MG TABLET 10x30T,421113127,0.7789,True,AMARYL MV 1MG TABLET 10x15T,421113134,0.7730,True,0.7798,0.7730,0.7772,3,True,False,3
741,AMARYL M F/TE 2MG,AMARYL M FORTE 2MG TABLET 10x15T,421113133,AMARYL,AMARYL M 2MG TABLET 8x20T,421113131,AMARYL M 1MG TABLET 8x20T,421113130,0.7892,True,AMARYL 2MG TABLET 15x30T,421113128,0.7856,True,AMARYL MV 2MG TABLET 10x15T,421113135,0.7826,True,0.7892,0.7826,0.7858,3,True,False,3
742,VYLDA-DM100/10/5,VYLDA DM 100/10/500 TABLET 1x10T,421112888,VYLDA,VYLDA DM 100/10/1000 TABLET 1x10T,421112889,VYLDA DM 100/5/1000 TABLET 1x10T,421112639,0.8132,True,VYLDA DM 100/5/500 TABLET 1x10T,421112638,0.8040,True,VYLDA OD 100 TABLETS,421112452,0.7868,True,0.8132,0.7868,0.8013,3,True,False,3
743,PROXYM-ER(300) T,PROXYM ER 200 TABLETS,424441015,PROXYM,PROXYM ER  TABLETS,424441016,PROXYM 300 TABLETS,424440535,0.7949,True,PROXYM ER 200 TABLETS 15 T,424441863,0.7948,True,PROXYM ER TABLET 1X15T,424441862,0.7803,True,0.7949,0.7803,0.7900,3,True,False,3
744,GALACT LACTATION GRANULES CHO 400GM --,GALACT GRANULES 400 GM CHOCOLATE,421112876,GALACT,GALACT PLUS LACTATION BAR 15x20GM,421112942,GALACT GRANULES 400GM ELAICHI,421113094,0.9012,True,GALACT GRANULES 400 GM KESAR,421112875,0.8655,True,GALACT GRANULES,420000615,0.8457,True,0.9012,0.8457,0.8708,3,True,False,3
745,GALACT LACTATION GRANULES ELA 400GM --,GALACT GRANULES 400GM ELAICHI,421113094,GALACT,GALACT PLUS LACTATION BAR 15x20GM,421112942,GALACT GRANULES 400 GM KESAR,421112875,0.8638,True,GALACT GRANULES 600GM ELAICHI,421113037,0.8587,True,GALACT GRANULES 400 GM CHOCOLATE,421112876,0.8476,True,0.8638,0.8476,0.8567,3,True,False,3
746,GALACT LACTATION GRANULES KES 400GM --,GALACT GRANULES 400 GM KESAR,421112875,GALACT,GALACT PLUS LACTATION BAR 15x20GM,421112942,GALACT GRANULES 400GM ELAICHI,421113094,0.8991,True,GALACT GRANULES 400 GM CHOCOLATE,421112876,0.8513,True,GALACT GRANULES 600GM ELAICHI,421113037,0.8384,True,0.8991,0.8384,0.8629,3,True,False,3
747,ACEGABA-100 CAP 1X15CA,ACEGABA 100 CAPSULE 1 X 15 C,424442056,ACEGABA,ACEGABA 100 CAPSULE,424440999,VITASONIC Q 300 CAP.1X10C,429920030,0.7863,False,ACEGABA 300 CAPSULE,424441000,0.7785,True,ACEGABA NT 100 TABLET 1x15T,421112627,0.7722,True,0.7863,0.7722,0.7790,2,False,False,3
748,EPITRIL 0.50MG 1X10,EPITRIL 0.5 MG TABLET,424441024,EPITRIL,EPITRIL 1 MG TABLET,424441025,EPITRIL MD 0.5 MG TABLET 10X10T,421111787,0.8904,True,EPITRIL MD 0.25 MG TABLET 10X10T,421111786,0.8797,True,EPITRIL MD 1 MG TABLET 10X10T,421111788,0.8658,True,0.8904,0.8658,0.8786,3,True,False,3
749,OROFER FCM I 0,OROFER FCM  INJECTION 500MG/10ML,421111114,OROFER,OROFER FCM  INJECTION 1K,421111805,OROFER FCM INJECTION 750MG/15ML,421112705,0.8174,True,HOSIT FCM INJECTION 1K,421112615,0.7382,False,FERONIA-FCM 100 MG INJECTION,423331598,0.6961,False,0.8174,0.6961,0.7506,1,False,False,3
750,EMSITA TRIO F 10TAB,EMSITA TRIO FORTE TABLET 1x10T,421112883,EMSITA,EMSITA TRIO TABLET 1x10T,421112864,EMSITA M 50/1000 1X10T,421112587,0.7847,True,EMSITA M 50/500 1X10T,421112586,0.7667,True,EMSITA MP FORTE TABLET 10x10T,421112720,0.7624,True,0.7847,0.7624,0.7713,3,True,False,3
751,OSTERI INJ. 600 1X1,OSTERI INJ.600MCG /2.4MLPEN DEVICE,421112507,OSTERI,OSTERI INJECTION 750 MCG PFS,421111655,EMILDAP M10/500 1X10T,421112860,0.7636,False,EMILDAP M10/1000 1X10T,421112571,0.7571,False,EMSITA M SR 100/1000 1X10T,421112596,0.7474,False,0.7636,0.7474,0.7560,0,False,False,3
752,OROFER FCM 7 1,OROFER FCM INJECTION 750MG/15ML,421112705,OROFER,OROFER FCM  INJECTION 1K,421111805,OROFER FCM  INJECTION 500MG/10ML,421111114,0.7850,True,HOSIT FCM INJECTION 1K,421112615,0.7465,False,FCMO INJECTION 1k/20ML,421112711,0.6994,False,0.7850,0.6994,0.7436,1,False,False,3
753,EMPRI L 10/5 M 1X10 TAB,EMPRI L 10/5MG TABLET 10x10T,421113069,EMPRI,EMPRI M 12.5/500 MG TABLET 10x10T,421113071,EMPRI L 25/5MG TABLET 10x10T,421113070,0.8815,True,EMPRI 25MG TABLET 10x10T,421113068,0.8632,True,EMLINZ M 2.5/1000 TAB 1X10T,429991542,0.8631,False,0.8815,0.8631,0.8693,2,False,False,3
754,TEMSAN CT 6.2 1X10 TAB,TEMSAN CT-6.25 TABLETS,421111887,TEMSAN,TEMSAN CT TABLETS,421111094,TEMSAN LNC 6.25 TABLET 10x10T,421112985,0.8419,True,TEMSAN BS 2.5/40 TABLET 10x10T,421112702,0.8300,True,TEMSAN LN TABLET 10x15T,421112933,0.8283,True,0.8419,0.8283,0.8334,3,True,False,3
755,VYLDA DM 100/ 1X10 TAB,VYLDA DM 100/5/500 TABLET 1x10T,421112638,VYLDA,VYLDA DM 100/10/500 TABLET 1x10T,421112888,VYLDA DM 100/10/1000 TABLET 1x10T,421112889,0.9080,True,VYLDA DM 100/5/1000 TABLET 1x10T,421112639,0.9034,True,VYLDA D100/10 TABLET 1X10T,421112886,0.8667,True,0.9080,0.8667,0.8927,3,True,False,3
756,VYLDA DM 100/ 1X10 TAB,VYLDA DM 100/5/500 TABLET 1x10T,421112638,VYLDA,VYLDA DM 100/10/500 TABLET 1x10T,421112888,VYLDA DM 100/10/1000 TABLET 1x10T,421112889,0.9080,True,VYLDA DM 100/5/1000 TABLET 1x10T,421112639,0.9034,True,VYLDA D100/10 TABLET 1X10T,421112886,0.8667,True,0.9080,0.8667,0.8927,3,True,False,3
757,OROFER FCM I 0,OROFER FCM  INJECTION 500MG/10ML,421111114,OROFER,OROFER FCM  INJECTION 1K,421111805,OROFER FCM INJECTION 750MG/15ML,421112705,0.8174,True,HOSIT FCM INJECTION 1K,421112615,0.7382,False,FERONIA-FCM 100 MG INJECTION,423331598,0.6961,False,0.8174,0.6961,0.7506,1,False,False,3
758,EMSITA TRIO F 10TAB,EMSITA TRIO FORTE TABLET 1x10T,421112883,EMSITA,EMSITA TRIO TABLET 1x10T,421112864,EMSITA M 50/1000 1X10T,421112587,0.7847,True,EMSITA M 50/500 1X10T,421112586,0.7667,True,EMSITA MP FORTE TABLET 10x10T,421112720,0.7624,True,0.7847,0.7624,0.7713,3,True,False,3
759,OSTERI INJ. 600 1X1,OSTERI INJ.600MCG /2.4MLPEN DEVICE,421112507,OSTERI,OSTERI INJECTION 750 MCG PFS,421111655,EMILDAP M10/500 1X10T,421112860,0.7636,False,EMILDAP M10/1000 1X10T,421112571,0.7571,False,EMSITA M SR 100/1000 1X10T,421112596,0.7474,False,0.7636,0.7474,0.7560,0,False,False,3
760,OROFER FCM 7 1,OROFER FCM INJECTION 750MG/15ML,421112705,OROFER,OROFER FCM  INJECTION 1K,421111805,OROFER FCM  INJECTION 500MG/10ML,421111114,0.7850,True,HOSIT FCM INJECTION 1K,421112615,0.7465,False,FCMO INJECTION 1k/20ML,421112711,0.6994,False,0.7850,0.6994,0.7436,1,False,False,3
761,EMPRI L 10/5 M 1X10 TAB,EMPRI L 10/5MG TABLET 10x10T,421113069,EMPRI,EMPRI M 12.5/500 MG TABLET 10x10T,421113071,EMPRI L 25/5MG TABLET 10x10T,421113070,0.8815,True,EMPRI 25MG TABLET 10x10T,421113068,0.8632,True,EMLINZ M 2.5/1000 TAB 1X10T,429991542,0.8631,False,0.8815,0.8631,0.8693,2,False,False,3
762,TEMSAN CT 6.2 1X10 TAB,TEMSAN CT-6.25 TABLETS,421111887,TEMSAN,TEMSAN CT TABLETS,421111094,TEMSAN LNC 6.25 TABLET 10x10T,421112985,0.8419,True,TEMSAN BS 2.5/40 TABLET 10x10T,421112702,0.8300,True,TEMSAN LN TABLET 10x15T,421112933,0.8283,True,0.8419,0.8283,0.8334,3,True,False,3
763,VYLDA DM 100/ 1X10 TAB,VYLDA DM 100/5/500 TABLET 1x10T,421112638,VYLDA,VYLDA DM 100/10/500 TABLET 1x10T,421112888,VYLDA DM 100/10/1000 TABLET 1x10T,421112889,0.9080,True,VYLDA DM 100/5/1000 TABLET 1x10T,421112639,0.9034,True,VYLDA D100/10 TABLET 1X10T,421112886,0.8667,True,0.9080,0.8667,0.8927,3,True,False,3
764,VYLDA DM 100/ 1X10 TAB,VYLDA DM 100/5/500 TABLET 1x10T,421112638,VYLDA,VYLDA DM 100/10/500 TABLET 1x10T,421112888,VYLDA DM 100/10/1000 TABLET 1x10T,421112889,0.9080,True,VYLDA DM 100/5/1000 TABLET 1x10T,421112639,0.9034,True,VYLDA D100/10 TABLET 1X10T,421112886,0.8667,True,0.9080,0.8667,0.8927,3,True,False,3
765,VYLDA DM 100/500 1X10,VYLDA DM 100/5/500 TABLET 1x10T,421112638,VYLDA,VYLDA DM 100/10/500 TABLET 1x10T,421112888,VYLDA DM 100/5/1000 TABLET 1x10T,421112639,0.8614,True,VYLDA DM 100/10/1000 TABLET 1x10T,421112889,0.8598,True,VYLDA D100/5 TABLET 1X10T,421112572,0.8112,True,0.8614,0.8112,0.8441,3,True,False,3
766,TEMSAN 20 MG TAB F35 15,TEMSAN 20 MG TABLETS 10x15T,424441698,TEMSAN,TEMSAN 20 MG. TABLETS,424440932,TEMSAN 40 MG. TABLETS,424440933,0.8348,True,TEMSAN - AM 5 TABLETS,421110956,0.8291,True,TEMSAN 80 MG. TABLETS,424440934,0.8265,True,0.8348,0.8265,0.8301,3,True,False,3
767,TEMSAN-AM 5 TAB 10X15,TEMSAN AM-5 TABLETS 1X15 T,421111794,TEMSAN,TEMSAN - AM 5 TABLETS,421110956,TEMSAN LN TABLET 10x15T,421112933,0.8894,True,TEMSAN BS 5/40 TABLET 10x10T,421112703,0.8768,True,TEMSAN BS 2.5/40 TABLET 10x10T,421112702,0.8739,True,0.8894,0.8739,0.8800,3,True,False,3
768,OROFER XT TAB (15) 10X15,OROFER XT TABLET 1x15T,424442006,OROFER,OROFER XT TABLET,424441704,OROFER XT TABLET 1X30 T,424441705,0.8565,True,FERIUM XT TABLET 10x15T,424441955,0.8396,False,OROFER XT-Z TABLETS 1X10 T,424440112,0.8299,True,0.8565,0.8299,0.8420,2,False,False,3
769,VYLDA 50 TAB 10X15,VYLDA TABLETS 1X15 T,424441803,VYLDA,VYLDA TABLET,424442008,VYLDA OD 50 TABLET 1X15T,421112490,0.8612,True,VYLDA P TABLET 1x10T,421112679,0.8567,True,VYLDA DM 100/10/500 TABLET 1x10T,421112888,0.8519,True,0.8612,0.8519,0.8566,3,True,False,3
770,ASOMEX-5 TAB 20X15,ASOMEX 5 MG TABLET 1x15T,424441737,ASOMEX,ASOMEX 5 MG TABLET,424440003,ASOMEX D 5 TABLET 1x15T,424440760,0.8508,True,ASOMEX D TABLET 1x15T,424440759,0.8421,True,ASOMEX LT TABLET 1X15T,424440761,0.8362,True,0.8508,0.8362,0.8430,3,True,False,3
771,ASOMEX-AT 2.5 TAB 10X15,ASOMEX AT 2.5 MG TABLET 1X15T,424441921,ASOMEX,ASOMEX AT 2.5 MG TABLET,420000021,ASOMEX - M  TABLETS 10X10 T,424441465,0.8327,True,ASOMEX AT 5 MG TABLET 1X15T,424441922,0.8237,True,ASOMEX - M 5 TABLETS 10X10 T,424441466,0.8188,True,0.8327,0.8188,0.8251,3,True,False,3
772,ASOMEX-D 2.5 TAB 10X15,ASOMEX D TABLET 1x15T,424440759,ASOMEX,ASOMEX D TABLET,424440007,ASOMEX - M  TABLETS 10X10 T,424441465,0.8426,True,ASOMEX - M 5 TABLETS 10X10 T,424441466,0.8296,True,ASOMEX D 5 TABLET 1x15T,424440760,0.8223,True,0.8426,0.8223,0.8315,3,True,False,3
773,OROFER XT SYR 1x15,OROFER XT SUSPENSION 150 ML,424440590,OROFER,OROFER XT-DHA 7 X 1 KIT,424440118,OROFER XT TABLET 1x15T,424442006,0.8255,True,OROFER XT TABLET 1X30 T,424441705,0.7979,True,OROFER XT-Z TABLETS 1X10 T,424440112,0.7708,True,0.8255,0.7708,0.7981,3,True,False,3
774,Emc OROFER XT DROPSNEW 1X15,OROFER XT DROPS,424441717,OROFER,OROFER XT TABLET 1x15T,424442006,ZEMCIFER - XT DROPS 15 ML,420500002,0.7087,False,EMILDAP M10/500 1X10T,421112860,0.7012,False,FERIUM XT DROPS 15 ML,424441719,0.6970,False,0.7087,0.6970,0.7023,0,False,False,3
775,EMCUREXENNEX GALACT GRANULES 400GM 1X40,GALACT GRANULES 400GM ELAICHI,421113094,GALACT,GALACT GRANULES,420000615,GALACT GRANULES 400 GM KESAR,421112875,0.8293,True,GALACT GRANULES 600GM ELAICHI,421113037,0.8229,True,GALACT GRANULES 400 GM CHOCOLATE,421112876,0.8123,True,0.8293,0.8123,0.8215,3,True,False,3
776,LASIX 40MG 11510,LASIX 40 MG TABLET 80x15T,421112913,LASIX,LASIX 40 MG/4ML INJECTION,421112912,ATOREC 40 MG TABLET,424441962,0.7744,False,PARIDEM IV 40MG,421112473,0.7694,False,URIFIX 40 TABLETS,423330809,0.7662,False,0.7744,0.7662,0.7700,0,False,False,3
777,FERIUM 1K INJ 1K PCS,FERIUM INJECTION 1K (1GM/20ML),421111885,FERIUM,FERIUM INJECTION 500MG,421110953,VINTOR 10000 IU INJ 1 PFS,422220120,0.7701,False,VINTOR 6000 IU INJ 1 PFS,422220118,0.7503,False,VINTOR 4000 IU INJ 1 PFS,422220108,0.7326,False,0.7701,0.7326,0.7510,0,False,False,3
778,PROXYM ER 300TAB 15T,PROXYM ER 200 TABLETS 15 T,424441863,PROXYM,PROXYM ER TABLET 1X15T,424441862,PROXYM 300 TABLETS,424440535,0.8141,True,PROXYM ER 200 TABLETS,424441015,0.8004,True,PROXYM ER  TABLETS,424441016,0.7829,True,0.8141,0.7829,0.7991,3,True,False,3
779,OROFER XT PLUSSUSPOROFER XT SYP 200ML,OROFER XT + SUSPENSION 200 ML,424441225,OROFER,OROFER XT SUSPENSION 150 ML,424440590,FERIUM XT + SUSPENSION 200 ML,424441727,0.7837,False,OROFER S 200 INJECTION 10 ML,421111388,0.7789,True,OROFER XT TABLET,424441704,0.7705,True,0.7837,0.7705,0.7777,2,False,False,3
780,ENCICARB 1 GM INJ \ net ra VAIL,ENCICARB INJECTION 100MG/2ML,422220078,ENCICARB,ENCICARB INJECTION 1K,422220233,ENCICARB INJECTION 750MG/15ML,421112707,0.8033,True,ENCICARB INJECTION 500MG/10ML,422220079,0.7771,True,BACTILEM  1.5 GM INJECTION,421111902,0.7577,False,0.8033,0.7577,0.7794,2,False,False,3
781,TEMSAN CT 40MG TABS 10S,TEMSAN CT 40/12.5 MG TABLET 10X10,424441139,TEMSAN,TEMSAN CT TABLETS,421111094,TEMSAN 40 MG TABLETS 10x15T,424441699,0.8798,True,TEMSAN 40 MG. TABLETS,424440933,0.8705,True,TEMSAN 20 MG TABLETS 10x15T,424441698,0.8501,True,0.8798,0.8501,0.8668,3,True,False,3
782,MATERNA HCG 10000 I.U 1s,MATERNA-HCG 10000 IU HP,491110367,MATERNA,MATERNA-HCG 2000 I.U.,491110275,MATERNA-HCG 5000 IU HP,491110366,0.8636,True,MATERNA r-FSH 1200 I.U.,421111034,0.8245,True,MATERNA HMG HP 300 IU/1ML PFS,421112532,0.8121,True,0.8636,0.8121,0.8334,3,True,False,3
783,PROXYM ER 300 TABS. 15s PCS,PROXYM ER 200 TABLETS 15 T,424441863,PROXYM,PROXYM ER TABLET 1X15T,424441862,PROXYM 300 TABLETS,424440535,0.8258,True,PROXYM ER 200 TABLETS,424441015,0.8212,True,PROXYM ER  TABLETS,424441016,0.7924,True,0.8258,0.7924,0.8131,3,True,False,3
784,AMARYL M1FORTE 10,AMARYL M FORTE 1MG TABLET 10x15T,421113132,AMARYL,AMARYL M 1MG TABLET 8x20T,421113130,AMARYL MV 1MG TABLET 10x15T,421113134,0.7265,True,AMARYL 1MG TABLET 10x30T,421113127,0.7228,True,AMARYL MV 2MG TABLET 10x15T,421113135,0.7208,True,0.7265,0.7208,0.7234,3,True,False,3
785,AMARYL M2FORTE 10,AMARYL M FORTE 2MG TABLET 10x15T,421113133,AMARYL,AMARYL M 2MG TABLET 8x20T,421113131,AMARYL MV 2MG TABLET 10x15T,421113135,0.7381,True,AMARYL MV 1MG TABLET 10x15T,421113134,0.7377,True,AMARYL M FORTE 1MG TABLET 10x15T,421113132,0.7359,True,0.7381,0.7359,0.7372,3,True,False,3
786,LASIX 40MG 10,LASIX 40 MG TABLET 80x15T,421112913,LASIX,LASIX 40 MG/4ML INJECTION,421112912,ATOREC 40 MG TABLET,424441962,0.7960,False,ATOREC 10 MG TABLET,424441079,0.7901,False,BLAXTIN 20 MG TABLET 10T,421112851,0.7874,False,0.7960,0.7874,0.7912,0,False,False,3
787,LASIX 40MG(SANOFI) 80X15,LASIX 40 MG TABLET 80x15T,421112913,LASIX,LASIX 40 MG/4ML INJECTION,421112912,SANOXABAN 2.5 MG TABLET 10x10T,421112930,0.8114,False,PANSALVE 40 MG TABLET 20X10,421110837,0.8102,False,SANOXABAN 5 MG TABLET 10x10T,421112931,0.8085,False,0.8114,0.8085,0.8100,0,False,False,3
788,ASOMEX 1.25mg TAB 15 sEMC449 15 s,ASOMEX 1.25 TABLETS 1X15T,424440754,ASOMEX,ASOMEX 1.25 MG TABLET,424440001,ASOMEX AT 2.5 MG TABLET 1X15T,424441921,0.8783,True,ASOMEX 2.5 MG TABLET 1X15T,424441736,0.8732,True,ASOMEX AT 5 MG TABLET 1X15T,424441922,0.8699,True,0.8783,0.8699,0.8738,3,True,False,3
789,ENCICARB 1K INJ 1 VIALEMC60 1 VIAL,ENCICARB INJECTION 100MG/2ML,422220078,ENCICARB,ENCICARB INJECTION 1K,422220233,EMSTAR 1 GM INJ 1 VIAL,421110944,0.8660,False,CITAFINE 1 GM INJ 1 VIAL,422220160,0.8617,False,PEMCURE 500 MG INJ 1 VIAL,421111011,0.8543,False,0.8660,0.8543,0.8607,0,False,False,3
790,ASOMEX 1.25MG TAB 1X15S,ASOMEX 1.25 TABLETS 1X15T,424440754,ASOMEX,ASOMEX 1.25 MG TABLET,424440001,ASOMEX AT 2.5 MG TABLET 1X15T,424441921,0.9163,True,ASOMEX 2.5 MG TABLET 1X15T,424441736,0.9085,True,ASOMEX AT 5 MG TABLET 1X15T,424441922,0.9059,True,0.9163,0.9059,0.9102,3,True,False,3
791,PROXYM ER 300MG TAB 15 S 1X15,PROXYM ER 200 TABLETS 15 T,424441863,PROXYM,PROXYM ER TABLET 1X15T,424441862,PROXYM ER 200 TABLETS,424441015,0.8227,True,PROXYM 300 TABLETS,424440535,0.8213,True,PROXYM ER  TABLETS,424441016,0.8198,True,0.8227,0.8198,0.8213,3,True,False,3
792,GALACT LACTATION GRANULES ELAICHI FLV 200G 1X200GM,GALACT GRANULE 200 GM ELAICHI,421112871,GALACT,GALACT PLUS LACTATION BAR 15x20GM,421112942,GALACT GRANULES 600GM ELAICHI,421113037,0.8950,True,GALACT GRANULES 400GM ELAICHI,421113094,0.8859,True,GALACT GRANULES 10GM ELAICHI,421112986,0.8751,True,0.8950,0.8751,0.8853,3,True,False,3
793,ENCICARB 1GM/20ML INJ 1X20ML,ENCICARB INJECTION 1K,422220233,ENCICARB,ENCICARB INJECTION 1K,422220233,ENCICARB INJECTION 100MG/2ML,422220078,0.8069,True,ENCICARB INJECTION 500MG/10ML,422220079,0.7996,True,ENCICARB INJECTION 750MG/15ML,421112707,0.7878,True,0.8069,0.7878,0.7981,3,True,False,3
794,XGRAST 300MCG INJ 1 PFS 1 PFS,XGRAST 300 MCG INJ 1 PFS,492220092,XGRAST,XGRAST  INJ 300 MCG/0.5 ML PFS,422220290,EMGRAST 300 MCG INJ 1 PFS,422220194,0.8450,False,PEGEX 6 MG INJ 1 PFS,422220252,0.7404,False,OSTERI INJECTION 750 MCG PFS,421111655,0.7366,False,0.8450,0.7366,0.7740,0,False,False,3
795,ASOMEX 1.25MG 1X15S,ASOMEX 1.25 TABLETS 1X15T,424440754,ASOMEX,ASOMEX 1.25 MG TABLET,424440001,ASOMEX AT 2.5 MG TABLET 1X15T,424441921,0.9042,True,ASOMEX AT 5 MG TABLET 1X15T,424441922,0.8998,True,ASOMEX 2.5 MG TABLET 1X15T,424441736,0.8888,True,0.9042,0.8888,0.8976,3,True,False,3
796,OROFER FCM ING 50 1VIL,OROFER FCM  INJECTION 500MG/10ML,421111114,OROFER,OROFER FCM  INJECTION 1K,421111805,OROFER FCM INJECTION 750MG/15ML,421112705,0.7758,True,HOSIT FCM INJECTION 1K,421112615,0.7624,False,FCMO INJECTION 1k/20ML,421112711,0.7263,False,0.7758,0.7263,0.7548,1,False,False,3
797,TEMSAN H 15 15 S,TEMSAN H TABLETS 1X15 T,424441191,TEMSAN,TEMSAN 80 H TABLETS 1X15T,424441192,TEMSAN - AM TABLETS 1X15T,424441539,0.7890,True,TEMSAN AM-5 TABLETS 1X15 T,421111794,0.7796,True,TEMSAN H TABLETS,424440638,0.7763,True,0.7890,0.7763,0.7816,3,True,False,3
798,SNUMLO 5 Mg 20BOX 15*2tab,S-NUMLO 5 MG TABLET 1x15 T,424441204,S-NUMLO,S-NUMLO 5 MG TABLET,424440012,S-NUMLO 2.5 MG TABLET 1x15 T,424441203,0.8623,True,S-NUMLO 2.5 MG TABLET,424440011,0.8275,True,NUMLO TABLET 2.5 MG,420000458,0.8192,False,0.8623,0.8192,0.8363,2,False,False,3
799,"FERIUM XT.TAB. 15""S",FERIUM XT TABLET 10x15T,424441955,FERIUM,FERIUM XT TABLET,424441702,MEZTEC 1.2 GM TAB,423331142,0.7633,False,EMLINZ M 2.5/1000 TAB 1X10T,429991542,0.7611,False,ACEGABA NT 200 TABLET 1x15T,421112686,0.7557,False,0.7633,0.7557,0.7600,0,False,False,3
800,"ASOMEX D-2.5 TABS. 15""S",ASOMEX D TABLET 1x15T,424440759,ASOMEX,ASOMEX D TABLET,424440007,ASOMEX 2.5 MG TABLET 1X15T,424441736,0.8340,True,ASOMEX AT 2.5 MG TABLET 1X15T,424441921,0.8326,True,ASOMEX 2.5 MG TABLET 1x30T,424440094,0.8142,True,0.8340,0.8142,0.8269,3,True,False,3
801,"ASOMEX-LT-2.5MG TABS 15""S",ASOMEX LT TABLET 1X15T,424440761,ASOMEX,ASOMEX LT 2.5 MG TABLET,424440489,ASOMEX AT 2.5 MG TABLET 1X15T,424441921,0.8916,True,ASOMEX 2.5 MG TABLET 1X15T,424441736,0.8822,True,ASOMEX AT 5 MG TABLET 1X15T,424441922,0.8669,True,0.8916,0.8669,0.8802,3,True,False,3
802,"NUMLO -D TAB. 15""S",NUMLO-D TABLET 1X15 T,424441202,NUMLO,NUMLO-D TABLET,421110384,NUMLO-AT TABLET 1X15 T,424441936,0.8281,True,NUMLO-D 5 TABLET 1x15 T,424441201,0.8143,True,NUMLO-D 5 TABLET,424440017,0.7979,True,0.8281,0.7979,0.8134,3,True,False,3
803,"S-NUMLO 2.5MG 15""S",S-NUMLO 2.5 MG TABLET 1x15 T,424441203,S-NUMLO,S-NUMLO 2.5 MG TABLET,424440011,S-NUMLO 5 MG TABLET 1x15 T,424441204,0.8967,True,S-NUMLO 5 MG TABLET,424440012,0.8858,True,S-NUMLO 1.25 MG TABLET,424440010,0.8825,True,0.8967,0.8825,0.8883,3,True,False,3
804,"S-NUMLO 5MG 15""S",S-NUMLO 5 MG TABLET 1x15 T,424441204,S-NUMLO,S-NUMLO 5 MG TABLET,424440012,S-NUMLO 2.5 MG TABLET 1x15 T,424441203,0.8985,True,S-NUMLO 2.5 MG TABLET,424440011,0.8780,True,S-NUMLO 1.25 MG TABLET,424440010,0.8706,True,0.8985,0.8706,0.8824,3,True,False,3
805,"ASOMEX - TM 5 15""S",ASOMEX - TM 5 TABLETS 1X15T,421111383,ASOMEX,ASOMEX - TM 5 TABLETS,421110576,ASOMEX D 5 TABLET 1x15T,424440760,0.7920,True,ASOMEX LT TABLET 1X15T,424440761,0.7824,True,ASOMEX D TABLET 1x15T,424440759,0.7814,True,0.7920,0.7814,0.7853,3,True,False,3
806,"ASOMEX AT- 5 15""S",ASOMEX AT 5 MG TABLET 1X15T,424441922,ASOMEX,ASOMEX AT 5 MG TABLET,424440006,ASOMEX AT 2.5 MG TABLET 1X15T,424441921,0.7874,True,ASOMEX 1.25 TABLETS 1X15T,424440754,0.7684,True,ASOMEX D 5 TABLET 1x15T,424440760,0.7636,True,0.7874,0.7636,0.7731,3,True,False,3
807,"EMLEVO -500 15""S",EMLEVO 500 TABLET 1 X 15 T,421113002,EMLEVO,EMLEVO 500 TABLET,421112031,EMLEVO 1000 TABLET,421112029,0.7436,True,EMSITA M 50/500 1X10T,421112586,0.7384,False,EMLEVO - XR 500 TABLET,421112028,0.7355,True,0.7436,0.7355,0.7392,2,False,False,3
808,EPITRIL 0.50 1X10TAB PCS,EPITRIL 0.5 MG TABLET,424441024,EPITRIL,EPITRIL 1 MG TABLET,424441025,EPITRIL MD 0.5 MG TABLET 10X10T,421111787,0.8275,True,EPITRIL MD 0.25 MG TABLET 10X10T,421111786,0.8205,True,EPITRIL MD 1 MG TABLET 10X10T,421111788,0.8152,True,0.8275,0.8152,0.8211,3,True,False,3
809,ASOMEX 2.5 MG 1X15AB Pcs,ASOMEX 2.5 MG TABLET 1X15T,424441736,ASOMEX,ASOMEX 2.5 MG TABLET,424440002,ASOMEX AT 2.5 MG TABLET 1X15T,424441921,0.9058,True,ASOMEX AT 5 MG TABLET 1X15T,424441922,0.8881,True,ASOMEX AT 2.5 MG TABLET,420000021,0.8770,True,0.9058,0.8770,0.8903,3,True,False,3
810,OROFER XT SUSP 1X200ML Pcs,OROFER XT + SUSPENSION 200 ML,424441225,OROFER,OROFER XT DROPS,424441717,OROFER XT TABLET 1X30 T,424441705,0.7816,True,OROFER XT TABLET 1x15T,424442006,0.7735,True,OROFER XT TABLET,424441704,0.7508,True,0.7816,0.7508,0.7686,3,True,False,3
811,OSTERI INJ NEEDLED 30S,OSTERI INJECTION NEEDLES,421111705,OSTERI,OSTERI INJECTION 750 MCG PFS,421111655,GROS 30 INJ 1 VIAL,422220280,0.7344,False,NEVIR ER TBALET 1 X 30,424441482,0.7144,False,NORMET R 30 SACHET,420000793,0.7093,False,0.7344,0.7093,0.7194,0,False,False,3
812,OSTERI INJ 600MG PEN,OSTERI INJ.600MCG /2.4MLPEN DEVICE,421112507,OSTERI,OSTERI INJECTION 750 MCG PFS,421111655,AUGPEN I.V. 600 MG INJECTION,423331091,0.7616,False,EXHEP PEN CARTRIDGE 300MG/3ML,421112829,0.7499,False,EMSTAR 500 MG INJ 1 VIAL,421110943,0.7446,False,0.7616,0.7446,0.7520,0,False,False,3
813,FERIUM 1K 20ML 1 S,FERIUM INJECTION 1K (1GM/20ML),421111885,FERIUM,FERIUM SYRUP 150 ML,424440123,FERRIC CARBOXYMALTOSE INJ 1G/20ML,420007076,0.8061,False,FERINJECT 1000mg/20 mL VIAL,420430002,0.7867,False,FERIUM INJECTION 750MG/15ML,421112706,0.7830,True,0.8061,0.7830,0.7919,1,False,False,3
814,GALACT LACTATION GRANULES CHOCO FLV 600G 600G,GALACT GRANULES 600GM CHOCOLATE,421113039,GALACT,GALACT PLUS LACTATION BAR 15x20GM,421112942,GALACT GRANULES 600GM ELAICHI,421113037,0.8949,True,GALACT GRANULES 400GM ELAICHI,421113094,0.8493,True,GALACT GRANULES 400 GM CHOCOLATE,421112876,0.8445,True,0.8949,0.8445,0.8629,3,True,False,3
815,GALACT LACTATION GRANULES CHOCOLATE FLAV 400G 400G,GALACT GRANULES 400 GM CHOCOLATE,421112876,GALACT,GALACT PLUS LACTATION BAR 15x20GM,421112942,GALACT GRANULES 600GM CHOCOLATE,421113039,0.8697,True,GALACT GRANULES 400GM ELAICHI,421113094,0.8621,True,GALACT GRANULES CHOCOLATE,421112647,0.8370,True,0.8697,0.8370,0.8563,3,True,False,3
816,GALACT LACTATION GRANULES ELAICHI FLAV 400G 400G,GALACT GRANULES 400GM ELAICHI,421113094,GALACT,GALACT PLUS LACTATION BAR 15x20GM,421112942,GALACT GRANULES 600GM ELAICHI,421113037,0.8949,True,GALACT GRANULES 10GM ELAICHI,421112986,0.8643,True,GALACT GRANULE 200 GM ELAICHI,421112871,0.8481,True,0.8949,0.8481,0.8691,3,True,False,3
817,GALACT LACTATION GRANULES ELAICHI FLV 600G 600G,GALACT GRANULES 600GM ELAICHI,421113037,GALACT,GALACT PLUS LACTATION BAR 15x20GM,421112942,GALACT GRANULES 400GM ELAICHI,421113094,0.8952,True,GALACT GRANULES 10GM ELAICHI,421112986,0.8660,True,GALACT GRANULE 200 GM ELAICHI,421112871,0.8602,True,0.8952,0.8602,0.8738,3,True,False,3
818,GALACT LACTATION GRANULES KESAR FLV 400G 400G,GALACT GRANULES 400 GM KESAR,421112875,GALACT,GALACT PLUS LACTATION BAR 15x20GM,421112942,GALACT GRANULES KESAR,421112646,0.8881,True,GALACT GRANULES 400GM ELAICHI,421113094,0.8593,True,GALACT GRANULES 600GM ELAICHI,421113037,0.8172,True,0.8881,0.8172,0.8549,3,True,False,3
819,GALACT PLUS S/F CHOCO HAZELNUT FLV POWDER 400G JAR 400 GM,GALACT PLUS NUTRITION POWDER 400GM CHOCO,421113062,GALACT,GALACT GRANULES 400 GM KESAR,421112875,GALACT PLUS NUTRITION POWDER 200GM,421113114,0.8344,True,GALACT GRANULES 400 GM CHOCOLATE,421112876,0.8195,True,ARTH HIGH PROTEIN POWDER 400GM CHOCO HAZ,421113115,0.7943,False,0.8344,0.7943,0.8161,2,False,False,3
820,CARDACE 5X10X15 10 10,CARDACE 5 MG TABLET 10x15T,421112893,CARDACE,CARDACE 10 MG TABLET 10x15T,421112891,CARDACE H 5 TABLET 10x15T,421112899,0.8244,True,CARDACE AM 5 TABLET 10x15T,421112896,0.8228,True,CARDACE H 2.5 TABLET 10x15T,421112898,0.8226,True,0.8244,0.8226,0.8233,3,True,False,3
821,CARDACE 2.5X10X15 10 10,CARDACE 2.5 MG TABLET 10x15T,421112892,CARDACE,CARDACE 10 MG TABLET 10x15T,421112891,CARDACE H 2.5 TABLET 10x15T,421112898,0.8331,True,CARDACE AM 2.5 TABLET 10x15T,421112895,0.8269,True,CARDACE 5 MG TABLET 10x15T,421112893,0.8173,True,0.8331,0.8173,0.8258,3,True,False,3
822,CORDARONE 100X20X15 20 20,CORDARONE X 200 MG TABLET 10x15T,421112910,CORDARONE,CORDARONE 100 MG TABLET 20x15T,421112908,LEMCURE SACHET 20X5G,421112478,0.7716,False,LOPRESOR 100 10X10 T,420120021,0.7570,False,LOPRESOR 50 10X10 T,420120022,0.7345,False,0.7716,0.7345,0.7544,0,False,False,3
823,CORDARONE TAB 200MG 15 S,CORDARONE X 200 MG TABLET 10x15T,421112910,CORDARONE,CORDARONE 100 MG TABLET 20x15T,421112908,TIMCIN 200 MG TABLET,420000628,0.8067,False,EFCURE 200 MG TABLET 30s,424441076,0.8031,False,CORDARONE 150 MG/3ML INJECTION,421112909,0.7999,True,0.8067,0.7999,0.8032,1,False,False,3
824,GALACT GRANULES-400 GM 400 GM,GALACT GRANULES 400GM ELAICHI,421113094,GALACT,GALACT GRANULES 400 GM CHOCOLATE,421112876,GALACT GRANULES 400 GM KESAR,421112875,0.8830,True,GALACT GRANULES,420000615,0.8744,True,GALACT GRANULES 600GM ELAICHI,421113037,0.8579,True,0.8830,0.8579,0.8718,3,True,False,3
825,GALACT GRANULES 400GM CH,GALACT GRANULES 600GM CHOCOLATE,421113039,GALACT,GALACT GRANULES 400GM ELAICHI,421113094,GALACT GRANULES 400 GM KESAR,421112875,0.9083,True,GALACT GRANULES,420000615,0.8889,True,GALACT GRANULES 400 GM CHOCOLATE,421112876,0.8843,True,0.9083,0.8843,0.8938,3,True,False,3
826,GALOP PLUS 5X1X10 1*10,GALOP PLUS-5 TABLETS,421111957,GALOP,GALOP PLUS-10 TABLETS,421111958,APRUV-2.5 4X5X10 T,420000013,0.7690,False,APRUV-5 4X5X10 T,420000014,0.7624,False,APRUV - LT  3X2X10 T,421110502,0.7525,False,0.7690,0.7525,0.7613,0,False,False,3
827,FERIUM 1K ING 1X1,FERIUM INJECTION 1K (1GM/20ML),421111885,FERIUM,FERIUM INJECTION 500MG,421110953,FERIUM XT - Z TABLETS 1X10 T,424440134,0.7445,True,FERIUM XT DHA 7X1 KIT,424440135,0.7437,True,LANCURE I.V. 1X300 ML,421110934,0.7349,False,0.7445,0.7349,0.7410,2,False,False,3
828,CARDACE 2.515TAB,CARDACE 2.5 MG TABLET 10x15T,421112892,CARDACE,CARDACE 1.25 MG TABLET 10x15T,421112890,CARDACE METO 2.5 TABLET 10x10T,421112900,0.7448,True,CARDACE H 2.5 TABLET 10x15T,421112898,0.7429,True,CARDACE AM 2.5 TABLET 10x15T,421112895,0.7352,True,0.7448,0.7352,0.7410,3,True,False,3
829,OROFER FCM INJ 1VIAL PCS,OROFER FCM  INJECTION 500MG/10ML,421111114,OROFER,OROFER FCM  INJECTION 1K,421111805,OROFER FCM INJECTION 750MG/15ML,421112705,0.7803,True,HOSIT FCM INJECTION 1K,421112615,0.7507,False,EMGRAST 300 MCG INJ 1 PFS,422220194,0.6945,False,0.7803,0.6945,0.7418,1,False,False,3
830,FERIUM 1K 10ML 10ML,FERIUM INJECTION 1K (1GM/20ML),421111885,FERIUM,FERIUM CHEWABLE TABLETS 10X10 T,420000222,FERIUM SYRUP 150 ML,424440123,0.8043,True,FERINJECT 1000mg/20 mL VIAL,420430002,0.7725,False,FERIUM DROPS 15 ML,421110068,0.7688,True,0.8043,0.7688,0.7819,2,False,False,3
831,ASOMEX - TM STA 3 10S,ASOMEX - TM 5 TABLETS,421110576,ASOMEX,ASOMEX - TM TABLETS,421110575,ASOMEX - M  TABLETS 10X10 T,424441465,0.7445,True,ESLORIL 3X10 T,420030059,0.7314,False,ASOMEX - M 5 TABLETS 10X10 T,424441466,0.7162,True,0.7445,0.7162,0.7307,2,False,False,3
832,UREADERM MOIST CREAM 20 1X100GM,UREADERM MOISTURIZING CREAM 20% 100GM,421113046,UREADERM,UREADERM MOISTURIZING CREAM 10% 100GM,421113045,LUZARN LOTION 1 X 20 ML,429991253,0.8107,False,LUZARN CREAM 1X20 GM,421111943,0.8067,False,LUZARN CREAM 1X30 GM,421112520,0.8055,False,0.8107,0.8055,0.8076,0,False,False,3
833,PAUSE 500 VAIL,PAUSE INJECTION,424441951,PAUSE,PAUSE TABLET 500 MG,424441657,PAUSE-SR TABLETS,491110123,0.7300,True,PAUSE 1000 MG INJECTION,424442022,0.7200,True,PAUSE 250 MG TABLET,421111103,0.7189,True,0.7300,0.7189,0.7230,3,True,False,3
834,H)CARDACE 1.25mg Tab 15S,CARDACE 1.25 MG TABLET 10x15T,421112890,CARDACE,CARDACE H 2.5 TABLET 10x15T,421112898,CARDACE 2.5 MG TABLET 10x15T,421112892,0.8335,True,CARDACE 5 MG TABLET 10x15T,421112893,0.8293,True,CARDACE 10 MG TABLET 10x15T,421112891,0.8142,True,0.8335,0.8142,0.8257,3,True,False,3
835,H)CARDACE 2.5MG 15S,CARDACE 2.5 MG TABLET 10x15T,421112892,CARDACE,CARDACE H 2.5 TABLET 10x15T,421112898,CARDACE 1.25 MG TABLET 10x15T,421112890,0.8214,True,CARDACE 5 MG TABLET 10x15T,421112893,0.8103,True,CARDACE 10 MG TABLET 10x15T,421112891,0.7820,True,0.8214,0.7820,0.8046,3,True,False,3
836,H)CARDACE 5MG 15S,CARDACE 5 MG TABLET 10x15T,421112893,CARDACE,CARDACE H 5 TABLET 10x15T,421112899,CARDACE 1.25 MG TABLET 10x15T,421112890,0.8160,True,CARDACE 2.5 MG TABLET 10x15T,421112892,0.8154,True,CARDACE 10 MG TABLET 10x15T,421112891,0.7913,True,0.8160,0.7913,0.8076,3,True,False,3
837,ASOMEX LT 2.5+50 TAB 15S,ASOMEX LT TABLET 1X15T,424440761,ASOMEX,ASOMEX LT 2.5 MG TABLET,424440489,ASOMEX R TABLET,421110889,0.8010,True,ASOMEX AT 2.5 MG TABLET 1X15T,424441921,0.7939,True,ASOMEX AT 5 MG TABLET 1X15T,424441922,0.7829,True,0.8010,0.7829,0.7926,3,True,False,3
838,ASOMEX LT 2.5+50 TAB 15S,ASOMEX LT TABLET 1X15T,424440761,ASOMEX,ASOMEX LT 2.5 MG TABLET,424440489,ASOMEX R TABLET,421110889,0.8010,True,ASOMEX AT 2.5 MG TABLET 1X15T,424441921,0.7939,True,ASOMEX AT 5 MG TABLET 1X15T,424441922,0.7829,True,0.8010,0.7829,0.7926,3,True,False,3
839,EMANZEN 10T,EMANZEN D TABLET,424440056,EMANZEN,EMANZEN N CAPSULES 10,420000468,EMANZEN AP TABLET 10x10T,421113182,0.7888,True,EMLINZ M5/1000 TABLET 10x10T,421112828,0.7559,False,EMANZEN TBR-DS TABLETS 1X10 T,421112229,0.7380,True,0.7888,0.7380,0.7609,2,False,False,3
840,CARDACE H 1015 S 15 TAB,CARDACE H 10 TABLET 10x15T,421112897,CARDACE,CARDACE H 5 TABLET 10x15T,421112899,CARDACE H 2.5 TABLET 10x15T,421112898,0.8088,True,CARDACE 1.25 MG TABLET 10x15T,421112890,0.8031,True,CARDACE 10 MG TABLET 10x15T,421112891,0.7991,True,0.8088,0.7991,0.8037,3,True,False,3
841,NUCORIL-5MG TAB 30TAB,NUCORIL - 5 TABLETS 1X30 T,424440492,NUCORIL,NUCORIL 5 MG TAB 20,424440893,NUCORIL - 5 TABLETS 1X10 T,424441444,0.8175,True,VINCORT TABLET 30 MG,422220027,0.8056,False,NUCORIL OD TABLET,424440669,0.8019,True,0.8175,0.8019,0.8083,2,False,False,3
842,ROSUVAS-EZ 10 TAB 110S 27553 10S,ROSUVAS EZ 20 MG TABLET 1x10T,421112688,ROSUVAS EZ,ROSUVAS EZ-10 TABLETS,424441190,ROSUVAS EZ 40 TABLET 1x10T,421112724,0.8117,True,EMLINZ M 2.5/1000 TAB 1X10T,429991542,0.7779,False,CONSIVAS EZ 10 TABLET 1x10T,424441940,0.7732,False,0.8117,0.7732,0.7876,1,False,False,3
843,TEMSAN-80 CT TAB 10X10S 1259891 10S,TEMSAN CT 40/12.5 MG TABLET 10X10,424441139,TEMSAN,TEMSAN 80 CT TABLETS,424441140,TEMSAN LN TABLET 10x15T,421112933,0.8210,True,TEMSAN BS 5/40 TABLET 10x10T,421112703,0.8169,True,TEMSAN BS 2.5/40 TABLET 10x10T,421112702,0.8152,True,0.8210,0.8152,0.8177,3,True,False,3
844,ASOMEX-5mg TABS 15S 15S 15S1259865 15S,ASOMEX 1.25 TABLETS 1X15T,424440754,ASOMEX,ASOMEX 5 MG TABLET 1x15T,424441737,ASOMEX AT 5 MG TABLET 1X15T,424441922,0.8591,True,ASOMEX AT 2.5 MG TABLET 1X15T,424441921,0.8496,True,ASOMEX - TM 5 TABLETS 1X15T,421111383,0.8308,True,0.8591,0.8308,0.8465,3,True,False,3
845,ASOMEX-TM TABS 15S 10X1 15S 1259875 15S,ASOMEX - TM TABLETS 1X15T,424441530,ASOMEX,ASOMEX - TM TABLETS,421110575,ASOMEX - TM 5 TABLETS 1X15T,421111383,0.8123,True,ASOMEX 1.25 TABLETS 1X15T,424440754,0.8030,True,NUMLO-TM TABLETS 1X15 T,421112129,0.7875,False,0.8123,0.7875,0.8009,2,False,False,3
846,SYLATE-T 500mg TAB 10S 1260229 10S,SYLATE T 500 TABLET,421110143,SYLATE,SYLATE TABLET 500 MG,424441083,SYLATE M TABLET 500 MG,421110142,0.8413,True,SYLATE T TABLET,420000603,0.8208,True,CELLCEPT 500MG TABLET 10T,420008971,0.8101,False,0.8413,0.8101,0.8241,2,False,False,3
847,NUMLO-TM 5 TAB 115 S (1061708) 15 S,NUMLO-TM 5 TABLETS 1X15 T,421112128,NUMLO,NUMLO-TM 5 TABLETS,421110630,NUMLO-TM TABLETS,421111349,0.7974,True,NUMLO-AT TABLET 1X15 T,424441936,0.7943,True,NUMLO-AT TABLET,424440015,0.7833,True,0.7974,0.7833,0.7917,3,True,False,3
848,PROXYM-ER 300 TAB 1X15 STR,PROXYM ER 200 TABLETS 15 T,424441863,PROXYM,PROXYM ER TABLET 1X15T,424441862,PROXYM XT TABLET 1X15T,424441838,0.8230,True,PROXYM 300 TABLETS,424440535,0.8020,True,PROXYM TH8 TABLET 1x10T,424441957,0.7936,True,0.8230,0.7936,0.8062,3,True,False,3
849,FERIUM XT + SUSP 200ML SYR,FERIUM XT + SUSPENSION 200 ML,424441727,FERIUM,FERIUM XT DHA 7X1 KIT,424440135,FERIUM XT DROPS 15 ML,424441719,0.7460,True,FERIUM XT SUSPENSION,424440591,0.7458,True,FERIUM INJECTION 1K (1GM/20ML),421111885,0.7295,True,0.7460,0.7295,0.7404,3,True,False,3
850,FERIUM XT + SUSP 200ML SYR,FERIUM XT + SUSPENSION 200 ML,424441727,FERIUM,FERIUM XT DHA 7X1 KIT,424440135,FERIUM XT DROPS 15 ML,424441719,0.7460,True,FERIUM XT SUSPENSION,424440591,0.7458,True,FERIUM INJECTION 1K (1GM/20ML),421111885,0.7295,True,0.7460,0.7295,0.7404,3,True,False,3
851,LASIX 40 MG 80X15 STR,LASIX 40 MG TABLET 80x15T,421112913,LASIX,LASIX 40 MG/4ML INJECTION,421112912,TEMSAN 40 MG TABLETS 10x15T,424441699,0.7928,False,TEMSAN 80 MG TABLETS 10x15T,424441700,0.7916,False,PANSALVE 40 MG TABLET 20X10,421110837,0.7868,False,0.7928,0.7868,0.7904,0,False,False,3
852,INBEC TABLET NEW MRP STRIPS,INBEC CAPSULES,491110002,INBEC,INBEC TABLETS 1X30T,424441764,INBEC TABLETS 1X90T,424441554,0.7963,True,INFEN MR TABLETS,424440771,0.7781,False,MAHANAC MR TABLETS,423331405,0.7706,False,0.7963,0.7706,0.7817,1,False,False,3
853,MESALACURE TABLET 1.2GM NEW MRP Pcs.,MESALACURE TABLET  1.2GM,,,MESALACURE TABLET  1.2GM,424440981,ATEREMCURE 25 TABLET 1x15T,421112704,0.7876,False,SEMI XILIA MP 1 TABLETS,421111085,0.7850,False,FM ACTIVE TABLETS 1 X 15 T,421113004,0.7830,False,0.7876,0.7830,0.7852,0,False,False,3
854,VONADAY 600/300/30 30TAB,VONADAY 600/300/300 MG TABLET 30s,,,VONADAY 600/300/300 MG TABLET 30s,424440875,VONAVIR 600/200/300 MG TABLET 30s,424440821,0.7130,False,VONARIL SYRUP 1X30 ML,421111791,0.6840,False,A BEC 300 MG TABLET 30s,424440872,0.6822,False,0.7130,0.6822,0.6931,0,False,False,3
855,DAPAGZA M 10/10 10S,DAPAGZA M10/1000 1X10T,421112563,DAPAGZA,DAPAGZA M 10/ 500 1X10T,421112847,DAPAGZA M 5/1000 1X10T,421112564,0.8559,True,DAPAGZA L 10/5 TABLET 10x10T,421112809,0.7386,True,DAPAGZA 10 TABLET 1X15T,421112845,0.6936,True,0.8559,0.6936,0.7627,3,True,False,3
856,OROFER XT 200M 200,OROFER XT + SUSPENSION 200 ML,424441225,OROFER,OROFER XT TABLET,424441704,OROFER XT SUSPENSION 150 ML,424440590,0.8098,True,OROFER XT TOTAL TABLET,424441708,0.7898,True,OROFER XT DROPS,424441717,0.7894,True,0.8098,0.7894,0.7963,3,True,False,3
857,SYLATE T-500MG,SYLATE T 500 TABLET,421110143,SYLATE,SYLATE TABLET 500 MG,424441083,SYLATE M TABLET 500 MG,421110142,0.9156,True,SYLATE T TABLET,420000603,0.8568,True,SYLATE TABLETS 250 MG 10,424441082,0.8237,True,0.9156,0.8237,0.8654,3,True,False,3
858,PROXYM ER300 TAB,PROXYM ER 200 TABLETS,424441015,PROXYM,PROXYM ER  TABLETS,424441016,PROXYM ER 200 TABLETS 15 T,424441863,0.8276,True,PROXYM 300 TABLETS,424440535,0.8169,True,PROXYM 200 TABLET,424440534,0.8105,True,0.8276,0.8105,0.8183,3,True,False,3
859,FLAWLIZO MICRO 0.01 TUB 15 GM,FLAWLIZO MICRO 0.1% GEL 15GM TUBE PACK,421113050,FLAWLIZO,FLAWLIZO MICRO 0.04% GEL 15GM TUBE PACK,421113049,FLAWLIZO MICRO 0.1% GEL 15GM PUMP PACK,421113083,0.8309,True,FLAWLIZO MICRO 0.04% GEL 15GM PUMP PACK,421113085,0.8273,True,FLAWLIZO 0.025% CREAM 20GM,421113048,0.7524,True,0.8309,0.7524,0.8035,3,True,False,3
861,OSTERI INJ.600MCG PENNET30 1 UNIT,OSTERI INJ.600MCG /2.4MLPEN DEVICE,421112507,OSTERI,OSTERI INJECTION 750 MCG PFS,421111655,VINTOR 6000 IU INJ 1 PFS,422220118,0.7398,False,VINTOR 10000 IU INJ 1 PFS,422220120,0.7318,False,VINTOR 4000 IU INJ 1 PFS,422220108,0.7280,False,0.7398,0.7280,0.7332,0,False,False,3
862,TEMSAN 80 MG TABLETS10X15T-15 T,TEMSAN 80 MG TABLETS 10x15T,424441700,TEMSAN,TEMSAN 80 MG. TABLETS,424440934,TEMSAN 80 H TABLETS 1X15T,424441192,0.9579,True,TEMSAN 20 MG TABLETS 10x15T,424441698,0.9468,True,TEMSAN 40 MG TABLETS 10x15T,424441699,0.9394,True,0.9579,0.9394,0.9480,3,True,False,3
863,VYLDA OD 10 TAB,VYLDA OD 50 TABLET 1X15T,421112490,VYLDA,VYLDA OD 100 TABLETS,421112452,VYLDA TABLET,424442008,0.8341,True,VYLDA DM 100/10/1000 TABLET 1x10T,421112889,0.8054,True,VYLDA DM 100/10/500 TABLET 1x10T,421112888,0.8030,True,0.8341,0.8030,0.8142,3,True,False,3
864,LOBACOR 510T 10T,LOBACOR 5 TABLET,421112056,LOBACOR,LOBACOR 10 TABLET,421112055,LOPRESOR 50 10X10 T,420120022,0.7806,False,LOPRESOR 100 10X10 T,420120021,0.7759,False,VOVERAN D 10X10 T,420120041,0.7179,False,0.7806,0.7179,0.7581,0,False,False,3
865,ROSUVAS EZ 20 TAB-10STAB,ROSUVAS EZ 20 MG TABLET 1x10T,421112688,ROSUVAS EZ,ROSUVAS EZ-10 TABLETS,424441190,SIMSTAT 20 MG TAB 10,420000362,0.8078,False,SIMSTAT 10 MG TAB 10,421110138,0.7900,False,SIMSTAT 5 MG TAB 10,420000363,0.7780,False,0.8078,0.7780,0.7919,0,False,False,3
866,ROSUVAS EZ 40 TAB-10STAB,ROSUVAS EZ 40 TABLET 1x10T,421112724,ROSUVAS EZ,ROSUVAS EZ-10 TABLETS,424441190,ROSUVAS EZ 20 MG TABLET 1x10T,421112688,0.8167,True,SIMSTAT 10 MG TAB 10,421110138,0.7832,False,SIMSTAT 20 MG TAB 10,420000362,0.7801,False,0.8167,0.7801,0.7933,1,False,False,3
867,FERIUM CHEWABLE TABLET10-10 T,FERIUM CHEWABLE TABLETS 10X10 T,420000222,FERIUM,FERIUM 50 CHEWABLE TABLET 10,421110066,FERIUM CHEWABLE 100 MG TAB 10X10 T,424440048,0.9096,True,FERIUM XT - Z TABLETS 1X10 T,424440134,0.8294,True,FERIUM XT TABLET 10x15T,424441955,0.8186,True,0.9096,0.8186,0.8525,3,True,False,3
868,GALACT GRANULES 400GMELAICHI XENNEX-1X400 GM,GALACT GRANULES 400GM ELAICHI,421113094,GALACT,GALACT GRANULES 400 GM KESAR,421112875,GALACT GRANULES 600GM ELAICHI,421113037,0.8620,True,GALACT GRANULES,420000615,0.8611,True,GALACT GRANULES 400 GM CHOCOLATE,421112876,0.8579,True,0.8620,0.8579,0.8603,3,True,False,3
869,CELOL.D3.PLUS.TAB 10X10,CELOL D3 + TABLETS,424441917,CELOL,CELOL - D 3 CAPSULES,421111003,EMLINZ DM TABLET 10x10T,421112935,0.7773,False,EMANZEN AP TABLET 10x10T,421113182,0.7752,False,ARTH TABLET 10X10 T,420000531,0.7739,False,0.7773,0.7739,0.7755,0,False,False,3
870,FERIUM XT TAB 5X15,FERIUM XT TABLET 10x15T,424441955,FERIUM,FERIUM XT TABLET,424441702,ASOMEX LT TABLET 1X15T,424440761,0.7932,False,PROXYM XT TABLET 1X15T,424441838,0.7904,False,ATEREMCURE 25 TABLET 1x15T,421112704,0.7874,False,0.7932,0.7874,0.7903,0,False,False,3
871,PROXYM.ER.300 TAB 15TAB,PROXYM ER 200 TABLETS 15 T,424441863,PROXYM,PROXYM ER TABLET 1X15T,424441862,PROXYM 300 TABLETS,424440535,0.8040,True,PROXYM ER 200 TABLETS,424441015,0.7772,True,PROXYM 200 TABLET,424440534,0.7753,True,0.8040,0.7753,0.7855,3,True,False,3
872,ASOMEX.AT.5TAB 10X15,ASOMEX AT 5 MG TABLET 1X15T,424441922,ASOMEX,ASOMEX AT 5 MG TABLET,424440006,ASOMEX - M  TABLETS 10X10 T,424441465,0.7953,True,ASOMEX AT 2.5 MG TABLET 1X15T,424441921,0.7945,True,ESLO -AT TABLETS 5X2X15 T,427770143,0.7923,False,0.7953,0.7923,0.7940,2,False,False,3
873,AMARYL.M.2MG.TAB 1*20,AMARYL 2MG TABLET 15x30T,421113128,AMARYL,AMARYL M 2MG TABLET 8x20T,421113131,AMARYL M 1MG TABLET 8x20T,421113130,0.8183,True,AMARYL 1MG TABLET 10x30T,421113127,0.8092,True,AMARYL MV 2MG TABLET 10x15T,421113135,0.8053,True,0.8183,0.8053,0.8109,3,True,False,3
874,TEMSAN CT40/6.25,TEMSAN CT-6.25 TABLETS,421111887,TEMSAN,TEMSAN CT 40/12.5 MG TABLET 10X10,424441139,TEMSAN - 40 CV TABLETS,421110678,0.7756,True,TEMSAN BS 2.5/40 TABLET 10x10T,421112702,0.7631,True,TEMSAN BS 5/40 TABLET 10x10T,421112703,0.7616,True,0.7756,0.7616,0.7668,3,True,False,3
875,OROFER XT-SUSP 200ML,OROFER XT + SUSPENSION 200 ML,424441225,OROFER,OROFER XT DROPS,424441717,OROFER XT SUSPENSION 150 ML,424440590,0.8360,True,OROFER S 200 INJECTION 10 ML,421111388,0.8286,True,OROFER SYRUP 150 ML,424441435,0.8045,True,0.8360,0.8045,0.8230,3,True,False,3
876,S NUMLO 5 TAB 1152,S-NUMLO 5 MG TABLET 1x15 T,424441204,S-NUMLO,S-NUMLO 5 MG TABLET,424440012,NUMLO-D 5 TABLET,424440017,0.8433,False,NUMLO-AT TABLET,424440015,0.8274,False,NUMLO L TABLET,421110111,0.8238,False,0.8433,0.8238,0.8315,0,False,False,3
877,S NUMLO 2.5 TAB 1152,S-NUMLO 2.5 MG TABLET 1x15 T,424441203,S-NUMLO,S-NUMLO 2.5 MG TABLET,424440011,NUMLO-AT TABLET,424440015,0.8171,False,NUMLO-D 5 TABLET,424440017,0.8037,False,NUMLO-TM 5 TABLETS,421110630,0.7989,False,0.8171,0.7989,0.8066,0,False,False,3
878,TEMSAN-H TAB 10S EMCURE 15 S,TEMSAN H TABLETS 1X15 T,424441191,TEMSAN,TEMSAN H TABLETS,424440638,TEMSAN LN TABLET 10x15T,421112933,0.7984,True,TEMSAN BS 2.5/40 TABLET 10x10T,421112702,0.7853,True,TEMSAN BS 5/40 TABLET 10x10T,421112703,0.7789,True,0.7984,0.7789,0.7875,3,True,False,3
879,OROFER CAP 10S EMCURE 10 S,OROFER S INJECTION 2.5 ML,421111536,OROFER,OROFER CAPSULES,424440351,MECOVON CAPS. 10X10C,420030187,0.7631,False,OROFER S 200 INJECTION 10 ML,421111388,0.7609,True,ENCIFER - O 10 T,420020004,0.7368,False,0.7631,0.7368,0.7536,1,False,False,3
880,OROFER FCM INJEMCURE VIAL,OROFER FCM  INJECTION 500MG/10ML,421111114,OROFER,OROFER FCM  INJECTION 1K,421111805,OROFER FCM INJECTION 750MG/15ML,421112705,0.8134,True,GROS 30 INJ 1 VIAL,422220280,0.7942,False,EMSTAR 1 GM INJ 1 VIAL,421110944,0.7893,False,0.8134,0.7893,0.7990,1,False,False,3
881,OROFER XT TOTALEMCURE 10 s,OROFER XT TOTAL TABLET,424441708,OROFER,OROFER XT DROPS,424441717,OROFER XT TABLET,424441704,0.8101,True,OROFER XT-Z TABLETS 1X10 T,424440112,0.8050,True,OROFER XTM TABLETS,420001221,0.7941,True,0.8101,0.7941,0.8031,3,True,False,3
882,VYLDA D100 TABEMCURE 10 S,VYLDA D100/5 TABLET 1X10T,421112572,VYLDA,VYLDA D100/10 TABLET 1X10T,421112886,VYLDA DM 100/10/1000 TABLET 1x10T,421112889,0.8172,True,VYLDA DM 100/5/1000 TABLET 1x10T,421112639,0.8119,True,VYLDA DM 100/10/500 TABLET 1x10T,421112888,0.8018,True,0.8172,0.8018,0.8103,3,True,False,3
883,ASOMEX 1.25MG TAB EMCURE 15 S,ASOMEX 1.25 TABLETS 1X15T,424440754,ASOMEX,ASOMEX 1.25 MG TABLET,424440001,ASOMEX AT 2.5 MG TABLET 1X15T,424441921,0.8731,True,ASOMEX AT 5 MG TABLET 1X15T,424441922,0.8639,True,ASOMEX 2.5 MG TABLET 1X15T,424441736,0.8546,True,0.8731,0.8546,0.8639,3,True,False,3
884,FERIUM XT TAB.10S 15 TAB,FERIUM XT TABLET 10x15T,424441955,FERIUM,FERIUM XT TABLET,424441702,SIMSTAT 10 MG TAB 10,421110138,0.7785,False,MEZTEC 1.2 GM TAB,423331142,0.7633,False,ULTIMOX CLAV KID DT TAB,421112184,0.7596,False,0.7785,0.7596,0.7671,0,False,False,3
885,OSTERI INJ 600MCG / 1PEN,OSTERI INJ.600MCG /2.4MLPEN DEVICE,421112507,OSTERI,OSTERI INJECTION 750 MCG PFS,421111655,XGRAST  INJ 300 MCG/0.5 ML PFS,422220290,0.7454,False,XGRAST 300 MCG INJ 1 PFS,492220092,0.7423,False,EMGRAST 300 MCG INJ 1 PFS,422220194,0.7399,False,0.7454,0.7399,0.7425,0,False,False,3
886,ASOMEX 2.5 TAB 4515,ASOMEX 2.5 MG TABLET 1X15T,424441736,ASOMEX,ASOMEX 2.5 MG TABLET,424440002,ASOMEX AT 5 MG TABLET,424440006,0.7898,True,ASOMEX D 5 TABLET,424440008,0.7884,True,ASOMEX D TABLET,424440007,0.7862,True,0.7898,0.7862,0.7881,3,True,False,3
887,ASOMEX D5 3315,ASOMEX D 5 TABLET 1x15T,424440760,ASOMEX,ASOMEX D 5 TABLET,424440008,ASOMEX D TABLET,424440007,0.7565,True,ASOMEX R TABLET,421110889,0.7395,True,ASOMEX D TABLET 1x15T,424440759,0.7349,True,0.7565,0.7349,0.7436,3,True,False,3
888,ASOMEX LT 2.5 10X15,ASOMEX LT TABLET 1X15T,424440761,ASOMEX,ASOMEX LT 2.5 MG TABLET,424440489,APRUV-2.5 4X5X10 T,420000013,0.8212,False,APRUV - LT  3X2X10 T,421110502,0.8173,False,ASOMEX - M  TABLETS 10X10 T,424441465,0.8041,True,0.8212,0.8041,0.8142,1,False,False,3
889,VYLDA 50 6X15,VYLDA TABLETS 1X15 T,424441803,VYLDA,VYLDA TABLET,424442008,VYLDA OD 50 TABLET 1X15T,421112490,0.7996,True,TAVIN LN KIT 5X6 KIT,424441483,0.7752,False,EMSITA M 50/500 1X10T,421112586,0.7462,False,0.7996,0.7462,0.7737,1,False,False,3
890,NUMLO AT 2315,NUMLO-AT TABLET 1X15 T,424441936,NUMLO,NUMLO-AT TABLET,424440015,NUMLO-R TABLETS,421110615,0.7216,True,NUMLO-D TABLET,421110384,0.7126,True,NUMLO-TM TABLETS,421111349,0.7081,True,0.7216,0.7081,0.7141,3,True,False,3
891,NUMLO D TAB 3315,NUMLO-D TABLET 1X15 T,424441202,NUMLO,NUMLO-D TABLET,421110384,NUMLO-D 5 TABLET,424440017,0.8472,True,NUMLO-AT TABLET,424440015,0.8338,True,NUMLO L TABLET,421110111,0.8246,True,0.8472,0.8246,0.8352,3,True,False,3
892,NUMLO TM 5 TAB 10X15,NUMLO-TM 5 TABLETS 1X15 T,421112128,NUMLO,NUMLO-TM 5 TABLETS,421110630,NUMLO TMH TABLET 10x10T,421112770,0.8634,True,NUMLO-AT TABLET 1X15 T,424441936,0.8602,True,NUMLO-M  TABLETS 10X10 T,424441470,0.8534,True,0.8634,0.8534,0.8590,3,True,False,3
893,S NUMLO 2.5 4515,S-NUMLO 2.5 MG TABLET 1x15 T,424441203,S-NUMLO,S-NUMLO 2.5 MG TABLET,424440011,NUMLO-D 5 TABLET,424440017,0.7523,False,NUMLO-TM 5 TABLETS,421110630,0.7504,False,NUMLO TABLET 2.5 MG,420000458,0.7463,False,0.7523,0.7463,0.7497,0,False,False,3
894,S NUMLO 5 4515,S-NUMLO 5 MG TABLET 1x15 T,424441204,S-NUMLO,S-NUMLO 5 MG TABLET,424440012,NUMLO-D 5 TABLET,424440017,0.7298,False,NUMLO-TM 5 TABLETS,421110630,0.7214,False,NUMLO-D 5 TABLET 1x15 T,424441201,0.7065,False,0.7298,0.7065,0.7192,0,False,False,3
895,PROXYM ER (300) TAB 10X10,PROXYM ER 200 TABLETS,424441015,PROXYM,PROXYM ER  TABLETS,424441016,PROXYM ER TABLET 1X15T,424441862,0.8605,True,PROXYC - FT TABLETS 20X10,420000491,0.8444,False,PROXYM TH8 TABLET 1x10T,424441957,0.8210,True,0.8605,0.8210,0.8420,2,False,False,3
896,CORDARONE 1X10 Pcs,CORDARONE 100 MG TABLET 20x15T,421112908,CORDARONE,CORDARONE 150 MG/3ML INJECTION,421112909,CORDARONE X 200 MG TABLET 10x15T,421112910,0.7575,True,TREDICAL FT 10X10,420000606,0.7470,False,CERUME TABLET 1x10T,421112625,0.7337,False,0.7575,0.7337,0.7461,1,False,False,3
897,ASOMEX 2.5 MG TABLET 1X15I PCS,ASOMEX 2.5 MG TABLET 1X15T,424441736,ASOMEX,ASOMEX 2.5 MG TABLET,424440002,ASOMEX 5 MG TABLET 1x15T,424441737,0.9443,True,ASOMEX 2.5 MG TABLET 1x30T,424440094,0.9418,True,ASOMEX AT 2.5 MG TABLET 1X15T,424441921,0.9293,True,0.9443,0.9293,0.9385,3,True,False,3
898,OROFER FCM0 INJEC,OROFER FCM  INJECTION 500MG/10ML,421111114,OROFER,OROFER FCM  INJECTION 1K,421111805,OROFER FCM INJECTION 750MG/15ML,421112705,0.7902,True,HOSIT FCM INJECTION 1K,421112615,0.7086,False,FLOFRE INJ 2ML,421110290,0.6881,False,0.7902,0.6881,0.7290,1,False,False,3
899,ASOMEX-5 10X2X15T,ASOMEX 5 MG TABLET 1x15T,424441737,ASOMEX,ASOMEX 5 MG TABLET,424440003,ASOMEX - M 5 TABLETS 10X10 T,424441466,0.8576,True,ASOMEX - M  TABLETS 10X10 T,424441465,0.8492,True,ASOMEX - TM 5 TABLETS 1X15T,421111383,0.8306,True,0.8576,0.8306,0.8458,3,True,False,3
900,TEMSAN CT/12.5MG TAB 1X10,TEMSAN CT 40/12.5 MG TABLET 10X10,424441139,TEMSAN,TEMSAN CT TABLETS,421111094,TEMSAN CT-6.25 TABLETS,421111887,0.8581,True,TEMSAN 80 CT TABLETS,424441140,0.8555,True,TEMSAN 20 MG TABLETS 10x15T,424441698,0.8486,True,0.8581,0.8486,0.8541,3,True,False,3
901,DAONIL--M 10 15,DAONIL M TABLETS 1X15 T,421111961,DAONIL,DAONIL M TABLETS,421111118,DAONIL TABLETS,421111589,0.7911,True,DAONIL TABLETS 1 X 30 T,421111590,0.7537,True,SEMI DAONIL TABLETS,421111487,0.7337,True,0.7911,0.7337,0.7595,3,True,False,3
902,OROFER XT  200ML SYP 1 1,OROFER XT + SUSPENSION 200 ML,424441225,OROFER,OROFER XT SUSPENSION 150 ML,424440590,OROFER S 200 INJECTION 10 ML,421111388,0.7774,True,OROFER SYRUP 150 ML,424441435,0.7656,True,OROFER SYRUP 300 ML,424441446,0.7563,True,0.7774,0.7563,0.7664,3,True,False,3
903,LASIX-40MG DPCO,LASIX 40 MG TABLET 80x15T,421112913,LASIX,LASIX 40 MG/4ML INJECTION,421112912,PARIDEM IV 40MG,421112473,0.7734,False,ENOXARIN 40 MG INJECTION,423331161,0.7523,False,ELAXIM 40 MG INJ 1 VIAL,422220131,0.7484,False,0.7734,0.7484,0.7580,0,False,False,3
904,ASOMEX 1.25 MG TAB 15 15.0,ASOMEX 1.25 TABLETS 1X15T,424440754,ASOMEX,ASOMEX 1.25 MG TABLET,424440001,ASOMEX AT 2.5 MG TABLET 1X15T,424441921,0.8936,True,ASOMEX AT 5 MG TABLET 1X15T,424441922,0.8805,True,ASOMEX 2.5 MG TABLET 1X15T,424441736,0.8772,True,0.8936,0.8772,0.8838,3,True,False,3
905,PROXYM ER 300 TAB 15S 15.0,PROXYM ER 200 TABLETS 15 T,424441863,PROXYM,PROXYM ER TABLET 1X15T,424441862,PROXYM 300 TABLETS,424440535,0.8244,True,PROXYM ER 200 TABLETS,424441015,0.8165,True,PROXYM 200 TABLET,424440534,0.8068,True,0.8244,0.8068,0.8159,3,True,False,3
906,VYLDA DM 1000 10X10S,VYLDA DM 100/5/1000 TABLET 1x10T,421112639,VYLDA,VYLDA DM 100/10/1000 TABLET 1x10T,421112889,VYLDA DM 100/10/500 TABLET 1x10T,421112888,0.8518,True,VYLDA D100/10 TABLET 1X10T,421112886,0.8380,True,VYLDA-M 1000 TABLETS 1X10 T,424441911,0.8371,True,0.8518,0.8371,0.8423,3,True,False,3
907,VYLDA DM 500 10X10S,VYLDA DM 100/5/500 TABLET 1x10T,421112638,VYLDA,VYLDA DM 100/10/500 TABLET 1x10T,421112888,VYLDA DM 100/10/1000 TABLET 1x10T,421112889,0.8417,True,VYLDA DM 100/5/1000 TABLET 1x10T,421112639,0.8355,True,VOVERAN D 10X10 T,420120041,0.8221,False,0.8417,0.8221,0.8331,2,False,False,3
908,OROFER XT TABLET 5X15 TAB,OROFER XT TABLET 1x15T,424442006,OROFER,OROFER XT TABLET,424441704,OROFER XT TABLET 1X30 T,424441705,0.9161,True,OROFER XT TOTAL TABLET,424441708,0.8701,True,FERIUM XT TABLET 10x15T,424441955,0.8619,False,0.9161,0.8619,0.8827,2,False,False,3
909,TEMSAN -80 H TABLET 10X15,TEMSAN 80 H TABLETS 1X15T,424441192,TEMSAN,TEMSAN  80 H TABLETS,424440636,TEMSAN LN TABLET 10x15T,421112933,0.9534,True,TEMSAN BS 5/40 TABLET 10x10T,421112703,0.9302,True,TEMSAN BS 2.5/40 TABLET 10x10T,421112702,0.9294,True,0.9534,0.9294,0.9377,3,True,False,3
910,ASOMEX 1.25 MG TAB 20X15,ASOMEX 1.25 TABLETS 1X15T,424440754,ASOMEX,ASOMEX 1.25 MG TABLET,424440001,ASOMEX AT 2.5 MG TABLET 1X15T,424441921,0.9069,True,ASOMEX 2.5 MG TABLET 1X15T,424441736,0.9046,True,ASOMEX AT 5 MG TABLET 1X15T,424441922,0.8976,True,0.9069,0.8976,0.9030,3,True,False,3
911,ASOMEX 5 MG TAB 20X15,ASOMEX 5 MG TABLET 1x15T,424441737,ASOMEX,ASOMEX 5 MG TABLET,424440003,ASOMEX AT 5 MG TABLET 1X15T,424441922,0.9145,True,ASOMEX 2.5 MG TABLET 1X15T,424441736,0.9025,True,ASOMEX AT 2.5 MG TABLET 1X15T,424441921,0.8976,True,0.9145,0.8976,0.9049,3,True,False,3
912,NUMLO -AT TAB 10X15 15 TAB,NUMLO-AT TABLET 1X15 T,424441936,NUMLO,NUMLO-AT TABLET,424440015,NUMLO-D TABLET 1X15 T,424441202,0.8162,True,NUMLO-M  TABLETS 10X10 T,424441470,0.8018,True,NUMLO TMH TABLET 10x10T,421112770,0.7948,True,0.8162,0.7948,0.8043,3,True,False,3
913,S-NUMLO- 2.5 MG TAB 20X15 15 TAB,S-NUMLO 2.5 MG TABLET 1x15 T,424441203,S-NUMLO,S-NUMLO 2.5 MG TABLET,424440011,S-NUMLO 5 MG TABLET 1x15 T,424441204,0.8868,True,NUMLO TABLET 2.5 MG,420000458,0.8837,False,S-NUMLO 1.25 MG TABLET,424440010,0.8824,True,0.8868,0.8824,0.8843,2,False,False,3
914,S-NUMLO- 5 MG TAB 20X15 15 TAB,S-NUMLO 5 MG TABLET 1x15 T,424441204,S-NUMLO,S-NUMLO 5 MG TABLET,424440012,S-NUMLO 2.5 MG TABLET 1x15 T,424441203,0.9097,True,S-NUMLO 2.5 MG TABLET,424440011,0.8870,True,S-NUMLO 1.25 MG TABLET,424440010,0.8783,True,0.9097,0.8783,0.8917,3,True,False,3
915,TEMSAN - 20 TAB 10X15 15 TAB,TEMSAN 20 MG TABLETS 10x15T,424441698,TEMSAN,TEMSAN 20 MG. TABLETS,424440932,TEMSAN LN TABLET 10x15T,421112933,0.8952,True,TEMSAN BS 2.5/40 TABLET 10x10T,421112702,0.8601,True,TEMSAN BS 5/40 TABLET 10x10T,421112703,0.8587,True,0.8952,0.8587,0.8713,3,True,False,3
916,TEMSAN - 40 TAB 10X15 15 TAB,TEMSAN 40 MG TABLETS 10x15T,424441699,TEMSAN,TEMSAN 40 MG. TABLETS,424440933,TEMSAN LN TABLET 10x15T,421112933,0.8987,True,TEMSAN BS 5/40 TABLET 10x10T,421112703,0.8804,True,TEMSAN BS 2.5/40 TABLET 10x10T,421112702,0.8746,True,0.8987,0.8746,0.8846,3,True,False,3
917,TEMSAN - 80 TAB 10X15 15 TAB,TEMSAN 80 MG TABLETS 10x15T,424441700,TEMSAN,TEMSAN 80 MG. TABLETS,424440934,TEMSAN LN TABLET 10x15T,421112933,0.8944,True,TEMSAN BS 5/40 TABLET 10x10T,421112703,0.8602,True,TEMSAN BS 2.5/40 TABLET 10x10T,421112702,0.8598,True,0.8944,0.8598,0.8715,3,True,False,3
918,TEMSAN - 80-H TAB 10X15 15 TAB,TEMSAN 80 H TABLETS 1X15T,424441192,TEMSAN,TEMSAN  80 H TABLETS,424440636,TEMSAN LN TABLET 10x15T,421112933,0.8902,True,TEMSAN BS 2.5/40 TABLET 10x10T,421112702,0.8595,True,TEMSAN BS 5/40 TABLET 10x10T,421112703,0.8587,True,0.8902,0.8587,0.8695,3,True,False,3
919,TEMSAN - AM TAB10X15 10 TAB,TEMSAN - AM TABLETS 1X15T,424441539,TEMSAN,TEMSAN - AM TABLETS,421110955,TEMSAN LN TABLET 10x15T,421112933,0.8812,True,TEMSAN BS 2.5/40 TABLET 10x10T,421112702,0.8698,True,TEMSAN BS 5/40 TABLET 10x10T,421112703,0.8664,True,0.8812,0.8664,0.8725,3,True,False,3
920,TEMSAN - H TAB 10X15 15 TAB,TEMSAN H TABLETS 1X15 T,424441191,TEMSAN,TEMSAN H TABLETS,424440638,TEMSAN LN TABLET 10x15T,421112933,0.8944,True,TEMSAN BS 2.5/40 TABLET 10x10T,421112702,0.8524,True,TEMSAN BS 5/40 TABLET 10x10T,421112703,0.8500,True,0.8944,0.8500,0.8656,3,True,False,3
921,ASOMEX - 2.5 MG TAB 20X15 15 TAB,ASOMEX 2.5 MG TABLET 1X15T,424441736,ASOMEX,ASOMEX 2.5 MG TABLET,424440002,ASOMEX AT 2.5 MG TABLET 1X15T,424441921,0.9207,True,ASOMEX AT 5 MG TABLET 1X15T,424441922,0.8932,True,ASOMEX AT 2.5 MG TABLET,420000021,0.8814,True,0.9207,0.8814,0.8984,3,True,False,3
922,ASOMEX - 5 MG TAB20X15 15 TAB,ASOMEX 5 MG TABLET 1x15T,424441737,ASOMEX,ASOMEX 5 MG TABLET,424440003,ASOMEX AT 5 MG TABLET 1X15T,424441922,0.9202,True,ASOMEX AT 2.5 MG TABLET 1X15T,424441921,0.9109,True,ASOMEX 2.5 MG TABLET 1X15T,424441736,0.9009,True,0.9202,0.9009,0.9107,3,True,False,3
923,ASOMEX - D TAB10X15 15 TAB,ASOMEX D TABLET 1x15T,424440759,ASOMEX,ASOMEX D TABLET,424440007,ASOMEX LT TABLET 1X15T,424440761,0.8267,True,ASOMEX D 5 TABLET 1x15T,424440760,0.8262,True,ASOMEX - M  TABLETS 10X10 T,424441465,0.8012,True,0.8267,0.8012,0.8180,3,True,False,3
924,ASOMEX - D-5 TAB10X15 15 TAB,ASOMEX D 5 TABLET 1x15T,424440760,ASOMEX,ASOMEX D 5 TABLET,424440008,ASOMEX D TABLET 1x15T,424440759,0.8456,True,ASOMEX - M  TABLETS 10X10 T,424441465,0.8334,True,ASOMEX - M 5 TABLETS 10X10 T,424441466,0.8319,True,0.8456,0.8319,0.8370,3,True,False,3
925,ASOMEX - TM TAB10X15 15 TAB,ASOMEX - TM TABLETS 1X15T,424441530,ASOMEX,ASOMEX - TM TABLETS,421110575,ASOMEX LT TABLET 1X15T,424440761,0.8302,True,ASOMEX D TABLET 1x15T,424440759,0.8262,True,EMLINZ M 2.5/1000 TAB 1X10T,429991542,0.8161,False,0.8302,0.8161,0.8242,2,False,False,3
926,ASOMEX -TM -5 TAB10X15 15 TAB,ASOMEX - TM 5 TABLETS 1X15T,421111383,ASOMEX,ASOMEX - TM 5 TABLETS,421110576,ASOMEX - M  TABLETS 10X10 T,424441465,0.8337,True,ASOMEX - M 5 TABLETS 10X10 T,424441466,0.8278,True,ASOMEX D 5 TABLET 1x15T,424440760,0.8272,True,0.8337,0.8272,0.8296,3,True,False,3
927,PROXYM ER 300 TAB 10X15 15 TAB,PROXYM ER 200 TABLETS 15 T,424441863,PROXYM,PROXYM ER  TABLETS,424441016,PROXYM ER TABLET 1X15T,424441862,0.8708,True,PROXYM XT TABLET 1X15T,424441838,0.8264,True,PROXYC - FT TABLETS 20X10,420000491,0.8147,False,0.8708,0.8147,0.8373,2,False,False,3
928,NUMLO D TAB 9X15,NUMLO-D TABLET 1X15 T,424441202,NUMLO,NUMLO-D TABLET,421110384,NUMLO-AT TABLET 1X15 T,424441936,0.8673,True,NUMLO-D 5 TABLET 1x15 T,424441201,0.8488,True,NUMLO TMH TABLET 10x10T,421112770,0.8068,True,0.8673,0.8068,0.8410,3,True,False,3
929,NUMLO TM2.5 +40 MG TA 10X15,NUMLO-TM TABLETS 1X15 T,421112129,NUMLO,NUMLO-TM TABLETS,421111349,S-NUMLO 2.5 MG TABLET 1x15 T,424441203,0.8364,False,NUMLO-TM 5 TABLETS 1X15 T,421112128,0.8294,True,S-NUMLO 5 MG TABLET 1x15 T,424441204,0.8188,False,0.8364,0.8188,0.8282,1,False,False,3
930,OSTERI 600MCG INJ WITH NEEDLE 30 1PEN,OSTERI INJ.600MCG /2.4MLPEN DEVICE,421112507,OSTERI,OSTERI INJECTION NEEDLES,421111705,EMSTAR 500 MG INJ 1 VIAL,421110943,0.7637,False,EMSTAR 1 GM INJ 1 VIAL,421110944,0.7619,False,OXA 50 MG INJ 1 VIAL,422220253,0.7591,False,0.7637,0.7591,0.7616,0,False,False,3
931,EPITRIL.25 TAB 1X10TAB,EPITRIL 0.25 MG TABLET,424441023,EPITRIL,EPITRIL 1 MG TABLET,424441025,EPITRIL MD 0.25 MG TABLET 10X10T,421111786,0.8662,True,EPITRIL BETA 0.25 TABLETS 10X10T,421112140,0.8541,True,EPITRIL MD 0.5 MG TABLET 10X10T,421111787,0.8438,True,0.8662,0.8438,0.8547,3,True,False,3
932,FULVIRA INJ2X5ML 2X5ML,FULVIRA 250 MG INJ 2X5 ML PFS,421112211,FULVIRA,FULVIRA INJECTION 1X5 ML PFS,421112210,NEVIR ER TBALET 1 X 30,424441482,0.7622,False,APRUV-2.5 4X5X10 T,420000013,0.7506,False,APRUV-5 4X5X10 T,420000014,0.7211,False,0.7622,0.7211,0.7446,0,False,False,3
933,OREFER FCM 1k INJ,OROFER FCM  INJECTION 500MG/10ML,421111114,OROFER,OROFER FCM  INJECTION 1K,421111805,HOSIT FCM INJECTION 1K,421112615,0.8179,False,FCMO INJECTION 1k/20ML,421112711,0.7410,False,VINTOR 10000 IU INJ 1 PFS,422220120,0.7294,False,0.8179,0.7294,0.7628,0,False,False,3
934,ASOMAX LT 2.5 TAB 1X15 Pcs,ASOMEX LT TABLET 1X15T,424440761,ASOMEX,ASOMEX LT 2.5 MG TABLET,424440489,ASOMEX D TABLET 1x15T,424440759,0.8300,True,ASOMEX AT 2.5 MG TABLET 1X15T,424441921,0.8283,True,ASOMEX 2.5 MG TABLET 1X15T,424441736,0.8264,True,0.8300,0.8264,0.8282,3,True,False,3
935,C-LET 2.0 GM INJECTION 1X1,C - LET 2.0 GM INJECTION,421112471,C-LET,C - LET 1.0 GM INJECTION,421111669,C - PIME 1.0 GM INJECTION,421110858,0.8274,False,C-TAX 1 GM INJECTION,427770097,0.8264,False,C - DIME 1.0 GM INJECTION,421110851,0.8125,False,0.8274,0.8125,0.8221,0,False,False,3
936,OSTERI INJ NEEDLEFREE 1PCS,OSTERI INJECTION NEEDLES,421111705,OSTERI,OSTERI INJECTION 750 MCG PFS,421111655,OSTERI INJ.600MCG /2.4MLPEN DEVICE,421112507,0.7286,True,EMSTAR 1 GM INJ 1 VIAL,421110944,0.7107,False,VINTOR 10000 IU INJ 1 PFS,422220120,0.7008,False,0.7286,0.7008,0.7134,1,False,False,3
937,OSTERI INJ.600 MCG/2.4ML PE 1 PEN,OSTERI INJ.600MCG /2.4MLPEN DEVICE,421112507,OSTERI,OSTERI INJECTION 750 MCG PFS,421111655,EXHEP PEN CARTRIDGE 300MG/3ML,421112829,0.7388,False,PEMCURE 500 MG INJ 1 VIAL,421111011,0.7291,False,MAXTRA GARGLE 120 ML,423331303,0.7265,False,0.7388,0.7265,0.7315,0,False,False,3
938,FLAWLIZO MICRO 0.01 TUBE 15gm,FLAWLIZO MICRO 0.1% GEL 15GM TUBE PACK,421113050,FLAWLIZO,FLAWLIZO MICRO 0.04% GEL 15GM TUBE PACK,421113049,FLAWLIZO MICRO 0.1% GEL 15GM PUMP PACK,421113083,0.8558,True,FLAWLIZO MICRO 0.04% GEL 15GM PUMP PACK,421113085,0.8495,True,FLAWLIZO 0.025% CREAM 20GM,421113048,0.7748,True,0.8558,0.7748,0.8267,3,True,False,3
939,PROXYM-ER 300 1X15,PROXYM ER 200 TABLETS 15 T,424441863,PROXYM,PROXYM ER TABLET 1X15T,424441862,PROXYM XT TABLET 1X15T,424441838,0.7785,True,PROXYM 300 TABLETS,424440535,0.7666,True,PROXYM GEL 30 GM,421112498,0.7523,True,0.7785,0.7523,0.7658,3,True,False,3
940,C-LET 2.0 GM,C - LET 2.0 GM INJECTION,421112471,C-LET,C - LET OF TABLETS,421111080,C - LET 1.0 GM INJECTION,421111669,0.8885,True,C - LET CV TABLETS,421111013,0.6853,True,Q - TAX 1.0 GM INJECTION,421110967,0.6751,False,0.8885,0.6751,0.7496,2,False,False,3
941,S NUMLO 2.5 S 15TAB,S-NUMLO 2.5 MG TABLET 1x15 T,424441203,S-NUMLO,S-NUMLO 2.5 MG TABLET,424440011,NUMLO-AT TABLET 1X15 T,424441936,0.8135,False,NUMLO-D TABLET 1X15 T,424441202,0.7914,False,NUMLO-D 5 TABLET 1x15 T,424441201,0.7847,False,0.8135,0.7847,0.7965,0,False,False,3
942,S NUMLO 5 S 15TAB,S-NUMLO 5 MG TABLET 1x15 T,424441204,S-NUMLO,S-NUMLO 5 MG TABLET,424440012,NUMLO-AT TABLET 1X15 T,424441936,0.8098,False,NUMLO-D 5 TABLET 1x15 T,424441201,0.8074,False,NUMLO-D TABLET 1X15 T,424441202,0.8019,False,0.8098,0.8019,0.8064,0,False,False,3
943,OROFER XT DROPSH.S 15ML PCS,OROFER XT DROPS,424441717,OROFER,OROFER XT TABLET 1x15T,424442006,OROFER DROPS 15 ML,421110180,0.8414,True,OROFER XT SUSPENSION 150 ML,424440590,0.8177,True,ZEMCIFER - XT DROPS 15 ML,420500002,0.8160,False,0.8414,0.8160,0.8250,2,False,False,3
944,OROFER-XT SY. 1X200,OROFER XT + SUSPENSION 200 ML,424441225,OROFER,OROFER XT DROPS,424441717,OROFER XT TABLET 1X30 T,424441705,0.8089,True,OROFER XT TABLET 1x15T,424442006,0.8004,True,OROFER XT TABLET,424441704,0.7905,True,0.8089,0.7905,0.7999,3,True,False,3
945,PROXYM ER 300 TAB. 15S 15:S,PROXYM ER 200 TABLETS 15 T,424441863,PROXYM,PROXYM ER TABLET 1X15T,424441862,PROXYM ER 200 TABLETS,424441015,0.8036,True,PROXYM 300 TABLETS,424440535,0.8014,True,PROXYM ER  TABLETS,424441016,0.7886,True,0.8036,0.7886,0.7979,3,True,False,3
946,PROXYM ER 300 TAB. 15S 15:S,PROXYM ER 200 TABLETS 15 T,424441863,PROXYM,PROXYM ER TABLET 1X15T,424441862,PROXYM ER 200 TABLETS,424441015,0.8036,True,PROXYM 300 TABLETS,424440535,0.8014,True,PROXYM ER  TABLETS,424441016,0.7886,True,0.8036,0.7886,0.7979,3,True,False,3
947,UREADERM MOIST.CREAM 20 100GMS,UREADERM MOISTURIZING CREAM 20% 100GM,421113046,UREADERM,UREADERM MOISTURIZING CREAM 10% 100GM,421113045,AQUAOAT MOISTURIZING CREAM 100 GM,421112579,0.8008,False,AQUAOAT MOISTURIZING CREAM 250GM,421113108,0.7911,False,AQUAOAT MOISTURIZING CREAM 50GM,421111878,0.7882,False,0.8008,0.7882,0.7934,0,False,False,3
948,OSTERI 600MCG INJ PEN 1*2.4ML,OSTERI INJ.600MCG /2.4MLPEN DEVICE,421112507,OSTERI,OSTERI INJECTION 750 MCG PFS,421111655,PEMCURE 500 MG INJ 1 VIAL,421111011,0.7414,False,EMSTAR 500 MG INJ 1 VIAL,421110943,0.7405,False,EXHEP PEN CARTRIDGE 300MG/3ML,421112829,0.7395,False,0.7414,0.7395,0.7405,0,False,False,3
949,OROFER FCM INJ 1K 10ML 1X10ML,OROFER FCM  INJECTION 1K,421111805,OROFER,OROFER FCM  INJECTION 500MG/10ML,421111114,OROFER FCM INJECTION 750MG/15ML,421112705,0.8406,True,FCMO INJECTION 1k/20ML,421112711,0.8185,False,HOSIT FCM INJECTION 1K,421112615,0.7974,False,0.8406,0.7974,0.8188,1,False,False,3
950,EPOFER 4000IU INJ 1 PFS,EPOFER 4000 - PFS,422220109,EPOFER,EPOFER 4000 IU VIAL,422220112,EPOFER 40 000 IU PFS,491110058,0.9239,True,EPOFER 6000 - PFS,491110049,0.8783,True,EPOFER 10 000 - PFS,422220121,0.8756,True,0.9239,0.8756,0.8926,3,True,False,3
951,NUCORIL 5 TAB 1s,NUCORIL - 5 TABLETS 1X10 T,424441444,NUCORIL,NUCORIL 5 MG TAB 20,424440893,NUCORIL - 5 TABLETS 1X30 T,424440492,0.8102,True,NUCORIL OD TABLET,424440669,0.7928,True,NUMLO-D 5 TABLET 1x15 T,424441201,0.7815,False,0.8102,0.7815,0.7948,2,False,False,3
952,NUMLO-D 5/12.5 15S,NUMLO-D 5 TABLET,424440017,NUMLO,NUMLO-D 5 TABLET 1x15 T,424441201,NUMLO-D TABLET 1X15 T,424441202,0.8186,True,NUMLO-AT TABLET 1X15 T,424441936,0.8164,True,NUMLO-D TABLET,421110384,0.8002,True,0.8186,0.8002,0.8117,3,True,False,3
953,CINEZ D 1X15TA,CINEZ-D TABLETS,421112120,CINEZ,CINEZ-D TABLETS 1 X 15 T,421113003,SCAVISTA 1X1 T,420030136,0.7281,False,DAPAGZA 10 TABLET 1X15T,421112845,0.7164,False,ACEGABA NT 100 TABLET 1x15T,421112627,0.7104,False,0.7281,0.7104,0.7183,0,False,False,3
954,EPITRIL .25MG 1X10TA,EPITRIL 0.25 MG TABLET,424441023,EPITRIL,EPITRIL 1 MG TABLET,424441025,EPITRIL MD 0.25 MG TABLET 10X10T,421111786,0.9190,True,EPITRIL MD 0.5 MG TABLET 10X10T,421111787,0.8955,True,EPITRIL MD 1 MG TABLET 10X10T,421111788,0.8787,True,0.9190,0.8787,0.8977,3,True,False,3
955,EPITRIL .5MG 1X10TA,EPITRIL 0.5 MG TABLET,424441024,EPITRIL,EPITRIL 1 MG TABLET,424441025,EPITRIL MD 0.5 MG TABLET 10X10T,421111787,0.9043,True,EPITRIL MD 0.25 MG TABLET 10X10T,421111786,0.8887,True,EPITRIL MD 1 MG TABLET 10X10T,421111788,0.8801,True,0.9043,0.8801,0.8910,3,True,False,3
956,NUMLO-AT TAB 15*10,NUMLO-AT TABLET 1X15 T,424441936,NUMLO,NUMLO-AT TABLET,424440015,NUMLO-D TABLET 1X15 T,424441202,0.7995,True,NUMLO-D TABLET,421110384,0.7847,True,NUMLO L TABLET,421110111,0.7754,True,0.7995,0.7754,0.7865,3,True,False,3
957,S-NUMLO 2.5MG TAB 10X15,S-NUMLO 2.5 MG TABLET 1x15 T,424441203,S-NUMLO,S-NUMLO 2.5 MG TABLET,424440011,S-NUMLO 5 MG TABLET 1x15 T,424441204,0.8995,True,NUMLO TABLET 2.5 MG,420000458,0.8663,False,NUMLO-M 5 TABLETS 10X10 T,424441471,0.8614,False,0.8995,0.8614,0.8757,1,False,False,3
958,S-NUMLO 5MG TAB 15X10,S-NUMLO 5 MG TABLET 1x15 T,424441204,S-NUMLO,S-NUMLO 5 MG TABLET,424440012,S-NUMLO 2.5 MG TABLET 1x15 T,424441203,0.9125,True,NUMLO-TM 5 TABLETS 1X15 T,421112128,0.8762,False,NUMLO-M 5 TABLETS 10X10 T,424441471,0.8760,False,0.9125,0.8760,0.8882,1,False,False,3
959,VYLDA TAB 15*10,VYLDA TABLETS 1X15 T,424441803,VYLDA,VYLDA TABLET,424442008,VYLDA DM 100/10/1000 TABLET 1x10T,421112889,0.8096,True,VYLDA P TABLET 1x10T,421112679,0.8067,True,VYLDA DM 100/10/500 TABLET 1x10T,421112888,0.8067,True,0.8096,0.8067,0.8077,3,True,False,3
960,EMPRI L TAB 10 TAB,EMPRI L 10/5MG TABLET 10x10T,421113069,EMPRI,EMPRI 10MG TABLET 10x10T,421113067,SIMSTAT 10 MG TAB 10,421110138,0.8053,False,EMPRI L 25/5MG TABLET 10x10T,421113070,0.8012,True,EMPRI TABLET,421110405,0.7962,True,0.8053,0.7962,0.8009,2,False,False,3
961,OSTERI 60MCG INJ 2.4ML 2.4INJ,OSTERI INJ.600MCG /2.4MLPEN DEVICE,421112507,OSTERI,OSTERI INJECTION 750 MCG PFS,421111655,MAXTRA  SYP  60 ML,420030069,0.7642,False,TASPIANCE INJ 180 MCG/0.5ML PFS,491110378,0.7623,False,RTCARB INJ 100 mcg/ml,421112610,0.7612,False,0.7642,0.7612,0.7626,0,False,False,3
962,TEMSAN-80 H TAB 15*10,TEMSAN 80 H TABLETS 1X15T,424441192,TEMSAN,TEMSAN  80 H TABLETS,424440636,TEMSAN LN TABLET 10x15T,421112933,0.8265,True,TEMSAN 80 MG TABLETS 10x15T,424441700,0.8142,True,SIMSTAT 10 MG TAB 10,421110138,0.8069,False,0.8265,0.8069,0.8159,2,False,False,3
963,TEMSAN-AM TAB 15*10,TEMSAN - AM TABLETS 1X15T,424441539,TEMSAN,TEMSAN - AM TABLETS,421110955,TEMSAN LN TABLET 10x15T,421112933,0.8136,True,TEMSAN BS 2.5/40 TABLET 10x10T,421112702,0.7920,True,TEMSAN BS 5/40 TABLET 10x10T,421112703,0.7866,True,0.8136,0.7866,0.7974,3,True,False,3
964,TEMSAN-H TAB 15*10,TEMSAN H TABLETS 1X15 T,424441191,TEMSAN,TEMSAN H TABLETS,424440638,TEMSAN LN TABLET 10x15T,421112933,0.8326,True,TEMSAN BS 2.5/40 TABLET 10x10T,421112702,0.8032,True,TEMSAN BS 5/40 TABLET 10x10T,421112703,0.8022,True,0.8326,0.8022,0.8127,3,True,False,3
965,NUMLO D 5 TAB 15S 15,NUMLO-D 5 TABLET,424440017,NUMLO,NUMLO-D 5 TABLET 1x15 T,424441201,NUMLO-D TABLET 1X15 T,424441202,0.8244,True,NUMLO-AT TABLET 1X15 T,424441936,0.8204,True,NUMLO-D TABLET,421110384,0.8064,True,0.8244,0.8064,0.8171,3,True,False,3
966,ASOMEX M TAB 1X10 Pcs,ASOMEX 5 MG TABLET,424440003,ASOMEX,ASOMEX - M  TABLETS 10X10 T,424441465,ASOMEX LT TABLET 1X15T,424440761,0.8455,True,ASOMEX D TABLET 1x15T,424440759,0.8444,True,EMLINZ M 2.5/1000 TAB 1X10T,429991542,0.8385,False,0.8455,0.8385,0.8428,2,False,False,3
967,ASOMEX-M 5 1X10 Pcs,ASOMEX 5 MG TABLET,424440003,ASOMEX,ASOMEX - M 5 TABLETS 10X10 T,424441466,ASOMEX - M  TABLETS 10X10 T,424441465,0.8029,True,ASOMEX D TABLET 1x15T,424440759,0.7668,True,ASOMEX D 5 TABLET 1x15T,424440760,0.7648,True,0.8029,0.7648,0.7782,3,True,False,3
968,NUCORIL-5 1X20 Pcs,NUCORIL - 5 TABLETS 1X10 T,424441444,NUCORIL,NUCORIL 5 MG TAB 20,424440893,NUCORIL - 5 TABLETS 1X30 T,424440492,0.8355,True,NUMLO-TM 5 TABLETS 1X15 T,421112128,0.7378,False,NUMLO-D 5 TABLET 1x15 T,424441201,0.7280,False,0.8355,0.7280,0.7671,1,False,False,3
969,TEMSAN 40MG 10X15,TEMSAN 40 MG TABLETS 10x15T,424441699,TEMSAN,TEMSAN 40 MG. TABLETS,424440933,TEMSAN CT 40/12.5 MG TABLET 10X10,424441139,0.9077,True,TEMSAN 20 MG TABLETS 10x15T,424441698,0.9075,True,TEMSAN 80 MG TABLETS 10x15T,424441700,0.8979,True,0.9077,0.8979,0.9044,3,True,False,3
970,TEMSAN H 40MG 10X15,TEMSAN H TABLETS 1X15 T,424441191,TEMSAN,TEMSAN H TABLETS,424440638,TEMSAN 40 MG TABLETS 10x15T,424441699,0.9287,True,TEMSAN 20 MG TABLETS 10x15T,424441698,0.9000,True,TEMSAN CT 40/12.5 MG TABLET 10X10,424441139,0.8990,True,0.9287,0.8990,0.9092,3,True,False,3
971,TEMSAN AM 5 15 15,TEMSAN AM-5 TABLETS 1X15 T,421111794,TEMSAN,TEMSAN - AM 5 TABLETS,421110956,TEMSAN - AM TABLETS,421110955,0.7310,True,TEMSAN H TABLETS,424440638,0.7124,True,TEMSAN  80 H TABLETS,424440636,0.7061,True,0.7310,0.7061,0.7165,3,True,False,3
972,EMSITA M SR TABS 100/1000MG,EMSITA M SR 100/1000 1X10T,421112596,EMSITA,EMSITA M SR 100/500 TABLET 1x10T,421112619,EMSITA 100 MG TABLET 1X10T,421112585,0.8408,True,EMTUX 100MG/10ML,421112666,0.8112,False,EMSITA 50 MG TABLET 1X10T,421112584,0.7998,True,0.8408,0.7998,0.8173,2,False,False,3
973,TEMSAN AM TABS 5MG,TEMSAN - AM TABLETS,421110955,TEMSAN,TEMSAN - AM 5 TABLETS,421110956,TEMSAN AM-5 TABLETS 1X15 T,421111794,0.8439,True,NUSAR AM 5 MG TABLET,421110117,0.8432,False,TEMSAN 20 MG. TABLETS,424440932,0.8411,True,0.8439,0.8411,0.8427,2,False,False,3
974,ASOMEX LT2.5 1X15TAB,ASOMEX LT TABLET 1X15T,424440761,ASOMEX,ASOMEX LT 2.5 MG TABLET,424440489,ASOMEX AT 2.5 MG TABLET 1X15T,424441921,0.8224,True,ASOMEX D TABLET 1x15T,424440759,0.8176,True,ASOMEX AT 5 MG TABLET 1X15T,424441922,0.8147,True,0.8224,0.8147,0.8182,3,True,False,3
975,ATOREC-10 TAB D 1X10TAB,ATOREC 10 MG TABLET,424441079,ATOREC,ATOREC - D 3 TABLETS,421110991,ATOREC F 10/160 MG TABLET 10X10,424441186,0.8615,True,EMILDAP GM 10/1/1000 TABLET 10x10T,421112742,0.8121,False,EFICEF - 100 DT TABLETS 10X10 T,427770051,0.8069,False,0.8615,0.8069,0.8268,1,False,False,3
976,EMSITA M SR 100/1000 1X10TAB,EMSITA M SR 100/1000 1X10T,421112596,EMSITA,EMSITA M SR 100/500 TABLET 1x10T,421112619,EMSITA M 50/1000 1X10T,421112587,0.8945,True,EMSITA M 50/500 1X10T,421112586,0.8594,True,EMILDAP M10/1000 1X10T,421112571,0.8471,False,0.8945,0.8471,0.8670,2,False,False,3
977,OSTERI INJ 600 MC,OSTERI INJ.600MCG /2.4MLPEN DEVICE,421112507,OSTERI,OSTERI INJECTION 750 MCG PFS,421111655,VINTOR 6000 IU INJ 1 PFS,422220118,0.7777,False,VINTOR 10000 IU INJ 1 PFS,422220120,0.7602,False,VINTOR 4000 IU INJ 1 PFS,422220108,0.7509,False,0.7777,0.7509,0.7629,0,False,False,3
978,PROXYM ER 300MG TABLET 15 S,PROXYM ER 200 TABLETS 15 T,424441863,PROXYM,PROXYM ER TABLET 1X15T,424441862,PROXYM 300 TABLETS,424440535,0.8812,True,PROXYM ER 200 TABLETS,424441015,0.8739,True,PROXYM ER  TABLETS,424441016,0.8692,True,0.8812,0.8692,0.8748,3,True,False,3
979,MATERNA HMG HP 1200IU 1 VIAL,MATERNA HMG HP 1200 IU/4ML MD,421112530,MATERNA,MATERNA HMG HP 300 IU/1ML PFS,421112532,MATERNA HMG HP 225 IU/0.75ML PFS,421112531,0.8385,True,EMSTAR 1 GM INJ 1 VIAL,421110944,0.8240,False,PEMCURE 500 MG INJ 1 VIAL,421111011,0.8168,False,0.8385,0.8168,0.8264,1,False,False,3
980,XGRAST INJ 300MCG 1 1 VIAL,XGRAST 300 MCG INJ 1 PFS,492220092,XGRAST,XGRAST  INJ 300 MCG/0.5 ML PFS,422220290,GROS 30 INJ 1 VIAL,422220280,0.8857,False,GROS  260 MG INJ 1 VIAL,422220168,0.8769,False,CITAFINE 1 GM INJ 1 VIAL,422220160,0.8761,False,0.8857,0.8761,0.8796,0,False,False,3
981,ASOMEX M 2.5MG TAB 15 S,ASOMEX 2.5 MG TABLET 1X15T,424441736,ASOMEX,ASOMEX - M  TABLETS 10X10 T,424441465,ASOMEX AT 2.5 MG TABLET 1X15T,424441921,0.8930,True,ASOMEX 2.5 MG TABLET,424440002,0.8908,True,ASOMEX AT 2.5 MG TABLET,420000021,0.8834,True,0.8930,0.8834,0.8891,3,True,False,3
982,EMSITA M SR TABS 100/1000MG,EMSITA M SR 100/1000 1X10T,421112596,EMSITA,EMSITA M SR 100/500 TABLET 1x10T,421112619,EMSITA 100 MG TABLET 1X10T,421112585,0.8408,True,EMTUX 100MG/10ML,421112666,0.8112,False,EMSITA 50 MG TABLET 1X10T,421112584,0.7998,True,0.8408,0.7998,0.8173,2,False,False,3
983,TEMSAN AM TABS 5MG,TEMSAN - AM TABLETS,421110955,TEMSAN,TEMSAN - AM 5 TABLETS,421110956,TEMSAN AM-5 TABLETS 1X15 T,421111794,0.8439,True,NUSAR AM 5 MG TABLET,421110117,0.8432,False,TEMSAN 20 MG. TABLETS,424440932,0.8411,True,0.8439,0.8411,0.8427,2,False,False,3
984,PROXYM ER-300 TAB 15;S,PROXYM ER 200 TABLETS 15 T,424441863,PROXYM,PROXYM ER TABLET 1X15T,424441862,PROXYM 300 TABLETS,424440535,0.8462,True,PROXYM ER 200 TABLETS,424441015,0.8354,True,PROXYM 200 TABLET,424440534,0.8183,True,0.8462,0.8183,0.8333,3,True,False,3
985,OROFER XT PULS SUSPENSION 1X200ML,OROFER XT + SUSPENSION 200 ML,424441225,OROFER,OROFER XT SUSPENSION 150 ML,424440590,ZEMCIFER  XT SUSPENSION,423331447,0.8076,False,FERIUM XT + SUSPENSION 200 ML,424441727,0.7922,False,ULTIMOX DDS SUSPENSION 1X30 ML,421112271,0.7903,False,0.8076,0.7903,0.7967,0,False,False,3
986,PROXYM ER-300 TAB 15;S,PROXYM ER 200 TABLETS 15 T,424441863,PROXYM,PROXYM ER TABLET 1X15T,424441862,PROXYM 300 TABLETS,424440535,0.8462,True,PROXYM ER 200 TABLETS,424441015,0.8354,True,PROXYM 200 TABLET,424440534,0.8183,True,0.8462,0.8183,0.8333,3,True,False,3
987,PROXYM ER TAB.300mg 15S,PROXYM ER 200 TABLETS 15 T,424441863,PROXYM,PROXYM ER TABLET 1X15T,424441862,PROXYM ER  TABLETS,424441016,0.8197,True,PROXYM ER 200 TABLETS,424441015,0.8131,True,PROXYM GEL 30 GM,421112498,0.8049,True,0.8197,0.8049,0.8126,3,True,False,3
988,POVIZTRA FLXT.25 INJ 1PEN,POVIZTRA FLXT 0.25MG 1.5ML 1PC COPACK,420008825,POVIZTRA,POVIZTRA FLXT 1MG 3ML 1PC COPACK,420008827,POVIZTRA FLXT 0.5MG 1.5ML 1PC COPACK,420008826,0.7741,True,POVIZTRA FLXT 1.7MG 3ML 1PC COPACK,420008828,0.7575,True,POVIZTRA FLXT 2.4MG 3ML 1PC COPACK,420008829,0.7480,True,0.7741,0.7480,0.7599,3,True,False,3
989,PROXYM -ER 300 TAB 1*10,PROXYM ER 200 TABLETS,424441015,PROXYM,PROXYM ER  TABLETS,424441016,PROXYM 300 TABLETS,424440535,0.8529,True,PROXYM ER 200 TABLETS 15 T,424441863,0.8344,True,PROXYM ER TABLET 1X15T,424441862,0.8226,True,0.8529,0.8226,0.8366,3,True,False,3
990,LOBACOR 510T 10T,LOBACOR 5 TABLET,421112056,LOBACOR,LOBACOR 10 TABLET,421112055,LOPRESOR 50 10X10 T,420120022,0.7806,False,LOPRESOR 100 10X10 T,420120021,0.7759,False,VOVERAN D 10X10 T,420120041,0.7179,False,0.7806,0.7179,0.7581,0,False,False,3
991,LOBACOR 510T 10T,LOBACOR 5 TABLET,421112056,LOBACOR,LOBACOR 10 TABLET,421112055,LOPRESOR 50 10X10 T,420120022,0.7806,False,LOPRESOR 100 10X10 T,420120021,0.7759,False,VOVERAN D 10X10 T,420120041,0.7179,False,0.7806,0.7179,0.7581,0,False,False,3
992,GALACT LACTATION GRANULES CHOCOLATE 400GM,GALACT GRANULES 400 GM CHOCOLATE,421112876,GALACT,GALACT PLUS LACTATION BAR 15x20GM,421112942,GALACT GRANULES 600GM CHOCOLATE,421113039,0.9021,True,GALACT GRANULES 400GM ELAICHI,421113094,0.8791,True,GALACT GRANULES CHOCOLATE,421112647,0.8622,True,0.9021,0.8622,0.8811,3,True,False,3
993,GALACT LACTATION GRANULES ELAICHI 400GM,GALACT GRANULES 400GM ELAICHI,421113094,GALACT,GALACT PLUS LACTATION BAR 15x20GM,421112942,GALACT GRANULES 600GM ELAICHI,421113037,0.9152,True,GALACT GRANULES 10GM ELAICHI,421112986,0.8782,True,GALACT GRANULE 200 GM ELAICHI,421112871,0.8649,True,0.9152,0.8649,0.8861,3,True,False,3
994,TEMSAN H 15TAB 1X15TAB,TEMSAN H TABLETS 1X15 T,424441191,TEMSAN,TEMSAN 80 H TABLETS 1X15T,424441192,TEMSAN - AM TABLETS 1X15T,424441539,0.8584,True,TEMSAN AM-5 TABLETS 1X15 T,421111794,0.8224,True,TEMSAN LN TABLET 10x15T,421112933,0.8088,True,0.8584,0.8088,0.8299,3,True,False,3
995,VYLDA-DM100/1000/11X10TAB,VYLDA DM 100/5/1000 TABLET 1x10T,421112639,VYLDA,VYLDA DM 100/10/1000 TABLET 1x10T,421112889,VYLDA DM 100/10/500 TABLET 1x10T,421112888,0.8597,True,VYLDA DM 100/5/500 TABLET 1x10T,421112638,0.8544,True,VYLDA D100/10 TABLET 1X10T,421112886,0.8484,True,0.8597,0.8484,0.8542,3,True,False,3
996,PROXYM ER 300 MG 1X15TAB,PROXYM ER 200 TABLETS 15 T,424441863,PROXYM,PROXYM ER TABLET 1X15T,424441862,PROXYM GEL 30 GM,421112498,0.8235,True,PROXYM ER 200 TABLETS,424441015,0.8157,True,PROXYM ER  TABLETS,424441016,0.8112,True,0.8235,0.8112,0.8168,3,True,False,3
997,NUMLO D 115 115TAB,NUMLO-D TABLET 1X15 T,424441202,NUMLO,NUMLO-D TABLET,421110384,NUMLO-D 5 TABLET,424440017,0.7610,True,NUMLO-D 5 TABLET 1x15 T,424441201,0.7534,True,NUMLO-AT TABLET 1X15 T,424441936,0.7442,True,0.7610,0.7442,0.7529,3,True,False,3
998,S NUMLO 5 115 115TAB,S-NUMLO 5 MG TABLET 1x15 T,424441204,S-NUMLO,S-NUMLO 5 MG TABLET,424440012,NUMLO-D 5 TABLET,424440017,0.7715,False,NUMLO-D 5 TABLET 1x15 T,424441201,0.7650,False,NUMLO-TM 5 TABLETS,421110630,0.7567,False,0.7715,0.7567,0.7644,0,False,False,3
999,OROFER CAP 1X10EM21 1*10,OROFER S INJECTION 2.5 ML,421111536,OROFER,OROFER CAPSULES,424440351,MECOVON CAPS. 10X10C,420030187,0.7693,False,OROFER D3 TABLETS 1X10 T,424442021,0.7572,True,OROFER S 200 INJECTION 10 ML,421111388,0.7526,True,0.7693,0.7526,0.7597,2,False,False,3
1000,NUMLO TM TAB 1X15NU5 1X15,NUMLO-TM TABLETS 1X15 T,421112129,NUMLO,NUMLO-TM 5 TABLETS 1X15 T,421112128,NUMLO-AT TABLET 1X15 T,424441936,0.8746,True,NUMLO-D TABLET 1X15 T,424441202,0.8568,True,NUMLO-D 5 TABLET 1x15 T,424441201,0.8385,True,0.8746,0.8385,0.8566,3,True,False,3
1001,EMSITA M SR 100/1000 TAB 1X10EMUU01008 1 *10,EMSITA M SR 100/1000 1X10T,421112596,EMSITA,EMSITA M SR 100/500 TABLET 1x10T,421112619,EMLINZ M 2.5/1000 TAB 1X10T,429991542,0.8505,False,EMSITA D 100/10 TABLET 1X10T,421112882,0.8345,True,EMSITA GM 50/1/1000 TABLET 10x10T,421112697,0.8199,True,0.8505,0.8199,0.8350,2,False,False,3
1002,FERIUM 1 K INJ 1X1FRUM01 1 X1,FERIUM INJECTION 1K (1GM/20ML),421111885,FERIUM,FERIUM INJECTION 500MG,421110953,LANCURE I.V. 1X300 ML,421110934,0.7531,False,EMSTAR 1 GM INJ 1 VIAL,421110944,0.7387,False,FERRIC CARBOXYMALTOSE INJ 1G/20ML,420007076,0.7262,False,0.7531,0.7262,0.7393,0,False,False,3
1003,NUCORIL 5 MG TAB 1X30NUC5 1X30,NUCORIL - 5 TABLETS 1X30 T,424440492,NUCORIL,NUCORIL 5 MG TAB 20,424440893,NUCORIL - 5 TABLETS 1X10 T,424441444,0.8847,True,S-NUMLO 5 MG TABLET 1x15 T,424441204,0.8321,False,NAPROXEN TAB 500 MG 10X2X10T,421112839,0.8197,False,0.8847,0.8197,0.8455,1,False,False,3
1004,ASOMEX 1.25 MG TAB 1X15EMC 1X15,ASOMEX 1.25 TABLETS 1X15T,424440754,ASOMEX,ASOMEX 1.25 MG TABLET,424440001,ASOMEX AT 2.5 MG TABLET 1X15T,424441921,0.8967,True,ASOMEX AT 5 MG TABLET 1X15T,424441922,0.8908,True,ASOMEX 2.5 MG TABLET 1X15T,424441736,0.8859,True,0.8967,0.8859,0.8911,3,True,False,3
1005,ASOMEX LT TAB 1X15EM5 1*15,ASOMEX LT TABLET 1X15T,424440761,ASOMEX,ASOMEX LT 5 MG TABLET,421111036,ASOMEX D TABLET 1x15T,424440759,0.8465,True,ASOMEX 1.25 TABLETS 1X15T,424440754,0.8331,True,ASOMEX D 5 TABLET 1x15T,424440760,0.8290,True,0.8465,0.8290,0.8362,3,True,False,3
1006,OSTERI INJ 600 MCG PFS PENOST1 PEN,OSTERI INJ.600MCG /2.4MLPEN DEVICE,421112507,OSTERI,OSTERI INJECTION 750 MCG PFS,421111655,PEGEX 6 MG INJ 1 PFS,422220252,0.7548,False,XGRAST 300 MCG INJ 1 PFS,492220092,0.7380,False,EMGRAST 300 MCG INJ 1 PFS,422220194,0.7377,False,0.7548,0.7377,0.7435,0,False,False,3
1007,PROXYM ER 300 TAB 1X15PRT 1X15,PROXYM ER 200 TABLETS 15 T,424441863,PROXYM,PROXYM ER TABLET 1X15T,424441862,PROXYM XT TABLET 1X15T,424441838,0.8443,True,PROXYM ER 200 TABLETS,424441015,0.8073,True,PROXYM 300 TABLETS,424440535,0.8059,True,0.8443,0.8059,0.8192,3,True,False,3
1008,PANPURE DSR CAP 1X10EM45 1*10,PANPURE DSR CAPSULE 10X15C,421113181,PANPURE,PANPURE DSR CAPSULES,424440052,ZOSECTA DSR CAPSULE 10x15C,421113167,0.7710,False,PANSA DSR CAPSULES,427770201,0.7587,False,PANSALVE DSR CAPSULES 1 X 15 C,421112840,0.7544,False,0.7710,0.7544,0.7614,0,False,False,3
1009,SYLATE T 500 MG TAB 1X10EM53 1*10,SYLATE T 500 TABLET,421110143,SYLATE,SYLATE TABLET 500 MG,424441083,SYLATE M TABLET 500 MG,421110142,0.8721,True,NAPROXEN TAB 500 MG 10X2X10T,421112839,0.8720,False,PRASUMAX-5 TABS 1X10 T,429990891,0.8423,False,0.8721,0.8423,0.8621,1,False,False,3
1010,EMPRI 25MG TABLET 10X10T 10*10T,EMPRI L 25/5MG TABLET 10x10T,421113070,EMPRI,EMPRI 25MG TABLET 10x10T,421113068,EMPRI 10MG TABLET 10x10T,421113067,0.9605,True,EMPRI L 10/5MG TABLET 10x10T,421113069,0.9569,True,EMPRI M 12.5/1000MG TABLET 10x10T,421113072,0.9424,True,0.9605,0.9424,0.9533,3,True,False,3
1011,SYLATE T 500MG TAB. 1X10 EE179 1*10,SYLATE T 500 TABLET,421110143,SYLATE,SYLATE TABLET 500 MG,424441083,SYLATE M TABLET 500 MG,421110142,0.8489,True,NAPROXEN TAB 500 MG 10X2X10T,421112839,0.8407,False,PRASUMAX-5 TABS 1X10 T,429990891,0.8322,False,0.8489,0.8322,0.8406,1,False,False,3
1012,OROFER S 2.5 M.L 2MLEE294 2ML,OROFER S INJECTION 2.5 ML,421111536,OROFER,OROFER CAPSULES,424440351,OROFER S 200 INJECTION 10 ML,421111388,0.7702,True,OROFER S 100 INJECTION,421111537,0.7511,True,OROFER SYRUP 150 ML,424441435,0.7496,True,0.7702,0.7496,0.7570,3,True,False,3
1013,OROFER CAP 1X10 EEO02 1*10,OROFER S INJECTION 2.5 ML,421111536,OROFER,OROFER CAPSULES,424440351,OROFER S 200 INJECTION 10 ML,421111388,0.7496,True,MECOVON CAPS. 10X10C,420030187,0.7488,False,VITASONIC Q 300 CAP.1X10C,429920030,0.7483,False,0.7496,0.7483,0.7489,1,False,False,3
1014,OROFER XT BIG SUSPENSION 1X200MLEE45 1 *200ML,OROFER XT + SUSPENSION 200 ML,424441225,OROFER,OROFER XT SUSPENSION 150 ML,424440590,NORMET XT SUSPENSION 30 ML,421110283,0.8252,False,FERIUM XT + SUSPENSION 200 ML,424441727,0.8195,False,CALOBUILD SUSPENSION 200 ML,423330750,0.8066,False,0.8252,0.8066,0.8171,0,False,False,3
1015,EPITRIL.25 TAB 1X10TAB,EPITRIL 0.25 MG TABLET,424441023,EPITRIL,EPITRIL 1 MG TABLET,424441025,EPITRIL MD 0.25 MG TABLET 10X10T,421111786,0.8662,True,EPITRIL BETA 0.25 TABLETS 10X10T,421112140,0.8541,True,EPITRIL MD 0.5 MG TABLET 10X10T,421111787,0.8438,True,0.8662,0.8438,0.8547,3,True,False,3
1016,EMPRI 25 TABLET 10 NOS,EMPRI L 25/5MG TABLET 10x10T,421113070,EMPRI,EMPRI 10MG TABLET 10x10T,421113067,EMTRI 30 TABLET,491110214,0.8605,False,EMPRI TABLET,421110405,0.8558,True,EMDUO 30 TABLET,491110005,0.8503,False,0.8605,0.8503,0.8555,1,False,False,3
1017,NUMLO TM 5 TAB15NOS 15 NOS,NUMLO-TM 5 TABLETS 1X15 T,421112128,NUMLO,NUMLO-TM 5 TABLETS,421110630,NUMLO-AT TABLET 1X15 T,424441936,0.8233,True,NUMLO-TM TABLETS 1X15 T,421112129,0.8031,True,NUMLO-D TABLET 1X15 T,424441202,0.7995,True,0.8233,0.7995,0.8086,3,True,False,3
1018,S NUMLO 5 TAB15NOS,S-NUMLO 5 MG TABLET 1x15 T,424441204,S-NUMLO,S-NUMLO 5 MG TABLET,424440012,NUMLO-AT TABLET 1X15 T,424441936,0.8254,False,NUMLO-D 5 TABLET 1x15 T,424441201,0.8118,False,NUMLO-TM 5 TABLETS 1X15 T,421112128,0.8095,False,0.8254,0.8095,0.8156,0,False,False,3
1019,TEMSAN 20 TAB15NOS,TEMSAN 20 MG TABLETS 10x15T,424441698,TEMSAN,TEMSAN 20 MG. TABLETS,424440932,TEMSAN - AM TABLETS 1X15T,424441539,0.8120,True,TEMSAN H TABLETS 1X15 T,424441191,0.8097,True,TEMSAN 80 H TABLETS 1X15T,424441192,0.8030,True,0.8120,0.8030,0.8082,3,True,False,3
1020,PROXYM ER 300 TAB 15 NOS,PROXYM ER 200 TABLETS 15 T,424441863,PROXYM,PROXYM ER TABLET 1X15T,424441862,PROXYM 300 TABLETS,424440535,0.8367,True,PROXYM ER 200 TABLETS,424441015,0.8285,True,PROXYM 200 TABLET,424440534,0.8112,True,0.8367,0.8112,0.8255,3,True,False,3
1021,ASOMEX D TABLET15NOS 15 NOS,ASOMEX D TABLET 1x15T,424440759,ASOMEX,ASOMEX D TABLET,424440007,ASOMEX D 5 TABLET,424440008,0.8851,True,ASOMEX D 5 TABLET 1x15T,424440760,0.8766,True,ASOMEX R TABLET,421110889,0.8688,True,0.8851,0.8688,0.8768,3,True,False,3
1022,ASOMEX LT 2.5 TABLET 15 NOS,ASOMEX LT TABLET 1X15T,424440761,ASOMEX,ASOMEX LT 2.5 MG TABLET,424440489,ASOMEX R TABLET,421110889,0.8752,True,ASOMEX D 5 TABLET,424440008,0.8510,True,ASOMEX D TABLET 1x15T,424440759,0.8415,True,0.8752,0.8415,0.8559,3,True,False,3
1023,TAPIC EM 4.5GM INJECTION 1X1VIAL,TAPICEM 4.5 GM INJECTION,421112178,TAPIC EM,TAPIC EM 1.125 GM INJECTION,421111530,TAPIC INJECTION 4.5 gm,420000604,0.8848,False,TAPIC 2.25 GM INJECTION,420000808,0.8390,False,EMUCIN INJECTION 4 GM,421112495,0.8198,False,0.8848,0.8198,0.8479,0,False,False,3
1024,RAMIPRO CAPS.5MG 1X10,RAMIPRO CAPS.5 MG,424441061,RAMIPRO,RAMIPRO CAPS.2.50,424441060,RAMIPRO CAPSULES 1.25 MG,421110309,0.8184,True,APIXABAN TABLETS 5 MG 10 X 10T,420004071,0.8148,False,S-NUMLO 5 MG TABLET 1x15 T,424441204,0.7980,False,0.8184,0.7980,0.8104,1,False,False,3
1025,IRBEZ TABLETS 1X10,IRBEZ - 6 10X10 T,420000254,IRBEZ,IRBEZ TABLETS,421110622,EMANZEN TBR TABLETS 1X10 T,421112228,0.8693,False,INBEC TABLETS 1X90T,424441554,0.8676,False,BACTICURE 250 TABLETS 1X10 T,421112223,0.8670,False,0.8693,0.8670,0.8680,0,False,False,3
1026,COGNITRAC 60MG INJ 60MG 1X60MG,COGNITRAC L INJECTION,421112018,COGNITRAC,COGNITRAC INJECTION 60 MG,421112017,CORTIMAX 1 MG  10X6 T,423330235,0.7973,False,CORTIMAX 18 MG  10X6 T,423330279,0.7755,False,PEGEX 6 MG INJ 1 PFS,422220252,0.7744,False,0.7973,0.7744,0.7824,0,False,False,3
1027,EMCOLZ 0.25 MG TAB 1X10,EMCLOZ 0.25MG TABLET,,,EMCLOZ 0.25MG TABLET,424441289,EMRAXI 0.25 MG TABLET 1x10T,421112952,0.8848,False,EMRAXI 0.5 MG TABLET 1x10T,421112953,0.8694,False,EMCLOZ 0.5MG TABLET,424441290,0.8543,False,0.8848,0.8543,0.8695,0,False,False,3
1028,EMCOLZ 0.5 MG TAB 1X10,EMCLOZ 0.5MG TABLET,,,EMCLOZ 0.5MG TABLET,424441290,EMRAXI 0.5 MG TABLET 1x10T,421112953,0.8879,False,EMRAXI 0.25 MG TABLET 1x10T,421112952,0.8694,False,EMCLOZ 0.25MG TABLET,424441289,0.8548,False,0.8879,0.8548,0.8707,0,False,False,3
1029,EPITRIL .5 MG TAB 1X10,EPITRIL 0.5 MG TABLET,424441024,EPITRIL,EPITRIL 1 MG TABLET,424441025,EPITRIL MD 0.5 MG TABLET 10X10T,421111787,0.9145,True,EPITRIL MD 0.25 MG TABLET 10X10T,421111786,0.9009,True,EPITRIL MD 1 MG TABLET 10X10T,421111788,0.8884,True,0.9145,0.8884,0.9013,3,True,False,3
1030,EPITRIL BETA .5 TAB 1X10,EPITRIL BETA 0.5 TABLETS,421112141,EPITRIL,EPITRIL BETA 0.25 TABLETS 10X10T,421112140,EPITRIL MD 0.5 MG TABLET 10X10T,421111787,0.8620,True,EPITRIL MD 0.25 MG TABLET 10X10T,421111786,0.8519,True,EPITRIL MD 1 MG TABLET 10X10T,421111788,0.8478,True,0.8620,0.8478,0.8539,3,True,False,3
1031,EPITRIL.25MG TAB 1X10,EPITRIL 0.25 MG TABLET,424441023,EPITRIL,EPITRIL 1 MG TABLET,424441025,EPITRIL MD 0.25 MG TABLET 10X10T,421111786,0.9171,True,EPITRIL MD 0.5 MG TABLET 10X10T,421111787,0.8929,True,EPITRIL BETA 0.25 TABLETS 10X10T,421112140,0.8773,True,0.9171,0.8773,0.8958,3,True,False,3
1032,GALACT GRANULES(ELAC 400G,GALACT GRANULES 400GM ELAICHI,421113094,GALACT,GALACT GRANULES 400 GM KESAR,421112875,GALACT GRANULES,420000615,0.9135,True,GALACT GRANULES 600GM ELAICHI,421113037,0.9027,True,GALACT GRANULES 10GM ELAICHI,421112986,0.8628,True,0.9135,0.8628,0.8930,3,True,False,3
1033,GALACT GRANULES(ELAC 400G,GALACT GRANULES 400GM ELAICHI,421113094,GALACT,GALACT GRANULES 400 GM KESAR,421112875,GALACT GRANULES,420000615,0.9135,True,GALACT GRANULES 600GM ELAICHI,421113037,0.9027,True,GALACT GRANULES 10GM ELAICHI,421112986,0.8628,True,0.9135,0.8628,0.8930,3,True,False,3
1034,A-BEC 300MG 60S 60.00,A-BEC TABLET 60T,424441967,A-BEC,A BEC 300 MG TABLET 30s,424440872,ZIDINE 300 MG TABLET 60s,424441073,0.7961,False,BEMLO SYRUP 60 ML,420000418,0.7952,False,BEMLO TABLET 20 MG,420000417,0.7906,False,0.7961,0.7906,0.7940,0,False,False,3
1035,EFNOCAR MX 40/25 T 10T,EFNOCAR-T 40/40  TABLET,427770323,EFNOCAR,EFNOCAR-MX 40/25 TABLETS,423331446,EFNOCAR-T 20/40 TABLET,427770330,0.7744,True,EMSITA M 50/500 1X10T,421112586,0.7225,False,EMSITA M 50/1000 1X10T,421112587,0.7180,False,0.7744,0.7180,0.7383,1,False,False,3
1036,GALACT GRANULE ELAICHI,GALACT GRANULES 10GM ELAICHI,421112986,GALACT,GALACT GRANULES,420000615,GALACT GRANULE 200 GM ELAICHI,421112871,0.9130,True,GALACT GRANULES 600GM ELAICHI,421113037,0.8979,True,GALACT GRANULES 400GM ELAICHI,421113094,0.8927,True,0.9130,0.8927,0.9012,3,True,False,3
1037,PROXYM ER 300MG TA 10 S,PROXYM ER 200 TABLETS,424441015,PROXYM,PROXYM ER  TABLETS,424441016,PROXYM GEL 30 GM,421112498,0.8016,True,PROXYM ER 200 TABLETS 15 T,424441863,0.7907,True,PROXYM 300 TABLETS,424440535,0.7773,True,0.8016,0.7773,0.7899,3,True,False,3
1038,OSTERI 600MG INJ 1S,OSTERI INJ.600MCG /2.4MLPEN DEVICE,421112507,OSTERI,OSTERI INJECTION 750 MCG PFS,421111655,PEGEX 6 MG INJ 1 PFS,422220252,0.8224,False,GROS  260 MG INJ 1 VIAL,422220168,0.8137,False,EMSTAR 500 MG INJ 1 VIAL,421110943,0.8136,False,0.8224,0.8136,0.8166,0,False,False,3
1039,OSTERI INJ.600MCG/2.4MLPEN 600MCG,OSTERI INJ.600MCG /2.4MLPEN DEVICE,421112507,OSTERI,OSTERI INJECTION 750 MCG PFS,421111655,TASPIANCE INJ 180 MCG/0.5ML PFS,491110378,0.7554,False,PROTOTAL POW.200GM,421111281,0.7545,False,XGRAST  INJ 300 MCG/0.5 ML PFS,422220290,0.7490,False,0.7554,0.7490,0.7530,0,False,False,3
1040,OROFER XT 1X10EM24,OROFER XT TABLET,424441704,OROFER,OROFER XT DROPS,424441717,OROFER XT-Z TABLETS 1X10 T,424440112,0.8201,True,OROFER XT TABLET 1X30 T,424441705,0.8048,True,OROFER XT TABLET 1x15T,424442006,0.8019,True,0.8201,0.8019,0.8089,3,True,False,3
1041,OSTERI 600MCG INJ 1PEN,OSTERI INJ.600MCG /2.4MLPEN DEVICE,421112507,OSTERI,OSTERI INJECTION 750 MCG PFS,421111655,EMSTAR 1 GM INJ 1 VIAL,421110944,0.7516,False,EMGRAST 300 MCG INJ 1 PFS,422220194,0.7478,False,XGRAST 300 MCG INJ 1 PFS,492220092,0.7470,False,0.7516,0.7470,0.7488,0,False,False,3
1042,CARDACE-METO-550,CARDACE METO 5 TABLET 10x10T,421112901,CARDACE,CARDACE METO 2.5 TABLET 10x10T,421112900,CARDACE 1.25 MG TABLET 10x15T,421112890,0.7128,True,CARDACE 2.5 MG TABLET 10x15T,421112892,0.7037,True,PRESTOL PLUS 200 CAPSULE,423330825,0.6985,False,0.7128,0.6985,0.7050,2,False,False,3
1043,OSTERI INJ 600MCG/2. VAIL,OSTERI INJ.600MCG /2.4MLPEN DEVICE,421112507,OSTERI,OSTERI INJECTION 750 MCG PFS,421111655,LIF-TAZ FORTE INJ. 1.125 GM,421110090,0.7030,False,TASPIANCE INJ 180 MCG/0.5ML PFS,491110378,0.6841,False,XGRAST  INJ 300 MCG/0.5 ML PFS,422220290,0.6795,False,0.7030,0.6795,0.6889,0,False,False,3
1044,POVIZTRA FLXT .25MG 1PC,POVIZTRA FLXT 0.25MG 1.5ML 1PC COPACK,420008825,POVIZTRA,POVIZTRA FLXT 1MG 3ML 1PC COPACK,420008827,POVIZTRA FLXT 0.5MG 1.5ML 1PC COPACK,420008826,0.9201,True,POVIZTRA FLXT 1.7MG 3ML 1PC COPACK,420008828,0.9134,True,POVIZTRA FLXT 2.4MG 3ML 1PC COPACK,420008829,0.9023,True,0.9201,0.9023,0.9119,3,True,False,3
1045,AMARYL M F 10,AMARYL M FORTE 1MG TABLET 10x15T,421113132,AMARYL,AMARYL M 1MG TABLET 8x20T,421113130,AMARYL 1MG TABLET 10x30T,421113127,0.6999,True,AMARYL MV 1MG TABLET 10x15T,421113134,0.6999,True,AMARYL MV 2MG TABLET 10x15T,421113135,0.6931,True,0.6999,0.6931,0.6976,3,True,False,3
1046,AMARYL M F 10,AMARYL M FORTE 1MG TABLET 10x15T,421113132,AMARYL,AMARYL M 1MG TABLET 8x20T,421113130,AMARYL 1MG TABLET 10x30T,421113127,0.6999,True,AMARYL MV 1MG TABLET 10x15T,421113134,0.6999,True,AMARYL MV 2MG TABLET 10x15T,421113135,0.6931,True,0.6999,0.6931,0.6976,3,True,False,3
1047,ASOMEX 5 M 1X10,ASOMEX 5 MG TABLET,424440003,ASOMEX,ASOMEX - M 5 TABLETS 10X10 T,424441466,APRUV-5 4X5X10 T,420000014,0.8128,False,ASOMEX - M  TABLETS 10X10 T,424441465,0.8110,True,ASOMEX AT 5 MG TABLET 1X15T,424441922,0.7976,True,0.8128,0.7976,0.8071,2,False,False,3
1048,CARDACE 1. 10,CARDACE 10 MG TABLET 10x15T,421112891,CARDACE,CARDACE 1.25 MG TABLET 10x15T,421112890,CARDACE METO 2.5 TABLET 10x10T,421112900,0.7226,True,CARDACE PROTECT 2.5 TABLET 10x10T,421112902,0.7175,True,CARDACE PROTECT 5 TABLET 10x10T,421112903,0.7128,True,0.7226,0.7128,0.7176,3,True,False,3
1049,CARDACE 2. 10,CARDACE 2.5 MG TABLET 10x15T,421112892,CARDACE,CARDACE 1.25 MG TABLET 10x15T,421112890,CARDACE METO 2.5 TABLET 10x10T,421112900,0.7572,True,CARDACE PROTECT 2.5 TABLET 10x10T,421112902,0.7562,True,CARDACE H 2.5 TABLET 10x15T,421112898,0.7370,True,0.7572,0.7370,0.7501,3,True,False,3
1050,FERIUM XT 120M,FERIUM XT TABLET,424441702,FERIUM,FERIUM XT SUSPENSION,424440591,FERIUM XT DROPS 15 ML,424441719,0.7657,True,FERIUM XT + SUSPENSION 200 ML,424441727,0.7636,True,FERIUM XT DHA 7X1 KIT,424440135,0.7420,True,0.7657,0.7420,0.7571,3,True,False,3
1051,GALACT GRA 400G,GALACT GRANULES 400GM ELAICHI,421113094,GALACT,GALACT GRANULES 400 GM KESAR,421112875,GALACT GRANULES 400 GM CHOCOLATE,421112876,0.8435,True,GALACT GRANULES 600GM ELAICHI,421113037,0.8144,True,GALACT PLUS NUTRITION POWDER 400GM CHOCO,421113062,0.8005,True,0.8435,0.8005,0.8195,3,True,False,3
1052,LASIX 40TA 1X10,LASIX 40 MG TABLET 80x15T,421112913,LASIX,LASIX 40 MG/4ML INJECTION,421112912,LASILACTONE 50 TABLET 10x10T,421112911,0.8112,False,ZAPIXA 5 TABLETS 1X10 T,424441486,0.7956,False,TROXPRO TABLETS 10X10 T,424441359,0.7955,False,0.8112,0.7955,0.8008,0,False,False,3
1053,OROFER S 2 10ML,OROFER S INJECTION 2.5 ML,421111536,OROFER,OROFER CAPSULES,424440351,OROFER S 200 INJECTION 10 ML,421111388,0.8831,True,OROFER SYRUP 300 ML,424441446,0.8027,True,OROFER SYRUP 150 ML,424441435,0.7985,True,0.8831,0.7985,0.8281,3,True,False,3
1054,OROFER S 5 1X2.,OROFER S 100 INJECTION,421111537,OROFER,OROFER CAPSULES,424440351,OROFER S INJECTION 2.5 ML,421111536,0.7863,True,OROFER XT TABLET 1x15T,424442006,0.7213,True,OROFER XT-Z TABLETS 1X10 T,424440112,0.7212,True,0.7863,0.7212,0.7429,3,True,False,3
1055,GALACT GRANULES.(ELAI)400*,GALACT GRANULES 400GM ELAICHI,421113094,GALACT,GALACT GRANULES 400 GM CHOCOLATE,421112876,GALACT GRANULES 600GM ELAICHI,421113037,0.8990,True,GALACT GRANULES 400 GM KESAR,421112875,0.8974,True,GALACT GRANULES,420000615,0.8881,True,0.8990,0.8881,0.8948,3,True,False,3
1056,OSTERI INJ .600MCG/2.4ML,OSTERI INJ.600MCG /2.4MLPEN DEVICE,421112507,OSTERI,OSTERI INJECTION 750 MCG PFS,421111655,MAXTRA  SYP  60 ML,420030069,0.7568,False,MAXTRA P SYRUP 60ML,423331434,0.7554,False,TASPIANCE INJ 180 MCG/0.5ML PFS,491110378,0.7537,False,0.7568,0.7537,0.7553,0,False,False,3
1057,TEMSAN H 40/12.5 15 S,TEMSAN H TABLETS 1X15 T,424441191,TEMSAN,TEMSAN CT 40/12.5 MG TABLET 10X10,424441139,TEMSAN 40 MG. TABLETS,424440933,0.8005,True,TEMSAN 40 MG TABLETS 10x15T,424441699,0.7981,True,TEMSAN - 40 CV TABLETS,421110678,0.7955,True,0.8005,0.7955,0.7980,3,True,False,3
1058,XILIA-M2FORTE 10 S,XILIA - M 2 FORTE TABLETS,421110949,XILIA,XILIA - M 2 TABLETS,421110646,XILIA-MP 2 TABLETS,421110648,0.7578,True,XILIA - M 1 FORTE TABLETS,421110948,0.7484,True,XILIA - M 1 TABLETS,421110645,0.7396,True,0.7578,0.7396,0.7486,3,True,False,3
1059,NUMLO-D2.5 15S,NUMLO-D TABLET,421110384,NUMLO,NUMLO-D TABLET 1X15 T,424441202,NUMLO-AT TABLET 1X15 T,424441936,0.8143,True,NUMLO-D 5 TABLET,424440017,0.7938,True,NUMLO-D 5 TABLET 1x15 T,424441201,0.7932,True,0.8143,0.7932,0.8004,3,True,False,3
1060,OROFER FCM 1K INJE 10ML,OROFER FCM  INJECTION 1K,421111805,OROFER,OROFER FCM  INJECTION 500MG/10ML,421111114,OROFER FCM INJECTION 750MG/15ML,421112705,0.8056,True,FCMO INJECTION 1k/20ML,421112711,0.7703,False,HOSIT FCM INJECTION 1K,421112615,0.7684,False,0.8056,0.7684,0.7814,1,False,False,3
1061,TEMSAN 40MG TAB 10X15EMC028 10*15,TEMSAN 40 MG TABLETS 10x15T,424441699,TEMSAN,TEMSAN 40 MG. TABLETS,424440933,TEMSAN 20 MG TABLETS 10x15T,424441698,0.8976,True,TEMSAN CT 40/12.5 MG TABLET 10X10,424441139,0.8930,True,TEMSAN 80 MG TABLETS 10x15T,424441700,0.8845,True,0.8976,0.8845,0.8917,3,True,False,3
1062,TEMSAN 80MG TAB 10X15EMC030 10*15,TEMSAN 80 MG TABLETS 10x15T,424441700,TEMSAN,TEMSAN 80 MG. TABLETS,424440934,TEMSAN 20 MG TABLETS 10x15T,424441698,0.8941,True,TEMSAN 80 H TABLETS 1X15T,424441192,0.8900,True,TEMSAN 40 MG TABLETS 10x15T,424441699,0.8857,True,0.8941,0.8857,0.8899,3,True,False,3
1063,TEMSAN AM 5 TAB 10X15EMC150 10*15,TEMSAN AM-5 TABLETS 1X15 T,421111794,TEMSAN,TEMSAN - AM 5 TABLETS,421110956,TEMSAN LN TABLET 10x15T,421112933,0.8596,True,TEMSAN BS 2.5/40 TABLET 10x10T,421112702,0.8381,True,TEMSAN BS 5/40 TABLET 10x10T,421112703,0.8379,True,0.8596,0.8379,0.8452,3,True,False,3
1064,TEMSAN AM TAB 10X15EMC131 10 *15,TEMSAN - AM TABLETS 1X15T,424441539,TEMSAN,TEMSAN - AM TABLETS,421110955,TEMSAN LN TABLET 10x15T,421112933,0.8667,True,TEMSAN BS 2.5/40 TABLET 10x10T,421112702,0.8410,True,TEMSAN BS 5/40 TABLET 10x10T,421112703,0.8394,True,0.8667,0.8394,0.8490,3,True,False,3
1065,S-NUMLO 2.5 20X15EMC081 20 *15,S-NUMLO 2.5 MG TABLET 1x15 T,424441203,S-NUMLO,S-NUMLO 2.5 MG TABLET,424440011,NUMLO-AT TABLET 1X15 T,424441936,0.7820,False,NUMLO-TM TABLETS 1X15 T,421112129,0.7689,False,NUMLO-TM 5 TABLETS 1X15 T,421112128,0.7634,False,0.7820,0.7634,0.7714,0,False,False,3
1066,S-NUMLO 5 20X15EMC082 20*15,S-NUMLO 5 MG TABLET 1x15 T,424441204,S-NUMLO,S-NUMLO 5 MG TABLET,424440012,NUMLO-TM 5 TABLETS 1X15 T,421112128,0.7625,False,NUMLO-AT TABLET 1X15 T,424441936,0.7591,False,NUMLO-TM TABLETS 1X15 T,421112129,0.7538,False,0.7625,0.7538,0.7585,0,False,False,3
1067,ASOMEX 1.25 TAB 20X15EMC001 20 *15,ASOMEX 1.25 TABLETS 1X15T,424440754,ASOMEX,ASOMEX 1.25 MG TABLET,424440001,ASOMEX AT 2.5 MG TABLET 1X15T,424441921,0.8231,True,ASOMEX AT 5 MG TABLET 1X15T,424441922,0.8201,True,ASOMEX 2.5 MG TABLET 1X15T,424441736,0.8162,True,0.8231,0.8162,0.8198,3,True,False,3
1068,ASOMEX 2.5 TAB 20X15EMC002 20*15,ASOMEX 2.5 MG TABLET 1X15T,424441736,ASOMEX,ASOMEX 2.5 MG TABLET,424440002,ASOMEX 1.25 TABLETS 1X15T,424440754,0.8177,True,ASOMEX AT 2.5 MG TABLET 1X15T,424441921,0.8177,True,EMLINZ M 2.5/1000 TAB 1X10T,429991542,0.8117,False,0.8177,0.8117,0.8157,2,False,False,3
1069,ASOMEX 5MG TAB 20X15EMC003 20 *15,ASOMEX 5 MG TABLET 1x15T,424441737,ASOMEX,ASOMEX 5 MG TABLET,424440003,ASOMEX AT 5 MG TABLET 1X15T,424441922,0.8959,True,ASOMEX AT 2.5 MG TABLET 1X15T,424441921,0.8847,True,ASOMEX 2.5 MG TABLET 1X15T,424441736,0.8841,True,0.8959,0.8841,0.8882,3,True,False,3
1070,ASOMEX AT 2.5 TAB 10X15EMC004 10 *15,ASOMEX AT 2.5 MG TABLET 1X15T,424441921,ASOMEX,ASOMEX AT 2.5 MG TABLET,420000021,ASOMEX AT 5 MG TABLET 1X15T,424441922,0.8284,True,EMLINZ M 2.5/1000 TAB 1X10T,429991542,0.8110,False,ASOMEX 2.5 MG TABLET 1X15T,424441736,0.8051,True,0.8284,0.8051,0.8148,2,False,False,3
1071,ASOMEX AT 5 TAB 10X15EMC005 10 *15,ASOMEX AT 5 MG TABLET 1X15T,424441922,ASOMEX,ASOMEX AT 5 MG TABLET,424440006,ASOMEX AT 2.5 MG TABLET 1X15T,424441921,0.8235,True,EMLINZ M 2.5/1000 TAB 1X10T,429991542,0.8041,False,ASOMEX - M 5 TABLETS 10X10 T,424441466,0.8028,True,0.8235,0.8028,0.8101,2,False,False,3
1072,ASOMEX D 2.5MG TAB 10X15EMC034 10 *15,ASOMEX D TABLET 1x15T,424440759,ASOMEX,ASOMEX D TABLET,424440007,ASOMEX AT 2.5 MG TABLET 1X15T,424441921,0.8868,True,ASOMEX 2.5 MG TABLET 1X15T,424441736,0.8788,True,ASOMEX AT 5 MG TABLET 1X15T,424441922,0.8698,True,0.8868,0.8698,0.8785,3,True,False,3
1073,ASOMEX D 5MG TAB 10X15EMC035 10 *15,ASOMEX D 5 TABLET 1x15T,424440760,ASOMEX,ASOMEX D 5 TABLET,424440008,ASOMEX AT 5 MG TABLET 1X15T,424441922,0.8874,True,ASOMEX 2.5 MG TABLET 1X15T,424441736,0.8793,True,ASOMEX 5 MG TABLET 1x15T,424441737,0.8792,True,0.8874,0.8792,0.8820,3,True,False,3
1074,ASOMEX LT 2.5 10X15EMC006 10*15,ASOMEX LT TABLET 1X15T,424440761,ASOMEX,ASOMEX LT 2.5 MG TABLET,424440489,ASOMEX AT 2.5 MG TABLET 1X15T,424441921,0.7772,True,ASOMEX AT 5 MG TABLET 1X15T,424441922,0.7659,True,APRUV - LT  3X2X10 T,421110502,0.7629,False,0.7772,0.7629,0.7687,2,False,False,3
1075,ASOMEX TM 2.5 10X15EMC008 10*15,ASOMEX - TM TABLETS 1X15T,424441530,ASOMEX,ASOMEX - TM TABLETS,421110575,ASOMEX AT 2.5 MG TABLET 1X15T,424441921,0.7917,True,ASOMEX - TM 5 TABLETS 1X15T,421111383,0.7825,True,ASOMEX AT 5 MG TABLET 1X15T,424441922,0.7789,True,0.7917,0.7789,0.7844,3,True,False,3
1076,ASOMEX TM 5MG TAB 10X15EMC007 10 *15,ASOMEX - TM 5 TABLETS 1X15T,421111383,ASOMEX,ASOMEX - TM 5 TABLETS,421110576,ASOMEX AT 5 MG TABLET 1X15T,424441922,0.8893,True,ASOMEX 5 MG TABLET 1x15T,424441737,0.8799,True,ASOMEX 2.5 MG TABLET 1X15T,424441736,0.8752,True,0.8893,0.8752,0.8815,3,True,False,3
1077,VYLDA 50 2X15EMC198 2 *15,VYLDA TABLETS 1X15 T,424441803,VYLDA,VYLDA TABLET,424442008,VYLDA OD 50 TABLET 1X15T,421112490,0.7632,True,VYLDA-M 500 TABLETS  1X10 T,424441909,0.7502,True,NEVIR ER TBALET 1 X 30,424441482,0.7448,False,0.7632,0.7448,0.7527,2,False,False,3
1078,OROFER FCM INJECT 10MG,OROFER FCM  INJECTION 500MG/10ML,421111114,OROFER,OROFER FCM  INJECTION 1K,421111805,OROFER FCM INJECTION 750MG/15ML,421112705,0.9022,True,HOSIT FCM INJECTION 500MG/10ML,421112614,0.8774,False,FCMO INJECTION 500MG/10ML,421112709,0.8706,False,0.9022,0.8706,0.8834,1,False,False,3
1079,CORDARONE 200 TAB 10S,CORDARONE X 200 MG TABLET 10x15T,421112910,CORDARONE,CORDARONE 100 MG TABLET 20x15T,421112908,EXDUO 200 TABLET 10 T,424441901,0.7909,False,OSLOCURE 200 TABLET 20X10T,421112302,0.7658,False,ACEGABA GRS 300 TABLET 10T,421113194,0.7656,False,0.7909,0.7656,0.7741,0,False,False,3
1080,VYLDA DM 1000/10/50 10TAB,VYLDA DM 100/5/1000 TABLET 1x10T,421112639,VYLDA,VYLDA DM 100/10/1000 TABLET 1x10T,421112889,VYLDA DM 100/10/500 TABLET 1x10T,421112888,0.8474,True,VYLDA DM 100/5/500 TABLET 1x10T,421112638,0.8404,True,VYLDA-M 1000 TABLETS 1X10 T,424441911,0.8089,True,0.8474,0.8089,0.8322,3,True,False,3
1081,TEMSAN CT 40/6.25 10*10S,TEMSAN CT-6.25 TABLETS,421111887,TEMSAN,TEMSAN CT 40/12.5 MG TABLET 10X10,424441139,TEMSAN 40 MG TABLETS 10x15T,424441699,0.7968,True,TEMSAN CT TABLETS,421111094,0.7895,True,TEMSAN 40 MG. TABLETS,424440933,0.7800,True,0.7968,0.7800,0.7888,3,True,False,3
1082,NUCORIL-5 TAB 130 130,NUCORIL - 5 TABLETS 1X30 T,424440492,NUCORIL,NUCORIL 5 MG TAB 20,424440893,NUCORIL - 5 TABLETS 1X10 T,424441444,0.7969,True,NUCORIL OD TABLET,424440669,0.7823,True,NUMLOPAR 5 TABLETS,421110823,0.7575,False,0.7969,0.7575,0.7789,2,False,False,3
1083,LAZID TAB 60 S 60 S,LAZID TABLETS,491110216,LAZID,LAZID N TABLET 1x60 T,494440079,LAZID 150/300 MG TABLET 60s,424441072,0.8706,True,LAZID N TABLET,494440065,0.8228,True,GAZIN ER 60 TABLET,421111270,0.8023,False,0.8706,0.8023,0.8319,2,False,False,3
1084,OSTERI INJ 600 PEN 2.4ML,OSTERI INJ.600MCG /2.4MLPEN DEVICE,421112507,OSTERI,OSTERI INJECTION 750 MCG PFS,421111655,EXHEP PEN CARTRIDGE 300MG/3ML,421112829,0.7324,False,MAXTRA  SYP  60 ML,420030069,0.7189,False,POVIZTRA FLXT 2.4MG 3ML 1PC COPACK,420008829,0.7171,False,0.7324,0.7171,0.7228,0,False,False,3
1085,OROFER CAP 15S,OROFER S INJECTION 2.5 ML,421111536,OROFER,OROFER CAPSULES,424440351,OROFER DROPS 15 ML,421110180,0.7914,True,OROFER SYRUP 150 ML,424441435,0.7390,True,OROFER XT SUSPENSION 150 ML,424440590,0.7194,True,0.7914,0.7194,0.7499,3,True,False,3
1086,NUCORIL 5 MG 1X30T,NUCORIL - 5 TABLETS 1X30 T,424440492,NUCORIL,NUCORIL 5 MG TAB 20,424440893,NUCORIL - 5 TABLETS 1X10 T,424441444,0.8887,True,S-NUMLO 5 MG TABLET 1x15 T,424441204,0.8307,False,ASOMEX 2.5 MG TABLET 1x30T,424440094,0.8221,False,0.8887,0.8221,0.8472,1,False,False,3
1087,LAZID TAB60 60 Pcs,LAZID TABLETS,491110216,LAZID,LAZID N TABLET 1x60 T,494440079,LAZID 150/300 MG TABLET 60s,424441072,0.8581,True,NATRIEM 60 TABLET,424440775,0.8124,False,GAZIN ER 60 TABLET,421111270,0.7987,False,0.8581,0.7987,0.8231,1,False,False,3
1088,FERIUM 1K MG INJECTION\,FERIUM INJECTION 1K (1GM/20ML),421111885,FERIUM,FERIUM INJECTION 500MG,421110953,FERIUM INJECTION 750MG/15ML,421112706,0.8783,True,FERONIA-FCM 1000 MG INJECTION,423331600,0.8414,False,FERONIA IV 100 MG INJECTION,423330998,0.8311,False,0.8783,0.8311,0.8503,1,False,False,3
1089,ASOMEX LT 2.5MG TABS 1*15T,ASOMEX LT TABLET 1X15T,424440761,ASOMEX,ASOMEX LT 2.5 MG TABLET,424440489,ASOMEX AT 2.5 MG TABLET 1X15T,424441921,0.9237,True,ASOMEX AT 5 MG TABLET 1X15T,424441922,0.8977,True,ASOMEX 2.5 MG TABLET 1X15T,424441736,0.8931,True,0.9237,0.8931,0.9048,3,True,False,3
1090,RAMIPRO 5MG 10CAP PCS,RAMIPRO CAPS.5 MG,424441061,RAMIPRO,RAMIPRO CAPS.2.50,424441060,RAMIPRO CAPSULES 1.25 MG,421110309,0.8122,True,SANOXABAN 5 MG TABLET 10x10T,421112931,0.8040,False,APIXABAN TABLETS 5 MG 10 X 10T,420004071,0.8010,False,0.8122,0.8010,0.8057,1,False,False,3
1091,OROFER XT SYR 1x15,OROFER XT SUSPENSION 150 ML,424440590,OROFER,OROFER XT-DHA 7 X 1 KIT,424440118,OROFER XT TABLET 1x15T,424442006,0.8255,True,OROFER XT TABLET 1X30 T,424441705,0.7979,True,OROFER XT-Z TABLETS 1X10 T,424440112,0.7708,True,0.8255,0.7708,0.7981,3,True,False,3
1092,Emc OROFER XT DROPSNEW 1X15,OROFER XT DROPS,424441717,OROFER,OROFER XT TABLET 1x15T,424442006,ZEMCIFER - XT DROPS 15 ML,420500002,0.7087,False,EMILDAP M10/500 1X10T,421112860,0.7012,False,FERIUM XT DROPS 15 ML,424441719,0.6970,False,0.7087,0.6970,0.7023,0,False,False,3
1093,EMCUREXENNEX GALACT GRANULES 400GM 1X40,GALACT GRANULES 400GM ELAICHI,421113094,GALACT,GALACT GRANULES,420000615,GALACT GRANULES 400 GM KESAR,421112875,0.8293,True,GALACT GRANULES 600GM ELAICHI,421113037,0.8229,True,GALACT GRANULES 400 GM CHOCOLATE,421112876,0.8123,True,0.8293,0.8123,0.8215,3,True,False,3
1094,EMLEVO-500 TAB 10X15,EMLEVO 500 TABLET 1 X 15 T,421113002,EMLEVO,EMLEVO 500 TABLET,421112031,ENHEMO 500 TABLET 10x10T,424442072,0.8510,False,EMLINZ M 2.5/1000 TAB 1X10T,429991542,0.8465,False,EMVAL TABLET 10X10 T,492220087,0.8454,False,0.8510,0.8454,0.8476,0,False,False,3
1095,OSTERI INJ 600MG 2.4ML PEN 1 PC,OSTERI INJ.600MCG /2.4MLPEN DEVICE,421112507,OSTERI,OSTERI INJECTION 750 MCG PFS,421111655,PEMCURE 500 MG INJ 1 VIAL,421111011,0.7785,False,EMSTAR 500 MG INJ 1 VIAL,421110943,0.7694,False,CITAFINE 200 MG INJ 1 VIAL,422220161,0.7668,False,0.7785,0.7668,0.7716,0,False,False,3
1096,GALACT POW 400GM 1X400G,GALACT GRANULES 400GM ELAICHI,421113094,GALACT,GALACT PLUS NUTRITION POWDER 400GM CHOCO,421113062,GALACT GRANULES 400 GM KESAR,421112875,0.7997,True,GALACT GRANULES 400 GM CHOCOLATE,421112876,0.7918,True,GALACT CAPSULES 1x30C,421112745,0.7844,True,0.7997,0.7844,0.7920,3,True,False,3
1097,CARDACE 5.0MG 10X10 10,CARDACE 5 MG TABLET 10x15T,421112893,CARDACE,CARDACE 10 MG TABLET 10x15T,421112891,CARDACE 2.5 MG TABLET 10x15T,421112892,0.8783,True,CARDACE 1.25 MG TABLET 10x15T,421112890,0.8670,True,ENCURE 0.5 MG TABLET  10X10,424441408,0.8283,False,0.8783,0.8283,0.8579,2,False,False,3
1098,OSTERI INJ 600MCG 1.0,OSTERI INJ.600MCG /2.4MLPEN DEVICE,421112507,OSTERI,OSTERI INJECTION 750 MCG PFS,421111655,VINTOR 6000 IU INJ 1 PFS,422220118,0.7547,False,VINTOR 10000 IU INJ 1 PFS,422220120,0.7387,False,VINTOR 4000 IU INJ 1 PFS,422220108,0.7176,False,0.7547,0.7176,0.7370,0,False,False,3
1099,FERIUM 1 K INJ.,FERIUM INJECTION 1K (1GM/20ML),421111885,FERIUM,FERIUM INJECTION 500MG,421110953,FERRIC CARBOXYMALTOSE INJ 1G/20ML,420007076,0.7778,False,FERIUM INJECTION 750MG/15ML,421112706,0.7577,True,FERIUM DROPS 15 ML,421110068,0.7560,True,0.7778,0.7560,0.7638,2,False,False,3
1100,GALACT GRANULES.ELAICHI,GALACT GRANULES 10GM ELAICHI,421112986,GALACT,GALACT GRANULES,420000615,GALACT GRANULES 600GM ELAICHI,421113037,0.9159,True,GALACT GRANULES 400GM ELAICHI,421113094,0.9094,True,GALACT GRANULE 200 GM ELAICHI,421112871,0.8834,True,0.9159,0.8834,0.9029,3,True,False,3
1101,SYLATE-T 500 MG.TAB.,SYLATE T 500 TABLET,421110143,SYLATE,SYLATE TABLET 500 MG,424441083,SYLATE M TABLET 500 MG,421110142,0.9064,True,SYLATE T TABLET,420000603,0.8369,True,C-TRI T 500 MG TABLET,427770076,0.8263,False,0.9064,0.8263,0.8565,2,False,False,3
1102,GALACT GRAN - 400GM 1x400,GALACT GRANULES 400GM ELAICHI,421113094,GALACT,GALACT GRANULES 400 GM KESAR,421112875,GALACT GRANULES 400 GM CHOCOLATE,421112876,0.8416,True,GALACT GRANULE 200 GM ELAICHI,421112871,0.8269,True,GALACT GRANULES 600GM ELAICHI,421113037,0.8177,True,0.8416,0.8177,0.8287,3,True,False,3
1103,OROFER - FCM INJ 1x1,OROFER FCM  INJECTION 500MG/10ML,421111114,OROFER,OROFER FCM  INJECTION 1K,421111805,OROFER FCM INJECTION 750MG/15ML,421112705,0.8227,True,HOSIT FCM INJECTION 1K,421112615,0.7696,False,FCMO INJECTION 1k/20ML,421112711,0.7425,False,0.8227,0.7425,0.7783,1,False,False,3
1104,TAPIC EM 4.5 GM INJECTION,TAPICEM 4.5 GM INJECTION,421112178,TAPIC EM,TAPIC EM 1.125 GM INJECTION,421111530,TAPIC INJECTION 4.5 gm,420000604,0.9580,False,TAPIC 2.25 GM INJECTION,420000808,0.8917,False,TAZOTUM 4.5 GM INJECTION,423331199,0.8399,False,0.9580,0.8399,0.8965,0,False,False,3
1105,CARDACE 1.255X2X15 10 S,CARDACE 1.25 MG TABLET 10x15T,421112890,CARDACE,CARDACE 10 MG TABLET 10x15T,421112891,CARDACE H 2.5 TABLET 10x15T,421112898,0.8182,True,CARDACE AM 2.5 TABLET 10x15T,421112895,0.8131,True,CARDACE 2.5 MG TABLET 10x15T,421112892,0.8108,True,0.8182,0.8108,0.8140,3,True,False,3
1106,CARDACE AM 55X2X15BOX 10 S,CARDACE AM 5 TABLET 10x15T,421112896,CARDACE,CARDACE AM 10 TABLET 10x15T,421112894,CARDACE AM 2.5 TABLET 10x15T,421112895,0.8126,True,CARDACE H 2.5 TABLET 10x15T,421112898,0.7940,True,CARDACE H 5 TABLET 10x15T,421112899,0.7900,True,0.8126,0.7900,0.7989,3,True,False,3
1107,TEMSAN 20 MG TAB 10X15T,TEMSAN 20 MG TABLETS 10x15T,424441698,TEMSAN,TEMSAN 20 MG. TABLETS,424440932,TEMSAN 40 MG TABLETS 10x15T,424441699,0.9195,True,TEMSAN 80 MG TABLETS 10x15T,424441700,0.9153,True,TEMSAN CT 40/12.5 MG TABLET 10X10,424441139,0.9085,True,0.9195,0.9085,0.9144,3,True,False,3
1108,OROFER XT TABLET 5X15T,OROFER XT TABLET 1x15T,424442006,OROFER,OROFER XT TABLET,424441704,OROFER XT TABLET 1X30 T,424441705,0.9476,True,FERIUM XT TABLET 10x15T,424441955,0.8954,False,DAPAGZA 5 TABLET 1X15T,421112560,0.8863,False,0.9476,0.8863,0.9098,1,False,False,3
1109,PROXYM-ER 300 15S,PROXYM ER 200 TABLETS 15 T,424441863,PROXYM,PROXYM ER TABLET 1X15T,424441862,PROXYM 300 TABLETS,424440535,0.8071,True,PROXYM ER 200 TABLETS,424441015,0.7737,True,PROXYM GEL 30 GM,421112498,0.7717,True,0.8071,0.7717,0.7842,3,True,False,3
1110,FLAWLIZO MICRO 4 PUMP PACK 1,FLAWLIZO MICRO 0.04% GEL 15GM PUMP PACK,421113085,FLAWLIZO,FLAWLIZO MICRO 0.1% GEL 15GM PUMP PACK,421113083,FLAWLIZO MICRO 0.1% GEL 15GM TUBE PACK,421113050,0.7797,True,FLAWLIZO MICRO 0.04% GEL 15GM TUBE PACK,421113049,0.7780,True,DYDROFEM TABLET 1X30T,421112632,0.6963,False,0.7797,0.6963,0.7513,2,False,False,3
1111,CONSIUM 100 INJ UNSURE,CONSIUM 100(CARMUSTINE FOR INJ.),490310001,CONSIUM,DILUENT FOR CONSIUM 100 INJ,421112759,BIMODE 100 MG INJ 1 VIAL,421112202,0.6870,False,TASPIANCE INJ 180 MCG/0.5ML PFS,491110378,0.6853,False,GROS 100 MG INJ 1 VIAL,422220282,0.6850,False,0.6870,0.6850,0.6858,0,False,False,3
1112,ELIGARD 45 SPL UNSURE,ELIGARD 45 MG INJECTABLE SUSPENSION,491110288,ELIGARD,ELIGARD 45 MG DEPOT INJ.,492220086,ELIGARD 22.5MG DEPOT INJ,492220085,0.7061,True,ELIGARD 30 MG INJECTABLE SUSPENSION,421112685,0.6804,True,ELIGARD 7.5 MG INJECTABLE SUSPENSION,491110286,0.6775,True,0.7061,0.6775,0.6880,3,True,False,3
1113,CISCURE INJ 2.5ML,CISCURE 0.25 MG INJECTION,421110589,CISCURE,CISCURE  PFS,421112188,BIOCURE 2 MG INJ 1 VIAL,421112203,0.8201,False,PEMCURE 500 MG INJ 1 VIAL,421111011,0.7951,False,CITAFINE 200 MG INJ 1 VIAL,422220161,0.7777,False,0.8201,0.7777,0.7976,0,False,False,3
1114,OROFER XT + TABLET 30S 30S,OROFER XT + SUSPENSION 200 ML,424441225,OROFER,OROFER XT TABLET 1X30 T,424441705,OROFER XT TABLET,424441704,0.9184,True,OROFER XT TOTAL TABLET,424441708,0.8868,True,OROFER XT TABLET 1x15T,424442006,0.8620,True,0.9184,0.8620,0.8891,3,True,False,3
1115,"ASOMEX 5MG TAB 10S 10X15""",ASOMEX 5 MG TABLET 1x15T,424441737,ASOMEX,ASOMEX 5 MG TABLET,424440003,ASOMEX - M 5 TABLETS 10X10 T,424441466,0.9281,True,ASOMEX - M  TABLETS 10X10 T,424441465,0.9121,True,ENCURE 0.5 MG TABLET  10X10,424441408,0.8885,False,0.9281,0.8885,0.9096,2,False,False,3
1116,LASIX-40MG 15S 15X15,LASIX 40 MG TABLET 80x15T,421112913,LASIX,LASIX 40 MG/4ML INJECTION,421112912,TEMSAN 40 MG TABLETS 10x15T,424441699,0.8024,False,ASOMEX 2.5 MG TABLET 1X15T,424441736,0.7903,False,ASOMEX AT 5 MG TABLET 1X15T,424441922,0.7871,False,0.8024,0.7871,0.7933,0,False,False,3
1117,FERIUM 1K 1S,FERIUM INJECTION 1K (1GM/20ML),421111885,FERIUM,FERIUM DROPS 15 ML,421110068,FERIUM  365 CAPSULES,421110813,0.7619,True,FERIUM XT - Z TABLETS 1X10 T,424440134,0.7315,True,FERIUM INJECTION 500MG,421110953,0.7247,True,0.7619,0.7247,0.7394,3,True,False,3
1118,ASOMEX 5MG10X2X1515 S,ASOMEX 5 MG TABLET 1x15T,424441737,ASOMEX,ASOMEX 5 MG TABLET,424440003,ASOMEX AT 5 MG TABLET 1X15T,424441922,0.8988,True,ASOMEX 2.5 MG TABLET 1X15T,424441736,0.8825,True,ASOMEX AT 2.5 MG TABLET 1X15T,424441921,0.8823,True,0.8988,0.8823,0.8879,3,True,False,3
1119,ASOMEX AT2.55X2X1515 S,ASOMEX AT 2.5 MG TABLET 1X15T,424441921,ASOMEX,ASOMEX AT 2.5 MG TABLET,420000021,ESLO -AT TABLETS 5X2X15 T,427770143,0.8175,False,ASOMEX 1.25 TABLETS 1X15T,424440754,0.8074,True,ASOMEX AT 5 MG TABLET 1X15T,424441922,0.8019,True,0.8175,0.8019,0.8089,2,False,False,3
1120,ASOMEX D 5X2X1515 S,ASOMEX D 5 TABLET 1x15T,424440760,ASOMEX,ASOMEX D 5 TABLET,424440008,ESLO -AT TABLETS 5X2X15 T,427770143,0.8246,False,ASOMEX D TABLET 1x15T,424440759,0.8238,True,ASOMEX 1.25 TABLETS 1X15T,424440754,0.8207,True,0.8246,0.8207,0.8230,2,False,False,3
1121,ASOMEX-TM10X1515,ASOMEX - TM TABLETS 1X15T,424441530,ASOMEX,ASOMEX - TM TABLETS,421110575,ASOMEX - M  TABLETS 10X10 T,424441465,0.7835,True,ASOMEX - TM 5 TABLETS 1X15T,421111383,0.7697,True,ASOMEX D TABLET 1x15T,424440759,0.7570,True,0.7835,0.7570,0.7701,3,True,False,3
1122,ASOMEX-TM510X1515 S,ASOMEX - TM 5 TABLETS 1X15T,421111383,ASOMEX,ASOMEX - TM TABLETS,421110575,ASOMEX - TM TABLETS 1X15T,424441530,0.7648,True,ASOMEX D TABLET 1x15T,424440759,0.7519,True,ASOMEX LT TABLET 1X15T,424440761,0.7517,True,0.7648,0.7517,0.7561,3,True,False,3
1123,CALONAT-D31X15,CALONAT - D 3 TABLETS,424441177,CALONAT,CALONAT D TABLET,424440032,CALONAT XT TABLET 10x15T,421112769,0.7459,True,CALONAT - D3 GRANULES,421111197,0.7294,True,CALOSHELL SUSPENSION 150 ML,421110843,0.7242,False,0.7459,0.7242,0.7332,2,False,False,3
1124,FERIUM XT5X1515 S,FERIUM XT TABLET 10x15T,424441955,FERIUM,FERIUM XT TABLET,424441702,FERIUM XT SUSPENSION,424440591,0.7686,True,FERIUM XT DROPS 15 ML,424441719,0.7518,True,FERIUM XT - Z TABLETS 1X10 T,424440134,0.7471,True,0.7686,0.7471,0.7558,3,True,False,3
1125,OROFER XT5X1515 S,OROFER XT TABLET 1x15T,424442006,OROFER,OROFER XT DROPS,424441717,OROFER XT SUSPENSION 150 ML,424440590,0.7936,True,OROFER XT TABLET 1X30 T,424441705,0.7715,True,OROFER XT TABLET,424441704,0.7668,True,0.7936,0.7668,0.7773,3,True,False,3
1126,PAUSE 50010X1010TAS,PAUSE TABLET 500 MG,424441657,PAUSE,PAUSE INJECTION,424441951,PAUSE 1000 TABLETS 10x10T,424442023,0.8362,True,PAUSE-XT TABLETS,491110141,0.8012,True,PAUSE-SR TABLETS,491110123,0.7912,True,0.8362,0.7912,0.8095,3,True,False,3
1127,PROXYM ER30010X1515 S,PROXYM ER 200 TABLETS 15 T,424441863,PROXYM,PROXYM ER  TABLETS,424441016,PROXYM ER TABLET 1X15T,424441862,0.8453,True,PROXYM XT TABLET 1X15T,424441838,0.7782,True,PROXYM ER 200 TABLETS,424441015,0.7779,True,0.8453,0.7779,0.8005,3,True,False,3
1128,OSTERI INJ 600 600X2.4ML PCS,OSTERI INJ.600MCG /2.4MLPEN DEVICE,421112507,OSTERI,OSTERI INJECTION 750 MCG PFS,421111655,AXENTRI TABLETS 1X60T,424441069,0.7621,False,EOPTAL 600 TABLETS 10X10 T,421112257,0.7517,False,BACTICURE 500 TABLETS 1X6 T,421112224,0.7505,False,0.7621,0.7505,0.7548,0,False,False,3
1129,PROXYM 200ER 10TAB PCS,PROXYM ER 200 TABLETS,424441015,PROXYM,PROXYM 200 TABLET,424440534,PROXYM ER 200 TABLETS 15 T,424441863,0.8257,True,PROXYC - FT TABLETS 20X10,420000491,0.7935,False,PROXYM 300 TABLETS,424440535,0.7913,True,0.8257,0.7913,0.8035,2,False,False,3
1130,TEMSAN CT 40MG TAB 10TAB 10TA,TEMSAN CT 40/12.5 MG TABLET 10X10,424441139,TEMSAN,TEMSAN CT TABLETS,421111094,TEMSAN 40 MG TABLETS 10x15T,424441699,0.8760,True,TEMSAN 40 MG. TABLETS,424440933,0.8575,True,TEMSAN 20 MG TABLETS 10x15T,424441698,0.8534,True,0.8760,0.8534,0.8623,3,True,False,3
1131,ARMOD 50 15x15,ARMOD-50 TABLETS 1 x 15 T,424442060,ARMOD,ARMOD-50 TABLETS,424441213,ARMOD-150 TABLETS 1 x 15 T,424442061,0.8246,True,EMROFT - 50 30X10 T,420000175,0.7557,False,ESLO -AT TABLETS 5X2X15 T,427770143,0.7523,False,0.8246,0.7523,0.7775,1,False,False,3
1132,LOBACOR 5 TABS 10,LOBACOR 5 TABLET,421112056,LOBACOR,LOBACOR 10 TABLET,421112055,SIMSTAT 5 MG TAB 10,420000363,0.8111,False,SIMSTAT 10 MG TAB 10,421110138,0.7939,False,PRASUMAX-5 TABS 1X10 T,429990891,0.7833,False,0.8111,0.7833,0.7961,0,False,False,3
1133,GALACT GRANULES 400 1X400 GM,GALACT GRANULES 400GM ELAICHI,421113094,GALACT,GALACT GRANULES 400 GM CHOCOLATE,421112876,GALACT GRANULES 400 GM KESAR,421112875,0.8817,True,GALACT GRANULES,420000615,0.8722,True,GALACT GRANULES 600GM ELAICHI,421113037,0.8570,True,0.8817,0.8570,0.8703,3,True,False,3
1134,GALACT GRANULES 400MG 400MG,GALACT GRANULES 400GM ELAICHI,421113094,GALACT,GALACT GRANULES 400 GM CHOCOLATE,421112876,GALACT GRANULES 400 GM KESAR,421112875,0.9053,True,GALACT GRANULES 600GM ELAICHI,421113037,0.8736,True,GALACT GRANULES 600GM CHOCOLATE,421113039,0.8527,True,0.9053,0.8527,0.8772,3,True,False,3
1135,PROXYM-ER300 TABS 15 S,PROXYM ER 200 TABLETS 15 T,424441863,PROXYM,PROXYM ER TABLET 1X15T,424441862,PROXYM ER 200 TABLETS,424441015,0.8118,True,PROXYM 300 TABLETS,424440535,0.8105,True,PROXYM 200 TABLET,424440534,0.7826,True,0.8118,0.7826,0.8016,3,True,False,3
1136,TEMSAN 40MG TAB 10X15 10*15,TEMSAN 40 MG TABLETS 10x15T,424441699,TEMSAN,TEMSAN 40 MG. TABLETS,424440933,TEMSAN CT 40/12.5 MG TABLET 10X10,424441139,0.9131,True,TEMSAN 20 MG TABLETS 10x15T,424441698,0.9094,True,TEMSAN 80 MG TABLETS 10x15T,424441700,0.8995,True,0.9131,0.8995,0.9073,3,True,False,3
1137,OROFER XT MCP VAIL 1X130 1*30,OROFER XT TABLET 1X30 T,424441705,OROFER,OROFER XT DROPS,424441717,OROFER XT SUSPENSION 150 ML,424440590,0.7569,True,OROFER XT-Z TABLETS 1X10 T,424440112,0.7435,True,OROFER XT TABLET 1x15T,424442006,0.7431,True,0.7569,0.7431,0.7478,3,True,False,3
1138,OSTERI INJECTION 1X5,OSTERI INJ.600MCG /2.4MLPEN DEVICE,421112507,OSTERI,OSTERI INJECTION 750 MCG PFS,421111655,OSTERI INJECTION NEEDLES,421111705,0.8324,True,FULVIRA INJECTION 1X5 ML PFS,421112210,0.7505,False,ETS - 50 INJECTION 5X1 ML,420000218,0.7476,False,0.8324,0.7476,0.7768,1,False,False,3
1139,ASOMEX AT5MG 15S 15S,ASOMEX AT 2.5 MG TABLET 1X15T,424441921,ASOMEX,ASOMEX AT 5 MG TABLET 1X15T,424441922,ASOMEX 5 MG TABLET,424440003,0.8699,True,ASOMEX 5 MG TABLET 1x15T,424441737,0.8652,True,ASOMEX 2.5 MG TABLET 1X15T,424441736,0.8639,True,0.8699,0.8639,0.8663,3,True,False,3
1140,ASOMEX-D5MG TAB 10S 15S,ASOMEX D 5 TABLET 1x15T,424440760,ASOMEX,ASOMEX D 5 TABLET,424440008,ASOMEX D TABLET,424440007,0.8491,True,SIMSTAT 10 MG TAB 10,421110138,0.8376,False,SIMSTAT 5 MG TAB 10,420000363,0.8333,False,0.8491,0.8333,0.8400,1,False,False,3
1141,OSTERI INJ600 MCG/2.4ML PEN+NEEDLES 1S,OSTERI INJ.600MCG /2.4MLPEN DEVICE,421112507,OSTERI,OSTERI INJECTION NEEDLES,421111705,EMSTAR 1 GM INJ 1 VIAL,421110944,0.7295,False,EMSTAR 500 MG INJ 1 VIAL,421110943,0.7281,False,CITAFINE 1 GM INJ 1 VIAL,422220160,0.7218,False,0.7295,0.7218,0.7265,0,False,False,3
1142,FLAWLIZO MICRO 0.04 GELPUMP-15gm,FLAWLIZO MICRO 0.04% GEL 15GM PUMP PACK,421113085,FLAWLIZO,FLAWLIZO MICRO 0.04% GEL 15GM TUBE PACK,421113049,FLAWLIZO MICRO 0.1% GEL 15GM PUMP PACK,421113083,0.8898,True,FLAWLIZO MICRO 0.1% GEL 15GM TUBE PACK,421113050,0.8499,True,FLAWLIZO 0.025% CREAM 20GM,421113048,0.7529,True,0.8898,0.7529,0.8309,3,True,False,3
1143,NUMLO D5 TAB 1X15S,NUMLO-D 5 TABLET,424440017,NUMLO,NUMLO-D 5 TABLET 1x15 T,424441201,NUMLO-D TABLET 1X15 T,424441202,0.8724,True,NUMLO-AT TABLET 1X15 T,424441936,0.8690,True,NUMLO-TM 5 TABLETS 1X15 T,421112128,0.8316,True,0.8724,0.8316,0.8577,3,True,False,3
1144,PROXYM ER 300 TAB 1X15S,PROXYM ER 200 TABLETS 15 T,424441863,PROXYM,PROXYM ER TABLET 1X15T,424441862,PROXYM XT TABLET 1X15T,424441838,0.8495,True,PROXYM 300 TABLETS,424440535,0.8268,True,PROXYM ER 200 TABLETS,424441015,0.8120,True,0.8495,0.8120,0.8294,3,True,False,3
1145,ASOMEX 1.25MG TAB 1X15S,ASOMEX 1.25 TABLETS 1X15T,424440754,ASOMEX,ASOMEX 1.25 MG TABLET,424440001,ASOMEX AT 2.5 MG TABLET 1X15T,424441921,0.9163,True,ASOMEX 2.5 MG TABLET 1X15T,424441736,0.9085,True,ASOMEX AT 5 MG TABLET 1X15T,424441922,0.9059,True,0.9163,0.9059,0.9102,3,True,False,3
1146,OSTERI INJ 600 MCG /2.4 ML PEN,OSTERI INJ.600MCG /2.4MLPEN DEVICE,421112507,OSTERI,OSTERI INJECTION 750 MCG PFS,421111655,RTCARB INJ 100 mcg/ml,421112610,0.7273,False,AUGPEN I.V. 600 MG INJECTION,423331091,0.7245,False,EXHEP PEN CARTRIDGE 300MG/3ML,421112829,0.7233,False,0.7273,0.7233,0.7250,0,False,False,3
1147,SYLATE-T 500MG TAB 10 T,SYLATE T 500 TABLET,421110143,SYLATE,SYLATE TABLET 500 MG,424441083,SYLATE M TABLET 500 MG,421110142,0.8779,True,CELLCEPT 500MG TABLET 10T,420008971,0.8418,False,SYLATE T TABLET,420000603,0.8412,True,0.8779,0.8412,0.8536,2,False,False,3
1148,AMARYL MV215TAB 1X15TAB,AMARYL MV 2MG TABLET 10x15T,421113135,AMARYL,AMARYL MV 1MG TABLET 10x15T,421113134,EMLINZ M 2.5/1000 TAB 1X10T,429991542,0.7587,False,AMARYL M 1MG TABLET 8x20T,421113130,0.7533,True,EMILDAP M10/500 1X10T,421112860,0.7496,False,0.7587,0.7496,0.7539,1,False,False,3
1149,TEMSAN-H TAB 115(1015)BOX,TEMSAN H TABLETS 1X15 T,424441191,TEMSAN,TEMSAN H TABLETS,424440638,TEMSAN BS 2.5/40 TABLET 10x10T,421112702,0.7623,True,TEMSAN BS 5/40 TABLET 10x10T,421112703,0.7620,True,TEMSAN LN TABLET 10x15T,421112933,0.7529,True,0.7623,0.7529,0.7591,3,True,False,3
1150,OROFER XT BOX,OROFER XT TABLET,424441704,OROFER,OROFER XT DROPS,424441717,OROFER XT TABLET 1X30 T,424441705,0.8073,True,OROFER XT TOTAL TABLET,424441708,0.8028,True,OROFER XT TABLET 1x15T,424442006,0.7951,True,0.8073,0.7951,0.8017,3,True,False,3
1151,TEMSAN-80 TAB 115(1015)BOX,TEMSAN 80 MG TABLETS 10x15T,424441700,TEMSAN,TEMSAN 80 MG. TABLETS,424440934,TEMSAN BS 5/40 TABLET 10x10T,421112703,0.7612,True,TEMSAN BS 2.5/40 TABLET 10x10T,421112702,0.7610,True,EXDUO 200 TABLET 10 T,424441901,0.7548,False,0.7612,0.7548,0.7590,2,False,False,3
1152,OROFER-XT SUSP. 200 ML,OROFER XT + SUSPENSION 200 ML,424441225,OROFER,OROFER XT DROPS,424441717,OROFER XT SUSPENSION 150 ML,424440590,0.8538,True,OROFER S 200 INJECTION 10 ML,421111388,0.8505,True,OROFER S INJECTION 2.5 ML,421111536,0.8297,True,0.8538,0.8297,0.8447,3,True,False,3
1153,OSTERI INJ.600MCG/2.4 ML 2.4 ML,OSTERI INJ.600MCG /2.4MLPEN DEVICE,421112507,OSTERI,OSTERI INJECTION 750 MCG PFS,421111655,MAXTRA  SYP  60 ML,420030069,0.7407,False,PROTOTAL POW.200GM,421111281,0.7308,False,MAXTRA GARGLE 120 ML,423331303,0.7308,False,0.7407,0.7308,0.7341,0,False,False,3
1154,PROXYM ER 300 10X10,PROXYM ER 200 TABLETS,424441015,PROXYM,PROXYM ER  TABLETS,424441016,PROXYM ER TABLET 1X15T,424441862,0.8167,True,PROXYC - FT TABLETS 20X10,420000491,0.8032,False,EOPTAL 300 TABLETS 10X10 T,421112255,0.7724,False,0.8167,0.7724,0.7974,1,False,False,3
1155,AMARYL-M1FORTE 1X15,AMARYL M FORTE 1MG TABLET 10x15T,421113132,AMARYL,AMARYL M 1MG TABLET 8x20T,421113130,AMARYL MV 1MG TABLET 10x15T,421113134,0.7578,True,AMARYL 2MG TABLET 15x30T,421113128,0.7459,True,AMARYL 1MG TABLET 10x30T,421113127,0.7372,True,0.7578,0.7372,0.7470,3,True,False,3
1156,OROFER XT PLUSSYP 200ML.,OROFER XT + SUSPENSION 200 ML,424441225,OROFER,OROFER XT DROPS,424441717,OROFER XT SUSPENSION 150 ML,424440590,0.8329,True,OROFER S 200 INJECTION 10 ML,421111388,0.8177,True,OROFER SYRUP 150 ML,424441435,0.8008,True,0.8329,0.8008,0.8171,3,True,False,3
1157,GALACT GRAN.400GM ELICHI 1*400GM,GALACT GRANULES 400GM ELAICHI,421113094,GALACT,GALACT GRANULES 400 GM KESAR,421112875,GALACT GRANULES 600GM ELAICHI,421113037,0.8376,True,GALACT GRANULE 200 GM ELAICHI,421112871,0.8223,True,GALACT GRANULES 400 GM CHOCOLATE,421112876,0.8058,True,0.8376,0.8058,0.8219,3,True,False,3
1158,NUCORIL-5MG TAB 30T,NUCORIL - 5 TABLETS 1X30 T,424440492,NUCORIL,NUCORIL 5 MG TAB 20,424440893,NUCORIL - 5 TABLETS 1X10 T,424441444,0.8354,True,VINCORT TABLET 30 MG,422220027,0.8109,False,NUCORIL OD TABLET,424440669,0.8104,True,0.8354,0.8104,0.8189,2,False,False,3
1159,PROXYM ER 15 T,PROXYM ER TABLET 1X15T,424441862,PROXYM,PROXYM ER 200 TABLETS 15 T,424441863,PROXYM ER  TABLETS,424441016,0.8084,True,PROXYM ER 200 TABLETS,424441015,0.7985,True,PROXYM-XT TABLETS,424441021,0.7563,True,0.8084,0.7563,0.7877,3,True,False,3
1160,AMARYL-M28X20 1X20,AMARYL M 2MG TABLET 8x20T,421113131,AMARYL,AMARYL M 1MG TABLET 8x20T,421113130,AMARYL 1MG TABLET 10x30T,421113127,0.7267,True,AMARYL MV 1MG TABLET 10x15T,421113134,0.7218,True,AMARYL 2MG TABLET 15x30T,421113128,0.7133,True,0.7267,0.7133,0.7206,3,True,False,3
1161,PROXYM ER 300 MG TAB 1X15TA,PROXYM ER 200 TABLETS 15 T,424441863,PROXYM,PROXYM ER TABLET 1X15T,424441862,PROXYM ER 200 TABLETS,424441015,0.8340,True,ASOMEX 2.5 MG TABLET 1X15T,424441736,0.8298,False,PROXYM 300 TABLETS,424440535,0.8273,True,0.8340,0.8273,0.8304,2,False,False,3
1162,ENHEMO 500 VIAL 5ML,ENHEMO 500 TABLET 10x10T,424442072,ENHEMO,ENHEMO 500 INJECTION 5x5ML,424442068,EMLEVO INJECTION 5ML,421112033,0.8399,False,EMSTAR 500 MG INJ 1 VIAL,421110943,0.8391,False,PEMCURE 500 MG INJ 1 VIAL,421111011,0.8381,False,0.8399,0.8381,0.8390,0,False,False,3
1163,CISCURE VIAL. 1X1,CISCURE 0.25 MG INJECTION,421110589,CISCURE,CISCURE  PFS,421112188,CITAFINE 1 GM INJ 1 VIAL,422220160,0.8338,False,EMSTAR 1 GM INJ 1 VIAL,421110944,0.8239,False,GROS 30 INJ 1 VIAL,422220280,0.8185,False,0.8338,0.8185,0.8254,0,False,False,3
1164,OROFER-XT5X15 1X15,OROFER XT TABLET 1x15T,424442006,OROFER,OROFER XT DROPS,424441717,OROFER XT TABLET 1X30 T,424441705,0.7729,True,OROFER XT SUSPENSION 150 ML,424440590,0.7717,True,OROFER XT-Z TABLETS 1X10 T,424440112,0.7678,True,0.7729,0.7678,0.7708,3,True,False,3
1165,PROXYM-ER.300 TAB 10TAB,PROXYM ER 200 TABLETS,424441015,PROXYM,PROXYM ER  TABLETS,424441016,PROXYM 300 TABLETS,424440535,0.8197,True,PROXYM ER 200 TABLETS 15 T,424441863,0.8041,True,PROXYM 200 TABLET,424440534,0.7964,True,0.8197,0.7964,0.8067,3,True,False,3
1166,LASIX 40 MG 80X15T 80*15T,LASIX 40 MG TABLET 80x15T,421112913,LASIX,LASIX 40 MG/4ML INJECTION,421112912,TEMSAN 80 MG TABLETS 10x15T,424441700,0.8282,False,TEMSAN 40 MG TABLETS 10x15T,424441699,0.8210,False,TELSITE 80 MG TABLET 10x15T,421112923,0.8199,False,0.8282,0.8199,0.8230,0,False,False,3
1167,ENCICARB 1K INJ 1000MG INJ 20ML,ENCICARB INJECTION 1K,422220233,ENCICARB,ENCICARB INJECTION 1K,422220233,ENCICARB INJECTION 500MG/10ML,422220079,0.8395,True,ENCICARB INJECTION 100MG/2ML,422220078,0.8319,True,PEMCURE 500 MG INJ 1 VIAL,421111011,0.8149,False,0.8395,0.8149,0.8288,2,False,False,3
1168,NUCORIL 5 MG 30 TA,NUCORIL - 5 TABLETS 1X30 T,424440492,NUCORIL,NUCORIL 5 MG TAB 20,424440893,VINCORT TABLET 30 MG,422220027,0.8168,False,NUCORIL - 5 TABLETS 1X10 T,424441444,0.8017,True,NUCORIL I.V.48 MG INJECTION,421110410,0.7988,True,0.8168,0.7988,0.8058,2,False,False,3
1169,OSTERI INJ 600MCG/2.4 ML 1 PEN,OSTERI INJ.600MCG /2.4MLPEN DEVICE,421112507,OSTERI,OSTERI INJECTION 750 MCG PFS,421111655,EXHEP PEN CARTRIDGE 300MG/3ML,421112829,0.7226,False,AUGPEN I.V. 600 MG INJECTION,423331091,0.7221,False,MAXTRA  SYP  60 ML,420030069,0.7147,False,0.7226,0.7147,0.7198,0,False,False,3
1170,EMLETRA TABLET 120 TAB 120,EMLETRA TABLET 1x120T,424441533,EMLETRA,EMLETRA TABLETS,491110071,EMLEVO 250 TABLET,421112030,0.8577,False,EMLEVO 1000 TABLET,421112029,0.8542,False,EMLEVO 750 TABLET,421112032,0.8530,False,0.8577,0.8530,0.8550,0,False,False,3
1171,FULVIRA INJ FULVESTRANT PFS,FULVIRA 250 MG INJ 2X5 ML PFS,421112211,FULVIRA,FULVIRA INJECTION 1X5 ML PFS,421112210,CISCURE  PFS,421112188,0.7134,False,DARBECURE 25 INJECTION PFS,422220083,0.7041,False,DARBECURE 60 INJECTION PFS,422220179,0.7021,False,0.7134,0.7021,0.7065,0,False,False,3
1172,CORDARONE 200MG 15 S,CORDARONE X 200 MG TABLET 10x15T,421112910,CORDARONE,CORDARONE 100 MG TABLET 20x15T,421112908,CORDARONE 150 MG/3ML INJECTION,421112909,0.8488,True,EFCURE 200 MG TABLET 30s,424441076,0.7750,False,APREONE INJECTION 150 MG,421111238,0.7666,False,0.8488,0.7666,0.7968,1,False,False,3
1173,MATERNA-HCG 150I.U. VIAL,MATERNA-HMG 150 I.U.,491110369,MATERNA,MATERNA-HCG 5000 IU HP,491110366,MATERNA-FSH 150 I.U.,491110143,0.8392,True,MATERNA-HCG 10000 IU HP,491110367,0.8377,True,MATERNA-HCG 2000 I.U.,491110275,0.8303,True,0.8392,0.8303,0.8357,3,True,False,3
1174,MATERNA-HCG 75IU VIAL,MATERNA-HMG 75 I.U.,491110368,MATERNA,MATERNA-HCG 2000 I.U.,491110275,MATERNA-HCG 10000 IU HP,491110367,0.8420,True,MATERNA R-FSH 75 IU INJECTION,421111273,0.8346,True,MATERNA-HCG 5000 IU HP,491110366,0.8341,True,0.8420,0.8341,0.8369,3,True,False,3
1175,FERIUM 1K 20ML VIA,FERIUM INJECTION 1K (1GM/20ML),421111885,FERIUM,FERIUM SYRUP 150 ML,424440123,FCMO INJECTION 1k/20ML,421112711,0.8015,False,FERINJECT 1000mg/20 mL VIAL,420430002,0.7961,False,FERRIC CARBOXYMALTOSE INJ 1G/20ML,420007076,0.7957,False,0.8015,0.7957,0.7978,0,False,False,3
1176,AQUAOAT-MOISTURIZING250ML,AQUAOAT MOISTURIZING CREAM 250GM,421113108,AQUAOAT,AQUAOAT MOISTURIZING LOTION 250ML,421112581,AQUAOAT MOISTURIZING LOTION 100ML,421112580,0.8998,True,AQUAOAT MOISTURIZING CREAM 100 GM,421112579,0.8721,True,AQUAOAT MOISTURIZING CREAM 50GM,421111878,0.8663,True,0.8998,0.8663,0.8794,3,True,False,3
1177,A-BEC 300MG 30TAB,A-BEC TABLET 60T,424441967,A-BEC,A BEC 300 MG TABLET 30s,424440872,TAVIN 300 MG TABLET 30s,424440878,0.8195,False,TAVIN EM 300/200 MG TABLET 30s,424440817,0.8125,False,ACEGABA 300 CAPSULE,424441000,0.7809,False,0.8195,0.7809,0.8043,0,False,False,3
1178,ENCICARB-1K VIAL,ENCICARB INJECTION 1K,422220233,ENCICARB,ENCICARB INJECTION 1K,422220233,CITAFINE 1 GM INJ 1 VIAL,422220160,0.8327,False,OXA 100 MG INJ 1 VIAL,422220254,0.8312,False,EMSTAR 500 MG INJ 1 VIAL,421110943,0.8295,False,0.8327,0.8295,0.8311,0,False,False,3
1179,OXA-10050ML VIAL,OXA 100 MG INJ 1 VIAL,422220254,OXA,OXA INJECTION 25 ML,422220237,OXA 50 MG INJ 1 VIAL,422220253,0.8799,True,VENOFER 100mg/5mL VIAL,420430001,0.8637,False,BIMODE 100 MG INJ 1 VIAL,421112202,0.8368,False,0.8799,0.8368,0.8601,1,False,False,3
1180,OXA-5025ML VIAL,OXA 50 MG INJ 1 VIAL,422220253,OXA,OXA INJECTION 25 ML,422220237,OXA 100 MG INJ 1 VIAL,422220254,0.8745,True,ELAXIM 50 MG INJ 1 VIAL,422220014,0.8436,False,TRASPOR INJECTION 50MG/VIAL,421112486,0.8330,False,0.8745,0.8330,0.8504,1,False,False,3
1181,FERIUM 1K 20ML VIA,FERIUM INJECTION 1K (1GM/20ML),421111885,FERIUM,FERIUM SYRUP 150 ML,424440123,FCMO INJECTION 1k/20ML,421112711,0.8015,False,FERINJECT 1000mg/20 mL VIAL,420430002,0.7961,False,FERRIC CARBOXYMALTOSE INJ 1G/20ML,420007076,0.7957,False,0.8015,0.7957,0.7978,0,False,False,3
1182,OROFER XT TABBOTTL 1*30,OROFER XT TABLET 1X30 T,424441705,OROFER,OROFER XT TABLET 1x15T,424442006,OROFER XT TOTAL TABLET,424441708,0.8465,True,OROFER XT TABLET,424441704,0.8452,True,OROFER XT-Z TABLETS 1X10 T,424440112,0.8004,True,0.8465,0.8004,0.8307,3,True,False,3
1183,SYLATE- T 500MG TAB 1*10,SYLATE T 500 TABLET,421110143,SYLATE,SYLATE TABLET 500 MG,424441083,SYLATE M TABLET 500 MG,421110142,0.8803,True,NAPROXEN TAB 500 MG 10X2X10T,421112839,0.8386,False,SYLATE T TABLET,420000603,0.8328,True,0.8803,0.8328,0.8506,2,False,False,3
1184,HOSIT D3. 1X10,HOSIT D3 TABLET,424441914,HOSIT,HOSIT TABLET,424441222,CALOSHELL D3 SACHET,421113029,0.7768,False,CALOSHELL D3 CAPSULES 20X1X4,421112248,0.7599,False,OROFER D3 TABLETS 1X10 T,424442021,0.7561,False,0.7768,0.7561,0.7643,0,False,False,3
1185,VYLDA DM 100/1000 1X10,VYLDA DM 100/5/1000 TABLET 1x10T,421112639,VYLDA,VYLDA DM 100/10/1000 TABLET 1x10T,421112889,VYLDA DM 100/10/500 TABLET 1x10T,421112888,0.8495,True,VYLDA DM 100/5/500 TABLET 1x10T,421112638,0.8424,True,VYLDA D100/10 TABLET 1X10T,421112886,0.8227,True,0.8495,0.8227,0.8382,3,True,False,3
1186,VYLDA DM 100/500 1X10,VYLDA DM 100/5/500 TABLET 1x10T,421112638,VYLDA,VYLDA DM 100/10/500 TABLET 1x10T,421112888,VYLDA DM 100/5/1000 TABLET 1x10T,421112639,0.8614,True,VYLDA DM 100/10/1000 TABLET 1x10T,421112889,0.8598,True,VYLDA D100/5 TABLET 1X10T,421112572,0.8112,True,0.8614,0.8112,0.8441,3,True,False,3
1187,GALACT GRANULES KASHMIRI KESAR,GALACT GRANULES KESAR,421112646,GALACT,GALACT GRANULES,420000615,GALACT GRANULES 400 GM KESAR,421112875,0.8767,True,GALACT GRANULES 600GM ELAICHI,421113037,0.7920,True,GALACT GRANULES 400GM ELAICHI,421113094,0.7874,True,0.8767,0.7874,0.8187,3,True,False,3
1188,FERIUM 1K INJ 1X20M,FERIUM INJECTION 1K (1GM/20ML),421111885,FERIUM,FERIUM INJECTION 500MG,421110953,LANCURE I.V. 1X300 ML,421110934,0.7575,False,EMSTAR 1 GM INJ 1 VIAL,421110944,0.7531,False,VINTOR 10000 IU INJ 1 PFS,422220120,0.7517,False,0.7575,0.7517,0.7541,0,False,False,3
1189,LAZID TAB 1X60 60,LAZID TABLETS,491110216,LAZID,LAZID N TABLET 1x60 T,494440079,LAZID 150/300 MG TABLET 60s,424441072,0.8661,True,EMTRI 40 TABLET 1X60 T,491110268,0.8396,False,EMDUO 30 TABLET 1X60 T,494440096,0.8351,False,0.8661,0.8351,0.8469,1,False,False,3
1190,SYLATE-T 500MG TAB 10 S 1s,SYLATE T 500 TABLET,421110143,SYLATE,SYLATE TABLET 500 MG,424441083,SYLATE M TABLET 500 MG,421110142,0.8681,True,SYLATE T TABLET,420000603,0.8368,True,CELLCEPT 500MG TABLET 10T,420008971,0.8230,False,0.8681,0.8230,0.8426,2,False,False,3
1191,ASOMEX 2.5MG TAB 15 S 1s,ASOMEX 2.5 MG TABLET 1X15T,424441736,ASOMEX,ASOMEX 2.5 MG TABLET,424440002,ASOMEX AT 2.5 MG TABLET 1X15T,424441921,0.8982,True,ASOMEX AT 5 MG TABLET 1X15T,424441922,0.8797,True,ASOMEX 1.25 MG TABLET,424440001,0.8776,True,0.8982,0.8776,0.8852,3,True,False,3
1192,ASOMEX 5MG TAB 15 S 1s,ASOMEX 5 MG TABLET 1x15T,424441737,ASOMEX,ASOMEX 5 MG TABLET,424440003,ASOMEX AT 5 MG TABLET 1X15T,424441922,0.8957,True,ASOMEX 2.5 MG TABLET 1X15T,424441736,0.8809,True,ASOMEX LT 5 MG TABLET,421111036,0.8755,True,0.8957,0.8755,0.8840,3,True,False,3
1193,ASOMEX AT 2.5MG TAB 15 S 1s,ASOMEX AT 2.5 MG TABLET 1X15T,424441921,ASOMEX,ASOMEX AT 2.5 MG TABLET,420000021,ASOMEX AT 5 MG TABLET 1X15T,424441922,0.8882,True,ASOMEX AT 5 MG TABLET,424440006,0.8788,True,ASOMEX 2.5 MG TABLET,424440002,0.8730,True,0.8882,0.8730,0.8800,3,True,False,3
1194,ASOMEX D TAB 15 S 1s,ASOMEX D TABLET 1x15T,424440759,ASOMEX,ASOMEX D TABLET,424440007,ASOMEX D 5 TABLET,424440008,0.8362,True,ASOMEX D 5 TABLET 1x15T,424440760,0.8337,True,ASOMEX LT TABLET 1X15T,424440761,0.8302,True,0.8362,0.8302,0.8334,3,True,False,3
1195,S-NUMLO 2.5MG TAB 15 S 1s,S-NUMLO 2.5 MG TABLET 1x15 T,424441203,S-NUMLO,S-NUMLO 2.5 MG TABLET,424440011,S-NUMLO 5 MG TABLET 1x15 T,424441204,0.9062,True,S-NUMLO 1.25 MG TABLET,424440010,0.9013,True,S-NUMLO 5 MG TABLET,424440012,0.8951,True,0.9062,0.8951,0.9009,3,True,False,3
1196,VYLDA TAB 15 S 1s,VYLDA TABLETS 1X15 T,424441803,VYLDA,VYLDA TABLET,424442008,VYLDA P TABLET 1x10T,421112679,0.7765,True,VYLDA OD 50 TABLET 1X15T,421112490,0.7757,True,VYLDA DM 100/10/500 TABLET 1x10T,421112888,0.7601,True,0.7765,0.7601,0.7708,3,True,False,3
1197,OROFER CAP 10 S 1s,OROFER S INJECTION 2.5 ML,421111536,OROFER,OROFER CAPSULES,424440351,OROFER S 200 INJECTION 10 ML,421111388,0.7717,True,OROFER S 100 INJECTION,421111537,0.7447,True,MECOVON CAPS. 10X10C,420030187,0.7406,False,0.7717,0.7406,0.7523,2,False,False,3
1198,EMSITA M SR 100/1000 TAB 10S 1s,EMSITA M SR 100/1000 1X10T,421112596,EMSITA,EMSITA M SR 100/500 TABLET 1x10T,421112619,EMLINZ M 2.5/1000 TAB 1X10T,429991542,0.8480,False,EMSITA D 100/10 TABLET 1X10T,421112882,0.8242,True,EMSITA GM 50/1/1000 TABLET 10x10T,421112697,0.8097,True,0.8480,0.8097,0.8273,2,False,False,3
1199,TEMSAN 20MG TAB 15 S 1s,TEMSAN 20 MG TABLETS 10x15T,424441698,TEMSAN,TEMSAN 20 MG. TABLETS,424440932,TEMSAN H TABLETS 1X15 T,424441191,0.8484,True,TEMSAN 80 H TABLETS 1X15T,424441192,0.8396,True,TEMSAN AM-5 TABLETS 1X15 T,421111794,0.8376,True,0.8484,0.8376,0.8419,3,True,False,3
1200,TEMSAN 40MG TAB 15 S 1s,TEMSAN 40 MG TABLETS 10x15T,424441699,TEMSAN,TEMSAN 40 MG. TABLETS,424440933,TEMSAN H TABLETS 1X15 T,424441191,0.8491,True,TEMSAN 80 H TABLETS 1X15T,424441192,0.8423,True,TEMSAN AM-5 TABLETS 1X15 T,421111794,0.8381,True,0.8491,0.8381,0.8432,3,True,False,3
1201,TEMSAN 80H TAB 15 S 1s,TEMSAN 80 H TABLETS 1X15T,424441192,TEMSAN,TEMSAN  80 H TABLETS,424440636,TEMSAN - AM TABLETS 1X15T,424441539,0.7984,True,TEMSAN H TABLETS 1X15 T,424441191,0.7981,True,TEMSAN LN TABLET 10x15T,421112933,0.7958,True,0.7984,0.7958,0.7974,3,True,False,3
1202,TEMSAN 80MG TAB 15 S 1s,TEMSAN 80 MG TABLETS 10x15T,424441700,TEMSAN,TEMSAN 80 MG. TABLETS,424440934,TEMSAN 80 H TABLETS 1X15T,424441192,0.8659,True,TEMSAN  80 H TABLETS,424440636,0.8588,True,TEMSAN H TABLETS 1X15 T,424441191,0.8428,True,0.8659,0.8428,0.8558,3,True,False,3
1203,TEMSAN H TAB 15 S 1s,TEMSAN H TABLETS 1X15 T,424441191,TEMSAN,TEMSAN H TABLETS,424440638,TEMSAN - AM TABLETS 1X15T,424441539,0.8010,True,TEMSAN LN TABLET 10x15T,421112933,0.7998,True,TEMSAN AM-5 TABLETS 1X15 T,421111794,0.7819,True,0.8010,0.7819,0.7942,3,True,False,3
1204,XGRAST 300 MCG INJ 1PFS,XGRAST 300 MCG INJ 1 PFS,492220092,XGRAST,XGRAST  INJ 300 MCG/0.5 ML PFS,422220290,EMGRAST 300 MCG INJ 1 PFS,422220194,0.8809,False,EMGRAST 150 MCG,492220028,0.7938,False,PEGEX 6 MG INJ 1 PFS,422220252,0.7816,False,0.8809,0.7816,0.8188,0,False,False,3
1205,FLAWLIZO MICRO 0.1GEL 1 PC,FLAWLIZO MICRO 0.1% GEL 15GM TUBE PACK,421113050,FLAWLIZO,FLAWLIZO MICRO 0.04% GEL 15GM TUBE PACK,421113049,FLAWLIZO MICRO 0.1% GEL 15GM PUMP PACK,421113083,0.7646,True,FLAWLIZO MICRO 0.04% GEL 15GM PUMP PACK,421113085,0.7596,True,FLAWLIZO 0.025% CREAM 20GM,421113048,0.6985,True,0.7646,0.6985,0.7409,3,True,False,3
1206,NUMLO-D 5MG. TAB. 15S,NUMLO-D 5 TABLET,424440017,NUMLO,NUMLO-D 5 TABLET 1x15 T,424441201,S-NUMLO 2.5 MG TABLET 1x15 T,424441203,0.8775,False,S-NUMLO 5 MG TABLET 1x15 T,424441204,0.8715,False,NUMLO TABLET 2.5 MG,420000458,0.8624,True,0.8775,0.8624,0.8705,1,False,False,3
1207,SYLATE-T 500MG. TAB. 6S,SYLATE T 500 TABLET,421110143,SYLATE,SYLATE TABLET 500 MG,424441083,SYLATE M TABLET 500 MG,421110142,0.8690,True,SYLATE T TABLET,420000603,0.8395,True,HEPMEND-500MG TABLET,424440736,0.8202,False,0.8690,0.8202,0.8429,2,False,False,3
1208,ASOMEX TM TAB 15S 10*15,ASOMEX - TM TABLETS 1X15T,424441530,ASOMEX,ASOMEX - TM TABLETS,421110575,ASOMEX LT TABLET 1X15T,424440761,0.8404,True,ASOMEX D TABLET 1x15T,424440759,0.8339,True,ASOMEX D 5 TABLET 1x15T,424440760,0.8217,True,0.8404,0.8217,0.8320,3,True,False,3
1209,PROXYM ER tab.300MG 15s,PROXYM ER 200 TABLETS 15 T,424441863,PROXYM,PROXYM ER TABLET 1X15T,424441862,PROXYM ER  TABLETS,424441016,0.8197,True,PROXYM ER 200 TABLETS,424441015,0.8131,True,PROXYM GEL 30 GM,421112498,0.8049,True,0.8197,0.8049,0.8126,3,True,False,3
1210,S-NUMLO 2.5MG TAB PACK 2*15 TAB,S-NUMLO 2.5 MG TABLET 1x15 T,424441203,S-NUMLO,S-NUMLO 2.5 MG TABLET,424440011,NUMLO TABLET 2.5 MG,420000458,0.8787,False,S-NUMLO 5 MG TABLET 1x15 T,424441204,0.8753,True,S-NUMLO 5 MG TABLET,424440012,0.8690,True,0.8787,0.8690,0.8743,2,False,False,3
1211,S-NUMLO 5MG TAB PACK 2*15 TAB,S-NUMLO 5 MG TABLET 1x15 T,424441204,S-NUMLO,S-NUMLO 5 MG TABLET,424440012,S-NUMLO 2.5 MG TABLET 1x15 T,424441203,0.9001,True,S-NUMLO 2.5 MG TABLET,424440011,0.8912,True,NUMLO TABLET 2.5 MG,420000458,0.8757,False,0.9001,0.8757,0.8890,2,False,False,3
1212,CARDACE AM 2.50 TAB 1X10,CARDACE AM 2.5 TABLET 10x15T,421112895,CARDACE,CARDACE AM 10 TABLET 10x15T,421112894,CARDACE AM 5 TABLET 10x15T,421112896,0.8513,True,CARDACE METO 2.5 TABLET 10x10T,421112900,0.8494,True,CARDACE H 2.5 TABLET 10x15T,421112898,0.8370,True,0.8513,0.8370,0.8459,3,True,False,3
1213,OROFER FCM 1000 MG 10ML,OROFER FCM  INJECTION 1K,421111805,OROFER,OROFER FCM  INJECTION 500MG/10ML,421111114,OROFER FCM INJECTION 750MG/15ML,421112705,0.8676,True,OROFER S 200 INJECTION 10 ML,421111388,0.8152,True,HOSIT FCM INJECTION 500MG/10ML,421112614,0.8035,False,0.8676,0.8035,0.8288,2,False,False,3
1214,A-BEC 300MG TAB 1X60 PCS,A-BEC TABLET 60T,424441967,A-BEC,A BEC 300 MG TABLET 30s,424440872,ASOMEX 2.5 MG TABLET 1x30T,424440094,0.8043,False,A-BEC L TABLETS,424441093,0.7999,True,BIC EMTAF TABLET 1x30T,424442074,0.7974,False,0.8043,0.7974,0.8005,1,False,False,3
1215,FULVIRA 2X5ML E V,FULVIRA 250 MG INJ 2X5 ML PFS,421112211,FULVIRA,FULVIRA INJECTION 1X5 ML PFS,421112210,NEVIR ER TBALET 1 X 30,424441482,0.7820,False,APRUV-2.5 4X5X10 T,420000013,0.7424,False,CLAMOB IV 1.2GM,421112472,0.7283,False,0.7820,0.7283,0.7509,0,False,False,3
1216,PROXYM ER 300MG 1X15 PCS,PROXYM ER 200 TABLETS 15 T,424441863,PROXYM,PROXYM ER TABLET 1X15T,424441862,PROXYM ER  TABLETS,424441016,0.8112,True,PROXYM ER 200 TABLETS,424441015,0.8060,True,PROXYM GEL 30 GM,421112498,0.8045,True,0.8112,0.8045,0.8072,3,True,False,3
1217,SYLATE T 500MG 1X10S T PCS,SYLATE T 500 TABLET,421110143,SYLATE,SYLATE TABLET 500 MG,424441083,SYLATE M TABLET 500 MG,421110142,0.8505,True,NAPROXEN TAB 500 MG 10X2X10T,421112839,0.8399,False,CEDIL 500MG TABLET 10x1x10T,421113153,0.8297,False,0.8505,0.8297,0.8400,1,False,False,3
1218,VONADAY 1X30B PCS,VONADAY 600/300/300 MG TABLET 30s,,,VONADAY 600/300/300 MG TABLET 30s,424440875,ZUCOX - KIT 1X1 PS KIT,419990003,0.7070,False,TYBRIVA CAPSULE 1X30C,421112339,0.7003,False,VONARIL SYRUP 1X30 ML,421111791,0.6959,False,0.7070,0.6959,0.7011,0,False,False,3
1219,EMANZEN AP TABLET 10,EMANZEN DP TABLET,421112653,EMANZEN,EMANZEN AP TABLET 10x10T,421113182,EMANZEN D TABLET,424440056,0.8648,True,EMZOSIN 10 TABLET,421111653,0.8205,False,DAPAFOR 10 TABLET,423331654,0.8172,False,0.8648,0.8172,0.8342,1,False,False,3
1220,S NUMLO 2.5 TAB 10X15,S-NUMLO 2.5 MG TABLET 1x15 T,424441203,S-NUMLO,S-NUMLO 2.5 MG TABLET,424440011,NUMLO-AT TABLET 1X15 T,424441936,0.8557,False,NUMLO-M  TABLETS 10X10 T,424441470,0.8435,False,NUMLO-M 5 TABLETS 10X10 T,424441471,0.8371,False,0.8557,0.8371,0.8454,0,False,False,3
1221,S NUMLO 5 TAB 10X15,S-NUMLO 5 MG TABLET 1x15 T,424441204,S-NUMLO,S-NUMLO 5 MG TABLET,424440012,NUMLO-AT TABLET 1X15 T,424441936,0.8637,False,NUMLO-D 5 TABLET 1x15 T,424441201,0.8595,False,NUMLO-M 5 TABLETS 10X10 T,424441471,0.8582,False,0.8637,0.8582,0.8605,0,False,False,3
1222,NUMLO-D5 TAB. 1X15 PCS,NUMLO-D 5 TABLET,424440017,NUMLO,NUMLO-D 5 TABLET 1x15 T,424441201,NUMLO-AT TABLET 1X15 T,424441936,0.8711,True,NUMLO-D TABLET 1X15 T,424441202,0.8679,True,NUMLO-TM 5 TABLETS 1X15 T,421112128,0.8153,True,0.8711,0.8153,0.8514,3,True,False,3
1223,S-NUMLO 2.5MG TAB PACK 2*15 TAB,S-NUMLO 2.5 MG TABLET 1x15 T,424441203,S-NUMLO,S-NUMLO 2.5 MG TABLET,424440011,NUMLO TABLET 2.5 MG,420000458,0.8787,False,S-NUMLO 5 MG TABLET 1x15 T,424441204,0.8753,True,S-NUMLO 5 MG TABLET,424440012,0.8690,True,0.8787,0.8690,0.8743,2,False,False,3
1224,S-NUMLO 5MG TAB PACK 2*15 TAB,S-NUMLO 5 MG TABLET 1x15 T,424441204,S-NUMLO,S-NUMLO 5 MG TABLET,424440012,S-NUMLO 2.5 MG TABLET 1x15 T,424441203,0.9001,True,S-NUMLO 2.5 MG TABLET,424440011,0.8912,True,NUMLO TABLET 2.5 MG,420000458,0.8757,False,0.9001,0.8757,0.8890,2,False,False,3
1225,ENCICARB 1K INJ 1000MG INJ 20ML,ENCICARB INJECTION 1K,422220233,ENCICARB,ENCICARB INJECTION 1K,422220233,ENCICARB INJECTION 500MG/10ML,422220079,0.8395,True,ENCICARB INJECTION 100MG/2ML,422220078,0.8319,True,PEMCURE 500 MG INJ 1 VIAL,421111011,0.8149,False,0.8395,0.8149,0.8288,2,False,False,3
1226,NUCORIL 5 MG 30 TA,NUCORIL - 5 TABLETS 1X30 T,424440492,NUCORIL,NUCORIL 5 MG TAB 20,424440893,VINCORT TABLET 30 MG,422220027,0.8168,False,NUCORIL - 5 TABLETS 1X10 T,424441444,0.8017,True,NUCORIL I.V.48 MG INJECTION,421110410,0.7988,True,0.8168,0.7988,0.8058,2,False,False,3
1227,ENCICARB 1K INJ 1000MG INJ 20ML,ENCICARB INJECTION 1K,422220233,ENCICARB,ENCICARB INJECTION 1K,422220233,ENCICARB INJECTION 500MG/10ML,422220079,0.8395,True,ENCICARB INJECTION 100MG/2ML,422220078,0.8319,True,PEMCURE 500 MG INJ 1 VIAL,421111011,0.8149,False,0.8395,0.8149,0.8288,2,False,False,3
1228,NUCORIL 5 MG 30 TA,NUCORIL - 5 TABLETS 1X30 T,424440492,NUCORIL,NUCORIL 5 MG TAB 20,424440893,VINCORT TABLET 30 MG,422220027,0.8168,False,NUCORIL - 5 TABLETS 1X10 T,424441444,0.8017,True,NUCORIL I.V.48 MG INJECTION,421110410,0.7988,True,0.8168,0.7988,0.8058,2,False,False,3
1229,PROXYM ER 300 TA 10S,PROXYM ER 200 TABLETS,424441015,PROXYM,PROXYM ER  TABLETS,424441016,PROXYM ER 200 TABLETS 15 T,424441863,0.8067,True,PROXYM 300 TABLETS,424440535,0.7849,True,PROXYM ER TABLET 1X15T,424441862,0.7701,True,0.8067,0.7701,0.7872,3,True,False,3
1230,NUMLO AT TAB 1X1511 X15TAB,NUMLO-AT TABLET 1X15 T,424441936,NUMLO,NUMLO-AT TABLET,424440015,NUMLO-D TABLET 1X15 T,424441202,0.8277,True,NUMLO-D 5 TABLET 1x15 T,424441201,0.7945,True,NUMLO-TM TABLETS 1X15 T,421112129,0.7935,True,0.8277,0.7935,0.8052,3,True,False,3
1231,S.NUMLO 2.5 TAB 1X1 1X15TAB,S-NUMLO 2.5 MG TABLET 1x15 T,424441203,S-NUMLO,S-NUMLO 2.5 MG TABLET,424440011,NUMLO-AT TABLET 1X15 T,424441936,0.8634,False,NUMLO-D TABLET 1X15 T,424441202,0.8427,False,NUMLO-TM TABLETS 1X15 T,421112129,0.8315,False,0.8634,0.8315,0.8459,0,False,False,3
1232,CONSIVAS GOLD 20... 10,CONSIVAS GOLD 20 CAPSULES 10X10C,421112169,CONSIVAS,CONSIVAS GOLD 10 CAPSULES 10X10C,421112168,CONSIVAS 20 MG TABLET 10X10,424440444,0.7322,True,CONSIVAS CV 20 CAPSULE 10x10C,421112868,0.7123,True,CONSIVAS-40 TABLETS,424440648,0.7100,True,0.7322,0.7100,0.7182,3,True,False,3
1233,GALACT GRANULES... 400g,GALACT GRANULES 400GM ELAICHI,421113094,GALACT,GALACT GRANULES 400 GM CHOCOLATE,421112876,GALACT GRANULES 400 GM KESAR,421112875,0.8876,True,GALACT GRANULES 600GM ELAICHI,421113037,0.8770,True,GALACT GRANULES 600GM CHOCOLATE,421113039,0.8644,True,0.8876,0.8644,0.8763,3,True,False,3
1234,OSTERI INJ 600MCG/2.4 MLPEN 1 S,OSTERI INJ.600MCG /2.4MLPEN DEVICE,421112507,OSTERI,OSTERI INJECTION 750 MCG PFS,421111655,MAXTRA  SYP  60 ML,420030069,0.7440,False,XGRAST  INJ 300 MCG/0.5 ML PFS,422220290,0.7308,False,PEGEX 6 MG INJ 1 PFS,422220252,0.7282,False,0.7440,0.7282,0.7343,0,False,False,3
1235,DAPAGZA M 10/1000 \*10 TA,DAPAGZA M10/1000 1X10T,421112563,DAPAGZA,DAPAGZA M 10/ 500 1X10T,421112847,DAPAGZA M 5/1000 1X10T,421112564,0.8883,True,DAPAGZA L 10/5 TABLET 10x10T,421112809,0.7629,True,EMSITA M 50/1000 1X10T,421112587,0.7477,False,0.8883,0.7477,0.7996,2,False,False,3
1236,GALACT GRAN - 400GM 1x400,GALACT GRANULES 400GM ELAICHI,421113094,GALACT,GALACT GRANULES 400 GM KESAR,421112875,GALACT GRANULES 400 GM CHOCOLATE,421112876,0.8416,True,GALACT GRANULE 200 GM ELAICHI,421112871,0.8269,True,GALACT GRANULES 600GM ELAICHI,421113037,0.8177,True,0.8416,0.8177,0.8287,3,True,False,3
1237,OROFER - FCM INJ 1x1,OROFER FCM  INJECTION 500MG/10ML,421111114,OROFER,OROFER FCM  INJECTION 1K,421111805,OROFER FCM INJECTION 750MG/15ML,421112705,0.8227,True,HOSIT FCM INJECTION 1K,421112615,0.7696,False,FCMO INJECTION 1k/20ML,421112711,0.7425,False,0.8227,0.7425,0.7783,1,False,False,3
1238,CETAPIN XR 1GM TAB 1X20,CETAPIN XR 1000MG TABLET 10x15T,421113138,CETAPIN,CETAPIN XR 500MG TABLET 11x20T,421113139,CETAPIN V 0.2MG TABLET 10x15T,421113136,0.8579,True,CETAPIN V 0.3MG TABLET 10x15T,421113137,0.8535,True,EMTOFA XR 11MG TABLET 1x10T,421112691,0.7907,False,0.8579,0.7907,0.8340,2,False,False,3
1239,TEMSAN CT 40/6.25 10,TEMSAN CT-6.25 TABLETS,421111887,TEMSAN,TEMSAN CT 40/12.5 MG TABLET 10X10,424441139,TEMSAN CT TABLETS,421111094,0.8025,True,TEMSAN 40 MG. TABLETS,424440933,0.7951,True,TEMSAN 40 MG TABLETS 10x15T,424441699,0.7929,True,0.8025,0.7929,0.7968,3,True,False,3
1240,ASOMEX D 5 TAB 1515 S,ASOMEX D 5 TABLET 1x15T,424440760,ASOMEX,ASOMEX D 5 TABLET,424440008,ASOMEX D TABLET,424440007,0.8431,True,ASOMEX AT 5 MG TABLET 1X15T,424441922,0.8181,True,ASOMEX 2.5 MG TABLET 1X15T,424441736,0.8125,True,0.8431,0.8125,0.8246,3,True,False,3
1241,GALACT GRANULES 4 4001400,GALACT GRANULES 400GM ELAICHI,421113094,GALACT,GALACT GRANULES,420000615,GALACT GRANULES 400 GM KESAR,421112875,0.8674,True,GALACT GRANULES 400 GM CHOCOLATE,421112876,0.8466,True,GALACT GRANULES 600GM ELAICHI,421113037,0.8381,True,0.8674,0.8381,0.8507,3,True,False,3
1242,OROFER-XT-SYP 200 200200NL,OROFER XT + SUSPENSION 200 ML,424441225,OROFER,OROFER XT SUSPENSION 150 ML,424440590,OROFER XT DROPS,424441717,0.7436,True,OROFER XT TABLET,424441704,0.7345,True,OROFER XT TOTAL TABLET,424441708,0.7242,True,0.7436,0.7242,0.7341,3,True,False,3
1243,VYLDA TAB 1515 S,VYLDA TABLETS 1X15 T,424441803,VYLDA,VYLDA TABLET,424442008,VYLDA OD 50 TABLET 1X15T,421112490,0.7792,True,VYLDA DM 100/5/500 TABLET 1x10T,421112638,0.7681,True,VYLDA DM 100/10/500 TABLET 1x10T,421112888,0.7668,True,0.7792,0.7668,0.7714,3,True,False,3
1244,OROFER XT TAB 5X15 5S,OROFER XT TABLET 1x15T,424442006,OROFER,OROFER XT TABLET,424441704,OROFER XT TABLET 1X30 T,424441705,0.8463,True,ESLO -AT TABLETS 5X2X15 T,427770143,0.8065,False,ASOMEX D 5 TABLET 1x15T,424440760,0.8064,False,0.8463,0.8064,0.8197,1,False,False,3
1245,OSTERI 600MCJ INJ 2.4ML,OSTERI INJ.600MCG /2.4MLPEN DEVICE,421112507,OSTERI,OSTERI INJECTION 750 MCG PFS,421111655,RTCARB INJ 100 mcg/ml,421112610,0.7587,False,PEMCURE 500 MG INJ 1 VIAL,421111011,0.7442,False,EMSTAR 500 MG INJ 1 VIAL,421110943,0.7410,False,0.7587,0.7410,0.7480,0,False,False,3
1246,OROFER XT TAB 130 130,OROFER XT TABLET 1X30 T,424441705,OROFER,OROFER XT TABLET,424441704,OROFER XT TOTAL TABLET,424441708,0.8446,True,OROFER XT TABLET 1x15T,424442006,0.8024,True,OROFER XTM TABLETS,420001221,0.7958,True,0.8446,0.7958,0.8143,3,True,False,3
1247,TEMSANH 1*15,TEMSAN H TABLETS 1X15 T,424441191,TEMSAN,TEMSAN 80 H TABLETS 1X15T,424441192,TEMSAN - AM TABLETS 1X15T,424441539,0.7845,True,TEMSAN AM-5 TABLETS 1X15 T,421111794,0.7689,True,NUMLO-TM TABLETS 1X15 T,421112129,0.7433,False,0.7845,0.7433,0.7656,2,False,False,3
1248,ASOMEX LT 1X10 PCS,ASOMEX LT 2.5 MG TABLET,424440489,ASOMEX,ASOMEX LT TABLET 1X15T,424440761,APRUV - LT  3X2X10 T,421110502,0.7807,False,ASOMEX - M  TABLETS 10X10 T,424441465,0.7741,True,ASOMEX D TABLET 1x15T,424440759,0.7695,True,0.7807,0.7695,0.7748,2,False,False,3
1249,OSTERI INJ.600 MCG 2.4 ML PEN,OSTERI INJ.600MCG /2.4MLPEN DEVICE,421112507,OSTERI,OSTERI INJECTION 750 MCG PFS,421111655,EXHEP PEN CARTRIDGE 300MG/3ML,421112829,0.7271,False,AUGPEN I.V. 600 MG INJECTION,423331091,0.7235,False,MAXTRA  SYP  60 ML,420030069,0.7197,False,0.7271,0.7197,0.7234,0,False,False,3
1250,AMARYL M28X10 1X15,AMARYL M 2MG TABLET 8x20T,421113131,AMARYL,AMARYL M 1MG TABLET 8x20T,421113130,AMARYL MV 1MG TABLET 10x15T,421113134,0.7674,True,EMILDAP M10/1000 1X10T,421112571,0.7608,False,EMSITA M 50/1000 1X10T,421112587,0.7566,False,0.7674,0.7566,0.7616,1,False,False,3
1251,EPITRIL .25MG NRX 1X10,EPITRIL 0.25 MG TABLET,424441023,EPITRIL,EPITRIL 1 MG TABLET,424441025,EPITRIL MD 0.25 MG TABLET 10X10T,421111786,0.8848,True,EPITRIL MD 0.5 MG TABLET 10X10T,421111787,0.8630,True,EPITRIL 0.5 MG TABLET,424441024,0.8549,True,0.8848,0.8549,0.8676,3,True,False,3
1252,EPITRIL .5MG NRX 1X10,EPITRIL 0.5 MG TABLET,424441024,EPITRIL,EPITRIL 1 MG TABLET,424441025,EPITRIL MD 0.5 MG TABLET 10X10T,421111787,0.8747,True,EPITRIL MD 0.25 MG TABLET 10X10T,421111786,0.8615,True,EPITRIL MD 1 MG TABLET 10X10T,421111788,0.8508,True,0.8747,0.8508,0.8623,3,True,False,3
1253,ARMOD 150 TAB 10X15,ARMOD-150 TABLETS 1 x 15 T,424442061,ARMOD,ARMOD-150 TABLETS,424441214,ARMOD-50 TABLETS 1 x 15 T,424442060,0.8328,True,ARTH TABLET 10X10 T,420000531,0.8316,False,EMILDAP 10 TABLET 1X15T,421112857,0.8227,False,0.8328,0.8227,0.8290,1,False,False,3
1254,ARMOD 50 10X15,ARMOD-50 TABLETS 1 x 15 T,424442060,ARMOD,ARMOD-50 TABLETS,424441213,LOPRESOR 50 10X10 T,420120022,0.8072,False,ARMOD-150 TABLETS 1 x 15 T,424442061,0.7886,True,EMROFT - 50 30X10 T,420000175,0.7871,False,0.8072,0.7871,0.7943,1,False,False,3
1255,CINEZ D 10X15,CINEZ-D TABLETS 1 X 15 T,421113003,CINEZ,CINEZ-D TABLETS,421112120,VOVERAN D 10X10 T,420120041,0.7731,False,IKA 10X10,420000449,0.7594,False,TREDICAL FT 10X10,420000606,0.7470,False,0.7731,0.7470,0.7598,0,False,False,3
1256,EPITRIL BETA 10X10,EPITRIL BETA 0.25 TABLETS 10X10T,421112140,EPITRIL,EPITRIL BETA 0.5 TABLETS,421112141,EPITRIL MD 0.5 MG TABLET 10X10T,421111787,0.8733,True,EPITRIL MD 1 MG TABLET 10X10T,421111788,0.8712,True,EPITRIL MD 0.25 MG TABLET 10X10T,421111786,0.8679,True,0.8733,0.8679,0.8708,3,True,False,3
1257,OROFER CAPSULES 1x10C,OROFER S INJECTION 2.5 ML,421111536,OROFER,OROFER CAPSULES,424440351,OROFER XT-Z TABLETS 1X10 T,424440112,0.8501,True,TYBRIVA CAPSULE 1X30C,421112339,0.8407,False,VICARE TOTAL CAPSULE 1x10C,421113023,0.8396,False,0.8501,0.8396,0.8435,1,False,False,3
1258,OSTERI INJ NEEDDLES 30 S,OSTERI INJECTION NEEDLES,421111705,OSTERI,OSTERI INJECTION 750 MCG PFS,421111655,GROS 30 INJ 1 VIAL,422220280,0.6931,False,NORMET R 30 SACHET,420000793,0.6904,False,NEVIR ER TBALET 1 X 30,424441482,0.6721,False,0.6931,0.6721,0.6852,0,False,False,3
1259,OSTERI-600MCG INJ 2.4ML P,OSTERI INJ.600MCG /2.4MLPEN DEVICE,421112507,OSTERI,OSTERI INJECTION 750 MCG PFS,421111655,TASPIANCE INJ 180 MCG/0.5ML PFS,491110378,0.7856,False,TASPIANCE INJ 135 MCG/0.5ML PFS,491110199,0.7811,False,PEGEX 6 MG INJ 1 PFS,422220252,0.7737,False,0.7856,0.7737,0.7801,0,False,False,3
1260,ASOMEX LT 2.5+50 TAB 15S,ASOMEX LT TABLET 1X15T,424440761,ASOMEX,ASOMEX LT 2.5 MG TABLET,424440489,ASOMEX R TABLET,421110889,0.8010,True,ASOMEX AT 2.5 MG TABLET 1X15T,424441921,0.7939,True,ASOMEX AT 5 MG TABLET 1X15T,424441922,0.7829,True,0.8010,0.7829,0.7926,3,True,False,3
1261,ASOMEX LT 2.5+50 TAB 15S,ASOMEX LT TABLET 1X15T,424440761,ASOMEX,ASOMEX LT 2.5 MG TABLET,424440489,ASOMEX R TABLET,421110889,0.8010,True,ASOMEX AT 2.5 MG TABLET 1X15T,424441921,0.7939,True,ASOMEX AT 5 MG TABLET 1X15T,424441922,0.7829,True,0.8010,0.7829,0.7926,3,True,False,3
1262,Cordarone.X IV 1X6X3ml,CORDARONE 150 MG/3ML INJECTION,421112909,CORDARONE,CORDARONE X 200 MG TABLET 10x15T,421112910,VICARE I-CREAM 1x30GM,421113026,0.7670,False,PURON INJECTION 3X2 ML,423330339,0.7640,False,LANCURE I.V. 1X300 ML,421110934,0.7622,False,0.7670,0.7622,0.7644,0,False,False,3
1263,ASOMEX TM 5 TAB 10X15,ASOMEX - TM 5 TABLETS 1X15T,421111383,ASOMEX,ASOMEX - TM 5 TABLETS,421110576,ASOMEX - M  TABLETS 10X10 T,424441465,0.8683,True,ASOMEX - M 5 TABLETS 10X10 T,424441466,0.8661,True,ASOMEX D 5 TABLET 1x15T,424440760,0.8592,True,0.8683,0.8592,0.8645,3,True,False,3
1264,ASOMEX LT 2.5MG TABPLAIN 1X15TAB,ASOMEX LT TABLET 1X15T,424440761,ASOMEX,ASOMEX LT 2.5 MG TABLET,424440489,ASOMEX AT 2.5 MG TABLET 1X15T,424441921,0.9080,True,ASOMEX 2.5 MG TABLET 1X15T,424441736,0.8926,True,ASOMEX AT 5 MG TABLET 1X15T,424441922,0.8887,True,0.9080,0.8887,0.8964,3,True,False,3
1265,OSTERI-600MG 1*5ML,OSTERI INJ.600MCG /2.4MLPEN DEVICE,421112507,OSTERI,OSTERI INJECTION 750 MCG PFS,421111655,MAXTRA GARGLE 120 ML,423331303,0.7621,False,RAMIPRO CAPS.5 MG,424441061,0.7571,False,LORETA TABLET 5 MG,420030063,0.7542,False,0.7621,0.7542,0.7578,0,False,False,3
1266,GALACT POW CHOC 200GM,GALACT GRANULES CHOCOLATE,421112647,GALACT,GALACT PLUS NUTRITION POWDER 400GM CHOCO,421113062,GALACT PLUS NUTRITION POWDER 200GM,421113114,0.8293,True,GALACT GRANULES 600GM CHOCOLATE,421113039,0.8061,True,PROTOTAL POW.200GM,421111281,0.8007,False,0.8293,0.8007,0.8120,2,False,False,3
1267,ASOMEX-(1.25)Tab 2X15 s,ASOMEX 1.25 TABLETS 1X15T,424440754,ASOMEX,ASOMEX 1.25 MG TABLET,424440001,ASOMEX AT 2.5 MG TABLET 1X15T,424441921,0.8514,True,ASOMEX AT 5 MG TABLET 1X15T,424441922,0.8330,True,ASOMEX D TABLET 1x15T,424440759,0.8295,True,0.8514,0.8295,0.8380,3,True,False,3
1268,ASOMEX-(2.5)Tab 2X15 s,ASOMEX 2.5 MG TABLET 1X15T,424441736,ASOMEX,ASOMEX 2.5 MG TABLET 1x30T,424440094,ASOMEX AT 2.5 MG TABLET 1X15T,424441921,0.8611,True,ASOMEX AT 5 MG TABLET 1X15T,424441922,0.8401,True,ASOMEX D TABLET 1x15T,424440759,0.8299,True,0.8611,0.8299,0.8437,3,True,False,3
1269,ASOMEX-(2.5=LT)Tab 15 s,ASOMEX LT TABLET 1X15T,424440761,ASOMEX,ASOMEX LT 2.5 MG TABLET,424440489,ASOMEX AT 2.5 MG TABLET 1X15T,424441921,0.8087,True,ASOMEX AT 5 MG TABLET 1X15T,424441922,0.7914,True,ASOMEX R TABLET,421110889,0.7891,True,0.8087,0.7891,0.7964,3,True,False,3
1270,OSTERI 600MCG.INJ. 2.4ML,OSTERI INJ.600MCG /2.4MLPEN DEVICE,421112507,OSTERI,OSTERI INJECTION 750 MCG PFS,421111655,PROTOTAL POW.200GM,421111281,0.7598,False,MAXTRA  SYP  60 ML,420030069,0.7499,False,TASPIANCE INJ 180 MCG/0.5ML PFS,491110378,0.7428,False,0.7598,0.7428,0.7508,0,False,False,3
1271,HOSIT FCM 750MG.INJ 15ML,HOSIT FCM INJECTION 750MG/15ML,421112708,HOSIT,HOSIT FCM INJECTION 750MG/15ML,421112708,FCMO  INJECTION 750MG/15ML,421112710,0.8586,False,HOSIT FCM INJECTION 500MG/10ML,421112614,0.8485,True,OROFER FCM INJECTION 750MG/15ML,421112705,0.8401,False,0.8586,0.8401,0.8491,1,False,False,3
1272,AMARYL M FOURT 1MG 1X15,AMARYL M FORTE 1MG TABLET 10x15T,421113132,AMARYL,AMARYL M 1MG TABLET 8x20T,421113130,AMARYL MV 1MG TABLET 10x15T,421113134,0.8462,True,AMARYL 1MG TABLET 10x30T,421113127,0.8372,True,AMARYL 2MG TABLET 15x30T,421113128,0.8166,True,0.8462,0.8166,0.8333,3,True,False,3
1273,AMARYL M FOURT 2MG 1X15,AMARYL M FORTE 2MG TABLET 10x15T,421113133,AMARYL,AMARYL M 2MG TABLET 8x20T,421113131,AMARYL 2MG TABLET 15x30T,421113128,0.8532,True,AMARYL MV 1MG TABLET 10x15T,421113134,0.8435,True,AMARYL MV 2MG TABLET 10x15T,421113135,0.8429,True,0.8532,0.8429,0.8465,3,True,False,3
1274,GALACT GRANULES(400,GALACT GRANULES 400GM ELAICHI,421113094,GALACT,GALACT GRANULES 400 GM CHOCOLATE,421112876,GALACT GRANULES,420000615,0.9364,True,GALACT GRANULES 400 GM KESAR,421112875,0.8979,True,GALACT GRANULES 600GM ELAICHI,421113037,0.8736,True,0.9364,0.8736,0.9026,3,True,False,3
1275,EMILDEP S 10 50 10S,EMILDAP S 5/50 TABLET 1X 10T,421112606,EMILDAP,EMILDAP 10 TABLET 1X15T,421112857,EMILDAP S 10/50 TABLET 1X10T,421112616,0.7624,True,EMILDAP M10/500 1X10T,421112860,0.7475,True,EMSITA M 50/1000 1X10T,421112587,0.7464,False,0.7624,0.7464,0.7521,2,False,False,3
1276,FITJOINT TABS 10S,FITJOINT CAPSULES,421112131,FITJOINT,FITJOINT GM TABLETS,421110321,SIMSTAT 10 MG TAB 10,421110138,0.7551,False,RETUNE-LS OD TABLETS 10X10 T,423330480,0.7369,False,SIMSTAT 20 MG TAB 10,420000362,0.7363,False,0.7551,0.7363,0.7428,0,False,False,3
1277,FLALIZO ACNE GEL 50ML,FLAWLIZO ACNE CARE MOISTURISING GEL 50M,421113051,FLAWLIZO,FLAWLIZO 0.025% CREAM 20GM,421113048,FLAWLIZO ACNE SPOT CORRECTOR 30ML,421113052,0.8335,True,SOLGLO INVISIBLE SUNSCREEN GEL 50ML,421113088,0.8175,False,SOLGLO HYBRID SUNSCREEN 50ML,421113087,0.8003,False,0.8335,0.8003,0.8171,1,False,False,3
1278,SYLATE 500 MG T 1X10,SYLATE T 500 TABLET,421110143,SYLATE,SYLATE TABLET 500 MG,424441083,SYLATE M TABLET 500 MG,421110142,0.8836,True,SYLATE TABLETS 250 MG 10,424441082,0.8456,True,NAPROXEN TAB 500 MG 10X2X10T,421112839,0.8216,False,0.8836,0.8216,0.8503,2,False,False,3
1279,ENCICARB INJ 1 K,ENCICARB INJECTION 1K,422220233,ENCICARB,ENCICARB INJECTION 1K,422220233,ENCICARB INJECTION 750MG/15ML,421112707,0.7951,True,ENCICARB INJECTION 100MG/2ML,422220078,0.7905,True,ENCICARB INJECTION 500MG/10ML,422220079,0.7861,True,0.7951,0.7861,0.7906,3,True,False,3
1280,PROXYM ER300MGTAB 1X15T,PROXYM ER 200 TABLETS 15 T,424441863,PROXYM,PROXYM ER TABLET 1X15T,424441862,PROXYM XT TABLET 1X15T,424441838,0.8191,True,PROXYM TH8 TABLET 1x10T,424441957,0.7875,True,PROXYM ER 200 TABLETS,424441015,0.7747,True,0.8191,0.7747,0.7938,3,True,False,3
1281,ACEGABA 100 MG 10X15,ACEGABA 100 CAPSULE 1 X 15 C,424442056,ACEGABA,ACEGABA 100 CAPSULE,424440999,CARMADA 100 MG TABLET 10x10T,421112928,0.8255,False,EOPTAL 150 MG TABLET 10X10,421112254,0.8078,False,CONSIVAS 10 MG TABLET 10X10,424440443,0.8077,False,0.8255,0.8077,0.8137,0,False,False,3
1282,ARMOD 50 10X15,ARMOD-50 TABLETS 1 x 15 T,424442060,ARMOD,ARMOD-50 TABLETS,424441213,LOPRESOR 50 10X10 T,420120022,0.8072,False,ARMOD-150 TABLETS 1 x 15 T,424442061,0.7886,True,EMROFT - 50 30X10 T,420000175,0.7871,False,0.8072,0.7871,0.7943,1,False,False,3
1283,TEMSAN-8O H TAB 1*10,TEMSAN  80 H TABLETS,424440636,TEMSAN,TEMSAN H TABLETS,424440638,TEMSAN LN TABLET 10x15T,421112933,0.8135,True,TEMSAN BS 2.5/40 TABLET 10x10T,421112702,0.8115,True,TEMSAN BS 5/40 TABLET 10x10T,421112703,0.8081,True,0.8135,0.8081,0.8110,3,True,False,3
1284,POVIZTRA FLXT 1.00 MG 3ML PCS,POVIZTRA FLXT 1MG 3ML 1PC COPACK,420008827,POVIZTRA,POVIZTRA FLXT 1.7MG 3ML 1PC COPACK,420008828,POVIZTRA FLXT 2.4MG 3ML 1PC COPACK,420008829,0.9166,True,POVIZTRA FLXT 0.5MG 1.5ML 1PC COPACK,420008826,0.8966,True,POVIZTRA FLXT 0.25MG 1.5ML 1PC COPACK,420008825,0.8936,True,0.9166,0.8936,0.9023,3,True,False,3
1285,GALACT GRANULES 400GELAICHI,GALACT GRANULES 400GM ELAICHI,421113094,GALACT,GALACT GRANULES 400 GM KESAR,421112875,GALACT GRANULES 600GM ELAICHI,421113037,0.8921,True,GALACT GRANULES,420000615,0.8845,True,GALACT GRANULES 400 GM CHOCOLATE,421112876,0.8768,True,0.8921,0.8768,0.8845,3,True,False,3
1286,PROXYM-ER 300 M.G 1X15 TAB,PROXYM ER 200 TABLETS 15 T,424441863,PROXYM,PROXYM ER TABLET 1X15T,424441862,PROXYM XT TABLET 1X15T,424441838,0.8313,True,PROXYM 300 TABLETS,424440535,0.8210,True,PROXYM ER 200 TABLETS,424441015,0.8007,True,0.8313,0.8007,0.8177,3,True,False,3
1287,SYLATE-500 M.G TAB. 1X10 TAB,SYLATE TABLET 500 MG,424441083,SYLATE,SYLATE M TABLET 500 MG,421110142,NAPROXEN TAB 500 MG 10X2X10T,421112839,0.8279,False,PRASUMAX-10 TABS 1X10 T,429990892,0.8235,False,PRASUMAX-5 TABS 1X10 T,429990891,0.8142,False,0.8279,0.8142,0.8219,0,False,False,3
1288,PROXYM ER 300 MG 1*15,PROXYM ER 200 TABLETS 15 T,424441863,PROXYM,PROXYM ER TABLET 1X15T,424441862,PROXYM GEL 30 GM,421112498,0.8441,True,PROXYM ER  TABLETS,424441016,0.8026,True,PROXYM ER 200 TABLETS,424441015,0.7965,True,0.8441,0.7965,0.8144,3,True,False,3
1289,FERIUM 1K INJ 1VAIL,FERIUM INJECTION 1K (1GM/20ML),421111885,FERIUM,FERIUM INJECTION 500MG,421110953,EMSTAR 1 GM INJ 1 VIAL,421110944,0.7728,False,GROS 30 INJ 1 VIAL,422220280,0.7604,False,VINTOR 10000 IU INJ 1 PFS,422220120,0.7548,False,0.7728,0.7548,0.7627,0,False,False,3
1290,INBEC TAB 10TAB,INBEC CAPSULES,491110002,INBEC,INBEC TABLETS 1X30T,424441764,SIMSTAT 10 MG TAB 10,421110138,0.7873,False,LORETA-P 8 TAB 10X10 T,423330499,0.7677,False,EMLINZ M 2.5/1000 TAB 1X10T,429991542,0.7657,False,0.7873,0.7657,0.7736,0,False,False,3
1291,ASOMEX LT 1X10 PCS,ASOMEX LT 2.5 MG TABLET,424440489,ASOMEX,ASOMEX LT TABLET 1X15T,424440761,APRUV - LT  3X2X10 T,421110502,0.7807,False,ASOMEX - M  TABLETS 10X10 T,424441465,0.7741,True,ASOMEX D TABLET 1x15T,424440759,0.7695,True,0.7807,0.7695,0.7748,2,False,False,3
1292,ASOMEX 2.5 TAB LAMBA 2X1 2X15S,ASOMEX 2.5 MG TABLET 1X15T,424441736,ASOMEX,ASOMEX 2.5 MG TABLET,424440002,ASOMEX AT 2.5 MG TABLET 1X15T,424441921,0.8217,True,ASOMEX 1.25 TABLETS 1X15T,424440754,0.8145,True,ASOMEX - TM TABLETS 1X15T,424441530,0.8102,True,0.8217,0.8102,0.8155,3,True,False,3
1293,ASOMEX 5 TAB LAMBA 2X15 2X15S,ASOMEX 5 MG TABLET 1x15T,424441737,ASOMEX,ASOMEX 5 MG TABLET,424440003,ASOMEX 2.5 MG TABLET 1X15T,424441736,0.8246,True,ASOMEX 1.25 TABLETS 1X15T,424440754,0.8194,True,ASOMEX - TM 5 TABLETS 1X15T,421111383,0.8187,True,0.8246,0.8187,0.8209,3,True,False,3
1294,MATERNA HCG 5000 I 5K,MATERNA-HCG 5000 IU HP,491110366,MATERNA,MATERNA-HCG 2000 I.U.,491110275,MATERNA-HCG 10000 IU HP,491110367,0.8540,True,MATERNA HMG HP 225 IU/0.75ML PFS,421112531,0.7960,True,MATERNA HMG HP 1200 IU/4ML MD,421112530,0.7850,True,0.8540,0.7850,0.8117,3,True,False,3
1295,XGRAST INJ 300MCG/ PFS,XGRAST 300 MCG INJ 1 PFS,492220092,XGRAST,XGRAST  INJ 300 MCG/0.5 ML PFS,422220290,EMGRAST 300 MCG INJ 1 PFS,422220194,0.8417,False,OSTERI INJECTION 750 MCG PFS,421111655,0.7300,False,TASPIANCE INJ 180 MCG/0.5ML PFS,491110378,0.7228,False,0.8417,0.7228,0.7648,0,False,False,3
1296,OROFER-S- INJ 10 ML 1*10ML,OROFER S 200 INJECTION 10 ML,421111388,OROFER,OROFER S INJECTION 2.5 ML,421111536,LORNIT INFUSION 10 ML,423330300,0.7955,False,OROFER FCM  INJECTION 500MG/10ML,421111114,0.7759,True,OROFER SYRUP 150 ML,424441435,0.7709,True,0.7955,0.7709,0.7808,2,False,False,3
1297,ASOMEX LT 2.5MG TAB 1X15TA,ASOMEX LT TABLET 1X15T,424440761,ASOMEX,ASOMEX LT 2.5 MG TABLET,424440489,ASOMEX AT 2.5 MG TABLET 1X15T,424441921,0.9334,True,ASOMEX 2.5 MG TABLET 1X15T,424441736,0.9288,True,ASOMEX AT 5 MG TABLET 1X15T,424441922,0.9126,True,0.9334,0.9126,0.9249,3,True,False,3
1298,FERIUM XT  SUSP (ORANGE) 200ML,FERIUM XT + SUSPENSION 200 ML,424441727,FERIUM,FERIUM XT SUSPENSION,424440591,EMCURE ORS LIQUID ORANGE FLAV.200ML,421111909,0.8154,False,OROFER XT + SUSPENSION 200 ML,424441225,0.7576,False,ARTH ELECTROLYTE HYD ORANGE 20X20GM[P2P],421113064,0.7482,False,0.8154,0.7482,0.7737,0,False,False,3
1299,OROFER XT SYP (ORG COOL FLV) 200 ML,OROFER XT + SUSPENSION 200 ML,424441225,OROFER,OROFER XT SUSPENSION 150 ML,424440590,OROFER S 200 INJECTION 10 ML,421111388,0.8019,True,EMCURE ORS LIQUID ORANGE FLAV.200ML,421111909,0.7908,False,FERIUM XT + SUSPENSION 200 ML,424441727,0.7780,False,0.8019,0.7780,0.7902,1,False,False,3
1300,GALACT GRANULES (ELIACHI) 400 GM,GALACT GRANULES 400GM ELAICHI,421113094,GALACT,GALACT GRANULES 400 GM KESAR,421112875,GALACT GRANULES 600GM ELAICHI,421113037,0.8809,True,GALACT GRANULES 400 GM CHOCOLATE,421112876,0.8726,True,GALACT GRANULES,420000615,0.8604,True,0.8809,0.8604,0.8713,3,True,False,3
1301,NEEDLE FOR OSTERI INJ 30 S,OSTERI INJECTION NEEDLES,421111705,OSTERI,OSTERI INJECTION 750 MCG PFS,421111655,GROS 30 INJ 1 VIAL,422220280,0.7045,False,LANCURE I.V. 1X300 ML,421110934,0.6797,False,LANCURE SUSPENSION 30 ML,421111071,0.6769,False,0.7045,0.6769,0.6870,0,False,False,3
1302,FLAWLIZO MICRO0.04 PU 15GM,FLAWLIZO MICRO 0.04% GEL 15GM TUBE PACK,421113049,FLAWLIZO,FLAWLIZO MICRO 0.04% GEL 15GM PUMP PACK,421113085,FLAWLIZO MICRO 0.1% GEL 15GM TUBE PACK,421113050,0.7656,True,FLAWLIZO MICRO 0.1% GEL 15GM PUMP PACK,421113083,0.7547,True,FLAWLIZO 0.025% CREAM 20GM,421113048,0.6993,True,0.7656,0.6993,0.7399,3,True,False,3
1303,OSTERI INJ.600MCG/2.4ML P 1,OSTERI INJ.600MCG /2.4MLPEN DEVICE,421112507,OSTERI,OSTERI INJECTION 750 MCG PFS,421111655,TASPIANCE INJ 180 MCG/0.5ML PFS,491110378,0.7584,False,PROTOTAL POW.200GM,421111281,0.7508,False,MAXTRA P SYRUP 60ML,423331434,0.7507,False,0.7584,0.7507,0.7533,0,False,False,3
1304,PROXYM-ER 300 TAB 15,PROXYM ER 200 TABLETS 15 T,424441863,PROXYM,PROXYM ER TABLET 1X15T,424441862,PROXYM 300 TABLETS,424440535,0.8336,True,PROXYM 200 TABLET,424440534,0.8074,True,PROXYM ER 200 TABLETS,424441015,0.8067,True,0.8336,0.8067,0.8159,3,True,False,3
1305,OROFER-FCMO 750 M 1*15ML,OROFER FCM INJECTION 750MG/15ML,421112705,OROFER,FCMO  INJECTION 750MG/15ML,421112710,OROFER FCM  INJECTION 1K,421111805,0.7927,True,OROFER FCM  INJECTION 500MG/10ML,421111114,0.7828,True,OROFER SYRUP 150 ML,424441435,0.7649,True,0.7927,0.7649,0.7801,3,True,False,3
1306,NUMLOM 5 TAB,NUMLO TABLET 2.5 MG,420000458,NUMLO,NUMLO-M 5 TABLETS 10X10 T,424441471,NUMLO-TM 5 TABLETS,421110630,0.7947,True,NUMLOPAR 5 TABLETS,421110823,0.7910,False,NUMLO-D 5 TABLET,424440017,0.7886,True,0.7947,0.7886,0.7914,2,False,False,3
1307,Cordarone.X IV 1X6X3ml,CORDARONE 150 MG/3ML INJECTION,421112909,CORDARONE,CORDARONE X 200 MG TABLET 10x15T,421112910,VICARE I-CREAM 1x30GM,421113026,0.7670,False,PURON INJECTION 3X2 ML,423330339,0.7640,False,LANCURE I.V. 1X300 ML,421110934,0.7622,False,0.7670,0.7622,0.7644,0,False,False,3
1308,OSTERI INJ.600MCG /2.4MLPEN 1S,OSTERI INJ.600MCG /2.4MLPEN DEVICE,421112507,OSTERI,OSTERI INJECTION 750 MCG PFS,421111655,XGRAST  INJ 300 MCG/0.5 ML PFS,422220290,0.7566,False,TASPIANCE INJ 180 MCG/0.5ML PFS,491110378,0.7560,False,PROTOTAL POW.200GM,421111281,0.7510,False,0.7566,0.7510,0.7545,0,False,False,3
1309,NUMLO D5 TAB 15S.,NUMLO-D 5 TABLET,424440017,NUMLO,NUMLO-D 5 TABLET 1x15 T,424441201,NUMLO-D TABLET 1X15 T,424441202,0.8364,True,NUMLO-AT TABLET 1X15 T,424441936,0.8347,True,NUMLO-D TABLET,421110384,0.8259,True,0.8364,0.8259,0.8323,3,True,False,3
1310,AQUAOAT MOIST CREAM 250 250,AQUAOAT MOISTURIZING CREAM 250GM,421113108,AQUAOAT,AQUAOAT MOISTURIZING CREAM 50GM,421111878,AQUAOAT MOISTURIZING CREAM 100 GM,421112579,0.9011,True,AQUAOAT MOISTURIZING LOTION 250ML,421112581,0.8880,True,AQUAOAT MOISTURIZING LOTION 100ML,421112580,0.8438,True,0.9011,0.8438,0.8776,3,True,False,3
1311,AQUAOAT MOIST LOTION 250 250LM,AQUAOAT MOISTURIZING LOTION 250ML,421112581,AQUAOAT,AQUAOAT MOISTURIZING LOTION 100ML,421112580,AQUAOAT MOISTURIZING CREAM 250GM,421113108,0.9138,True,AQUAOAT MOISTURIZING CREAM 100 GM,421112579,0.8648,True,AQUAOAT MOISTURIZING CREAM 50GM,421111878,0.8406,True,0.9138,0.8406,0.8731,3,True,False,3
1312,FLAWLIZD MICRO0.04pump 15GM,FLAWLIZO MICRO 0.04% GEL 15GM PUMP PACK,421113085,FLAWLIZO,FLAWLIZO MICRO 0.04% GEL 15GM TUBE PACK,421113049,FLAWLIZO MICRO 0.1% GEL 15GM PUMP PACK,421113083,0.7899,True,FLAWLIZO MICRO 0.1% GEL 15GM TUBE PACK,421113050,0.7420,True,ZEMCIFER - XT DROPS 15 ML,420500002,0.7260,False,0.7899,0.7260,0.7526,2,False,False,3
1313,FLAWLIZO MICRO 0.04PUMP PACK 15GM,FLAWLIZO MICRO 0.04% GEL 15GM PUMP PACK,421113085,FLAWLIZO,FLAWLIZO MICRO 0.04% GEL 15GM TUBE PACK,421113049,FLAWLIZO MICRO 0.1% GEL 15GM PUMP PACK,421113083,0.8943,True,FLAWLIZO MICRO 0.1% GEL 15GM TUBE PACK,421113050,0.8681,True,ZEMCIFER - XT DROPS 15 ML,420500002,0.7135,False,0.8943,0.7135,0.8253,2,False,False,3
1314,FLAWLIZO MICRO 0.1PUMP PACK 15GM,FLAWLIZO MICRO 0.1% GEL 15GM PUMP PACK,421113083,FLAWLIZO,FLAWLIZO MICRO 0.04% GEL 15GM TUBE PACK,421113049,FLAWLIZO MICRO 0.04% GEL 15GM PUMP PACK,421113085,0.9002,True,FLAWLIZO MICRO 0.1% GEL 15GM TUBE PACK,421113050,0.8843,True,NUMLO-TM TABLETS 1X15 T,421112129,0.7337,False,0.9002,0.7337,0.8394,2,False,False,3
1315,ASOMEX-TM 2.5 TAB 10*15T,ASOMEX - TM TABLETS 1X15T,424441530,ASOMEX,ASOMEX - TM TABLETS,421110575,ASOMEX AT 2.5 MG TABLET 1X15T,424441921,0.8192,True,ASOMEX AT 5 MG TABLET 1X15T,424441922,0.8065,True,ASOMEX 2.5 MG TABLET 1X15T,424441736,0.8064,True,0.8192,0.8064,0.8107,3,True,False,3
1316,EOPTAL 6OO TAB,EOPTAL 600 TABLETS 10X10 T,421112257,EOPTAL,EOPTAL 150 MG TABLET 10X10,421112254,SIMSTAT 5 MG TAB 10,420000363,0.7723,False,SIMSTAT 10 MG TAB 10,421110138,0.7703,False,ULTIMOX CLAV KID DT TAB,421112184,0.7581,False,0.7723,0.7581,0.7669,0,False,False,3
1317,GALACT GRANULES 1X400GMS,GALACT GRANULES 400GM ELAICHI,421113094,GALACT,GALACT GRANULES 400 GM KESAR,421112875,GALACT GRANULES,420000615,0.9100,True,GALACT GRANULES 600GM ELAICHI,421113037,0.8649,True,GALACT GRANULES 400 GM CHOCOLATE,421112876,0.8513,True,0.9100,0.8513,0.8754,3,True,False,3
1318,EMLINZ-M 5/1000 TAB 10X10,EMLINZ M 1000 TABLET 1x10T,421112772,EMLINZ,EMLINZ M5/1000 TABLET 10x10T,421112828,EMLINZ M 2.5/1000 TAB 1X10T,429991542,0.9510,True,EMLINZ DM TABLET 10x10T,421112935,0.8855,True,EMLINZ D 5/10 TABLET 1x10T,421112771,0.8803,True,0.9510,0.8803,0.9056,3,True,False,3
1319,NUMLO-D TAB 5215,NUMLO-D 5 TABLET,424440017,NUMLO,NUMLO-D TABLET,421110384,NUMLO-AT TABLET,424440015,0.7993,True,NUMLO-D TABLET 1X15 T,424441202,0.7851,True,NUMLO-D 5 TABLET 1x15 T,424441201,0.7767,True,0.7993,0.7767,0.7870,3,True,False,3
1320,TEMSAN-20 10X15,TEMSAN 20 MG TABLETS 10x15T,424441698,TEMSAN,TEMSAN 20 MG. TABLETS,424440932,TEMSAN LN TABLET 10x15T,421112933,0.8400,True,TEMSAN BS 5/40 TABLET 10x10T,421112703,0.8068,True,TEMSAN BS 2.5/40 TABLET 10x10T,421112702,0.8009,True,0.8400,0.8009,0.8159,3,True,False,3
1321,OROFER FCM 1K INJ 1X10ML,OROFER FCM  INJECTION 1K,421111805,OROFER,OROFER FCM  INJECTION 500MG/10ML,421111114,OROFER FCM INJECTION 750MG/15ML,421112705,0.8528,True,FCMO INJECTION 1k/20ML,421112711,0.8334,False,HOSIT FCM INJECTION 1K,421112615,0.8062,False,0.8528,0.8062,0.8308,1,False,False,3
1322,TEMSAN CT 40/6.25 1X10,TEMSAN CT-6.25 TABLETS,421111887,TEMSAN,TEMSAN CT 40/12.5 MG TABLET 10X10,424441139,TEMSAN BS 5/40 TABLET 10x10T,421112703,0.8014,True,TEMSAN 40 MG TABLETS 10x15T,424441699,0.7936,True,TEMSAN BS 2.5/40 TABLET 10x10T,421112702,0.7912,True,0.8014,0.7912,0.7954,3,True,False,3
1323,OSTERI INJ. 600 MCG/ 1X600MG,OSTERI INJ.600MCG /2.4MLPEN DEVICE,421112507,OSTERI,OSTERI INJECTION 750 MCG PFS,421111655,XGRAST  INJ 300 MCG/0.5 ML PFS,422220290,0.7944,False,EMGRAST 150 MCG,492220028,0.7910,False,TASPIANCE INJ 180 MCG/0.5ML PFS,491110378,0.7874,False,0.7944,0.7874,0.7909,0,False,False,3
1324,TEMSAN BS 40/2. 1X10 PCS,TEMSAN BS 5/40 TABLET 10x10T,421112703,TEMSAN,TEMSAN BS 2.5/40 TABLET 10x10T,421112702,TEMSAN TRIO 40 TABLET 1X10T,421112554,0.7931,True,TEMSAN LN TABLET 10x15T,421112933,0.7832,True,ATSA  4X5X10 T,420000046,0.7702,False,0.7931,0.7702,0.7822,2,False,False,3
1325,CONSIVAS GOLD 2 1X10 PCS,CONSIVAS GOLD 20 CAPSULES 10X10C,421112169,CONSIVAS,CONSIVAS GOLD 10 CAPSULES 10X10C,421112168,CONSIVAS EZ 10 TABLET 1x10T,424441940,0.7818,True,CONSIVAS BM TABLET 1x10T,421112731,0.7803,True,CONSIVAS EZ 40 TABLET 1x10T,421112723,0.7699,True,0.7818,0.7699,0.7773,3,True,False,3
1326,PROXYM ER 300 T 1X10 PCS,PROXYM ER 200 TABLETS,424441015,PROXYM,PROXYM ER  TABLETS,424441016,PROXYM ER TABLET 1X15T,424441862,0.8294,True,PROXYM ER 200 TABLETS 15 T,424441863,0.7925,True,PROXYM 300 TABLETS,424440535,0.7756,True,0.8294,0.7756,0.7992,3,True,False,3
1327,FERIUM XT + SYR,FERIUM XT + SUSPENSION 200 ML,424441727,FERIUM,FERIUM XT DHA 7X1 KIT,424440135,FERIUM XT TABLET,424441702,0.7958,True,FERIUM XT SUSPENSION,424440591,0.7728,True,FERONIA XT TABLETS,427770478,0.7282,False,0.7958,0.7282,0.7656,2,False,False,3
1328,TEMSAN BS 40/2. 1X10 PCS,TEMSAN BS 5/40 TABLET 10x10T,421112703,TEMSAN,TEMSAN BS 2.5/40 TABLET 10x10T,421112702,TEMSAN TRIO 40 TABLET 1X10T,421112554,0.7931,True,TEMSAN LN TABLET 10x15T,421112933,0.7832,True,ATSA  4X5X10 T,420000046,0.7702,False,0.7931,0.7702,0.7822,2,False,False,3
1329,CONSIVAS GOLD 2 1X10 PCS,CONSIVAS GOLD 20 CAPSULES 10X10C,421112169,CONSIVAS,CONSIVAS GOLD 10 CAPSULES 10X10C,421112168,CONSIVAS EZ 10 TABLET 1x10T,424441940,0.7818,True,CONSIVAS BM TABLET 1x10T,421112731,0.7803,True,CONSIVAS EZ 40 TABLET 1x10T,421112723,0.7699,True,0.7818,0.7699,0.7773,3,True,False,3
1330,PROXYM ER 300 T 1X10 PCS,PROXYM ER 200 TABLETS,424441015,PROXYM,PROXYM ER  TABLETS,424441016,PROXYM ER TABLET 1X15T,424441862,0.8294,True,PROXYM ER 200 TABLETS 15 T,424441863,0.7925,True,PROXYM 300 TABLETS,424440535,0.7756,True,0.8294,0.7756,0.7992,3,True,False,3
1331,NUMLO D 5 15 TA,NUMLO-D 5 TABLET,424440017,NUMLO,NUMLO-D 5 TABLET 1x15 T,424441201,NUMLO-TM 5 TABLETS 1X15 T,421112128,0.7594,True,NUMLO-D TABLET 1X15 T,424441202,0.7568,True,NUMLO-AT TABLET 1X15 T,424441936,0.7532,True,0.7594,0.7532,0.7565,3,True,False,3
1332,PROXYM ER 300MG 15,PROXYM ER 200 TABLETS 15 T,424441863,PROXYM,PROXYM ER  TABLETS,424441016,PROXYM GEL 30 GM,421112498,0.8316,True,PROXYM ER 200 TABLETS,424441015,0.8005,True,PROXYM 300 TABLETS,424440535,0.7956,True,0.8316,0.7956,0.8092,3,True,False,3
1333,CONSIVAS F TAB. 10S STR,CONSIVAS-F TABLETS,421111971,CONSIVAS,CONSIVAS-F10/160 TABLETS,421112323,CONSIVAS EZ 10 TABLET 1x10T,424441940,0.7219,True,CONSIVAS EZ 20 TABLET,421112423,0.7212,True,CONSIVAS-10 D3 TABLETS,421111063,0.7169,True,0.7219,0.7169,0.7200,3,True,False,3
1334,OROFER-XT SY. 1X200,OROFER XT + SUSPENSION 200 ML,424441225,OROFER,OROFER XT DROPS,424441717,OROFER XT TABLET 1X30 T,424441705,0.8089,True,OROFER XT TABLET 1x15T,424442006,0.8004,True,OROFER XT TABLET,424441704,0.7905,True,0.8089,0.7905,0.7999,3,True,False,3
1335,CONSIVAS- 5 TAB 10-S,CONSIVAS-5 TABLETS,424440442,CONSIVAS,CONSIVAS 10 MG TABLET 10X10,424440443,CONSIVAS-F10/160 TABLETS,421112323,0.8202,True,CONSIVAS-10 D3 TABLETS,421111063,0.8028,True,CONSIVAS 20 MG TABLET 10X10,424440444,0.7934,True,0.8202,0.7934,0.8055,3,True,False,3
1336,ABEC TABLET 1X30,A-BEC TABLET 60T,424441967,A-BEC,A-BEC L TABLETS,424441093,BIC EMTAF TABLET 1x30T,424442074,0.8887,False,INSTGRA TABLET 1X30T,424441757,0.8770,False,EMDYDRO TABLET 1x30T,421112693,0.8733,False,0.8887,0.8733,0.8797,0,False,False,3
1337,SYLATE (T)500 TAB 1X10,SYLATE T 500 TABLET,421110143,SYLATE,SYLATE TABLET 500 MG,424441083,EMLINZ M 2.5/1000 TAB 1X10T,429991542,0.8240,False,ARTH TABLET 10X10 T,420000531,0.8231,False,ENHEMO 500 TABLET 10x10T,424442072,0.8206,False,0.8240,0.8206,0.8226,0,False,False,3
1338,OSTERI INJ NEEDALES,OSTERI INJECTION NEEDLES,421111705,OSTERI,OSTERI INJECTION 750 MCG PFS,421111655,OSTERI INJ.600MCG /2.4MLPEN DEVICE,421112507,0.6730,True,EPORISE 10 000 IU PFS,423330917,0.6702,False,EPORISE 40 000 IU PFS,423330850,0.6671,False,0.6730,0.6671,0.6701,1,False,False,3
1339,HOSIT D TAB S,HOSIT D3 TABLET,424441914,HOSIT,HOSIT TABLET,424441222,HOSIT L TABLET,424441221,0.8027,True,TRUSTEN AZ TAB,423330741,0.7769,False,ULTIMOX CLAV KID DT TAB,421112184,0.7665,False,0.8027,0.7665,0.7820,1,False,False,3
1340,VYLDA D / TAB S,VYLDA D100/5 TABLET 1X10T,421112572,VYLDA,VYLDA D100/10 TABLET 1X10T,421112886,VYLDA TABLET,424442008,0.8621,True,VYLDA DM 100/10/500 TABLET 1x10T,421112888,0.7920,True,VYLDA DM 100/10/1000 TABLET 1x10T,421112889,0.7875,True,0.8621,0.7875,0.8139,3,True,False,3
1341,VYLDA OD TAB S,VYLDA OD 50 TABLET 1X15T,421112490,VYLDA,VYLDA OD 100 TABLETS,421112452,VYLDA TABLET,424442008,0.8428,True,VYLDA TABLETS 1X15 T,424441803,0.7733,True,VYLDA DM 100/10/500 TABLET 1x10T,421112888,0.7605,True,0.8428,0.7605,0.7922,3,True,False,3
1342,VYLDA-M S,VYLDA-M 500 TABLETS  1X10 T,424441909,VYLDA,VYLDA-M 1000 TABLETS 1X10 T,424441911,VYLDA TABLET,424442008,0.7722,True,VYLDA OD 100 TABLETS,421112452,0.7020,True,VYLDA TABLETS 1X15 T,424441803,0.7001,True,0.7722,0.7001,0.7248,3,True,False,3
1343,VYLDA-M TAB S,VYLDA-M 500 TABLETS  1X10 T,424441909,VYLDA,VYLDA-M 1000 TABLETS 1X10 T,424441911,VYLDA TABLET,424442008,0.8448,True,VYLDA DM 100/10/500 TABLET 1x10T,421112888,0.7613,True,VYLDA-M 850 TABLETS 1X10 T,424441910,0.7603,True,0.8448,0.7603,0.7888,3,True,False,3
1344,VYLDA-M TAB S,VYLDA-M 500 TABLETS  1X10 T,424441909,VYLDA,VYLDA-M 1000 TABLETS 1X10 T,424441911,VYLDA TABLET,424442008,0.8448,True,VYLDA DM 100/10/500 TABLET 1x10T,421112888,0.7613,True,VYLDA-M 850 TABLETS 1X10 T,424441910,0.7603,True,0.8448,0.7603,0.7888,3,True,False,3
1345,EMILDAP 10 TAB 15 S(EMI1T) 15 S,EMILDAP S 10/100 TABLET 1X10T,421112866,EMILDAP,EMILDAP 10 TABLET 1X15T,421112857,SIMSTAT 10 MG TAB 10,421110138,0.8139,False,EMILDAP 5 TABLET 1X15T,421112568,0.8076,True,EMILDAP GM 10/1/1000 TABLET 10x10T,421112742,0.8033,True,0.8139,0.8033,0.8083,2,False,False,3
1346,TEMSAN 20MG TAB 15 S(TEM2T) 15 S,TEMSAN 20 MG TABLETS 10x15T,424441698,TEMSAN,TEMSAN 20 MG. TABLETS,424440932,TEMSAN 80 MG TABLETS 10x15T,424441700,0.8343,True,TEMSAN H TABLETS 1X15 T,424441191,0.8341,True,TEMSAN 40 MG TABLETS 10x15T,424441699,0.8330,True,0.8343,0.8330,0.8338,3,True,False,3
1347,TEMSAN 40MG TAB 15 S(TEM4T) 15 S,TEMSAN 40 MG TABLETS 10x15T,424441699,TEMSAN,TEMSAN 40 MG. TABLETS,424440933,TEMSAN 20 MG TABLETS 10x15T,424441698,0.8425,True,TEMSAN 80 MG TABLETS 10x15T,424441700,0.8331,True,TEMSAN CT 40/12.5 MG TABLET 10X10,424441139,0.8328,True,0.8425,0.8328,0.8361,3,True,False,3
1348,TEMSAN AM 5 TAB 15 S(TEMA5T) 15 S,TEMSAN AM-5 TABLETS 1X15 T,421111794,TEMSAN,TEMSAN - AM 5 TABLETS,421110956,TEMSAN LN TABLET 10x15T,421112933,0.8072,True,TEMSAN - AM TABLETS 1X15T,424441539,0.8040,True,TEMSAN BS 2.5/40 TABLET 10x10T,421112702,0.7977,True,0.8072,0.7977,0.8030,3,True,False,3
1349,NUMLO TM 5 TAB 15 S(NUMT5T) 15 S,NUMLO-TM 5 TABLETS 1X15 T,421112128,NUMLO,NUMLO-TM 5 TABLETS,421110630,NUMLO-AT TABLET 1X15 T,424441936,0.8329,True,NUMLO-D 5 TABLET 1x15 T,424441201,0.8150,True,NUMLO-D TABLET 1X15 T,424441202,0.8146,True,0.8329,0.8146,0.8208,3,True,False,3
1350,ASOMEX 1.25MG TAB 15T(ASO12T) 15T,ASOMEX 1.25 TABLETS 1X15T,424440754,ASOMEX,ASOMEX 1.25 MG TABLET,424440001,ASOMEX AT 2.5 MG TABLET 1X15T,424441921,0.8995,True,ASOMEX 2.5 MG TABLET 1X15T,424441736,0.8914,True,ASOMEX AT 5 MG TABLET 1X15T,424441922,0.8865,True,0.8995,0.8865,0.8925,3,True,False,3
1351,ASOMEX 2.5MG TAB. 15S(ASO25T) 15S,ASOMEX 1.25 TABLETS 1X15T,424440754,ASOMEX,ASOMEX 2.5 MG TABLET 1X15T,424441736,ASOMEX AT 2.5 MG TABLET 1X15T,424441921,0.8999,True,ASOMEX AT 2.5 MG TABLET,420000021,0.8831,True,ASOMEX 2.5 MG TABLET,424440002,0.8762,True,0.8999,0.8762,0.8864,3,True,False,3
1352,ASOMEX AT 2.5MG TAB. 15 S(ASOA25T) 15 S,ASOMEX AT 2.5 MG TABLET 1X15T,424441921,ASOMEX,ASOMEX AT 2.5 MG TABLET,420000021,ASOMEX 2.5 MG TABLET,424440002,0.8830,True,ASOMEX LT 2.5 MG TABLET,424440489,0.8768,True,ASOMEX AT 5 MG TABLET,424440006,0.8754,True,0.8830,0.8754,0.8784,3,True,False,3
1353,ASOMEX LT 2.5MG TAB 15T(ASOL25T) 15T,ASOMEX LT TABLET 1X15T,424440761,ASOMEX,ASOMEX LT 2.5 MG TABLET,424440489,ASOMEX AT 2.5 MG TABLET 1X15T,424441921,0.9036,True,ASOMEX 2.5 MG TABLET 1X15T,424441736,0.8973,True,ASOMEX LT 5 MG TABLET,421111036,0.8822,True,0.9036,0.8822,0.8944,3,True,False,3
1354,OSTERI INJ 1UNIT(OSTI) 1UNIT,OSTERI INJ.600MCG /2.4MLPEN DEVICE,421112507,OSTERI,OSTERI INJECTION 750 MCG PFS,421111655,EPORISE 10 000 IU PFS,423330917,0.6982,False,EPORISE 40 000 IU PFS,423330850,0.6933,False,NEVIR ER TBALET 1 X 30,424441482,0.6895,False,0.6982,0.6895,0.6937,0,False,False,3
1355,Aquaoat Moist Cream 250ml,AQUAOAT MOISTURIZING CREAM 250GM,421113108,AQUAOAT,AQUAOAT MOISTURIZING LOTION 250ML,421112581,AQUAOAT MOISTURIZING CREAM 100 GM,421112579,0.9168,True,AQUAOAT MOISTURIZING CREAM 50GM,421111878,0.9064,True,AQUAOAT MOISTURIZING LOTION 100ML,421112580,0.8856,True,0.9168,0.8856,0.9029,3,True,False,3
1356,CARDACE 2.50X10 15S,CARDACE 2.5 MG TABLET 10x15T,421112892,CARDACE,CARDACE 10 MG TABLET 10x15T,421112891,CARDACE H 2.5 TABLET 10x15T,421112898,0.8570,True,CARDACE AM 2.5 TABLET 10x15T,421112895,0.8526,True,CARDACE METO 2.5 TABLET 10x10T,421112900,0.8388,True,0.8570,0.8388,0.8495,3,True,False,3
1357,NUCORIL-5 TAB(NUCRAN),NUCORIL - 5 TABLETS 1X10 T,424441444,NUCORIL,NUCORIL 5 MG TAB 20,424440893,NUCORIL OD TABLET,424440669,0.8151,True,NUCORIL - 5 TABLETS 1X30 T,424440492,0.8079,True,NUCROVIT TABLETS,421111009,0.8003,False,0.8151,0.8003,0.8078,2,False,False,3
1358,CETAPIN-V-.3 MG TAB,CETAPIN V 0.3MG TABLET 10x15T,421113137,CETAPIN,CETAPIN V 0.2MG TABLET 10x15T,421113136,CETAPIN XR 1000MG TABLET 10x15T,421113138,0.7800,True,CETAPIN XR 500MG TABLET 11x20T,421113139,0.7738,True,MUVPRU TABLET 2 MG,421111905,0.7464,False,0.7800,0.7464,0.7667,2,False,False,3
1360,UREADERM MOISTU CREAM 20 1X100GM,UREADERM MOISTURIZING CREAM 20% 100GM,421113046,UREADERM,UREADERM MOISTURIZING CREAM 10% 100GM,421113045,LUZARN LOTION 1 X 20 ML,429991253,0.8261,False,AQUAOAT MOISTURIZING CREAM 100 GM,421112579,0.8160,False,LUZARN CREAM 1X20 GM,421111943,0.8131,False,0.8261,0.8131,0.8184,0,False,False,3
1361,OROFER XT BOTTLE OF,OROFER XT TABLET 1X30 T,424441705,OROFER,OROFER XT DROPS,424441717,OROFER XT TABLET,424441704,0.8322,True,OROFER XT TOTAL TABLET,424441708,0.8210,True,OROFER XT + SUSPENSION 200 ML,424441225,0.8092,True,0.8322,0.8092,0.8208,3,True,False,3
1362,ASOMEX AT 2. 15 TAB STP,ASOMEX AT 2.5 MG TABLET 1X15T,424441921,ASOMEX,ASOMEX AT 2.5 MG TABLET,420000021,ASOMEX AT 5 MG TABLET 1X15T,424441922,0.7729,True,ASOMEX 2.5 MG TABLET 1X15T,424441736,0.7534,True,ASOMEX 2.5 MG TABLET,424440002,0.7454,True,0.7729,0.7454,0.7572,3,True,False,3
1363,ENCICARB 1GM INJ 1X1,ENCICARB INJECTION 100MG/2ML,422220078,ENCICARB,ENCICARB INJECTION 1K,422220233,ENCICARB INJECTION 750MG/15ML,421112707,0.7942,True,CITAFINE 1 GM INJ 1 VIAL,422220160,0.7839,False,PEMCURE 500 MG INJ 1 VIAL,421111011,0.7793,False,0.7942,0.7793,0.7858,1,False,False,3
1364,FULVIRA INJECTION 2X5ML PF 1X1,FULVIRA 250 MG INJ 2X5 ML PFS,421112211,FULVIRA,FULVIRA INJECTION 1X5 ML PFS,421112210,PURON INJECTION 3X2 ML,423330339,0.8088,False,CFEICURE-S INJECTION 1.5g,421112127,0.7854,False,ETS - 50 INJECTION 5X1 ML,420000218,0.7827,False,0.8088,0.7827,0.7923,0,False,False,3
1365,EMTOFA 2% OINTMENT,EMTOFA OINTMENT 15GM,421113091,EMTOFA,EMTOFA OINTMENT 10 GM,421112713,EMTOFA OINTMENT 20 GM,421112714,0.8847,True,EMTOFA OINTMENT 30GM,421113092,0.8776,True,EMANZEN D OINTMENT 30 GM,421110987,0.7722,False,0.8847,0.7722,0.8448,2,False,False,3
1366,CARDACE AM 2.5MG T 10/15 ;S,CARDACE AM 2.5 TABLET 10x15T,421112895,CARDACE,CARDACE AM 10 TABLET 10x15T,421112894,CARDACE 2.5 MG TABLET 10x15T,421112892,0.8550,True,CARDACE 1.25 MG TABLET 10x15T,421112890,0.8310,True,CARDACE 5 MG TABLET 10x15T,421112893,0.8288,True,0.8550,0.8288,0.8383,3,True,False,3
1367,OLANEX F TAB 10S/15S 10S/15S,OLANEX  F TABLETS 1 x 15 T,424442062,OLANEX,OLANEX  F TABLETS,424441212,SIMSTAT 10 MG TAB 10,421110138,0.7848,False,FLOFRE 10 TABLETS,421110285,0.7843,False,OZATEX 10 TABLET,421112059,0.7712,False,0.7848,0.7712,0.7801,0,False,False,3
1368,LASIX 40MG(SANOFI) 80X15,LASIX 40 MG TABLET 80x15T,421112913,LASIX,LASIX 40 MG/4ML INJECTION,421112912,SANOXABAN 2.5 MG TABLET 10x10T,421112930,0.8114,False,PANSALVE 40 MG TABLET 20X10,421110837,0.8102,False,SANOXABAN 5 MG TABLET 10x10T,421112931,0.8085,False,0.8114,0.8085,0.8100,0,False,False,3
1369,C - LET 1.0GM,C - LET 1.0 GM INJECTION,421111669,C-LET,C - LET OF TABLETS,421111080,C - LET 2.0 GM INJECTION,421112471,0.8449,True,C-ZID 1GM,421110434,0.7208,False,PROTOTAL POW.200GM,421111281,0.7105,False,0.8449,0.7105,0.7587,1,False,False,3
1370,EMPRI M 12.5/100,EMPRI M 12.5/1000MG TABLET 10x10T,421113072,EMPRI,EMPRI M 12.5/500 MG TABLET 10x10T,421113071,EMSITA M SR 100/1000 1X10T,421112596,0.7557,False,EMSITA M 50/1000 1X10T,421112587,0.7404,False,EMSITA M 50/500 1X10T,421112586,0.7380,False,0.7557,0.7380,0.7447,0,False,False,3
1371,PROXYM 300ER 15S,PROXYM ER TABLET 1X15T,424441862,PROXYM,PROXYM 300 TABLETS,424440535,PROXYM ER 200 TABLETS 15 T,424441863,0.8193,True,PROXYM GEL 30 GM,421112498,0.7601,True,PROXYM ER 200 TABLETS,424441015,0.7472,True,0.8193,0.7472,0.7755,3,True,False,3
1372,FLAWLIZO ACNE M- 50ML,FLAWLIZO ACNE CARE MOISTURISING GEL 50M,421113051,FLAWLIZO,FLAWLIZO ACNE SPOT CORRECTOR 30ML,421113052,FLAWLIZO 0.025% CREAM 20GM,421113048,0.8263,True,FLAWLIZO MICRO 0.04% GEL 15GM TUBE PACK,421113049,0.7442,True,SOLGLO HYBRID SUNSCREEN 50ML,421113087,0.7386,False,0.8263,0.7386,0.7697,2,False,False,3
1373,FLAWLIZO MIC .04 15GM,FLAWLIZO MICRO 0.04% GEL 15GM TUBE PACK,421113049,FLAWLIZO,FLAWLIZO MICRO 0.04% GEL 15GM PUMP PACK,421113085,FLAWLIZO MICRO 0.1% GEL 15GM TUBE PACK,421113050,0.6799,True,FLAWLIZO MICRO 0.1% GEL 15GM PUMP PACK,421113083,0.6685,True,FLAWLIZO 0.025% CREAM 20GM,421113048,0.6413,True,0.6799,0.6413,0.6632,3,True,False,3
1374,FLAWLIZO MIC .04 15GM,FLAWLIZO MICRO 0.04% GEL 15GM TUBE PACK,421113049,FLAWLIZO,FLAWLIZO MICRO 0.04% GEL 15GM PUMP PACK,421113085,FLAWLIZO MICRO 0.1% GEL 15GM TUBE PACK,421113050,0.6799,True,FLAWLIZO MICRO 0.1% GEL 15GM PUMP PACK,421113083,0.6685,True,FLAWLIZO 0.025% CREAM 20GM,421113048,0.6413,True,0.6799,0.6413,0.6632,3,True,False,3
1375,FLAWLIZO MIC 0.1 G 15GM,FLAWLIZO MICRO 0.1% GEL 15GM TUBE PACK,421113050,FLAWLIZO,FLAWLIZO MICRO 0.1% GEL 15GM PUMP PACK,421113083,FLAWLIZO MICRO 0.04% GEL 15GM TUBE PACK,421113049,0.7753,True,FLAWLIZO MICRO 0.04% GEL 15GM PUMP PACK,421113085,0.7612,True,FLAWLIZO 0.025% CREAM 20GM,421113048,0.7599,True,0.7753,0.7599,0.7655,3,True,False,3
1376,FLAWLIZO MIC 0.1 15GM,FLAWLIZO MICRO 0.1% GEL 15GM TUBE PACK,421113050,FLAWLIZO,FLAWLIZO MICRO 0.1% GEL 15GM PUMP PACK,421113083,FLAWLIZO MICRO 0.04% GEL 15GM TUBE PACK,421113049,0.7563,True,FLAWLIZO MICRO 0.04% GEL 15GM PUMP PACK,421113085,0.7423,True,FLAWLIZO 0.025% CREAM 20GM,421113048,0.7316,True,0.7563,0.7316,0.7434,3,True,False,3
1377,C - LET 1.0GM,C - LET 1.0 GM INJECTION,421111669,C-LET,C - LET OF TABLETS,421111080,C - LET 2.0 GM INJECTION,421112471,0.8449,True,C-ZID 1GM,421110434,0.7208,False,PROTOTAL POW.200GM,421111281,0.7105,False,0.8449,0.7105,0.7587,1,False,False,3
1378,NUCORIL 5MG TABLETS 1X30,NUCORIL - 5 TABLETS 1X30 T,424440492,NUCORIL,NUCORIL 5 MG TAB 20,424440893,NUCORIL - 5 TABLETS 1X10 T,424441444,0.9282,True,NUACE TABLETS 1x30 T,424441611,0.8562,False,DAONIL TABLETS 1 X 30 T,421111590,0.8512,False,0.9282,0.8512,0.8785,1,False,False,3
1379,NUMLO-D5TAB15S 1X15S,NUMLO-D 5 TABLET,424440017,NUMLO,NUMLO-D 5 TABLET 1x15 T,424441201,NUMLO-AT TABLET 1X15 T,424441936,0.8348,True,NUMLO-D TABLET 1X15 T,424441202,0.8286,True,NUMLO-TM 5 TABLETS 1X15 T,421112128,0.8122,True,0.8348,0.8122,0.8252,3,True,False,3
1380,OROFER XT TAB 15/10S,OROFER XT TABLET 1x15T,424442006,OROFER,OROFER XT TABLET,424441704,OROFER XT TOTAL TABLET,424441708,0.8472,True,OROFER XT TABLET 1X30 T,424441705,0.8350,True,OROFER XTM TABLETS,420001221,0.7825,True,0.8472,0.7825,0.8216,3,True,False,3
1381,CELOL (10 TAB) 10TAB,FERIUM XT TABLET,424441702,FERIUM,CELOL CAPSULES,421110030,CELOL+ TABLET,424441788,0.8370,False,SIMSTAT 10 MG TAB 10,421110138,0.7888,False,GLIPSOV-M TABLET 20/1000 10X15T,421112327,0.7747,False,0.8370,0.7747,0.8002,0,False,False,3
1382,GALACT GRANULES (KESAR) 200GM NOS,GALACT GRANULES KESAR,421112646,GALACT,GALACT GRANULE 200 GM ELAICHI,421112871,GALACT GRANULES 400 GM KESAR,421112875,0.9258,True,GALACT GRANULES 600GM ELAICHI,421113037,0.8339,True,GALACT GRANULES 400GM ELAICHI,421113094,0.8334,True,0.9258,0.8334,0.8644,3,True,False,3
1383,EMPRI M 12.5500 10 NOS,EMPRI M 12.5/500 MG TABLET 10x10T,421113071,EMPRI,EMPRI M 12.5/1000MG TABLET 10x10T,421113072,EMSITA M 50/500 1X10T,421112586,0.7520,False,EMSITA M 50/1000 1X10T,421112587,0.7517,False,EMSITA M SR 100/1000 1X10T,421112596,0.7467,False,0.7520,0.7467,0.7501,0,False,False,3
1384,AQUA OAT CLEAN & MOISTURIZING BAR 75GM NOS,AQUAOAT CLEAN & MOISTURE SYNDET BAR 75GM,421113161,AQUAOAT,AQUA OAT BATHING BAR 75 GM,421111895,AQUAOAT MOISTURIZING CREAM 100 GM,421112579,0.7766,True,AQUAOAT MOISTURIZING CREAM 250GM,421113108,0.7755,True,AQUAOAT MOISTURIZING CREAM 50GM,421111878,0.7700,True,0.7766,0.7700,0.7740,3,True,False,3
1385,OROFER XT  SUSPENSION 200ML NOS,OROFER XT + SUSPENSION 200 ML,424441225,OROFER,OROFER XT SUSPENSION 150 ML,424440590,FERIUM XT + SUSPENSION 200 ML,424441727,0.8605,False,ANCOOL SUSPENSION 200 ML,423331543,0.8222,False,CALOBUILD SUSPENSION 200 ML,423330750,0.8205,False,0.8605,0.8205,0.8344,0,False,False,3
1386,FERIUM XT SUSPENSION 200ML NOS,FERIUM XT + SUSPENSION 200 ML,424441727,FERIUM,FERIUM XT SUSPENSION,424440591,OROFER XT + SUSPENSION 200 ML,424441225,0.8420,False,ANCOOL SUSPENSION 200 ML,423331543,0.8287,False,ANCOOL SF 200 ML SUSPENSION,423331203,0.8242,False,0.8420,0.8242,0.8316,0,False,False,3
1387,EMPRI-L10+5 TABLETS- 1*10 TAB,EMPRI L 10/5MG TABLET 10x10T,421113069,EMPRI,EMPRI 10MG TABLET 10x10T,421113067,EMPRI L 25/5MG TABLET 10x10T,421113070,0.8695,True,EMPRI M 12.5/1000MG TABLET 10x10T,421113072,0.8634,True,EMPRI M 12.5/500 MG TABLET 10x10T,421113071,0.8632,True,0.8695,0.8632,0.8654,3,True,False,3
1388,EMPRI-L-25+5TABLETS-10 TAB 1*10 TAB,EMPRI L 25/5MG TABLET 10x10T,421113070,EMPRI,EMPRI 25MG TABLET 10x10T,421113068,EMLINZ M 2.5/1000 TAB 1X10T,429991542,0.7958,False,EMPRI L 10/5MG TABLET 10x10T,421113069,0.7872,True,EMPRI M 12.5/500 MG TABLET 10x10T,421113071,0.7756,True,0.7958,0.7756,0.7862,2,False,False,3
1389,POVIZTRA-1.75 MG FLXT 3 ML1 PC COPACK 1 PC,POVIZTRA FLXT 1.7MG 3ML 1PC COPACK,420008828,POVIZTRA,POVIZTRA FLXT 1MG 3ML 1PC COPACK,420008827,POVIZTRA FLXT 0.5MG 1.5ML 1PC COPACK,420008826,0.9367,True,POVIZTRA FLXT 0.25MG 1.5ML 1PC COPACK,420008825,0.9366,True,POVIZTRA FLXT 2.4MG 3ML 1PC COPACK,420008829,0.9218,True,0.9367,0.9218,0.9317,3,True,False,3
1390,GALACT GRANULES.ELACHI FLAVOUR- BIG SIZE BIG SIZE,GALACT GRANULES 10GM ELAICHI,421112986,GALACT,GALACT GRANULES,420000615,GALACT GRANULES 400GM ELAICHI,421113094,0.8534,True,GALACT GRANULES 600GM ELAICHI,421113037,0.8472,True,GALACT GRANULE 200 GM ELAICHI,421112871,0.8189,True,0.8534,0.8189,0.8398,3,True,False,3
1391,OROFER FCM1 K 1K 1 K 10 ML- 1 K (1 K),OROFER FCM  INJECTION 1K,421111805,OROFER,OROFER FCM  INJECTION 500MG/10ML,421111114,OROFER FCM INJECTION 750MG/15ML,421112705,0.8294,True,FCMO INJECTION 1k/20ML,421112711,0.7924,False,HOSIT FCM INJECTION 1K,421112615,0.7765,False,0.8294,0.7765,0.7994,1,False,False,3
1392,ERIBULIN 0.5MG/ML INJ EMBREMMA VIAL,EMMDARA INJECTION 50MG/2ML,421112598,EMMDARA,EMBREMMA INJECTION 0.5MG/ML,421112287,EMSTAR 500 MG INJ 1 VIAL,421110943,0.8565,False,PEMCURE 500 MG INJ 1 VIAL,421111011,0.8495,False,ELAXIM 50 MG INJ 1 VIAL,422220014,0.8322,False,0.8565,0.8322,0.8461,0,False,False,3
1393,SYLATE T 500MG 10 S,SYLATE T 500 TABLET,421110143,SYLATE,SYLATE TABLET 500 MG,424441083,SYLATE M TABLET 500 MG,421110142,0.8955,True,SYLATE TABLETS 250 MG 10,424441082,0.8494,True,CELLCEPT 500MG TABLET 10T,420008971,0.8237,False,0.8955,0.8237,0.8562,2,False,False,3
1394,ASOMEX 1.25MG TAB.15 15.,ASOMEX 1.25 TABLETS 1X15T,424440754,ASOMEX,ASOMEX 1.25 MG TABLET,424440001,ASOMEX AT 2.5 MG TABLET 1X15T,424441921,0.8737,True,ASOMEX AT 5 MG TABLET 1X15T,424441922,0.8582,True,ASOMEX 2.5 MG TABLET 1X15T,424441736,0.8465,True,0.8737,0.8465,0.8595,3,True,False,3
1395,PROXYM ER300 TAB 15TAB PCS,PROXYM ER 200 TABLETS 15 T,424441863,PROXYM,PROXYM ER TABLET 1X15T,424441862,PROXYM 300 TABLETS,424440535,0.8216,True,PROXYM 200 TABLET,424440534,0.8207,True,PROXYM ER 200 TABLETS,424441015,0.8099,True,0.8216,0.8099,0.8174,3,True,False,3
1396,S NUMLO 5MG TAB. 20X15,S-NUMLO 5 MG TABLET 1x15 T,424441204,S-NUMLO,S-NUMLO 5 MG TABLET,424440012,S-NUMLO 2.5 MG TABLET 1x15 T,424441203,0.9061,True,S-NUMLO 2.5 MG TABLET,424440011,0.8685,True,NUMLO TABLET 2.5 MG,420000458,0.8569,False,0.9061,0.8569,0.8772,2,False,False,3
1397,NUMLO- D 5 TAB 1X15,NUMLO-D 5 TABLET,424440017,NUMLO,NUMLO-D 5 TABLET 1x15 T,424441201,NUMLO-D TABLET 1X15 T,424441202,0.8667,True,NUMLO-AT TABLET 1X15 T,424441936,0.8615,True,NUMLO-TM 5 TABLETS 1X15 T,421112128,0.8338,True,0.8667,0.8338,0.8540,3,True,False,3
1398,OSTERI INJ600 MCG+ NEEDLS 1X1,OSTERI INJ.600MCG /2.4MLPEN DEVICE,421112507,OSTERI,OSTERI INJECTION 750 MCG PFS,421111655,XGRAST 300 MCG INJ 1 PFS,492220092,0.7480,False,XGRAST  INJ 300 MCG/0.5 ML PFS,422220290,0.7178,False,EMGRAST 300 MCG INJ 1 PFS,422220194,0.7171,False,0.7480,0.7171,0.7276,0,False,False,3
1399,PROXYM ER 300MG TAB 15 S 1X15,PROXYM ER 200 TABLETS 15 T,424441863,PROXYM,PROXYM ER TABLET 1X15T,424441862,PROXYM ER 200 TABLETS,424441015,0.8227,True,PROXYM 300 TABLETS,424440535,0.8213,True,PROXYM ER  TABLETS,424441016,0.8198,True,0.8227,0.8198,0.8213,3,True,False,3
1400,GALACT GRANULES CHOCOLATE FLV 200GM 1X200GM,GALACT GRANULES CHOCOLATE,421112647,GALACT,GALACT GRANULE 200 GM ELAICHI,421112871,GALACT GRANULES 600GM CHOCOLATE,421113039,0.9057,True,GALACT GRANULES 400 GM CHOCOLATE,421112876,0.8886,True,GALACT GRANULES 600GM ELAICHI,421113037,0.8444,True,0.9057,0.8444,0.8796,3,True,False,3
1401,GALACT GRANULES KESAR FLV 200GM 1X200GM,GALACT GRANULES KESAR,421112646,GALACT,GALACT GRANULE 200 GM ELAICHI,421112871,GALACT GRANULES 400 GM KESAR,421112875,0.9235,True,GALACT GRANULES 600GM ELAICHI,421113037,0.8535,True,GALACT GRANULES 400GM ELAICHI,421113094,0.8474,True,0.9235,0.8474,0.8748,3,True,False,3
1402,GALACT LACTATION GRANULES ELAICHI FLV 200G 1X200GM,GALACT GRANULE 200 GM ELAICHI,421112871,GALACT,GALACT PLUS LACTATION BAR 15x20GM,421112942,GALACT GRANULES 600GM ELAICHI,421113037,0.8950,True,GALACT GRANULES 400GM ELAICHI,421113094,0.8859,True,GALACT GRANULES 10GM ELAICHI,421112986,0.8751,True,0.8950,0.8751,0.8853,3,True,False,3
1403,ASOMEX D 5MG TAB 10S Pcs 157.33,ASOMEX D 5 TABLET 1x15T,424440760,ASOMEX,ASOMEX D 5 TABLET,424440008,ASOMEX 5 MG TABLET,424440003,0.8703,True,ASOMEX LT 5 MG TABLET,421111036,0.8636,True,ASOMEX AT 5 MG TABLET,424440006,0.8590,True,0.8703,0.8590,0.8643,3,True,False,3
1404,ASOMEX TM TAB 10S PCS 178.15,ASOMEX - TM TABLETS 1X15T,424441530,ASOMEX,ASOMEX - TM TABLETS,421110575,ASOMEX R TABLET,421110889,0.7996,True,ASOMEX LT TABLET 1X15T,424440761,0.7812,True,ASOMEX OH FORTE TABLET,421110762,0.7799,True,0.7996,0.7799,0.7869,3,True,False,3
1405,OSTERI INJ.600MCG / 1S,OSTERI INJ.600MCG /2.4MLPEN DEVICE,421112507,OSTERI,OSTERI INJECTION 750 MCG PFS,421111655,XGRAST  INJ 300 MCG/0.5 ML PFS,422220290,0.7398,False,XGRAST 300 MCG INJ 1 PFS,492220092,0.7374,False,PROTOTAL POW.200GM,421111281,0.7327,False,0.7398,0.7327,0.7366,0,False,False,3
1406,OROFOR XT 15ML,OROFER XT SUSPENSION 150 ML,424440590,OROFER,OROFER XT TABLET 1x15T,424442006,OROFER XT + SUSPENSION 200 ML,424441225,0.8121,True,OROFER SYRUP 150 ML,424441435,0.8114,True,OROFER DROPS 15 ML,421110180,0.7964,True,0.8121,0.7964,0.8066,3,True,False,3
1407,SYLATE 500MG 10S T,SYLATE T 500 TABLET,421110143,SYLATE,SYLATE TABLET 500 MG,424441083,SYLATE M TABLET 500 MG,421110142,0.8959,True,SYLATE TABLETS 250 MG 10,424441082,0.8438,True,SYLATE T TABLET,420000603,0.8201,True,0.8959,0.8201,0.8533,3,True,False,3
1408,OSTERI-600MCG/2.4ML-PFS-INJ(COLD)1AMP --,OSTERI INJ.600MCG /2.4MLPEN DEVICE,421112507,OSTERI,OSTERI INJECTION 750 MCG PFS,421111655,TASPIANCE INJ 180 MCG/0.5ML PFS,491110378,0.7586,False,TASPIANCE INJ 135 MCG/0.5ML PFS,491110199,0.7512,False,XGRAST  INJ 300 MCG/0.5 ML PFS,422220290,0.7482,False,0.7586,0.7482,0.7527,0,False,False,3
1409,NUCORIL-5MG-30TAB(COLD CHAINE)30TAB,NUCORIL - 5 TABLETS 1X30 T,424440492,NUCORIL,NUCORIL 5 MG TAB 20,424440893,NUCORIL - 5 TABLETS 1X10 T,424441444,0.7901,True,NUCORIL I.V.48 MG INJECTION,421110410,0.7690,True,VINCORT TABLET 30 MG,422220027,0.7653,False,0.7901,0.7653,0.7748,2,False,False,3
1410,POVIZTRA-2.4ML INJ(COLD NO RETURN)1VIAL,POVIZTRA FLXT 2.4MG 3ML 1PC COPACK,420008829,POVIZTRA,POVIZTRA FLXT 1MG 3ML 1PC COPACK,420008827,POVIZTRA FLXT 0.25MG 1.5ML 1PC COPACK,420008825,0.7866,True,POVIZTRA FLXT 0.5MG 1.5ML 1PC COPACK,420008826,0.7815,True,POVIZTRA FLXT 1.7MG 3ML 1PC COPACK,420008828,0.7661,True,0.7866,0.7661,0.7781,3,True,False,3
1411,OSTERI-600MCG/2.4ML-PFS-INJ(COLD)1AMP --,OSTERI INJ.600MCG /2.4MLPEN DEVICE,421112507,OSTERI,OSTERI INJECTION 750 MCG PFS,421111655,TASPIANCE INJ 180 MCG/0.5ML PFS,491110378,0.7586,False,TASPIANCE INJ 135 MCG/0.5ML PFS,491110199,0.7512,False,XGRAST  INJ 300 MCG/0.5 ML PFS,422220290,0.7482,False,0.7586,0.7482,0.7527,0,False,False,3
1412,NUCORIL-5MG-30TAB(COLD CHAINE)30TAB,NUCORIL - 5 TABLETS 1X30 T,424440492,NUCORIL,NUCORIL 5 MG TAB 20,424440893,NUCORIL - 5 TABLETS 1X10 T,424441444,0.7901,True,NUCORIL I.V.48 MG INJECTION,421110410,0.7690,True,VINCORT TABLET 30 MG,422220027,0.7653,False,0.7901,0.7653,0.7748,2,False,False,3
1413,POVIZTRA-2.4ML INJ(COLD NO RETURN)1VIAL,POVIZTRA FLXT 2.4MG 3ML 1PC COPACK,420008829,POVIZTRA,POVIZTRA FLXT 1MG 3ML 1PC COPACK,420008827,POVIZTRA FLXT 0.25MG 1.5ML 1PC COPACK,420008825,0.7866,True,POVIZTRA FLXT 0.5MG 1.5ML 1PC COPACK,420008826,0.7815,True,POVIZTRA FLXT 1.7MG 3ML 1PC COPACK,420008828,0.7661,True,0.7866,0.7661,0.7781,3,True,False,3
1414,NUMLO D5 1X15,NUMLO-D 5 TABLET,424440017,NUMLO,NUMLO-D 5 TABLET 1x15 T,424441201,NUMLO-D TABLET 1X15 T,424441202,0.8141,True,NUMLO-AT TABLET 1X15 T,424441936,0.8090,True,NUMLO-TM 5 TABLETS 1X15 T,421112128,0.7720,True,0.8141,0.7720,0.7984,3,True,False,3
1415,EMANZEN AP 1X10,EMANZEN DP TABLET,421112653,EMANZEN,EMANZEN AP TABLET 10x10T,421113182,EMANZEN TBR-DS TABLETS 1X10 T,421112229,0.7592,True,EMANZEN TBR TABLETS 1X10 T,421112228,0.7572,True,APRUV - LT  3X2X10 T,421110502,0.7503,False,0.7592,0.7503,0.7556,2,False,False,3
1416,VONADAY TABS 1X30,VONADAY 600/300/300 MG TABLET 30s,,,VONADAY 600/300/300 MG TABLET 30s,424440875,TEMNER TABLETS 1X30T,424441768,0.7575,False,NUACE TABLETS 1x30 T,424441611,0.7490,False,EMLINZ M 2.5/1000 TAB 1X10T,429991542,0.7394,False,0.7575,0.7394,0.7486,0,False,False,3
1417,OROFER S INJ.5ML,OROFER S 100 INJECTION,421111537,OROFER,OROFER S INJECTION 2.5 ML,421111536,OROFER S 200 INJECTION 10 ML,421111388,0.8214,True,OROFER SYRUP 300 ML,424441446,0.7920,True,OROFER FCM  INJECTION 500MG/10ML,421111114,0.7894,True,0.8214,0.7894,0.8009,3,True,False,3
1418,EMANZEN AP 1X10,EMANZEN DP TABLET,421112653,EMANZEN,EMANZEN AP TABLET 10x10T,421113182,EMANZEN TBR-DS TABLETS 1X10 T,421112229,0.7592,True,EMANZEN TBR TABLETS 1X10 T,421112228,0.7572,True,APRUV - LT  3X2X10 T,421110502,0.7503,False,0.7592,0.7503,0.7556,2,False,False,3
1419,VONADAY TABS 1X30,VONADAY 600/300/300 MG TABLET 30s,,,VONADAY 600/300/300 MG TABLET 30s,424440875,TEMNER TABLETS 1X30T,424441768,0.7575,False,NUACE TABLETS 1x30 T,424441611,0.7490,False,EMLINZ M 2.5/1000 TAB 1X10T,429991542,0.7394,False,0.7575,0.7394,0.7486,0,False,False,3
1420,ARMOD 150 TAB 10X15,ARMOD-150 TABLETS 1 x 15 T,424442061,ARMOD,ARMOD-150 TABLETS,424441214,ARMOD-50 TABLETS 1 x 15 T,424442060,0.8328,True,ARTH TABLET 10X10 T,420000531,0.8316,False,EMILDAP 10 TABLET 1X15T,421112857,0.8227,False,0.8328,0.8227,0.8290,1,False,False,3
1421,ARMOD 50 10X15,ARMOD-50 TABLETS 1 x 15 T,424442060,ARMOD,ARMOD-50 TABLETS,424441213,LOPRESOR 50 10X10 T,420120022,0.8072,False,ARMOD-150 TABLETS 1 x 15 T,424442061,0.7886,True,EMROFT - 50 30X10 T,420000175,0.7871,False,0.8072,0.7871,0.7943,1,False,False,3
1422,CINEZ D 10X15,CINEZ-D TABLETS 1 X 15 T,421113003,CINEZ,CINEZ-D TABLETS,421112120,VOVERAN D 10X10 T,420120041,0.7731,False,IKA 10X10,420000449,0.7594,False,TREDICAL FT 10X10,420000606,0.7470,False,0.7731,0.7470,0.7598,0,False,False,3
1423,EPITRIL BETA 10X10,EPITRIL BETA 0.25 TABLETS 10X10T,421112140,EPITRIL,EPITRIL BETA 0.5 TABLETS,421112141,EPITRIL MD 0.5 MG TABLET 10X10T,421111787,0.8733,True,EPITRIL MD 1 MG TABLET 10X10T,421111788,0.8712,True,EPITRIL MD 0.25 MG TABLET 10X10T,421111786,0.8679,True,0.8733,0.8679,0.8708,3,True,False,3
1424,AMARYL M F/TE 1MG,AMARYL M FORTE 1MG TABLET 10x15T,421113132,AMARYL,AMARYL M 1MG TABLET 8x20T,421113130,AMARYL M 2MG TABLET 8x20T,421113131,0.7798,True,AMARYL 1MG TABLET 10x30T,421113127,0.7789,True,AMARYL MV 1MG TABLET 10x15T,421113134,0.7730,True,0.7798,0.7730,0.7772,3,True,False,3
1425,AMARYL M F/TE 2MG,AMARYL M FORTE 2MG TABLET 10x15T,421113133,AMARYL,AMARYL M 2MG TABLET 8x20T,421113131,AMARYL M 1MG TABLET 8x20T,421113130,0.7892,True,AMARYL 2MG TABLET 15x30T,421113128,0.7856,True,AMARYL MV 2MG TABLET 10x15T,421113135,0.7826,True,0.7892,0.7826,0.7858,3,True,False,3
1426,VYLDA-DM100/10/5,VYLDA DM 100/10/500 TABLET 1x10T,421112888,VYLDA,VYLDA DM 100/10/1000 TABLET 1x10T,421112889,VYLDA DM 100/5/1000 TABLET 1x10T,421112639,0.8132,True,VYLDA DM 100/5/500 TABLET 1x10T,421112638,0.8040,True,VYLDA OD 100 TABLETS,421112452,0.7868,True,0.8132,0.7868,0.8013,3,True,False,3
1427,PROXYM-ER(300) T,PROXYM ER 200 TABLETS,424441015,PROXYM,PROXYM ER  TABLETS,424441016,PROXYM 300 TABLETS,424440535,0.7949,True,PROXYM ER 200 TABLETS 15 T,424441863,0.7948,True,PROXYM ER TABLET 1X15T,424441862,0.7803,True,0.7949,0.7803,0.7900,3,True,False,3
1428,GALACT LACTATION GRANULES CHO 400GM --,GALACT GRANULES 400 GM CHOCOLATE,421112876,GALACT,GALACT PLUS LACTATION BAR 15x20GM,421112942,GALACT GRANULES 400GM ELAICHI,421113094,0.9012,True,GALACT GRANULES 400 GM KESAR,421112875,0.8655,True,GALACT GRANULES,420000615,0.8457,True,0.9012,0.8457,0.8708,3,True,False,3
1429,GALACT LACTATION GRANULES ELA 400GM --,GALACT GRANULES 400GM ELAICHI,421113094,GALACT,GALACT PLUS LACTATION BAR 15x20GM,421112942,GALACT GRANULES 400 GM KESAR,421112875,0.8638,True,GALACT GRANULES 600GM ELAICHI,421113037,0.8587,True,GALACT GRANULES 400 GM CHOCOLATE,421112876,0.8476,True,0.8638,0.8476,0.8567,3,True,False,3
1430,GALACT LACTATION GRANULES KES 400GM --,GALACT GRANULES 400 GM KESAR,421112875,GALACT,GALACT PLUS LACTATION BAR 15x20GM,421112942,GALACT GRANULES 400GM ELAICHI,421113094,0.8991,True,GALACT GRANULES 400 GM CHOCOLATE,421112876,0.8513,True,GALACT GRANULES 600GM ELAICHI,421113037,0.8384,True,0.8991,0.8384,0.8629,3,True,False,3
