row_num,ocr_text,decision,reason,original_assessment,failure_pattern,pathway_group
95,KRISHNA PHARMA,1,structural_garbage,CANDIDATE FOR 1,PHARMA_COMPANY_NAME,FALLBACK:AMBIGUOUS_NO_BRAND
719,CURENAL 4T,MAYBE_PRODUCT,default_no_evidence,KEEP REVIEW,INSUFFICIENT_EVIDENCE,FALLBACK:AMBIGUOUS_NO_BRAND
832,NICOACE PLUS 10T,MAYBE_PRODUCT,default_no_evidence,KEEP REVIEW,INSUFFICIENT_EVIDENCE,FALLBACK:AMBIGUOUS_NO_BRAND
887,SAV HF100 10T,MAYBE_PRODUCT,default_no_evidence,KEEP REVIEW,INSUFFICIENT_EVIDENCE,FALLBACK:AMBIGUOUS_NO_BRAND
1109,Totals: 464937.00 --,1,financial_aggregate,KEEP REVIEW,INSUFFICIENT_EVIDENCE,FALLBACK:AMBIGUOUS_NO_BRAND
1422,FDC BEDSEET,1,version_lag_already_caught,KEEP REVIEW,INSUFFICIENT_EVIDENCE,GARBAGE:pattern_garbage
1425,MILTON WATER JAR,1,version_lag_already_caught,KEEP REVIEW,INSUFFICIENT_EVIDENCE,GARBAGE:pattern_garbage
1426,MILTONHOTPOT,MAYBE_PRODUCT,default_no_evidence,KEEP REVIEW,INSUFFICIENT_EVIDENCE,FALLBACK:AMBIGUOUS_NO_BRAND
1431,STEEL GLASSSET,MAYBE_PRODUCT,default_no_evidence,KEEP REVIEW,INSUFFICIENT_EVIDENCE,FALLBACK:AMBIGUOUS_NO_BRAND
1749,ESPIN,MAYBE_PRODUCT,default_no_evidence,KEEP REVIEW,INSUFFICIENT_EVIDENCE,FALLBACK:VERY_SHORT
3368,NUCARE,MAYBE_PRODUCT,default_no_evidence,KEEP REVIEW,INSUFFICIENT_EVIDENCE,FALLBACK:AMBIGUOUS_NO_BRAND
3821,VONADAY600/300/3001X,MAYBE_PRODUCT,default_no_evidence,KEEP REVIEW,INSUFFICIENT_EVIDENCE,FALLBACK:AMBIGUOUS_NO_BRAND
3838,GALACTGRANULESE1X400 G,MAYBE_PRODUCT,default_no_evidence,KEEP REVIEW,INSUFFICIENT_EVIDENCE,FALLBACK:AMBIGUOUS_NO_BRAND
3887,SYLATE 500 NEW 1X10TAB,MAYBE_PRODUCT,default_no_evidence,CANDIDATE FOR 1,INVALIDATED_NO_PHARMA,FALLBACK:AMBIGUOUS_NO_BRAND
4495,Totals 175972.00 287469.00 152052.00 427.49,1,financial_aggregate,KEEP REVIEW,INSUFFICIENT_EVIDENCE,FALLBACK:AMBIGUOUS_NO_BRAND
4519,Totals 175972.00 287469.00 152052.00 427.49,1,financial_aggregate,KEEP REVIEW,INSUFFICIENT_EVIDENCE,FALLBACK:AMBIGUOUS_NO_BRAND
4593,Totals 71828.00 157995.00 123529.00 24815.77,1,financial_aggregate,KEEP REVIEW,INSUFFICIENT_EVIDENCE,FALLBACK:AMBIGUOUS_NO_BRAND
4825,HAJI ENTERPRISES,1,version_lag_already_caught,KEEP REVIEW,INSUFFICIENT_EVIDENCE,GARBAGE:pattern_garbage
4864,HAJI ENTERPRISES,1,version_lag_already_caught,KEEP REVIEW,INSUFFICIENT_EVIDENCE,GARBAGE:pattern_garbage
4908,HAJI ENTERPRISES,1,version_lag_already_caught,KEEP REVIEW,INSUFFICIENT_EVIDENCE,GARBAGE:pattern_garbage
4952,HAJI ENTERPRISES,1,version_lag_already_caught,KEEP REVIEW,INSUFFICIENT_EVIDENCE,GARBAGE:pattern_garbage
4996,HAJI ENTERPRISES,1,version_lag_already_caught,KEEP REVIEW,INSUFFICIENT_EVIDENCE,GARBAGE:pattern_garbage
5133,Totals 24865.00 65337.00 17381.11,1,financial_aggregate,KEEP REVIEW,INSUFFICIENT_EVIDENCE,FALLBACK:AMBIGUOUS_NO_BRAND
5243,DAPAGZAM10/1000 10,MAYBE_PRODUCT,default_no_evidence,KEEP REVIEW,INSUFFICIENT_EVIDENCE,FALLBACK:AMBIGUOUS_NO_BRAND
5638,ZOLINEG 1MIU INJECTION 1MIU,MAYBE_PRODUCT,default_no_evidence,KEEP REVIEW,INSUFFICIENT_EVIDENCE,FALLBACK:AMBIGUOUS_NO_BRAND
6519,MAHESH PHARMA,1,structural_garbage,CANDIDATE FOR 1,PHARMA_COMPANY_NAME,FALLBACK:AMBIGUOUS_NO_BRAND
6679,DYDROFEMTAB,MAYBE_PRODUCT,default_no_evidence,KEEP REVIEW,INSUFFICIENT_EVIDENCE,FALLBACK:AMBIGUOUS_NO_BRAND
6680,EMDYDROTAB,MAYBE_PRODUCT,default_no_evidence,KEEP REVIEW,INSUFFICIENT_EVIDENCE,FALLBACK:AMBIGUOUS_NO_BRAND
6683,ENHEMO1000MGINJECTION,MAYBE_PRODUCT,default_no_evidence,KEEP REVIEW,INSUFFICIENT_EVIDENCE,FALLBACK:AMBIGUOUS_NO_BRAND
6684,ENHEMO500MGINJECTION,MAYBE_PRODUCT,default_no_evidence,KEEP REVIEW,INSUFFICIENT_EVIDENCE,FALLBACK:AMBIGUOUS_NO_BRAND
6687,FEMZACTCAPS,MAYBE_PRODUCT,default_no_evidence,KEEP REVIEW,INSUFFICIENT_EVIDENCE,FALLBACK:AMBIGUOUS_NO_BRAND
6689,MVISTACAPS,MAYBE_PRODUCT,default_no_evidence,KEEP REVIEW,INSUFFICIENT_EVIDENCE,FALLBACK:AMBIGUOUS_NO_BRAND
6693,OROFERCAPS,MAYBE_PRODUCT,default_no_evidence,KEEP REVIEW,INSUFFICIENT_EVIDENCE,FALLBACK:AMBIGUOUS_NO_BRAND
7949,BAREILLY PHARMACEUTICALS PVT LTD,1,version_lag_already_caught,CANDIDATE FOR 1,COMPANY_ENTITY,GARBAGE:pattern_garbage
8008,BAREILLY PHARMACEUTICALS PVT LTD,1,version_lag_already_caught,CANDIDATE FOR 1,COMPANY_ENTITY,GARBAGE:pattern_garbage
8067,BAREILLY PHARMACEUTICALS PVT LTD,1,version_lag_already_caught,CANDIDATE FOR 1,COMPANY_ENTITY,GARBAGE:pattern_garbage
10396,ZZZZZZ 5015,1,zzzzzz_ocr_placeholder,CANDIDATE FOR 1,NO_VOWEL_OCR_NOISE,FALLBACK:AMBIGUOUS_NO_BRAND
10987,PHARMA NXT,1,division_company_header,CANDIDATE FOR 1,PHARMA_COMPANY_NAME,FALLBACK:AMBIGUOUS_NO_BRAND
11014,NUSURGE,1,division_company_header,CANDIDATE FOR 1,COMPANY_DIVISION_PREFIX,FALLBACK:AMBIGUOUS_NO_BRAND
11029,PHARMA,1,division_company_header,CANDIDATE FOR 1,PHARMA_COMPANY_NAME,FALLBACK:AMBIGUOUS_NO_BRAND
11088,NUCRON,1,division_company_header,CANDIDATE FOR 1,COMPANY_DIVISION_PREFIX,FALLBACK:AMBIGUOUS_NO_BRAND
11149,FLORINA,MAYBE_PRODUCT,default_no_evidence,KEEP REVIEW,INSUFFICIENT_EVIDENCE,FALLBACK:AMBIGUOUS_NO_BRAND
12099,LAXIHUSK GRANULES,MAYBE_PRODUCT,default_no_evidence,KEEP REVIEW,INSUFFICIENT_EVIDENCE,FALLBACK:AMBIGUOUS_NO_BRAND
14469,EMC IVA,MAYBE_PRODUCT,default_no_evidence,KEEP REVIEW,INSUFFICIENT_EVIDENCE,FALLBACK:AMBIGUOUS_NO_BRAND
14722,ROOTSOFT HARD WA,MAYBE_PRODUCT,default_no_evidence,KEEP REVIEW,INSUFFICIENT_EVIDENCE,FALLBACK:AMBIGUOUS_NO_BRAND
16992,NUCRON,1,division_company_header,CANDIDATE FOR 1,COMPANY_DIVISION_PREFIX,FALLBACK:AMBIGUOUS_NO_BRAND
17284,LAST MONTH SALE JULY,MAYBE_PRODUCT,default_no_evidence,KEEP REVIEW,INSUFFICIENT_EVIDENCE,FALLBACK:AMBIGUOUS_NO_BRAND
17286,MODERN SALES AGENCY,MAYBE_PRODUCT,default_no_evidence,KEEP REVIEW,INSUFFICIENT_EVIDENCE,FALLBACK:DISTRIBUTION_ENTITY
17342,LAST MONTH SALE JULY,MAYBE_PRODUCT,default_no_evidence,KEEP REVIEW,INSUFFICIENT_EVIDENCE,FALLBACK:AMBIGUOUS_NO_BRAND
17344,MODERN SALES AGENCY,MAYBE_PRODUCT,default_no_evidence,KEEP REVIEW,INSUFFICIENT_EVIDENCE,FALLBACK:DISTRIBUTION_ENTITY
17399,LAST MONTH SALE JULY,MAYBE_PRODUCT,default_no_evidence,KEEP REVIEW,INSUFFICIENT_EVIDENCE,FALLBACK:AMBIGUOUS_NO_BRAND
17401,MODERN SALES AGENCY,MAYBE_PRODUCT,default_no_evidence,KEEP REVIEW,INSUFFICIENT_EVIDENCE,FALLBACK:DISTRIBUTION_ENTITY
17459,LAST MONTH SALE JULY,MAYBE_PRODUCT,default_no_evidence,KEEP REVIEW,INSUFFICIENT_EVIDENCE,FALLBACK:AMBIGUOUS_NO_BRAND
17461,MODERN SALES AGENCY,MAYBE_PRODUCT,default_no_evidence,KEEP REVIEW,INSUFFICIENT_EVIDENCE,FALLBACK:DISTRIBUTION_ENTITY
17516,LAST MONTH SALE JULY,MAYBE_PRODUCT,default_no_evidence,KEEP REVIEW,INSUFFICIENT_EVIDENCE,FALLBACK:AMBIGUOUS_NO_BRAND
17518,MODERN SALES AGENCY,MAYBE_PRODUCT,default_no_evidence,KEEP REVIEW,INSUFFICIENT_EVIDENCE,FALLBACK:DISTRIBUTION_ENTITY
17578,LAST MONTH SALE JULY,MAYBE_PRODUCT,default_no_evidence,KEEP REVIEW,INSUFFICIENT_EVIDENCE,FALLBACK:AMBIGUOUS_NO_BRAND
17580,MODERN SALES AGENCY,MAYBE_PRODUCT,default_no_evidence,KEEP REVIEW,INSUFFICIENT_EVIDENCE,FALLBACK:DISTRIBUTION_ENTITY
17640,LAST MONTH SALE JULY,MAYBE_PRODUCT,default_no_evidence,KEEP REVIEW,INSUFFICIENT_EVIDENCE,FALLBACK:AMBIGUOUS_NO_BRAND
17642,MODERN SALES AGENCY,MAYBE_PRODUCT,default_no_evidence,KEEP REVIEW,INSUFFICIENT_EVIDENCE,FALLBACK:DISTRIBUTION_ENTITY
17702,LAST MONTH SALE JULY,MAYBE_PRODUCT,default_no_evidence,KEEP REVIEW,INSUFFICIENT_EVIDENCE,FALLBACK:AMBIGUOUS_NO_BRAND
17704,MODERN SALES AGENCY,MAYBE_PRODUCT,default_no_evidence,KEEP REVIEW,INSUFFICIENT_EVIDENCE,FALLBACK:DISTRIBUTION_ENTITY
17710,TELLZY ACH 40/6.25,MAYBE_PRODUCT,default_no_evidence,KEEP REVIEW,INSUFFICIENT_EVIDENCE,FALLBACK:AMBIGUOUS_NO_BRAND
17760,LAST MONTH SALE JULY,MAYBE_PRODUCT,default_no_evidence,KEEP REVIEW,INSUFFICIENT_EVIDENCE,FALLBACK:AMBIGUOUS_NO_BRAND
17762,MODERN SALES AGENCY,MAYBE_PRODUCT,default_no_evidence,KEEP REVIEW,INSUFFICIENT_EVIDENCE,FALLBACK:DISTRIBUTION_ENTITY
17822,LAST MONTH SALE JULY,MAYBE_PRODUCT,default_no_evidence,KEEP REVIEW,INSUFFICIENT_EVIDENCE,FALLBACK:AMBIGUOUS_NO_BRAND
17824,MODERN SALES AGENCY,MAYBE_PRODUCT,default_no_evidence,KEEP REVIEW,INSUFFICIENT_EVIDENCE,FALLBACK:DISTRIBUTION_ENTITY
17835,LAST MONTH SALE JULY,MAYBE_PRODUCT,default_no_evidence,KEEP REVIEW,INSUFFICIENT_EVIDENCE,FALLBACK:AMBIGUOUS_NO_BRAND
17956,SUSTIMAX 4T(GKM NEW PHARMA),MAYBE_PRODUCT,default_no_evidence,CANDIDATE FOR 1,INVALIDATED_NO_PHARMA,FALLBACK:AMBIGUOUS_NO_BRAND
17970,ROSUVAS EZ10 10T,MAYBE_PRODUCT,default_no_evidence,KEEP REVIEW,INSUFFICIENT_EVIDENCE,FALLBACK:AMBIGUOUS_NO_BRAND
21682,ST Value,MAYBE_PRODUCT,default_no_evidence,KEEP REVIEW,INSUFFICIENT_EVIDENCE,FALLBACK:AMBIGUOUS_NO_BRAND
21683,Sale Return Value,MAYBE_PRODUCT,default_no_evidence,KEEP REVIEW,INSUFFICIENT_EVIDENCE,FALLBACK:AMBIGUOUS_NO_BRAND
21725,ST Value,MAYBE_PRODUCT,default_no_evidence,KEEP REVIEW,INSUFFICIENT_EVIDENCE,FALLBACK:AMBIGUOUS_NO_BRAND
21726,Sale Return Value,MAYBE_PRODUCT,default_no_evidence,KEEP REVIEW,INSUFFICIENT_EVIDENCE,FALLBACK:AMBIGUOUS_NO_BRAND
21764,ST Value,MAYBE_PRODUCT,default_no_evidence,KEEP REVIEW,INSUFFICIENT_EVIDENCE,FALLBACK:AMBIGUOUS_NO_BRAND
21765,Sale Return Value,MAYBE_PRODUCT,default_no_evidence,KEEP REVIEW,INSUFFICIENT_EVIDENCE,FALLBACK:AMBIGUOUS_NO_BRAND
21800,ST Value,MAYBE_PRODUCT,default_no_evidence,KEEP REVIEW,INSUFFICIENT_EVIDENCE,FALLBACK:AMBIGUOUS_NO_BRAND
21801,Sale Return Value,MAYBE_PRODUCT,default_no_evidence,KEEP REVIEW,INSUFFICIENT_EVIDENCE,FALLBACK:AMBIGUOUS_NO_BRAND
21833,ST Value,MAYBE_PRODUCT,default_no_evidence,KEEP REVIEW,INSUFFICIENT_EVIDENCE,FALLBACK:AMBIGUOUS_NO_BRAND
21834,Sale Return Value,MAYBE_PRODUCT,default_no_evidence,KEEP REVIEW,INSUFFICIENT_EVIDENCE,FALLBACK:AMBIGUOUS_NO_BRAND
21840,ST Value,MAYBE_PRODUCT,default_no_evidence,KEEP REVIEW,INSUFFICIENT_EVIDENCE,FALLBACK:AMBIGUOUS_NO_BRAND
21841,Sale Return Value,MAYBE_PRODUCT,default_no_evidence,KEEP REVIEW,INSUFFICIENT_EVIDENCE,FALLBACK:AMBIGUOUS_NO_BRAND
21851,ST Value,MAYBE_PRODUCT,default_no_evidence,KEEP REVIEW,INSUFFICIENT_EVIDENCE,FALLBACK:AMBIGUOUS_NO_BRAND
21852,Sale Return Value,MAYBE_PRODUCT,default_no_evidence,KEEP REVIEW,INSUFFICIENT_EVIDENCE,FALLBACK:AMBIGUOUS_NO_BRAND
22332,TREDICALFT 100MG10S,MAYBE_PRODUCT,default_no_evidence,KEEP REVIEW,INSUFFICIENT_EVIDENCE,FALLBACK:AMBIGUOUS_NO_BRAND
22333,TREDICALFT 50MG10S,MAYBE_PRODUCT,default_no_evidence,KEEP REVIEW,INSUFFICIENT_EVIDENCE,FALLBACK:AMBIGUOUS_NO_BRAND
22443,CHHINDWARA PHARMACEUTICALS,MAYBE_PRODUCT,default_no_evidence,CANDIDATE FOR 1,COMPANY_ENTITY,FALLBACK:PHARMA_ENTITY
22444,STATEMENT PERIOD,MAYBE_PRODUCT,default_no_evidence,KEEP REVIEW,INSUFFICIENT_EVIDENCE,FALLBACK:AMBIGUOUS_NO_BRAND
22463,CHHINDWARA PHARMACEUTICALS,MAYBE_PRODUCT,default_no_evidence,CANDIDATE FOR 1,COMPANY_ENTITY,FALLBACK:PHARMA_ENTITY
22464,STATEMENT PERIOD,MAYBE_PRODUCT,default_no_evidence,KEEP REVIEW,INSUFFICIENT_EVIDENCE,FALLBACK:AMBIGUOUS_NO_BRAND
23074,M/S ECONOMIC TRADERS,1,version_lag_already_caught,KEEP REVIEW,INSUFFICIENT_EVIDENCE,GARBAGE:pattern_garbage
23119,M/S ECONOMIC TRADERS,1,version_lag_already_caught,KEEP REVIEW,INSUFFICIENT_EVIDENCE,GARBAGE:pattern_garbage
23169,M/S ECONOMIC TRADERS,1,version_lag_already_caught,KEEP REVIEW,INSUFFICIENT_EVIDENCE,GARBAGE:pattern_garbage
23214,M/S ECONOMIC TRADERS,1,version_lag_already_caught,KEEP REVIEW,INSUFFICIENT_EVIDENCE,GARBAGE:pattern_garbage
23838,Mfg. NUCRON PHARMACEUTICAL LTD,1,version_lag_already_caught,CANDIDATE FOR 1,COMPANY_ENTITY,GARBAGE:pattern_garbage
24503,GARHWAL DRUG AGENCIES PVT. LTD.,1,version_lag_already_caught,KEEP REVIEW,INSUFFICIENT_EVIDENCE,GARBAGE:pattern_garbage
24607,RAMUKA INCORPORATION,MAYBE_PRODUCT,default_no_evidence,KEEP REVIEW,INSUFFICIENT_EVIDENCE,FALLBACK:AMBIGUOUS_NO_BRAND
24628,VOGLI TRIO 0.3,MAYBE_PRODUCT,default_no_evidence,KEEP REVIEW,INSUFFICIENT_EVIDENCE,FALLBACK:AMBIGUOUS_NO_BRAND
29124,DETTOL ANTISEPTIC LI,MAYBE_PRODUCT,default_no_evidence,KEEP REVIEW,INSUFFICIENT_EVIDENCE,FALLBACK:AMBIGUOUS_NO_BRAND
29295,LAMEPIL MR 100M,MAYBE_PRODUCT,default_no_evidence,KEEP REVIEW,INSUFFICIENT_EVIDENCE,FALLBACK:AMBIGUOUS_NO_BRAND
29307,LIQUID BASED HA UNIT,MAYBE_PRODUCT,default_no_evidence,CANDIDATE FOR 1,INVALIDATED_NO_PHARMA,FALLBACK:AMBIGUOUS_NO_BRAND
29470,STAYFREE SECURE,MAYBE_PRODUCT,default_no_evidence,KEEP REVIEW,INSUFFICIENT_EVIDENCE,FALLBACK:AMBIGUOUS_NO_BRAND
29861,EIRN001925 Dtd. 17/08/26,MAYBE_PRODUCT,default_no_evidence,KEEP REVIEW,INSUFFICIENT_EVIDENCE,FALLBACK:AMBIGUOUS_NO_BRAND
29862,EIRN001926 Dtd. 17/08/26,MAYBE_PRODUCT,default_no_evidence,KEEP REVIEW,INSUFFICIENT_EVIDENCE,FALLBACK:AMBIGUOUS_NO_BRAND
30556,zzzINFEN-P-SPAS TA 1*,MAYBE_PRODUCT,default_no_evidence,KEEP REVIEW,INSUFFICIENT_EVIDENCE,FALLBACK:AMBIGUOUS_NO_BRAND
30577,CARDERON-X-200 TA 1STP,MAYBE_PRODUCT,default_no_evidence,KEEP REVIEW,INSUFFICIENT_EVIDENCE,FALLBACK:AMBIGUOUS_NO_BRAND
30725,ELOVERA CRM 1,MAYBE_PRODUCT,default_no_evidence,KEEP REVIEW,INSUFFICIENT_EVIDENCE,FALLBACK:AMBIGUOUS_NO_BRAND
30726,GETLITE CRM 1,MAYBE_PRODUCT,default_no_evidence,KEEP REVIEW,INSUFFICIENT_EVIDENCE,FALLBACK:AMBIGUOUS_NO_BRAND
31650,EMPRI10 10,MAYBE_PRODUCT,default_no_evidence,KEEP REVIEW,INSUFFICIENT_EVIDENCE,FALLBACK:AMBIGUOUS_NO_BRAND
32113,ITEM DESCRIPTION PACK/SIZE,MAYBE_PRODUCT,default_no_evidence,KEEP REVIEW,INSUFFICIENT_EVIDENCE,FALLBACK:AMBIGUOUS_NO_BRAND
32148,ITEM DESCRIPTION PACK/SIZE,MAYBE_PRODUCT,default_no_evidence,KEEP REVIEW,INSUFFICIENT_EVIDENCE,FALLBACK:AMBIGUOUS_NO_BRAND
33277,SECOND FLOORABOVE VINOD,MAYBE_PRODUCT,default_no_evidence,KEEP REVIEW,INSUFFICIENT_EVIDENCE,FALLBACK:AMBIGUOUS_NO_BRAND
33303,SECOND FLOORABOVE VINOD,MAYBE_PRODUCT,default_no_evidence,KEEP REVIEW,INSUFFICIENT_EVIDENCE,FALLBACK:AMBIGUOUS_NO_BRAND
33332,SECOND FLOORABOVE VINOD,MAYBE_PRODUCT,default_no_evidence,KEEP REVIEW,INSUFFICIENT_EVIDENCE,FALLBACK:AMBIGUOUS_NO_BRAND
33390,SECOND FLOORABOVE VINOD,MAYBE_PRODUCT,default_no_evidence,KEEP REVIEW,INSUFFICIENT_EVIDENCE,FALLBACK:AMBIGUOUS_NO_BRAND
33670,ZZZZZZ 4024,1,zzzzzz_ocr_placeholder,CANDIDATE FOR 1,NO_VOWEL_OCR_NOISE,FALLBACK:AMBIGUOUS_NO_BRAND
33671,ZZZZZZ 4049,1,zzzzzz_ocr_placeholder,CANDIDATE FOR 1,NO_VOWEL_OCR_NOISE,FALLBACK:AMBIGUOUS_NO_BRAND
34171,AUGEOZ 1,MAYBE_PRODUCT,default_no_evidence,KEEP REVIEW,INSUFFICIENT_EVIDENCE,FALLBACK:AMBIGUOUS_NO_BRAND
34228,ZOLINEG 1MIU 1,MAYBE_PRODUCT,default_no_evidence,KEEP REVIEW,INSUFFICIENT_EVIDENCE,FALLBACK:AMBIGUOUS_NO_BRAND
34229,ZOLINEG 2 MIU 1,MAYBE_PRODUCT,default_no_evidence,KEEP REVIEW,INSUFFICIENT_EVIDENCE,FALLBACK:AMBIGUOUS_NO_BRAND
34483,Purchase 0.00 Purchase Return 0.00,1,financial_aggregate,KEEP REVIEW,INSUFFICIENT_EVIDENCE,FALLBACK:STRUCTURAL_KW
34486,Purchase 0.00 Purchase Return 0.00,1,financial_aggregate,KEEP REVIEW,INSUFFICIENT_EVIDENCE,FALLBACK:STRUCTURAL_KW
34489,Purchase 0.00 Purchase Return 0.00,1,financial_aggregate,KEEP REVIEW,INSUFFICIENT_EVIDENCE,FALLBACK:STRUCTURAL_KW
34493,Purchase 0.00 Purchase Return 0.00,1,financial_aggregate,KEEP REVIEW,INSUFFICIENT_EVIDENCE,FALLBACK:STRUCTURAL_KW
34496,Purchase 0.00 Purchase Return 0.00,1,financial_aggregate,KEEP REVIEW,INSUFFICIENT_EVIDENCE,FALLBACK:STRUCTURAL_KW
34499,Purchase 0.00 Purchase Return 0.00,1,financial_aggregate,KEEP REVIEW,INSUFFICIENT_EVIDENCE,FALLBACK:STRUCTURAL_KW
34502,Purchase 0.00 Purchase Return 0.00,1,financial_aggregate,KEEP REVIEW,INSUFFICIENT_EVIDENCE,FALLBACK:STRUCTURAL_KW
34505,Purchase 0.00 Purchase Return 0.00,1,financial_aggregate,KEEP REVIEW,INSUFFICIENT_EVIDENCE,FALLBACK:STRUCTURAL_KW
34516,Purchase 0.00 Purchase Return 0.00,1,financial_aggregate,KEEP REVIEW,INSUFFICIENT_EVIDENCE,FALLBACK:STRUCTURAL_KW
34519,Purchase 0.00 Purchase Return 0.00,1,financial_aggregate,KEEP REVIEW,INSUFFICIENT_EVIDENCE,FALLBACK:STRUCTURAL_KW
34544,Purchase 5168.82 Purchase Return 0.00,1,financial_aggregate,KEEP REVIEW,INSUFFICIENT_EVIDENCE,FALLBACK:STRUCTURAL_KW
34547,Purchase 0.00 Purchase Return 0.00,1,financial_aggregate,KEEP REVIEW,INSUFFICIENT_EVIDENCE,FALLBACK:STRUCTURAL_KW
34559,Purchase 0.00 Purchase Return 0.00,1,financial_aggregate,KEEP REVIEW,INSUFFICIENT_EVIDENCE,FALLBACK:STRUCTURAL_KW
34562,Purchase 0.00 Purchase Return 0.00,1,financial_aggregate,KEEP REVIEW,INSUFFICIENT_EVIDENCE,FALLBACK:STRUCTURAL_KW
34565,Purchase 0.00 Purchase Return 0.00,1,financial_aggregate,KEEP REVIEW,INSUFFICIENT_EVIDENCE,FALLBACK:STRUCTURAL_KW
34569,Purchase 515.96 Purchase Return 0.00,1,financial_aggregate,KEEP REVIEW,INSUFFICIENT_EVIDENCE,FALLBACK:STRUCTURAL_KW
34582,Purchase 3136.95 Purchase Return 0.00,1,financial_aggregate,KEEP REVIEW,INSUFFICIENT_EVIDENCE,FALLBACK:STRUCTURAL_KW
34595,Purchase 1228.74 Purchase Return 0.00,1,financial_aggregate,KEEP REVIEW,INSUFFICIENT_EVIDENCE,FALLBACK:STRUCTURAL_KW
34598,Purchase 0.00 Purchase Return 0.00,1,financial_aggregate,KEEP REVIEW,INSUFFICIENT_EVIDENCE,FALLBACK:STRUCTURAL_KW
34604,Purchase 178.36 Purchase Return 0.00,1,financial_aggregate,KEEP REVIEW,INSUFFICIENT_EVIDENCE,FALLBACK:STRUCTURAL_KW
34607,Purchase 0.00 Purchase Return 0.00,1,financial_aggregate,KEEP REVIEW,INSUFFICIENT_EVIDENCE,FALLBACK:STRUCTURAL_KW
34617,Purchase 1787.00 Purchase Return 0.00,1,financial_aggregate,KEEP REVIEW,INSUFFICIENT_EVIDENCE,FALLBACK:STRUCTURAL_KW
34623,Purchase 522887.67 Purchase Return 0.00,1,financial_aggregate,KEEP REVIEW,INSUFFICIENT_EVIDENCE,FALLBACK:STRUCTURAL_KW
34627,Purchase 0.00 Purchase Return 0.00,1,financial_aggregate,KEEP REVIEW,INSUFFICIENT_EVIDENCE,FALLBACK:STRUCTURAL_KW
34630,Purchase 0.00 Purchase Return 0.00,1,financial_aggregate,KEEP REVIEW,INSUFFICIENT_EVIDENCE,FALLBACK:STRUCTURAL_KW
34644,Purchase 0.00 Purchase Return 0.00,1,financial_aggregate,KEEP REVIEW,INSUFFICIENT_EVIDENCE,FALLBACK:STRUCTURAL_KW
34648,Purchase 0.00 Purchase Return 0.00,1,financial_aggregate,KEEP REVIEW,INSUFFICIENT_EVIDENCE,FALLBACK:STRUCTURAL_KW
34652,Purchase 0.00 Purchase Return 0.00,1,financial_aggregate,KEEP REVIEW,INSUFFICIENT_EVIDENCE,FALLBACK:STRUCTURAL_KW
34655,Purchase 957.96 Purchase Return 0.00,1,financial_aggregate,KEEP REVIEW,INSUFFICIENT_EVIDENCE,FALLBACK:STRUCTURAL_KW
34658,Purchase 0.00 Purchase Return 0.00,1,financial_aggregate,KEEP REVIEW,INSUFFICIENT_EVIDENCE,FALLBACK:STRUCTURAL_KW
34661,Purchase 0.00 Purchase Return 0.00,1,financial_aggregate,KEEP REVIEW,INSUFFICIENT_EVIDENCE,FALLBACK:STRUCTURAL_KW
34664,Purchase 0.00 Purchase Return 0.00,1,financial_aggregate,KEEP REVIEW,INSUFFICIENT_EVIDENCE,FALLBACK:STRUCTURAL_KW
34689,Purchase 0.00 Purchase Return 0.00,1,financial_aggregate,KEEP REVIEW,INSUFFICIENT_EVIDENCE,FALLBACK:STRUCTURAL_KW
34703,Purchase 0.00 Purchase Return 0.00,1,financial_aggregate,KEEP REVIEW,INSUFFICIENT_EVIDENCE,FALLBACK:STRUCTURAL_KW
34707,Purchase 0.00 Purchase Return 0.00,1,financial_aggregate,KEEP REVIEW,INSUFFICIENT_EVIDENCE,FALLBACK:STRUCTURAL_KW
34710,Purchase 0.00 Purchase Return 0.00,1,financial_aggregate,KEEP REVIEW,INSUFFICIENT_EVIDENCE,FALLBACK:STRUCTURAL_KW
34713,Purchase 0.00 Purchase Return 0.00,1,financial_aggregate,KEEP REVIEW,INSUFFICIENT_EVIDENCE,FALLBACK:STRUCTURAL_KW
34744,Purchase 4735.74 Purchase Return 0.00,1,financial_aggregate,KEEP REVIEW,INSUFFICIENT_EVIDENCE,FALLBACK:STRUCTURAL_KW
34747,Purchase 0.00 Purchase Return 0.00,1,financial_aggregate,KEEP REVIEW,INSUFFICIENT_EVIDENCE,FALLBACK:STRUCTURAL_KW
34753,Purchase 0.00 Purchase Return 0.00,1,financial_aggregate,KEEP REVIEW,INSUFFICIENT_EVIDENCE,FALLBACK:STRUCTURAL_KW
34757,Purchase 9054.80 Purchase Return 0.00,1,financial_aggregate,KEEP REVIEW,INSUFFICIENT_EVIDENCE,FALLBACK:STRUCTURAL_KW
34785,Purchase 420837.00 Purchase Return 0.00,1,financial_aggregate,KEEP REVIEW,INSUFFICIENT_EVIDENCE,FALLBACK:STRUCTURAL_KW
34788,Purchase 0.00 Purchase Return 0.00,1,financial_aggregate,KEEP REVIEW,INSUFFICIENT_EVIDENCE,FALLBACK:STRUCTURAL_KW
34804,Purchase 1460.67 Purchase Return 0.00,1,financial_aggregate,KEEP REVIEW,INSUFFICIENT_EVIDENCE,FALLBACK:STRUCTURAL_KW
34807,Purchase 0.00 Purchase Return 0.00,1,financial_aggregate,KEEP REVIEW,INSUFFICIENT_EVIDENCE,FALLBACK:STRUCTURAL_KW
34808,G. Purchase 971949.67 G. Purchase Return 0.00,MAYBE_PRODUCT,default_no_evidence,KEEP REVIEW,INSUFFICIENT_EVIDENCE,FALLBACK:STRUCTURAL_KW
34809,G. Sales 796195.72 G. Sale Return 0.00,MAYBE_PRODUCT,default_no_evidence,KEEP REVIEW,INSUFFICIENT_EVIDENCE,FALLBACK:AMBIGUOUS_NO_BRAND
34835,COLLAFLEX PRO SACHETS,MAYBE_PRODUCT,default_no_evidence,KEEP REVIEW,INSUFFICIENT_EVIDENCE,FALLBACK:AMBIGUOUS_NO_BRAND
34836,COLLAFLEX PRO SOFTGEL,MAYBE_PRODUCT,default_no_evidence,KEEP REVIEW,INSUFFICIENT_EVIDENCE,FALLBACK:AMBIGUOUS_NO_BRAND
34842,COQ MAN,MAYBE_PRODUCT,default_no_evidence,KEEP REVIEW,INSUFFICIENT_EVIDENCE,FALLBACK:AMBIGUOUS_NO_BRAND
34843,ECOD OMEGA,MAYBE_PRODUCT,default_no_evidence,KEEP REVIEW,INSUFFICIENT_EVIDENCE,FALLBACK:AMBIGUOUS_NO_BRAND
34846,MULTIVITE CD,MAYBE_PRODUCT,default_no_evidence,KEEP REVIEW,INSUFFICIENT_EVIDENCE,FALLBACK:AMBIGUOUS_NO_BRAND
34847,MULTIVITE FM OMEGA,MAYBE_PRODUCT,default_no_evidence,KEEP REVIEW,INSUFFICIENT_EVIDENCE,FALLBACK:AMBIGUOUS_NO_BRAND
34849,MULTIVITE WOMAN,MAYBE_PRODUCT,default_no_evidence,KEEP REVIEW,INSUFFICIENT_EVIDENCE,FALLBACK:AMBIGUOUS_NO_BRAND
34850,PRIMOSA 1000,MAYBE_PRODUCT,default_no_evidence,KEEP REVIEW,INSUFFICIENT_EVIDENCE,FALLBACK:AMBIGUOUS_NO_BRAND
34854,TRIOMEGA CD,MAYBE_PRODUCT,default_no_evidence,KEEP REVIEW,INSUFFICIENT_EVIDENCE,FALLBACK:AMBIGUOUS_NO_BRAND
35125,RABHUBB DSR,MAYBE_PRODUCT,default_no_evidence,KEEP REVIEW,INSUFFICIENT_EVIDENCE,FALLBACK:AMBIGUOUS_NO_BRAND
35126,ROSAVE EZ 10/20 10,MAYBE_PRODUCT,default_no_evidence,KEEP REVIEW,INSUFFICIENT_EVIDENCE,FALLBACK:AMBIGUOUS_NO_BRAND
35527,MEDICASH AGENCIES,1,version_lag_already_caught,KEEP REVIEW,INSUFFICIENT_EVIDENCE,GARBAGE:pattern_garbage
35575,MEDICASH AGENCIES,1,version_lag_already_caught,KEEP REVIEW,INSUFFICIENT_EVIDENCE,GARBAGE:pattern_garbage
35660,BALLABH AGENCIES,1,version_lag_already_caught,KEEP REVIEW,INSUFFICIENT_EVIDENCE,GARBAGE:pattern_garbage
35694,I am satisfied with Marg ERP Computerise YOUR CHEMIST SHOP Rs.5400 Online Purchase Import 70007010648359064570,1,structural_garbage,CANDIDATE FOR 1,COMPANY_ENTITY,FALLBACK:STRUCTURAL_KW
35735,GAGAN MEDICAL AGENCY,MAYBE_PRODUCT,default_no_evidence,KEEP REVIEW,INSUFFICIENT_EVIDENCE,FALLBACK:DISTRIBUTION_ENTITY
35771,GAGAN MEDICAL AGENCY,MAYBE_PRODUCT,default_no_evidence,KEEP REVIEW,INSUFFICIENT_EVIDENCE,FALLBACK:DISTRIBUTION_ENTITY
36895,VASELINE PETROLEUM JELLY,MAYBE_PRODUCT,default_no_evidence,KEEP REVIEW,INSUFFICIENT_EVIDENCE,FALLBACK:AMBIGUOUS_NO_BRAND
37612,JAIN COMPANY,MAYBE_PRODUCT,default_no_evidence,KEEP REVIEW,INSUFFICIENT_EVIDENCE,FALLBACK:AMBIGUOUS_NO_BRAND
37815,JAIN COMPANY,MAYBE_PRODUCT,default_no_evidence,KEEP REVIEW,INSUFFICIENT_EVIDENCE,FALLBACK:AMBIGUOUS_NO_BRAND
37868,JAIN COMPANY,MAYBE_PRODUCT,default_no_evidence,KEEP REVIEW,INSUFFICIENT_EVIDENCE,FALLBACK:AMBIGUOUS_NO_BRAND
38092,HOSITTAB 1X10T,MAYBE_PRODUCT,default_no_evidence,KEEP REVIEW,INSUFFICIENT_EVIDENCE,FALLBACK:AMBIGUOUS_NO_BRAND
38195,INVENTIA(INVENTIA),1,division_company_header,CANDIDATE FOR 1,COMPANY_DIVISION_PREFIX,FALLBACK:AMBIGUOUS_NO_BRAND
38319,XENNEX 1 (EMC),MAYBE_PRODUCT,default_no_evidence,CANDIDATE FOR 1,COMPANY_DIVISION_PREFIX,FALLBACK:AMBIGUOUS_NO_BRAND
39650,EXHEP60INJ,MAYBE_PRODUCT,default_no_evidence,KEEP REVIEW,INSUFFICIENT_EVIDENCE,FALLBACK:AMBIGUOUS_NO_BRAND
40502,XENNEX --,MAYBE_PRODUCT,default_no_evidence,CANDIDATE FOR 1,COMPANY_DIVISION_PREFIX,FALLBACK:AMBIGUOUS_NO_BRAND
40742,NUCRON CV,1,division_company_header,CANDIDATE FOR 1,COMPANY_DIVISION_PREFIX,FALLBACK:AMBIGUOUS_NO_BRAND
40765,AVENTIS PHARMA LIMITED,1,version_lag_already_caught,CANDIDATE FOR 1,COMPANY_DIVISION_PREFIX,GARBAGE:pattern_garbage
41005,EMPREE MEDICAMENTS I PVT LTD,1,version_lag_already_caught,KEEP REVIEW,INSUFFICIENT_EVIDENCE,GARBAGE:pattern_garbage
41057,NIMMOL-NIMUPARA LOOSE 100T,MAYBE_PRODUCT,default_no_evidence,KEEP REVIEW,INSUFFICIENT_EVIDENCE,FALLBACK:AMBIGUOUS_NO_BRAND
41060,EMz-CRIT-CARE,MAYBE_PRODUCT,default_no_evidence,KEEP REVIEW,INSUFFICIENT_EVIDENCE,FALLBACK:AMBIGUOUS_NO_BRAND
42602,NUCRON PHARMACEUTICALS LIMITED,1,version_lag_already_caught,CANDIDATE FOR 1,COMPANY_ENTITY,GARBAGE:pattern_garbage
44192,GENERAL,MAYBE_PRODUCT,default_no_evidence,KEEP REVIEW,INSUFFICIENT_EVIDENCE,FALLBACK:AMBIGUOUS_NO_BRAND
44250,GENERAL,MAYBE_PRODUCT,default_no_evidence,KEEP REVIEW,INSUFFICIENT_EVIDENCE,FALLBACK:AMBIGUOUS_NO_BRAND
45623,AVIL 25 5X15TA,MAYBE_PRODUCT,default_no_evidence,KEEP REVIEW,INSUFFICIENT_EVIDENCE,FALLBACK:AMBIGUOUS_NO_BRAND
45716,HUMAN MIXTARD-40 1VAIL,MAYBE_PRODUCT,default_no_evidence,KEEP REVIEW,INSUFFICIENT_EVIDENCE,FALLBACK:AMBIGUOUS_NO_BRAND
45717,INSUMIN COMBO 25 1ING,MAYBE_PRODUCT,default_no_evidence,KEEP REVIEW,INSUFFICIENT_EVIDENCE,FALLBACK:AMBIGUOUS_NO_BRAND
46155,CELOLMAX 1X15CAP,MAYBE_PRODUCT,default_no_evidence,KEEP REVIEW,INSUFFICIENT_EVIDENCE,FALLBACK:AMBIGUOUS_NO_BRAND
48120,BHUSHAN MEDICOSE,MAYBE_PRODUCT,default_no_evidence,KEEP REVIEW,INSUFFICIENT_EVIDENCE,FALLBACK:AMBIGUOUS_NO_BRAND
48144,BHUSHAN MEDICOSE,MAYBE_PRODUCT,default_no_evidence,KEEP REVIEW,INSUFFICIENT_EVIDENCE,FALLBACK:AMBIGUOUS_NO_BRAND
48168,BHUSHAN MEDICOSE,MAYBE_PRODUCT,default_no_evidence,KEEP REVIEW,INSUFFICIENT_EVIDENCE,FALLBACK:AMBIGUOUS_NO_BRAND
48234,BHUSHAN MEDICOSE,MAYBE_PRODUCT,default_no_evidence,KEEP REVIEW,INSUFFICIENT_EVIDENCE,FALLBACK:AMBIGUOUS_NO_BRAND
48258,BHUSHAN MEDICOSE,MAYBE_PRODUCT,default_no_evidence,KEEP REVIEW,INSUFFICIENT_EVIDENCE,FALLBACK:AMBIGUOUS_NO_BRAND
48282,BHUSHAN MEDICOSE,MAYBE_PRODUCT,default_no_evidence,KEEP REVIEW,INSUFFICIENT_EVIDENCE,FALLBACK:AMBIGUOUS_NO_BRAND
48323,AVINTIS,MAYBE_PRODUCT,default_no_evidence,KEEP REVIEW,INSUFFICIENT_EVIDENCE,FALLBACK:AMBIGUOUS_NO_BRAND
48337,EM NUCRON-CD,MAYBE_PRODUCT,default_no_evidence,KEEP REVIEW,INSUFFICIENT_EVIDENCE,FALLBACK:AMBIGUOUS_NO_BRAND
48342,EM XENNEX,MAYBE_PRODUCT,default_no_evidence,KEEP REVIEW,INSUFFICIENT_EVIDENCE,FALLBACK:AMBIGUOUS_NO_BRAND
48372,AJIT MEDICAL STORES,MAYBE_PRODUCT,default_no_evidence,KEEP REVIEW,INSUFFICIENT_EVIDENCE,FALLBACK:DISTRIBUTION_ENTITY
48689,OPEL AGENCY,MAYBE_PRODUCT,default_no_evidence,KEEP REVIEW,INSUFFICIENT_EVIDENCE,FALLBACK:DISTRIBUTION_ENTITY
48743,OPEL AGENCY,MAYBE_PRODUCT,default_no_evidence,KEEP REVIEW,INSUFFICIENT_EVIDENCE,FALLBACK:DISTRIBUTION_ENTITY
48797,OPEL AGENCY,MAYBE_PRODUCT,default_no_evidence,KEEP REVIEW,INSUFFICIENT_EVIDENCE,FALLBACK:DISTRIBUTION_ENTITY
48841,OPEL AGENCY,MAYBE_PRODUCT,default_no_evidence,KEEP REVIEW,INSUFFICIENT_EVIDENCE,FALLBACK:DISTRIBUTION_ENTITY
48895,OPEL AGENCY,MAYBE_PRODUCT,default_no_evidence,KEEP REVIEW,INSUFFICIENT_EVIDENCE,FALLBACK:DISTRIBUTION_ENTITY
48944,OPEL AGENCY,MAYBE_PRODUCT,default_no_evidence,KEEP REVIEW,INSUFFICIENT_EVIDENCE,FALLBACK:DISTRIBUTION_ENTITY
48996,OPEL AGENCY,MAYBE_PRODUCT,default_no_evidence,KEEP REVIEW,INSUFFICIENT_EVIDENCE,FALLBACK:DISTRIBUTION_ENTITY
49095,E-TEL20 10T,MAYBE_PRODUCT,default_no_evidence,KEEP REVIEW,INSUFFICIENT_EVIDENCE,FALLBACK:AMBIGUOUS_NO_BRAND
49096,E-TEL40 10T,MAYBE_PRODUCT,default_no_evidence,KEEP REVIEW,INSUFFICIENT_EVIDENCE,FALLBACK:AMBIGUOUS_NO_BRAND
49097,E-TEL80 10T,MAYBE_PRODUCT,default_no_evidence,KEEP REVIEW,INSUFFICIENT_EVIDENCE,FALLBACK:AMBIGUOUS_NO_BRAND
49178,NUSAR25MG 10T,MAYBE_PRODUCT,default_no_evidence,KEEP REVIEW,INSUFFICIENT_EVIDENCE,FALLBACK:AMBIGUOUS_NO_BRAND
49179,NUSAR50MG 10T,MAYBE_PRODUCT,default_no_evidence,KEEP REVIEW,INSUFFICIENT_EVIDENCE,FALLBACK:AMBIGUOUS_NO_BRAND
50218,Batch : E16DG25013 Stock : 30 ExPDt : 03/27 MRP : 317.80 Value : 6537.60 --,MAYBE_PRODUCT,default_no_evidence,KEEP REVIEW,INSUFFICIENT_EVIDENCE,FALLBACK:AMBIGUOUS_NO_BRAND
50456,REIENCAR 30 NEW 1X10CAP,MAYBE_PRODUCT,default_no_evidence,CANDIDATE FOR 1,INVALIDATED_NO_PHARMA,FALLBACK:AMBIGUOUS_NO_BRAND
50689,Batch : E16LB24004 Stock : 1 ExPDt : 11/26 MRP : 197.35 Value : 135.33 --,MAYBE_PRODUCT,default_no_evidence,KEEP REVIEW,INSUFFICIENT_EVIDENCE,FALLBACK:AMBIGUOUS_NO_BRAND
50855,Batch FIT4C04 Stock : 1,MAYBE_PRODUCT,default_no_evidence,KEEP REVIEW,INSUFFICIENT_EVIDENCE,FALLBACK:AMBIGUOUS_NO_BRAND
50878,Batch ADE04ANA Stock : 1,MAYBE_PRODUCT,default_no_evidence,KEEP REVIEW,INSUFFICIENT_EVIDENCE,FALLBACK:AMBIGUOUS_NO_BRAND
51363,R.K.DISTRIBUTORS,1,version_lag_already_caught,KEEP REVIEW,INSUFFICIENT_EVIDENCE,GARBAGE:pattern_garbage
51402,R.K.DISTRIBUTORS,1,version_lag_already_caught,KEEP REVIEW,INSUFFICIENT_EVIDENCE,GARBAGE:pattern_garbage
51454,Digital Purchase ERP Ordering Healthcare QRCode on bills for extra earnings Call MARG 08023304117080233041179880427548,MAYBE_PRODUCT,default_no_evidence,CANDIDATE FOR 1,COMPANY_ENTITY,FALLBACK:PHARMA_ENTITY
52887,Digital Purchase ERP Ordering Healthcare QRCode on bills for extra earnings Call MARG 93708145819370814581,MAYBE_PRODUCT,default_no_evidence,CANDIDATE FOR 1,COMPANY_ENTITY,FALLBACK:PHARMA_ENTITY
55088,TERLIBAX INJECTION,MAYBE_PRODUCT,default_no_evidence,KEEP REVIEW,INSUFFICIENT_EVIDENCE,FALLBACK:AMBIGUOUS_NO_BRAND
55297,AVIL 25 5X15TA,MAYBE_PRODUCT,default_no_evidence,KEEP REVIEW,INSUFFICIENT_EVIDENCE,FALLBACK:AMBIGUOUS_NO_BRAND
55390,HUMAN MIXTARD-40 1VAIL,MAYBE_PRODUCT,default_no_evidence,KEEP REVIEW,INSUFFICIENT_EVIDENCE,FALLBACK:AMBIGUOUS_NO_BRAND
55391,INSUMIN COMBO 25 1ING,MAYBE_PRODUCT,default_no_evidence,KEEP REVIEW,INSUFFICIENT_EVIDENCE,FALLBACK:AMBIGUOUS_NO_BRAND
55623,XENNEX-DIV 01/08/26-31/08/26,MAYBE_PRODUCT,default_no_evidence,CANDIDATE FOR 1,COMPANY_DIVISION_PREFIX,FALLBACK:AMBIGUOUS_NO_BRAND
56101,MASTER MEDICO,1,version_lag_already_caught,CANDIDATE FOR 1,PHARMA_COMPANY_NAME,GARBAGE:pattern_garbage
56145,Digital Purchase ERP Ordering Healthcare QRCode on bills for extra earnings Call MARG 9716114999,MAYBE_PRODUCT,default_no_evidence,CANDIDATE FOR 1,COMPANY_ENTITY,FALLBACK:PHARMA_ENTITY
56591,PHARMA TRADERS,1,version_lag_already_caught,CANDIDATE FOR 1,PHARMA_COMPANY_NAME,GARBAGE:pattern_garbage
56643,PHARMA TRADERS,1,version_lag_already_caught,CANDIDATE FOR 1,PHARMA_COMPANY_NAME,GARBAGE:pattern_garbage
56695,PHARMA TRADERS,1,version_lag_already_caught,CANDIDATE FOR 1,PHARMA_COMPANY_NAME,GARBAGE:pattern_garbage
56747,PHARMA TRADERS,1,version_lag_already_caught,CANDIDATE FOR 1,PHARMA_COMPANY_NAME,GARBAGE:pattern_garbage
56799,PHARMA TRADERS,1,version_lag_already_caught,CANDIDATE FOR 1,PHARMA_COMPANY_NAME,GARBAGE:pattern_garbage
56851,PHARMA TRADERS,1,version_lag_already_caught,CANDIDATE FOR 1,PHARMA_COMPANY_NAME,GARBAGE:pattern_garbage
56968,SHREE JWALA JEE AGENCY,MAYBE_PRODUCT,default_no_evidence,KEEP REVIEW,INSUFFICIENT_EVIDENCE,FALLBACK:DISTRIBUTION_ENTITY
57027,SHREE JWALA JEE AGENCY,MAYBE_PRODUCT,default_no_evidence,KEEP REVIEW,INSUFFICIENT_EVIDENCE,FALLBACK:DISTRIBUTION_ENTITY
57086,SHREE JWALA JEE AGENCY,MAYBE_PRODUCT,default_no_evidence,KEEP REVIEW,INSUFFICIENT_EVIDENCE,FALLBACK:DISTRIBUTION_ENTITY
59212,ALLSTAR REUSABLE INSULIN PEN 1PEN,MAYBE_PRODUCT,default_no_evidence,KEEP REVIEW,INSUFFICIENT_EVIDENCE,FALLBACK:AMBIGUOUS_NO_BRAND
59589,TOUJEO SOLOSTAR 1 UNIT,MAYBE_PRODUCT,default_no_evidence,CANDIDATE FOR 1,INVALIDATED_NO_PHARMA,FALLBACK:AMBIGUOUS_NO_BRAND
60678,ROSUVAS 10,MAYBE_PRODUCT,default_no_evidence,KEEP REVIEW,INSUFFICIENT_EVIDENCE,FALLBACK:AMBIGUOUS_NO_BRAND
60679,ROSUVAS 20,MAYBE_PRODUCT,default_no_evidence,KEEP REVIEW,INSUFFICIENT_EVIDENCE,FALLBACK:AMBIGUOUS_NO_BRAND
61196,RAJESH PHARMA PU RAIPUR,MAYBE_PRODUCT,default_no_evidence,CANDIDATE FOR 1,PHARMA_COMPANY_NAME,FALLBACK:AMBIGUOUS_NO_BRAND
61197,RAJESH PHARMA PU RAIPUR,MAYBE_PRODUCT,default_no_evidence,CANDIDATE FOR 1,PHARMA_COMPANY_NAME,FALLBACK:AMBIGUOUS_NO_BRAND
61198,RAJESH PHARMA PU RAIPUR,MAYBE_PRODUCT,default_no_evidence,CANDIDATE FOR 1,PHARMA_COMPANY_NAME,FALLBACK:AMBIGUOUS_NO_BRAND
61199,RAJESH PHARMA PU RAIPUR,MAYBE_PRODUCT,default_no_evidence,CANDIDATE FOR 1,PHARMA_COMPANY_NAME,FALLBACK:AMBIGUOUS_NO_BRAND
61200,RAJESH PHARMA PU RAIPUR,MAYBE_PRODUCT,default_no_evidence,CANDIDATE FOR 1,PHARMA_COMPANY_NAME,FALLBACK:AMBIGUOUS_NO_BRAND
61201,RAJESH PHARMA PU RAIPUR,MAYBE_PRODUCT,default_no_evidence,CANDIDATE FOR 1,PHARMA_COMPANY_NAME,FALLBACK:AMBIGUOUS_NO_BRAND
61202,RAJESH PHARMA PU RAIPUR,MAYBE_PRODUCT,default_no_evidence,CANDIDATE FOR 1,PHARMA_COMPANY_NAME,FALLBACK:AMBIGUOUS_NO_BRAND
61203,RAJESH PHARMA PU RAIPUR,MAYBE_PRODUCT,default_no_evidence,CANDIDATE FOR 1,PHARMA_COMPANY_NAME,FALLBACK:AMBIGUOUS_NO_BRAND
61204,RAJESH PHARMA PU RAIPUR,MAYBE_PRODUCT,default_no_evidence,CANDIDATE FOR 1,PHARMA_COMPANY_NAME,FALLBACK:AMBIGUOUS_NO_BRAND
61205,RAJESH PHARMA PU RAIPUR,MAYBE_PRODUCT,default_no_evidence,CANDIDATE FOR 1,PHARMA_COMPANY_NAME,FALLBACK:AMBIGUOUS_NO_BRAND
61206,RAJESH PHARMA PU RAIPUR,MAYBE_PRODUCT,default_no_evidence,CANDIDATE FOR 1,PHARMA_COMPANY_NAME,FALLBACK:AMBIGUOUS_NO_BRAND
61207,RAJESH PHARMA PU RAIPUR,MAYBE_PRODUCT,default_no_evidence,CANDIDATE FOR 1,PHARMA_COMPANY_NAME,FALLBACK:AMBIGUOUS_NO_BRAND
62707,NUCRON,1,division_company_header,CANDIDATE FOR 1,COMPANY_DIVISION_PREFIX,FALLBACK:AMBIGUOUS_NO_BRAND
63588,AMAR PHARMA,MAYBE_PRODUCT,default_no_evidence,CANDIDATE FOR 1,PHARMA_COMPANY_NAME,FALLBACK:AMBIGUOUS_NO_BRAND
63620,NUCRON,1,division_company_header,CANDIDATE FOR 1,COMPANY_DIVISION_PREFIX,FALLBACK:AMBIGUOUS_NO_BRAND
63634,AMAR PHARMA,MAYBE_PRODUCT,default_no_evidence,CANDIDATE FOR 1,PHARMA_COMPANY_NAME,FALLBACK:AMBIGUOUS_NO_BRAND
63677,NUCRON CV DIVISION,1,division_company_header,CANDIDATE FOR 1,COMPANY_DIVISION_PREFIX,FALLBACK:STRUCTURAL_KW
63685,AMAR PHARMA,MAYBE_PRODUCT,default_no_evidence,CANDIDATE FOR 1,PHARMA_COMPANY_NAME,FALLBACK:AMBIGUOUS_NO_BRAND
63734,XENNEX PHARMA,1,division_company_header,CANDIDATE FOR 1,COMPANY_DIVISION_PREFIX,FALLBACK:AMBIGUOUS_NO_BRAND
63736,AMAR PHARMA,MAYBE_PRODUCT,default_no_evidence,CANDIDATE FOR 1,PHARMA_COMPANY_NAME,FALLBACK:AMBIGUOUS_NO_BRAND
63754,Digital Purchase ERP Ordering Healthcare QRCode on bills for extra earnings Call MARG 8839424695,MAYBE_PRODUCT,default_no_evidence,CANDIDATE FOR 1,COMPANY_ENTITY,FALLBACK:PHARMA_ENTITY
65213,EOPTAL150 10,MAYBE_PRODUCT,default_no_evidence,KEEP REVIEW,INSUFFICIENT_EVIDENCE,FALLBACK:AMBIGUOUS_NO_BRAND
65264,NEEDLES,MAYBE_PRODUCT,default_no_evidence,KEEP REVIEW,INSUFFICIENT_EVIDENCE,FALLBACK:AMBIGUOUS_NO_BRAND
65875,EMCEE PHARMA PVT.LTD.,1,version_lag_already_caught,CANDIDATE FOR 1,PHARMA_COMPANY_NAME,GARBAGE:pattern_garbage
66242,EMC CV,MAYBE_PRODUCT,default_no_evidence,KEEP REVIEW,INSUFFICIENT_EVIDENCE,FALLBACK:VERY_SHORT
66264,EMC GENERIC,MAYBE_PRODUCT,default_no_evidence,KEEP REVIEW,INSUFFICIENT_EVIDENCE,FALLBACK:AMBIGUOUS_NO_BRAND
66285,EMC INVENTIA,MAYBE_PRODUCT,default_no_evidence,KEEP REVIEW,INSUFFICIENT_EVIDENCE,FALLBACK:AMBIGUOUS_NO_BRAND
66292,EMC NUCARE,MAYBE_PRODUCT,default_no_evidence,KEEP REVIEW,INSUFFICIENT_EVIDENCE,FALLBACK:AMBIGUOUS_NO_BRAND
66296,EMC NUCRON,MAYBE_PRODUCT,default_no_evidence,KEEP REVIEW,INSUFFICIENT_EVIDENCE,FALLBACK:AMBIGUOUS_NO_BRAND
66340,EMC NUSURGE,MAYBE_PRODUCT,default_no_evidence,KEEP REVIEW,INSUFFICIENT_EVIDENCE,FALLBACK:AMBIGUOUS_NO_BRAND
66351,EMC ORION,MAYBE_PRODUCT,default_no_evidence,KEEP REVIEW,INSUFFICIENT_EVIDENCE,FALLBACK:AMBIGUOUS_NO_BRAND
66403,EMC PHARMA,MAYBE_PRODUCT,default_no_evidence,CANDIDATE FOR 1,PHARMA_COMPANY_NAME,FALLBACK:AMBIGUOUS_NO_BRAND
66418,EMC PHRMANEXT,MAYBE_PRODUCT,default_no_evidence,KEEP REVIEW,INSUFFICIENT_EVIDENCE,FALLBACK:AMBIGUOUS_NO_BRAND
66813,NUCRON CV,1,division_company_header,CANDIDATE FOR 1,COMPANY_DIVISION_PREFIX,FALLBACK:AMBIGUOUS_NO_BRAND
66980,NUCRON PHARMA.LTD,1,version_lag_already_caught,CANDIDATE FOR 1,COMPANY_DIVISION_PREFIX,GARBAGE:pattern_garbage
67211,RASOTAN40TAB,MAYBE_PRODUCT,default_no_evidence,KEEP REVIEW,INSUFFICIENT_EVIDENCE,FALLBACK:AMBIGUOUS_NO_BRAND
67377,OROFERXTSUS,MAYBE_PRODUCT,default_no_evidence,KEEP REVIEW,INSUFFICIENT_EVIDENCE,FALLBACK:AMBIGUOUS_NO_BRAND
69124,EMC NUC CV --,MAYBE_PRODUCT,default_no_evidence,KEEP REVIEW,INSUFFICIENT_EVIDENCE,FALLBACK:AMBIGUOUS_NO_BRAND
69227,EMC PH --,MAYBE_PRODUCT,default_no_evidence,KEEP REVIEW,INSUFFICIENT_EVIDENCE,FALLBACK:VERY_SHORT
69500,EMSITAGM 50/2/1000 TAI 10.,MAYBE_PRODUCT,default_no_evidence,KEEP REVIEW,INSUFFICIENT_EVIDENCE,FALLBACK:AMBIGUOUS_NO_BRAND
69615,GENNOVA,MAYBE_PRODUCT,default_no_evidence,CANDIDATE FOR 1,COMPANY_DIVISION_PREFIX,FALLBACK:AMBIGUOUS_NO_BRAND
69642,GENNOVA NEPHRO.,MAYBE_PRODUCT,default_no_evidence,CANDIDATE FOR 1,COMPANY_DIVISION_PREFIX,FALLBACK:AMBIGUOUS_NO_BRAND
69853,ROSEVAS 10,MAYBE_PRODUCT,default_no_evidence,KEEP REVIEW,INSUFFICIENT_EVIDENCE,FALLBACK:AMBIGUOUS_NO_BRAND
69958,MATERNA1200 HMG HP,MAYBE_PRODUCT,default_no_evidence,KEEP REVIEW,INSUFFICIENT_EVIDENCE,FALLBACK:AMBIGUOUS_NO_BRAND
69977,ORION,MAYBE_PRODUCT,default_no_evidence,KEEP REVIEW,INSUFFICIENT_EVIDENCE,FALLBACK:VERY_SHORT
70030,PHARMA NXT,1,division_company_header,CANDIDATE FOR 1,PHARMA_COMPANY_NAME,FALLBACK:AMBIGUOUS_NO_BRAND
70081,XENNEX,1,division_company_header,CANDIDATE FOR 1,COMPANY_DIVISION_PREFIX,FALLBACK:AMBIGUOUS_NO_BRAND
71359,GENONVA,MAYBE_PRODUCT,default_no_evidence,KEEP REVIEW,INSUFFICIENT_EVIDENCE,FALLBACK:AMBIGUOUS_NO_BRAND
72805,DOSPrinter 3.5 DEMO,MAYBE_PRODUCT,default_no_evidence,KEEP REVIEW,INSUFFICIENT_EVIDENCE,FALLBACK:AMBIGUOUS_NO_BRAND
73494,ITEMCODE ITEMNAME,MAYBE_PRODUCT,default_no_evidence,KEEP REVIEW,INSUFFICIENT_EVIDENCE,FALLBACK:AMBIGUOUS_NO_BRAND
76547,GENNOVA EX,MAYBE_PRODUCT,default_no_evidence,CANDIDATE FOR 1,COMPANY_DIVISION_PREFIX,FALLBACK:AMBIGUOUS_NO_BRAND
76555,GENNOVA GB,MAYBE_PRODUCT,default_no_evidence,CANDIDATE FOR 1,COMPANY_DIVISION_PREFIX,FALLBACK:AMBIGUOUS_NO_BRAND
76558,NUCRO CV EV,MAYBE_PRODUCT,default_no_evidence,KEEP REVIEW,INSUFFICIENT_EVIDENCE,FALLBACK:AMBIGUOUS_NO_BRAND
78941,TRICPLANT 10t,MAYBE_PRODUCT,default_no_evidence,KEEP REVIEW,INSUFFICIENT_EVIDENCE,FALLBACK:AMBIGUOUS_NO_BRAND
79355,GENOVA,MAYBE_PRODUCT,default_no_evidence,KEEP REVIEW,INSUFFICIENT_EVIDENCE,FALLBACK:AMBIGUOUS_NO_BRAND
79823,ERINYLE HEALTH CARE PVT.LTD,1,version_lag_already_caught,KEEP REVIEW,INSUFFICIENT_EVIDENCE,GARBAGE:pattern_garbage
80943,POVIZ DIV,MAYBE_PRODUCT,default_no_evidence,KEEP REVIEW,INSUFFICIENT_EVIDENCE,FALLBACK:AMBIGUOUS_NO_BRAND
80999,CONSIVASEZ40 10,MAYBE_PRODUCT,default_no_evidence,KEEP REVIEW,INSUFFICIENT_EVIDENCE,FALLBACK:AMBIGUOUS_NO_BRAND
81000,CORDARONE100MG 20*15T,MAYBE_PRODUCT,default_no_evidence,KEEP REVIEW,INSUFFICIENT_EVIDENCE,FALLBACK:AMBIGUOUS_NO_BRAND
81001,CORDARONEX200MG 10*15T,MAYBE_PRODUCT,default_no_evidence,KEEP REVIEW,INSUFFICIENT_EVIDENCE,FALLBACK:AMBIGUOUS_NO_BRAND
81006,HOSITFCM1K 1,MAYBE_PRODUCT,default_no_evidence,KEEP REVIEW,INSUFFICIENT_EVIDENCE,FALLBACK:AMBIGUOUS_NO_BRAND
81010,PLAVIX75 10*14T,MAYBE_PRODUCT,default_no_evidence,KEEP REVIEW,INSUFFICIENT_EVIDENCE,FALLBACK:AMBIGUOUS_NO_BRAND
81106,ACEGABANT200 15,MAYBE_PRODUCT,default_no_evidence,KEEP REVIEW,INSUFFICIENT_EVIDENCE,FALLBACK:AMBIGUOUS_NO_BRAND
81121,EMBLOBULINING 1,MAYBE_PRODUCT,default_no_evidence,KEEP REVIEW,INSUFFICIENT_EVIDENCE,FALLBACK:AMBIGUOUS_NO_BRAND
81334,OROFERXTDROP 1,MAYBE_PRODUCT,default_no_evidence,KEEP REVIEW,INSUFFICIENT_EVIDENCE,FALLBACK:AMBIGUOUS_NO_BRAND
81379,STABOSE2MG,MAYBE_PRODUCT,default_no_evidence,KEEP REVIEW,INSUFFICIENT_EVIDENCE,FALLBACK:AMBIGUOUS_NO_BRAND
81437,EMSITAMPTAB 1,MAYBE_PRODUCT,default_no_evidence,KEEP REVIEW,INSUFFICIENT_EVIDENCE,FALLBACK:AMBIGUOUS_NO_BRAND
81462,CELOLD3PLUS 10,MAYBE_PRODUCT,default_no_evidence,KEEP REVIEW,INSUFFICIENT_EVIDENCE,FALLBACK:AMBIGUOUS_NO_BRAND
81472,FERIUMING500MG 1,MAYBE_PRODUCT,default_no_evidence,KEEP REVIEW,INSUFFICIENT_EVIDENCE,FALLBACK:AMBIGUOUS_NO_BRAND
81485,OSTERI600MCGINJ 1,MAYBE_PRODUCT,default_no_evidence,KEEP REVIEW,INSUFFICIENT_EVIDENCE,FALLBACK:AMBIGUOUS_NO_BRAND
81512,EXHEP40MG ING 1,MAYBE_PRODUCT,default_no_evidence,KEEP REVIEW,INSUFFICIENT_EVIDENCE,FALLBACK:AMBIGUOUS_NO_BRAND
81513,EXHEP60MG ING 1,MAYBE_PRODUCT,default_no_evidence,KEEP REVIEW,INSUFFICIENT_EVIDENCE,FALLBACK:AMBIGUOUS_NO_BRAND
81520,FERRIING 1*,MAYBE_PRODUCT,default_no_evidence,KEEP REVIEW,INSUFFICIENT_EVIDENCE,FALLBACK:AMBIGUOUS_NO_BRAND
81526,MATERNAFSH150 IU 1,MAYBE_PRODUCT,default_no_evidence,KEEP REVIEW,INSUFFICIENT_EVIDENCE,FALLBACK:AMBIGUOUS_NO_BRAND
81527,MATERNAFSH75 I.U 1,MAYBE_PRODUCT,default_no_evidence,KEEP REVIEW,INSUFFICIENT_EVIDENCE,FALLBACK:AMBIGUOUS_NO_BRAND
81529,MATERNAHCG10000 IU 1,MAYBE_PRODUCT,default_no_evidence,KEEP REVIEW,INSUFFICIENT_EVIDENCE,FALLBACK:AMBIGUOUS_NO_BRAND
81530,MATERNAHMG150I.U 1,MAYBE_PRODUCT,default_no_evidence,KEEP REVIEW,INSUFFICIENT_EVIDENCE,FALLBACK:AMBIGUOUS_NO_BRAND
81531,MATERNAHMG75 1,MAYBE_PRODUCT,default_no_evidence,KEEP REVIEW,INSUFFICIENT_EVIDENCE,FALLBACK:AMBIGUOUS_NO_BRAND
81542,C-LET1GM 1,MAYBE_PRODUCT,default_no_evidence,KEEP REVIEW,INSUFFICIENT_EVIDENCE,FALLBACK:AMBIGUOUS_NO_BRAND
82754,SHEDULED DRUG --,MAYBE_PRODUCT,default_no_evidence,KEEP REVIEW,INSUFFICIENT_EVIDENCE,FALLBACK:AMBIGUOUS_NO_BRAND
82902,SHEDULED DRUG --,MAYBE_PRODUCT,default_no_evidence,KEEP REVIEW,INSUFFICIENT_EVIDENCE,FALLBACK:AMBIGUOUS_NO_BRAND
82977,ALLEGRA M,MAYBE_PRODUCT,default_no_evidence,KEEP REVIEW,INSUFFICIENT_EVIDENCE,FALLBACK:AMBIGUOUS_NO_BRAND
82979,ALLEGRA-120,MAYBE_PRODUCT,default_no_evidence,KEEP REVIEW,INSUFFICIENT_EVIDENCE,FALLBACK:AMBIGUOUS_NO_BRAND
82980,ALLEGRA-180,MAYBE_PRODUCT,default_no_evidence,KEEP REVIEW,INSUFFICIENT_EVIDENCE,FALLBACK:AMBIGUOUS_NO_BRAND
82991,APIDRA CATRIDGE,MAYBE_PRODUCT,default_no_evidence,KEEP REVIEW,INSUFFICIENT_EVIDENCE,FALLBACK:AMBIGUOUS_NO_BRAND
83016,FRISIUM-10,MAYBE_PRODUCT,default_no_evidence,KEEP REVIEW,INSUFFICIENT_EVIDENCE,FALLBACK:AMBIGUOUS_NO_BRAND
83017,FRISIUM-5,MAYBE_PRODUCT,default_no_evidence,KEEP REVIEW,INSUFFICIENT_EVIDENCE,FALLBACK:AMBIGUOUS_NO_BRAND
83020,LANTUS CARTRIDGE,MAYBE_PRODUCT,default_no_evidence,KEEP REVIEW,INSUFFICIENT_EVIDENCE,FALLBACK:AMBIGUOUS_NO_BRAND
83034,PRIMOSA BOOST,MAYBE_PRODUCT,default_no_evidence,KEEP REVIEW,INSUFFICIENT_EVIDENCE,FALLBACK:AMBIGUOUS_NO_BRAND
83036,PRIMOSA-1000,MAYBE_PRODUCT,default_no_evidence,KEEP REVIEW,INSUFFICIENT_EVIDENCE,FALLBACK:AMBIGUOUS_NO_BRAND
83047,VALPARIN CHRONO 200,MAYBE_PRODUCT,default_no_evidence,KEEP REVIEW,INSUFFICIENT_EVIDENCE,FALLBACK:AMBIGUOUS_NO_BRAND
83048,VALPARIN CHRONO 300,MAYBE_PRODUCT,default_no_evidence,KEEP REVIEW,INSUFFICIENT_EVIDENCE,FALLBACK:AMBIGUOUS_NO_BRAND
83049,VALPARIN CHRONO 500,MAYBE_PRODUCT,default_no_evidence,KEEP REVIEW,INSUFFICIENT_EVIDENCE,FALLBACK:AMBIGUOUS_NO_BRAND
83050,VALPARIN-200,MAYBE_PRODUCT,default_no_evidence,KEEP REVIEW,INSUFFICIENT_EVIDENCE,FALLBACK:AMBIGUOUS_NO_BRAND
83051,VALPARIN-500,MAYBE_PRODUCT,default_no_evidence,KEEP REVIEW,INSUFFICIENT_EVIDENCE,FALLBACK:AMBIGUOUS_NO_BRAND
86375,DOXOTEC 10T,MAYBE_PRODUCT,default_no_evidence,KEEP REVIEW,INSUFFICIENT_EVIDENCE,FALLBACK:AMBIGUOUS_NO_BRAND
87244,Printed Using PharmAssist From C-Square. --,MAYBE_PRODUCT,default_no_evidence,KEEP REVIEW,INSUFFICIENT_EVIDENCE,FALLBACK:AMBIGUOUS_NO_BRAND
87283,MONTEMUNE-LC 10T,MAYBE_PRODUCT,default_no_evidence,KEEP REVIEW,INSUFFICIENT_EVIDENCE,FALLBACK:AMBIGUOUS_NO_BRAND
87287,SYNBETA-1000 10T,MAYBE_PRODUCT,default_no_evidence,KEEP REVIEW,INSUFFICIENT_EVIDENCE,FALLBACK:AMBIGUOUS_NO_BRAND
87715,NAVEEN KAMANI MEDICAL AGENCIES,1,version_lag_already_caught,KEEP REVIEW,INSUFFICIENT_EVIDENCE,GARBAGE:pattern_garbage
87753,SITAGLYN M 50/1000,MAYBE_PRODUCT,default_no_evidence,KEEP REVIEW,INSUFFICIENT_EVIDENCE,FALLBACK:AMBIGUOUS_NO_BRAND
87839,TENECTASEINFIUS 1,MAYBE_PRODUCT,default_no_evidence,KEEP REVIEW,INSUFFICIENT_EVIDENCE,FALLBACK:AMBIGUOUS_NO_BRAND
87919,NUCRON CV,1,division_company_header,CANDIDATE FOR 1,COMPANY_DIVISION_PREFIX,FALLBACK:AMBIGUOUS_NO_BRAND
87968,NUCRON PHARMACEUTICALS LTD.,1,version_lag_already_caught,CANDIDATE FOR 1,COMPANY_ENTITY,GARBAGE:pattern_garbage
89734,received Zq12,MAYBE_PRODUCT,default_no_evidence,KEEP REVIEW,INSUFFICIENT_EVIDENCE,FALLBACK:AMBIGUOUS_NO_BRAND
90257,ZZZZZZATOREC F 10,1,zzzzzz_ocr_placeholder,KEEP REVIEW,INSUFFICIENT_EVIDENCE,FALLBACK:AMBIGUOUS_NO_BRAND
91912,XPLODEPOWDER 1 X200GM,MAYBE_PRODUCT,default_no_evidence,KEEP REVIEW,INSUFFICIENT_EVIDENCE,FALLBACK:AMBIGUOUS_NO_BRAND
92948,Purchase Invoice No. Receipt Date,MAYBE_PRODUCT,default_no_evidence,KEEP REVIEW,INSUFFICIENT_EVIDENCE,FALLBACK:STRUCTURAL_KW
92949,EIJP003807 0,MAYBE_PRODUCT,default_no_evidence,KEEP REVIEW,INSUFFICIENT_EVIDENCE,FALLBACK:AMBIGUOUS_NO_BRAND
92950,EIJP003966 0,MAYBE_PRODUCT,default_no_evidence,KEEP REVIEW,INSUFFICIENT_EVIDENCE,FALLBACK:AMBIGUOUS_NO_BRAND
92951,EIJP003967 0,MAYBE_PRODUCT,default_no_evidence,KEEP REVIEW,INSUFFICIENT_EVIDENCE,FALLBACK:AMBIGUOUS_NO_BRAND
94667,Reorder Values 0.00,MAYBE_PRODUCT,default_no_evidence,KEEP REVIEW,INSUFFICIENT_EVIDENCE,FALLBACK:AMBIGUOUS_NO_BRAND
94686,Reorder Values 0.00,MAYBE_PRODUCT,default_no_evidence,KEEP REVIEW,INSUFFICIENT_EVIDENCE,FALLBACK:AMBIGUOUS_NO_BRAND
94706,Reorder Values 0.00,MAYBE_PRODUCT,default_no_evidence,KEEP REVIEW,INSUFFICIENT_EVIDENCE,FALLBACK:AMBIGUOUS_NO_BRAND
94733,Reorder Values 0.00,MAYBE_PRODUCT,default_no_evidence,KEEP REVIEW,INSUFFICIENT_EVIDENCE,FALLBACK:AMBIGUOUS_NO_BRAND
94755,Reorder Values : 0.00 --,MAYBE_PRODUCT,default_no_evidence,KEEP REVIEW,INSUFFICIENT_EVIDENCE,FALLBACK:AMBIGUOUS_NO_BRAND
94757,Free Sales Value : 2740.94 --,MAYBE_PRODUCT,default_no_evidence,KEEP REVIEW,INSUFFICIENT_EVIDENCE,FALLBACK:AMBIGUOUS_NO_BRAND
94779,Reorder Values 0.00,MAYBE_PRODUCT,default_no_evidence,KEEP REVIEW,INSUFFICIENT_EVIDENCE,FALLBACK:AMBIGUOUS_NO_BRAND
94791,UPPER(,MAYBE_PRODUCT,default_no_evidence,KEEP REVIEW,INSUFFICIENT_EVIDENCE,FALLBACK:VERY_SHORT
94812,UPPER(,MAYBE_PRODUCT,default_no_evidence,KEEP REVIEW,INSUFFICIENT_EVIDENCE,FALLBACK:VERY_SHORT
94942,UPPER(,MAYBE_PRODUCT,default_no_evidence,KEEP REVIEW,INSUFFICIENT_EVIDENCE,FALLBACK:VERY_SHORT
95063,UPPER(,MAYBE_PRODUCT,default_no_evidence,KEEP REVIEW,INSUFFICIENT_EVIDENCE,FALLBACK:VERY_SHORT
95091,UPPER(,MAYBE_PRODUCT,default_no_evidence,KEEP REVIEW,INSUFFICIENT_EVIDENCE,FALLBACK:VERY_SHORT
95118,UPPER(,MAYBE_PRODUCT,default_no_evidence,KEEP REVIEW,INSUFFICIENT_EVIDENCE,FALLBACK:VERY_SHORT
95170,UPPER(,MAYBE_PRODUCT,default_no_evidence,KEEP REVIEW,INSUFFICIENT_EVIDENCE,FALLBACK:VERY_SHORT
95303,UPPER(,MAYBE_PRODUCT,default_no_evidence,KEEP REVIEW,INSUFFICIENT_EVIDENCE,FALLBACK:VERY_SHORT
95419,UPPER(,MAYBE_PRODUCT,default_no_evidence,KEEP REVIEW,INSUFFICIENT_EVIDENCE,FALLBACK:VERY_SHORT
95464,UPPER(,MAYBE_PRODUCT,default_no_evidence,KEEP REVIEW,INSUFFICIENT_EVIDENCE,FALLBACK:VERY_SHORT
95804,ELOXIB60 10,MAYBE_PRODUCT,default_no_evidence,KEEP REVIEW,INSUFFICIENT_EVIDENCE,FALLBACK:AMBIGUOUS_NO_BRAND
95907,KETOPATCH 1PCS,MAYBE_PRODUCT,default_no_evidence,KEEP REVIEW,INSUFFICIENT_EVIDENCE,FALLBACK:AMBIGUOUS_NO_BRAND
95948,NOTALOWEDTOPICKUP 10T,MAYBE_PRODUCT,default_no_evidence,KEEP REVIEW,INSUFFICIENT_EVIDENCE,FALLBACK:AMBIGUOUS_NO_BRAND
96045,TIKLA,MAYBE_PRODUCT,default_no_evidence,KEEP REVIEW,INSUFFICIENT_EVIDENCE,FALLBACK:VERY_SHORT
96270,Claim No Date,MAYBE_PRODUCT,default_no_evidence,KEEP REVIEW,INSUFFICIENT_EVIDENCE,FALLBACK:AMBIGUOUS_NO_BRAND
98175,EMCOR CREM 15 M,MAYBE_PRODUCT,default_no_evidence,CANDIDATE FOR 1,INVALIDATED_NO_PHARMA,FALLBACK:AMBIGUOUS_NO_BRAND
98334,SHANTI MEDICAL STORES,MAYBE_PRODUCT,default_no_evidence,KEEP REVIEW,INSUFFICIENT_EVIDENCE,FALLBACK:DISTRIBUTION_ENTITY
98390,SHANTI MEDICAL STORES,MAYBE_PRODUCT,default_no_evidence,KEEP REVIEW,INSUFFICIENT_EVIDENCE,FALLBACK:DISTRIBUTION_ENTITY
98421,SYLATE250 1X10TAB,MAYBE_PRODUCT,default_no_evidence,KEEP REVIEW,INSUFFICIENT_EVIDENCE,FALLBACK:AMBIGUOUS_NO_BRAND
98422,SYLATE500 1X10TAB,MAYBE_PRODUCT,default_no_evidence,KEEP REVIEW,INSUFFICIENT_EVIDENCE,FALLBACK:AMBIGUOUS_NO_BRAND
98436,SHANTI MEDICAL STORES,MAYBE_PRODUCT,default_no_evidence,KEEP REVIEW,INSUFFICIENT_EVIDENCE,FALLBACK:DISTRIBUTION_ENTITY
98486,SHANTI MEDICAL STORES,MAYBE_PRODUCT,default_no_evidence,KEEP REVIEW,INSUFFICIENT_EVIDENCE,FALLBACK:DISTRIBUTION_ENTITY
98543,SHANTI MEDICAL STORES,MAYBE_PRODUCT,default_no_evidence,KEEP REVIEW,INSUFFICIENT_EVIDENCE,FALLBACK:DISTRIBUTION_ENTITY
99544,GENNOVA NEPHROLOGY --,MAYBE_PRODUCT,default_no_evidence,CANDIDATE FOR 1,COMPANY_DIVISION_PREFIX,FALLBACK:AMBIGUOUS_NO_BRAND
99967,EMC C.V.,MAYBE_PRODUCT,default_no_evidence,KEEP REVIEW,INSUFFICIENT_EVIDENCE,FALLBACK:VERY_SHORT
99974,EMC INVENTIA,MAYBE_PRODUCT,default_no_evidence,KEEP REVIEW,INSUFFICIENT_EVIDENCE,FALLBACK:AMBIGUOUS_NO_BRAND
99984,EMC MAIN,MAYBE_PRODUCT,default_no_evidence,KEEP REVIEW,INSUFFICIENT_EVIDENCE,FALLBACK:AMBIGUOUS_NO_BRAND
100006,EMC ORION,MAYBE_PRODUCT,default_no_evidence,KEEP REVIEW,INSUFFICIENT_EVIDENCE,FALLBACK:AMBIGUOUS_NO_BRAND
100012,EMC NUCRON,MAYBE_PRODUCT,default_no_evidence,KEEP REVIEW,INSUFFICIENT_EVIDENCE,FALLBACK:AMBIGUOUS_NO_BRAND
100858,Trental 400 1*15T,MAYBE_PRODUCT,default_no_evidence,KEEP REVIEW,INSUFFICIENT_EVIDENCE,FALLBACK:AMBIGUOUS_NO_BRAND
102964,LUCKY MEDICAL AGENCY,MAYBE_PRODUCT,default_no_evidence,KEEP REVIEW,INSUFFICIENT_EVIDENCE,FALLBACK:DISTRIBUTION_ENTITY
103333,NUCRON,1,division_company_header,CANDIDATE FOR 1,COMPANY_DIVISION_PREFIX,FALLBACK:AMBIGUOUS_NO_BRAND
103413,NUCRON,1,division_company_header,CANDIDATE FOR 1,COMPANY_DIVISION_PREFIX,FALLBACK:AMBIGUOUS_NO_BRAND
103729,OOFE XT-DHA 1KIT,MAYBE_PRODUCT,default_no_evidence,KEEP REVIEW,INSUFFICIENT_EVIDENCE,FALLBACK:AMBIGUOUS_NO_BRAND
107996,OM DRUG HOUSE,1,supply_chain_entity,CANDIDATE FOR 1,SUPPLY_CHAIN_ENTITY,FALLBACK:AMBIGUOUS_NO_BRAND
108037,OM DRUG HOUSE,1,supply_chain_entity,CANDIDATE FOR 1,SUPPLY_CHAIN_ENTITY,FALLBACK:AMBIGUOUS_NO_BRAND
108065,OM DRUG HOUSE,1,supply_chain_entity,CANDIDATE FOR 1,SUPPLY_CHAIN_ENTITY,FALLBACK:AMBIGUOUS_NO_BRAND
108415,AMARYL1MG 30,MAYBE_PRODUCT,default_no_evidence,KEEP REVIEW,INSUFFICIENT_EVIDENCE,FALLBACK:AMBIGUOUS_NO_BRAND
108780,ST Value,MAYBE_PRODUCT,default_no_evidence,KEEP REVIEW,INSUFFICIENT_EVIDENCE,FALLBACK:AMBIGUOUS_NO_BRAND
108781,Sale Return Value,MAYBE_PRODUCT,default_no_evidence,KEEP REVIEW,INSUFFICIENT_EVIDENCE,FALLBACK:AMBIGUOUS_NO_BRAND
108801,ST Value,MAYBE_PRODUCT,default_no_evidence,KEEP REVIEW,INSUFFICIENT_EVIDENCE,FALLBACK:AMBIGUOUS_NO_BRAND
108802,Sale Return Value,MAYBE_PRODUCT,default_no_evidence,KEEP REVIEW,INSUFFICIENT_EVIDENCE,FALLBACK:AMBIGUOUS_NO_BRAND
108822,ST Value,MAYBE_PRODUCT,default_no_evidence,KEEP REVIEW,INSUFFICIENT_EVIDENCE,FALLBACK:AMBIGUOUS_NO_BRAND
108823,Sale Return Value,MAYBE_PRODUCT,default_no_evidence,KEEP REVIEW,INSUFFICIENT_EVIDENCE,FALLBACK:AMBIGUOUS_NO_BRAND
109397,PURC 930545 SALE 1186526 STOCK 1042940 STK120 76597 EXP6M 12162 LZSTK 113345,MAYBE_PRODUCT,default_no_evidence,KEEP REVIEW,INSUFFICIENT_EVIDENCE,FALLBACK:AMBIGUOUS_NO_BRAND
109400,Report End 290 Records,MAYBE_PRODUCT,default_no_evidence,KEEP REVIEW,INSUFFICIENT_EVIDENCE,FALLBACK:AMBIGUOUS_NO_BRAND
109401,Prepared by Swapnil Vele on 03-Sep-2026 1557 From System Nc9,MAYBE_PRODUCT,default_no_evidence,KEEP REVIEW,INSUFFICIENT_EVIDENCE,FALLBACK:AMBIGUOUS_NO_BRAND
109402,This is a Computer Generated Report Which Does Not Require Stamp or Signature,MAYBE_PRODUCT,default_no_evidence,KEEP REVIEW,INSUFFICIENT_EVIDENCE,FALLBACK:AMBIGUOUS_NO_BRAND
109884,RIVAROXABAN,MAYBE_PRODUCT,default_no_evidence,KEEP REVIEW,INSUFFICIENT_EVIDENCE,FALLBACK:AMBIGUOUS_NO_BRAND
110204,ALPHABET DISTRIBUTORS,1,version_lag_already_caught,KEEP REVIEW,INSUFFICIENT_EVIDENCE,GARBAGE:pattern_garbage
110205,SHYAMGOKUL COMPLEX,MAYBE_PRODUCT,default_no_evidence,KEEP REVIEW,INSUFFICIENT_EVIDENCE,FALLBACK:AMBIGUOUS_NO_BRAND
110334,Batch KS313 Stock : 1,MAYBE_PRODUCT,default_no_evidence,KEEP REVIEW,INSUFFICIENT_EVIDENCE,FALLBACK:AMBIGUOUS_NO_BRAND
111252,HOSTR XT,MAYBE_PRODUCT,default_no_evidence,KEEP REVIEW,INSUFFICIENT_EVIDENCE,FALLBACK:AMBIGUOUS_NO_BRAND
112507,ALLSTAR REUSABLE PEN,MAYBE_PRODUCT,default_no_evidence,KEEP REVIEW,INSUFFICIENT_EVIDENCE,FALLBACK:AMBIGUOUS_NO_BRAND
112523,APIDRA CATRIDGE,MAYBE_PRODUCT,default_no_evidence,KEEP REVIEW,INSUFFICIENT_EVIDENCE,FALLBACK:AMBIGUOUS_NO_BRAND
112529,AVIL VAIL,MAYBE_PRODUCT,default_no_evidence,KEEP REVIEW,INSUFFICIENT_EVIDENCE,FALLBACK:AMBIGUOUS_NO_BRAND
112554,COLLAFLEX SAC,MAYBE_PRODUCT,default_no_evidence,KEEP REVIEW,INSUFFICIENT_EVIDENCE,FALLBACK:AMBIGUOUS_NO_BRAND
112572,DEPURA 60K LIQ,MAYBE_PRODUCT,default_no_evidence,KEEP REVIEW,INSUFFICIENT_EVIDENCE,FALLBACK:AMBIGUOUS_NO_BRAND
112611,VICKS VAPORUB,MAYBE_PRODUCT,default_no_evidence,KEEP REVIEW,INSUFFICIENT_EVIDENCE,FALLBACK:AMBIGUOUS_NO_BRAND
114155,EMCEE PHARMACEUTICALS LTD ECE,MAYBE_PRODUCT,default_no_evidence,CANDIDATE FOR 1,COMPANY_ENTITY,FALLBACK:PHARMA_ENTITY
114162,Movel Dt 10,MAYBE_PRODUCT,default_no_evidence,KEEP REVIEW,INSUFFICIENT_EVIDENCE,FALLBACK:AMBIGUOUS_NO_BRAND
114401,Oroferxt-Dha Kit,MAYBE_PRODUCT,default_no_evidence,KEEP REVIEW,INSUFFICIENT_EVIDENCE,FALLBACK:AMBIGUOUS_NO_BRAND
114729,TOTAL CAL D 3MG TAB.20S 1X20S,MAYBE_PRODUCT,default_no_evidence,CANDIDATE FOR 1,STRUCTURAL_KEYWORD,FALLBACK:STRUCTURAL_KW
116480,SHWEIZ 651,MAYBE_PRODUCT,default_no_evidence,KEEP REVIEW,INSUFFICIENT_EVIDENCE,FALLBACK:AMBIGUOUS_NO_BRAND
117871,EPOTREND 10000 0,MAYBE_PRODUCT,default_no_evidence,KEEP REVIEW,INSUFFICIENT_EVIDENCE,FALLBACK:AMBIGUOUS_NO_BRAND
117881,TRULICITY1.5 0,MAYBE_PRODUCT,default_no_evidence,KEEP REVIEW,INSUFFICIENT_EVIDENCE,FALLBACK:AMBIGUOUS_NO_BRAND
120139,ENNOVA IMPET 0.00,MAYBE_PRODUCT,default_no_evidence,KEEP REVIEW,INSUFFICIENT_EVIDENCE,FALLBACK:AMBIGUOUS_NO_BRAND
120640,CRIANTE,MAYBE_PRODUCT,default_no_evidence,KEEP REVIEW,INSUFFICIENT_EVIDENCE,FALLBACK:AMBIGUOUS_NO_BRAND
120749,ZZZZZZ 6162,1,zzzzzz_ocr_placeholder,CANDIDATE FOR 1,NO_VOWEL_OCR_NOISE,FALLBACK:AMBIGUOUS_NO_BRAND
120750,ZZZZZZ 6163,1,zzzzzz_ocr_placeholder,CANDIDATE FOR 1,NO_VOWEL_OCR_NOISE,FALLBACK:AMBIGUOUS_NO_BRAND
120751,ZZZZZZ 6165,1,zzzzzz_ocr_placeholder,CANDIDATE FOR 1,NO_VOWEL_OCR_NOISE,FALLBACK:AMBIGUOUS_NO_BRAND
120752,NUCORN,MAYBE_PRODUCT,default_no_evidence,KEEP REVIEW,INSUFFICIENT_EVIDENCE,FALLBACK:AMBIGUOUS_NO_BRAND
120798,SHWEIZ,MAYBE_PRODUCT,default_no_evidence,KEEP REVIEW,INSUFFICIENT_EVIDENCE,FALLBACK:AMBIGUOUS_NO_BRAND
120829,XENNEA,MAYBE_PRODUCT,default_no_evidence,KEEP REVIEW,INSUFFICIENT_EVIDENCE,FALLBACK:AMBIGUOUS_NO_BRAND
120850,XENNEX,1,division_company_header,CANDIDATE FOR 1,COMPANY_DIVISION_PREFIX,FALLBACK:AMBIGUOUS_NO_BRAND
120898,ZZZZZZ 6164,1,zzzzzz_ocr_placeholder,CANDIDATE FOR 1,NO_VOWEL_OCR_NOISE,FALLBACK:AMBIGUOUS_NO_BRAND
120899,XENNEX,1,division_company_header,CANDIDATE FOR 1,COMPANY_DIVISION_PREFIX,FALLBACK:AMBIGUOUS_NO_BRAND
121034,EM NUCRON CV --,MAYBE_PRODUCT,default_no_evidence,KEEP REVIEW,INSUFFICIENT_EVIDENCE,FALLBACK:AMBIGUOUS_NO_BRAND
121117,EM XENNEX --,MAYBE_PRODUCT,default_no_evidence,KEEP REVIEW,INSUFFICIENT_EVIDENCE,FALLBACK:AMBIGUOUS_NO_BRAND
121283,EM PHARMA NXT --,MAYBE_PRODUCT,default_no_evidence,CANDIDATE FOR 1,PHARMA_COMPANY_NAME,FALLBACK:AMBIGUOUS_NO_BRAND
121349,EM POVIZ --,MAYBE_PRODUCT,default_no_evidence,KEEP REVIEW,INSUFFICIENT_EVIDENCE,FALLBACK:AMBIGUOUS_NO_BRAND
121355,EM SANOFI CARD --,MAYBE_PRODUCT,default_no_evidence,KEEP REVIEW,INSUFFICIENT_EVIDENCE,GARBAGE:pattern_garbage
121391,EM SANOFI DIAB --,MAYBE_PRODUCT,default_no_evidence,KEEP REVIEW,INSUFFICIENT_EVIDENCE,GARBAGE:pattern_garbage
121406,AMRIL M 2,MAYBE_PRODUCT,default_no_evidence,KEEP REVIEW,INSUFFICIENT_EVIDENCE,FALLBACK:AMBIGUOUS_NO_BRAND
121408,AMRIL M2 FORT,MAYBE_PRODUCT,default_no_evidence,KEEP REVIEW,INSUFFICIENT_EVIDENCE,FALLBACK:AMBIGUOUS_NO_BRAND
121441,RECEIPT NO AMRIL M,MAYBE_PRODUCT,default_no_evidence,KEEP REVIEW,INSUFFICIENT_EVIDENCE,FALLBACK:AMBIGUOUS_NO_BRAND
121453,VYLDA100/5TABLET,MAYBE_PRODUCT,default_no_evidence,KEEP REVIEW,INSUFFICIENT_EVIDENCE,FALLBACK:AMBIGUOUS_NO_BRAND
121569,ORION,MAYBE_PRODUCT,default_no_evidence,KEEP REVIEW,INSUFFICIENT_EVIDENCE,FALLBACK:VERY_SHORT
121576,CHORO SHURE HP,MAYBE_PRODUCT,default_no_evidence,KEEP REVIEW,INSUFFICIENT_EVIDENCE,FALLBACK:AMBIGUOUS_NO_BRAND
121577,PHARMA NXT,1,division_company_header,CANDIDATE FOR 1,PHARMA_COMPANY_NAME,FALLBACK:AMBIGUOUS_NO_BRAND
121927,GALACTCAPSULES1/30C,MAYBE_PRODUCT,default_no_evidence,KEEP REVIEW,INSUFFICIENT_EVIDENCE,FALLBACK:AMBIGUOUS_NO_BRAND
121929,EMSTA50MG,MAYBE_PRODUCT,default_no_evidence,KEEP REVIEW,INSUFFICIENT_EVIDENCE,FALLBACK:AMBIGUOUS_NO_BRAND
121930,EMSITA100MG,MAYBE_PRODUCT,default_no_evidence,KEEP REVIEW,INSUFFICIENT_EVIDENCE,FALLBACK:AMBIGUOUS_NO_BRAND
121931,EMILDAPM10/1000,MAYBE_PRODUCT,default_no_evidence,KEEP REVIEW,INSUFFICIENT_EVIDENCE,FALLBACK:AMBIGUOUS_NO_BRAND
121935,EMILDAPTRIO,MAYBE_PRODUCT,default_no_evidence,KEEP REVIEW,INSUFFICIENT_EVIDENCE,FALLBACK:AMBIGUOUS_NO_BRAND
121936,EMILDAPTRIOFORTE,MAYBE_PRODUCT,default_no_evidence,KEEP REVIEW,INSUFFICIENT_EVIDENCE,FALLBACK:AMBIGUOUS_NO_BRAND
121943,PAUSE1000,MAYBE_PRODUCT,default_no_evidence,KEEP REVIEW,INSUFFICIENT_EVIDENCE,FALLBACK:AMBIGUOUS_NO_BRAND
121945,EMILDAPGM10/1/1000,MAYBE_PRODUCT,default_no_evidence,KEEP REVIEW,INSUFFICIENT_EVIDENCE,FALLBACK:AMBIGUOUS_NO_BRAND
121952,EXHEP60INJ,MAYBE_PRODUCT,default_no_evidence,KEEP REVIEW,INSUFFICIENT_EVIDENCE,FALLBACK:AMBIGUOUS_NO_BRAND
121955,TEMSANCT 6.25,MAYBE_PRODUCT,default_no_evidence,KEEP REVIEW,INSUFFICIENT_EVIDENCE,FALLBACK:AMBIGUOUS_NO_BRAND
121959,EMILDAPM10/500,MAYBE_PRODUCT,default_no_evidence,KEEP REVIEW,INSUFFICIENT_EVIDENCE,FALLBACK:AMBIGUOUS_NO_BRAND
121962,EMPRI10MG,MAYBE_PRODUCT,default_no_evidence,KEEP REVIEW,INSUFFICIENT_EVIDENCE,FALLBACK:AMBIGUOUS_NO_BRAND
121976,EMPRI25MGTAB,MAYBE_PRODUCT,default_no_evidence,KEEP REVIEW,INSUFFICIENT_EVIDENCE,FALLBACK:AMBIGUOUS_NO_BRAND
121986,EMVICURECAPS,MAYBE_PRODUCT,default_no_evidence,KEEP REVIEW,INSUFFICIENT_EVIDENCE,FALLBACK:AMBIGUOUS_NO_BRAND
122059,MONOHEM,MAYBE_PRODUCT,default_no_evidence,KEEP REVIEW,INSUFFICIENT_EVIDENCE,FALLBACK:AMBIGUOUS_NO_BRAND
122342,SAMTA ENTERPRISES MEDICAL,1,version_lag_already_caught,KEEP REVIEW,INSUFFICIENT_EVIDENCE,GARBAGE:pattern_garbage
122390,SAMTA ENTERPRISES MEDICAL,1,version_lag_already_caught,KEEP REVIEW,INSUFFICIENT_EVIDENCE,GARBAGE:pattern_garbage
122443,SAMTA ENTERPRISES MEDICAL,1,version_lag_already_caught,KEEP REVIEW,INSUFFICIENT_EVIDENCE,GARBAGE:pattern_garbage
122494,SAMTA ENTERPRISES MEDICAL,1,version_lag_already_caught,KEEP REVIEW,INSUFFICIENT_EVIDENCE,GARBAGE:pattern_garbage
122551,SAMTA ENTERPRISES MEDICAL,1,version_lag_already_caught,KEEP REVIEW,INSUFFICIENT_EVIDENCE,GARBAGE:pattern_garbage
122814,ZZZZZZ 6815,1,zzzzzz_ocr_placeholder,CANDIDATE FOR 1,NO_VOWEL_OCR_NOISE,FALLBACK:AMBIGUOUS_NO_BRAND
123156,LAZIDTAB,MAYBE_PRODUCT,default_no_evidence,KEEP REVIEW,INSUFFICIENT_EVIDENCE,FALLBACK:AMBIGUOUS_NO_BRAND
123167,VIROPILTABLET,MAYBE_PRODUCT,default_no_evidence,KEEP REVIEW,INSUFFICIENT_EVIDENCE,FALLBACK:AMBIGUOUS_NO_BRAND
124191,LUCO SKIN COMBO PACK,MAYBE_PRODUCT,default_no_evidence,KEEP REVIEW,INSUFFICIENT_EVIDENCE,FALLBACK:AMBIGUOUS_NO_BRAND
124863,PHARMED LIMITED,1,version_lag_already_caught,KEEP REVIEW,INSUFFICIENT_EVIDENCE,GARBAGE:pattern_garbage
124865,IMPROSYN,MAYBE_PRODUCT,default_no_evidence,KEEP REVIEW,INSUFFICIENT_EVIDENCE,FALLBACK:AMBIGUOUS_NO_BRAND
124866,Q GOLD 100,MAYBE_PRODUCT,default_no_evidence,KEEP REVIEW,INSUFFICIENT_EVIDENCE,FALLBACK:AMBIGUOUS_NO_BRAND
124867,PHARMED ACE,MAYBE_PRODUCT,default_no_evidence,CANDIDATE FOR 1,INVALIDATED_NO_PHARMA,FALLBACK:AMBIGUOUS_NO_BRAND
124870,CAL-123 TOTAL TAB,MAYBE_PRODUCT,default_no_evidence,CANDIDATE FOR 1,STRUCTURAL_KEYWORD,FALLBACK:STRUCTURAL_KW
124878,PHARMED LTD STOCK,MAYBE_PRODUCT,default_no_evidence,KEEP REVIEW,INSUFFICIENT_EVIDENCE,FALLBACK:AMBIGUOUS_NO_BRAND
124890,TENDOCARE FORT,MAYBE_PRODUCT,default_no_evidence,KEEP REVIEW,INSUFFICIENT_EVIDENCE,FALLBACK:AMBIGUOUS_NO_BRAND
124895,PHARMED MAGNUM,MAYBE_PRODUCT,default_no_evidence,KEEP REVIEW,INSUFFICIENT_EVIDENCE,FALLBACK:AMBIGUOUS_NO_BRAND
124897,ABSOLUT WOMAN,MAYBE_PRODUCT,default_no_evidence,KEEP REVIEW,INSUFFICIENT_EVIDENCE,FALLBACK:AMBIGUOUS_NO_BRAND
124901,MGD3 60K,MAYBE_PRODUCT,default_no_evidence,KEEP REVIEW,INSUFFICIENT_EVIDENCE,FALLBACK:AMBIGUOUS_NO_BRAND
124903,PHARMED STELLARSTELLAR,MAYBE_PRODUCT,default_no_evidence,KEEP REVIEW,INSUFFICIENT_EVIDENCE,FALLBACK:AMBIGUOUS_NO_BRAND
124904,QGOLD F,MAYBE_PRODUCT,default_no_evidence,KEEP REVIEW,INSUFFICIENT_EVIDENCE,FALLBACK:AMBIGUOUS_NO_BRAND
124905,PHARMED SYNERGY,MAYBE_PRODUCT,default_no_evidence,KEEP REVIEW,INSUFFICIENT_EVIDENCE,FALLBACK:AMBIGUOUS_NO_BRAND
124912,SYNERTAB,MAYBE_PRODUCT,default_no_evidence,KEEP REVIEW,INSUFFICIENT_EVIDENCE,FALLBACK:AMBIGUOUS_NO_BRAND
126591,FRISUM 10 10T,MAYBE_PRODUCT,default_no_evidence,KEEP REVIEW,INSUFFICIENT_EVIDENCE,FALLBACK:AMBIGUOUS_NO_BRAND
126670,METPURETEL 20 10T,MAYBE_PRODUCT,default_no_evidence,KEEP REVIEW,INSUFFICIENT_EVIDENCE,FALLBACK:AMBIGUOUS_NO_BRAND
126862,ZZZZZZ 6816,1,zzzzzz_ocr_placeholder,CANDIDATE FOR 1,NO_VOWEL_OCR_NOISE,FALLBACK:AMBIGUOUS_NO_BRAND
127523,Digital Purchase ERP Ordering Healthcare QRCode on bills for extra earnings Call MARG 9041666564,MAYBE_PRODUCT,default_no_evidence,CANDIDATE FOR 1,COMPANY_ENTITY,FALLBACK:PHARMA_ENTITY
128311,Digital Purchase ERP Ordering Healthcare QRCode on bills for extra earnings Call MARG 94254954958770712158,MAYBE_PRODUCT,default_no_evidence,CANDIDATE FOR 1,COMPANY_ENTITY,FALLBACK:PHARMA_ENTITY
128584,XENNEA,MAYBE_PRODUCT,default_no_evidence,KEEP REVIEW,INSUFFICIENT_EVIDENCE,FALLBACK:AMBIGUOUS_NO_BRAND
128601,XENNEX,1,division_company_header,CANDIDATE FOR 1,COMPANY_DIVISION_PREFIX,FALLBACK:AMBIGUOUS_NO_BRAND
128680,EMILPAD S10,MAYBE_PRODUCT,default_no_evidence,KEEP REVIEW,INSUFFICIENT_EVIDENCE,FALLBACK:AMBIGUOUS_NO_BRAND
128905,NIRMAL MEDICAL AGENCIES,1,version_lag_already_caught,KEEP REVIEW,INSUFFICIENT_EVIDENCE,GARBAGE:pattern_garbage
131366,SALE JULY,MAYBE_PRODUCT,default_no_evidence,KEEP REVIEW,INSUFFICIENT_EVIDENCE,FALLBACK:AMBIGUOUS_NO_BRAND
131743,CRIANTE DIVISION,MAYBE_PRODUCT,default_no_evidence,KEEP REVIEW,INSUFFICIENT_EVIDENCE,FALLBACK:STRUCTURAL_KW
131764,CRITI-CARE DIVISION,MAYBE_PRODUCT,default_no_evidence,KEEP REVIEW,INSUFFICIENT_EVIDENCE,FALLBACK:STRUCTURAL_KW
131802,NUCRON DIVISION,1,division_company_header,CANDIDATE FOR 1,COMPANY_DIVISION_PREFIX,FALLBACK:STRUCTURAL_KW
131906,SHWEIZ DIVISION,MAYBE_PRODUCT,default_no_evidence,KEEP REVIEW,INSUFFICIENT_EVIDENCE,FALLBACK:STRUCTURAL_KW
131912,SYNERGY DIVISION,MAYBE_PRODUCT,default_no_evidence,KEEP REVIEW,INSUFFICIENT_EVIDENCE,FALLBACK:STRUCTURAL_KW
131943,XENNEX DIVISION,1,division_company_header,CANDIDATE FOR 1,COMPANY_DIVISION_PREFIX,FALLBACK:STRUCTURAL_KW
132006,PEN 1,MAYBE_PRODUCT,default_no_evidence,KEEP REVIEW,INSUFFICIENT_EVIDENCE,FALLBACK:VERY_SHORT
132170,Totals 115409.00 37024.00 1500.24,1,financial_aggregate,KEEP REVIEW,INSUFFICIENT_EVIDENCE,FALLBACK:AMBIGUOUS_NO_BRAND
132348,PURC 1481 SALE 1483 STOCK 2519 LZSTK 829,MAYBE_PRODUCT,default_no_evidence,KEEP REVIEW,INSUFFICIENT_EVIDENCE,FALLBACK:AMBIGUOUS_NO_BRAND
132355,PURC 16930 SALE 44895 STOCK 32907,MAYBE_PRODUCT,default_no_evidence,KEEP REVIEW,INSUFFICIENT_EVIDENCE,FALLBACK:AMBIGUOUS_NO_BRAND
132374,PURC 54892 SALE 148893 STOCK 142731 LZSTK 6171,MAYBE_PRODUCT,default_no_evidence,KEEP REVIEW,INSUFFICIENT_EVIDENCE,FALLBACK:AMBIGUOUS_NO_BRAND
132378,PURC 0 SALE 0 STOCK 4800 STK120 4800 LZSTK 4800,MAYBE_PRODUCT,default_no_evidence,KEEP REVIEW,INSUFFICIENT_EVIDENCE,FALLBACK:AMBIGUOUS_NO_BRAND
132386,PURC 0 SALE 0 STOCK 0,MAYBE_PRODUCT,default_no_evidence,KEEP REVIEW,INSUFFICIENT_EVIDENCE,FALLBACK:AMBIGUOUS_NO_BRAND
132433,PURC 288231 SALE 419846 STOCK 202535 STK120 1083 LZSTK 5921,MAYBE_PRODUCT,default_no_evidence,KEEP REVIEW,INSUFFICIENT_EVIDENCE,FALLBACK:AMBIGUOUS_NO_BRAND
132460,PURC 100890 SALE 87376 STOCK 100345 STK120 12510 LZSTK 16867,MAYBE_PRODUCT,default_no_evidence,KEEP REVIEW,INSUFFICIENT_EVIDENCE,FALLBACK:AMBIGUOUS_NO_BRAND
132521,PURC 104501 SALE 149607 STOCK 127967 STK120 2538 LZSTK 1699,MAYBE_PRODUCT,default_no_evidence,KEEP REVIEW,INSUFFICIENT_EVIDENCE,FALLBACK:AMBIGUOUS_NO_BRAND
132552,PURC 26184 SALE 27852 STOCK 33536 STK120 11132 EXP6M 184 LZSTK 12915,MAYBE_PRODUCT,default_no_evidence,KEEP REVIEW,INSUFFICIENT_EVIDENCE,FALLBACK:AMBIGUOUS_NO_BRAND
132557,PURC 0 SALE 0 STOCK 0,MAYBE_PRODUCT,default_no_evidence,KEEP REVIEW,INSUFFICIENT_EVIDENCE,FALLBACK:AMBIGUOUS_NO_BRAND
132561,PURC 0 SALE 0 STOCK 0,MAYBE_PRODUCT,default_no_evidence,KEEP REVIEW,INSUFFICIENT_EVIDENCE,FALLBACK:AMBIGUOUS_NO_BRAND
132577,PURC 42838 SALE 47164 STOCK 68890 STK120 9770 LZSTK 18445,MAYBE_PRODUCT,default_no_evidence,KEEP REVIEW,INSUFFICIENT_EVIDENCE,FALLBACK:AMBIGUOUS_NO_BRAND
132578,PURC 635946 SALE 927115 STOCK 716231 STK120 41832 EXP6M 184 LZSTK 67648,MAYBE_PRODUCT,default_no_evidence,KEEP REVIEW,INSUFFICIENT_EVIDENCE,FALLBACK:AMBIGUOUS_NO_BRAND
132580,Report End 224 Records,MAYBE_PRODUCT,default_no_evidence,KEEP REVIEW,INSUFFICIENT_EVIDENCE,FALLBACK:AMBIGUOUS_NO_BRAND
132582,This is a computer-generated report that does not require a stamp orsignature,MAYBE_PRODUCT,default_no_evidence,KEEP REVIEW,INSUFFICIENT_EVIDENCE,FALLBACK:AMBIGUOUS_NO_BRAND
133951,M.M. K.ENTERPRISE,1,version_lag_already_caught,KEEP REVIEW,INSUFFICIENT_EVIDENCE,GARBAGE:pattern_garbage
133996,M.M. K.ENTERPRISE,1,version_lag_already_caught,KEEP REVIEW,INSUFFICIENT_EVIDENCE,GARBAGE:pattern_garbage
134046,M.M. K.ENTERPRISE,1,version_lag_already_caught,KEEP REVIEW,INSUFFICIENT_EVIDENCE,GARBAGE:pattern_garbage
134091,M.M. K.ENTERPRISE,1,version_lag_already_caught,KEEP REVIEW,INSUFFICIENT_EVIDENCE,GARBAGE:pattern_garbage
134137,M.M. K.ENTERPRISE,1,version_lag_already_caught,KEEP REVIEW,INSUFFICIENT_EVIDENCE,GARBAGE:pattern_garbage
134187,M.M. K.ENTERPRISE,1,version_lag_already_caught,KEEP REVIEW,INSUFFICIENT_EVIDENCE,GARBAGE:pattern_garbage
134208,ERP-to-ERP Order - LIVE Stocks/Deal MARG ERP NANO Rs.5400 Click Photo Import Bill Call 987430662389109245367980407887,MAYBE_PRODUCT,default_no_evidence,KEEP REVIEW,INSUFFICIENT_EVIDENCE,FALLBACK:AMBIGUOUS_NO_BRAND
134478,EIAB005535 43780EIAB006217 112793,MAYBE_PRODUCT,default_no_evidence,KEEP REVIEW,INSUFFICIENT_EVIDENCE,FALLBACK:AMBIGUOUS_NO_BRAND
134527,EIAB005535 43780EIAB006217 112793,MAYBE_PRODUCT,default_no_evidence,KEEP REVIEW,INSUFFICIENT_EVIDENCE,FALLBACK:AMBIGUOUS_NO_BRAND
134546,Totals 110196.00 94121.00 3556.10,1,financial_aggregate,KEEP REVIEW,INSUFFICIENT_EVIDENCE,FALLBACK:AMBIGUOUS_NO_BRAND
134570,Totals 186114.00 103159.00 6401.91,1,financial_aggregate,KEEP REVIEW,INSUFFICIENT_EVIDENCE,FALLBACK:AMBIGUOUS_NO_BRAND
134594,Totals 186114.00 103159.00 6401.91,1,financial_aggregate,KEEP REVIEW,INSUFFICIENT_EVIDENCE,FALLBACK:AMBIGUOUS_NO_BRAND
136617,DILUENT FOR CONSIUM100 1,MAYBE_PRODUCT,default_no_evidence,KEEP REVIEW,INSUFFICIENT_EVIDENCE,FALLBACK:AMBIGUOUS_NO_BRAND
137247,GINNOVA BIOPHARMACEUTICALS LTD. Total,1,division_company_header,CANDIDATE FOR 1,STRUCTURAL_KEYWORD,FALLBACK:STRUCTURAL_KW
137419,GENNOVA BIOPHARMACEUTICAL --,MAYBE_PRODUCT,default_no_evidence,CANDIDATE FOR 1,COMPANY_DIVISION_PREFIX,FALLBACK:AMBIGUOUS_NO_BRAND
138489,SALE JULY,MAYBE_PRODUCT,default_no_evidence,KEEP REVIEW,INSUFFICIENT_EVIDENCE,FALLBACK:AMBIGUOUS_NO_BRAND
138534,SALE JULY,MAYBE_PRODUCT,default_no_evidence,KEEP REVIEW,INSUFFICIENT_EVIDENCE,FALLBACK:AMBIGUOUS_NO_BRAND
138543,SALE JULY,MAYBE_PRODUCT,default_no_evidence,KEEP REVIEW,INSUFFICIENT_EVIDENCE,FALLBACK:AMBIGUOUS_NO_BRAND
140762,Results are Based On 21-08-2026,MAYBE_PRODUCT,default_no_evidence,KEEP REVIEW,INSUFFICIENT_EVIDENCE,FALLBACK:AMBIGUOUS_NO_BRAND
143303,EXHEP60,MAYBE_PRODUCT,default_no_evidence,KEEP REVIEW,INSUFFICIENT_EVIDENCE,FALLBACK:AMBIGUOUS_NO_BRAND
143620,Digital Purchase ERP Ordering Healthcare QRCode on bills for extra earnings Call MARG 99022215607996959663,MAYBE_PRODUCT,default_no_evidence,CANDIDATE FOR 1,COMPANY_ENTITY,FALLBACK:PHARMA_ENTITY
144458,STANDERD,MAYBE_PRODUCT,default_no_evidence,KEEP REVIEW,INSUFFICIENT_EVIDENCE,FALLBACK:AMBIGUOUS_NO_BRAND
144486,GENERIC,MAYBE_PRODUCT,default_no_evidence,KEEP REVIEW,INSUFFICIENT_EVIDENCE,FALLBACK:AMBIGUOUS_NO_BRAND
144490,STANDERD,MAYBE_PRODUCT,default_no_evidence,KEEP REVIEW,INSUFFICIENT_EVIDENCE,FALLBACK:AMBIGUOUS_NO_BRAND
144551,STANDERD,MAYBE_PRODUCT,default_no_evidence,KEEP REVIEW,INSUFFICIENT_EVIDENCE,FALLBACK:AMBIGUOUS_NO_BRAND
144579,GENERIC,MAYBE_PRODUCT,default_no_evidence,KEEP REVIEW,INSUFFICIENT_EVIDENCE,FALLBACK:AMBIGUOUS_NO_BRAND
144583,STANDERD,MAYBE_PRODUCT,default_no_evidence,KEEP REVIEW,INSUFFICIENT_EVIDENCE,FALLBACK:AMBIGUOUS_NO_BRAND
144854,CV-DIVISON,MAYBE_PRODUCT,default_no_evidence,KEEP REVIEW,INSUFFICIENT_EVIDENCE,FALLBACK:AMBIGUOUS_NO_BRAND
144900,INVENTIA,1,division_company_header,CANDIDATE FOR 1,COMPANY_DIVISION_PREFIX,FALLBACK:AMBIGUOUS_NO_BRAND
144905,NUCRON,1,division_company_header,CANDIDATE FOR 1,COMPANY_DIVISION_PREFIX,FALLBACK:AMBIGUOUS_NO_BRAND
144917,NUSURGE,1,division_company_header,CANDIDATE FOR 1,COMPANY_DIVISION_PREFIX,FALLBACK:AMBIGUOUS_NO_BRAND
144919,ORION,MAYBE_PRODUCT,default_no_evidence,KEEP REVIEW,INSUFFICIENT_EVIDENCE,FALLBACK:VERY_SHORT
144929,PHARMA NEXT,MAYBE_PRODUCT,default_no_evidence,CANDIDATE FOR 1,PHARMA_COMPANY_NAME,FALLBACK:AMBIGUOUS_NO_BRAND
144943,XENNEX,1,division_company_header,CANDIDATE FOR 1,COMPANY_DIVISION_PREFIX,FALLBACK:AMBIGUOUS_NO_BRAND
145071,INBEC30 1X30TAB,MAYBE_PRODUCT,default_no_evidence,KEEP REVIEW,INSUFFICIENT_EVIDENCE,FALLBACK:AMBIGUOUS_NO_BRAND
145072,INSTGRA30 1X30TAB,MAYBE_PRODUCT,default_no_evidence,KEEP REVIEW,INSUFFICIENT_EVIDENCE,FALLBACK:AMBIGUOUS_NO_BRAND
145079,SPEGRA90 1X90TABS,MAYBE_PRODUCT,default_no_evidence,KEEP REVIEW,INSUFFICIENT_EVIDENCE,FALLBACK:AMBIGUOUS_NO_BRAND
146015,O.B.,MAYBE_PRODUCT,default_no_evidence,CANDIDATE FOR 1,SHORT_TEXT,FALLBACK:VERY_SHORT
146030,O.B.,MAYBE_PRODUCT,default_no_evidence,CANDIDATE FOR 1,SHORT_TEXT,FALLBACK:VERY_SHORT
146035,O.B.,MAYBE_PRODUCT,default_no_evidence,CANDIDATE FOR 1,SHORT_TEXT,FALLBACK:VERY_SHORT
146400,E-TEL4010X10,MAYBE_PRODUCT,default_no_evidence,KEEP REVIEW,INSUFFICIENT_EVIDENCE,FALLBACK:AMBIGUOUS_NO_BRAND
146408,FITJOINT10X1010,MAYBE_PRODUCT,default_no_evidence,KEEP REVIEW,INSUFFICIENT_EVIDENCE,FALLBACK:AMBIGUOUS_NO_BRAND
146564,NUCRON,1,division_company_header,CANDIDATE FOR 1,COMPANY_DIVISION_PREFIX,FALLBACK:AMBIGUOUS_NO_BRAND
147093,Brought Forward,MAYBE_PRODUCT,default_no_evidence,KEEP REVIEW,INSUFFICIENT_EVIDENCE,FALLBACK:AMBIGUOUS_NO_BRAND
147718,PURC 981832 SALE 1631717 STOCK 582795 STK120 50252 EXP3M 494 EXP6M 19596 LZSTK 72668,MAYBE_PRODUCT,default_no_evidence,KEEP REVIEW,INSUFFICIENT_EVIDENCE,FALLBACK:AMBIGUOUS_NO_BRAND
147720,Prepared by S.P. Singh on 01-Sep-2026 1222 From System Admin-Pc,MAYBE_PRODUCT,default_no_evidence,KEEP REVIEW,INSUFFICIENT_EVIDENCE,FALLBACK:AMBIGUOUS_NO_BRAND
147721,This is a Computer Generated Report Which Does Not Require Stamp or Signature,MAYBE_PRODUCT,default_no_evidence,KEEP REVIEW,INSUFFICIENT_EVIDENCE,FALLBACK:AMBIGUOUS_NO_BRAND
147899,METPUREXL50 10,MAYBE_PRODUCT,default_no_evidence,KEEP REVIEW,INSUFFICIENT_EVIDENCE,FALLBACK:AMBIGUOUS_NO_BRAND
148522,Digital Purchase ERP Ordering Healthcare QRCode on bills for extra earnings Call MARG 639993024673020677029837030246,MAYBE_PRODUCT,default_no_evidence,CANDIDATE FOR 1,COMPANY_ENTITY,FALLBACK:PHARMA_ENTITY
148799,M.R.MEDICALS,MAYBE_PRODUCT,default_no_evidence,KEEP REVIEW,INSUFFICIENT_EVIDENCE,FALLBACK:AMBIGUOUS_NO_BRAND
148811,Digital Purchase ERP Ordering Healthcare QRCode on bills for extra earnings Call MARG 7007205665,MAYBE_PRODUCT,default_no_evidence,CANDIDATE FOR 1,COMPANY_ENTITY,FALLBACK:PHARMA_ENTITY
148812,E-INFIUS,MAYBE_PRODUCT,default_no_evidence,KEEP REVIEW,INSUFFICIENT_EVIDENCE,FALLBACK:AMBIGUOUS_NO_BRAND
148863,E-INVENTIA,MAYBE_PRODUCT,default_no_evidence,KEEP REVIEW,INSUFFICIENT_EVIDENCE,FALLBACK:AMBIGUOUS_NO_BRAND
148867,E-NUCRON,MAYBE_PRODUCT,default_no_evidence,KEEP REVIEW,INSUFFICIENT_EVIDENCE,FALLBACK:AMBIGUOUS_NO_BRAND
148888,E-NUSURGE,MAYBE_PRODUCT,default_no_evidence,KEEP REVIEW,INSUFFICIENT_EVIDENCE,FALLBACK:AMBIGUOUS_NO_BRAND
148890,E-VERTEX,MAYBE_PRODUCT,default_no_evidence,KEEP REVIEW,INSUFFICIENT_EVIDENCE,FALLBACK:AMBIGUOUS_NO_BRAND
149294,MNEM1GM,MAYBE_PRODUCT,default_no_evidence,KEEP REVIEW,INSUFFICIENT_EVIDENCE,FALLBACK:AMBIGUOUS_NO_BRAND
149518,EMNU11 10,MAYBE_PRODUCT,default_no_evidence,KEEP REVIEW,INSUFFICIENT_EVIDENCE,FALLBACK:AMBIGUOUS_NO_BRAND
150333,Digital Purchase ERP Ordering Healthcare QRCode on bills for extra earnings Call MARG 903238601194944747329985077399,MAYBE_PRODUCT,default_no_evidence,CANDIDATE FOR 1,COMPANY_ENTITY,FALLBACK:PHARMA_ENTITY
150724,GINPHEN --,MAYBE_PRODUCT,default_no_evidence,KEEP REVIEW,INSUFFICIENT_EVIDENCE,FALLBACK:AMBIGUOUS_NO_BRAND
150749,LYSIL 5X5CM --,MAYBE_PRODUCT,default_no_evidence,KEEP REVIEW,INSUFFICIENT_EVIDENCE,FALLBACK:AMBIGUOUS_NO_BRAND
150847,SYBOGRAF-C 0.5GMS --,MAYBE_PRODUCT,default_no_evidence,KEEP REVIEW,INSUFFICIENT_EVIDENCE,FALLBACK:AMBIGUOUS_NO_BRAND
150848,SYBOGRAF-GBR-25X30MM --,MAYBE_PRODUCT,default_no_evidence,KEEP REVIEW,INSUFFICIENT_EVIDENCE,FALLBACK:AMBIGUOUS_NO_BRAND
150849,SYBOGRAF-PLUG 25XDIA 8MM,MAYBE_PRODUCT,default_no_evidence,KEEP REVIEW,INSUFFICIENT_EVIDENCE,FALLBACK:AMBIGUOUS_NO_BRAND
150890,Purchase Value 0.00 Pur. Return Value,1,financial_aggregate,CANDIDATE FOR 1,STRUCTURAL_KEYWORD,FALLBACK:STRUCTURAL_KW
151855,VALUE OF OPENING STOCK AS ON -,1,structural_garbage,CANDIDATE FOR 1,STRUCTURAL_KEYWORD,FALLBACK:AMBIGUOUS_NO_BRAND
151856,VALUE OF STOCK RECEIPT -,MAYBE_PRODUCT,default_no_evidence,KEEP REVIEW,INSUFFICIENT_EVIDENCE,FALLBACK:AMBIGUOUS_NO_BRAND
151859,VALUE OF ORDER QTY -,MAYBE_PRODUCT,default_no_evidence,KEEP REVIEW,INSUFFICIENT_EVIDENCE,FALLBACK:AMBIGUOUS_NO_BRAND
151860,VALUE OF FREE QTY PURCHASE -,MAYBE_PRODUCT,default_no_evidence,KEEP REVIEW,INSUFFICIENT_EVIDENCE,FALLBACK:STRUCTURAL_KW
151861,VALUE OF FREE QTY SALE -,MAYBE_PRODUCT,default_no_evidence,KEEP REVIEW,INSUFFICIENT_EVIDENCE,FALLBACK:AMBIGUOUS_NO_BRAND
151863,Op. Stock Purch,MAYBE_PRODUCT,default_no_evidence,KEEP REVIEW,INSUFFICIENT_EVIDENCE,FALLBACK:AMBIGUOUS_NO_BRAND
151944,VALUE OF OPENING STOCK AS ON -,1,structural_garbage,CANDIDATE FOR 1,STRUCTURAL_KEYWORD,FALLBACK:AMBIGUOUS_NO_BRAND
151945,VALUE OF STOCK RECEIPT -,MAYBE_PRODUCT,default_no_evidence,KEEP REVIEW,INSUFFICIENT_EVIDENCE,FALLBACK:AMBIGUOUS_NO_BRAND
151948,VALUE OF ORDER QTY -,MAYBE_PRODUCT,default_no_evidence,KEEP REVIEW,INSUFFICIENT_EVIDENCE,FALLBACK:AMBIGUOUS_NO_BRAND
151949,VALUE OF FREE QTY PURCHASE -,MAYBE_PRODUCT,default_no_evidence,KEEP REVIEW,INSUFFICIENT_EVIDENCE,FALLBACK:STRUCTURAL_KW
151950,VALUE OF FREE QTY SALE -,MAYBE_PRODUCT,default_no_evidence,KEEP REVIEW,INSUFFICIENT_EVIDENCE,FALLBACK:AMBIGUOUS_NO_BRAND
151963,Desc : Stock Register For Regular Items,MAYBE_PRODUCT,default_no_evidence,KEEP REVIEW,INSUFFICIENT_EVIDENCE,FALLBACK:AMBIGUOUS_NO_BRAND
151982,Total Of EMC 1,1,financial_aggregate,CANDIDATE FOR 1,STRUCTURAL_KEYWORD,FALLBACK:STRUCTURAL_KW
151984,VALUE OF OPENING STOCK AS ON,1,structural_garbage,CANDIDATE FOR 1,STRUCTURAL_KEYWORD,FALLBACK:AMBIGUOUS_NO_BRAND
151985,VALUE OF STOCK RECEIPT,MAYBE_PRODUCT,default_no_evidence,KEEP REVIEW,INSUFFICIENT_EVIDENCE,FALLBACK:AMBIGUOUS_NO_BRAND
151988,VALUE OF ORDER QTY,MAYBE_PRODUCT,default_no_evidence,KEEP REVIEW,INSUFFICIENT_EVIDENCE,FALLBACK:AMBIGUOUS_NO_BRAND
151989,VALUE OF FREE QTY PURCHASE,MAYBE_PRODUCT,default_no_evidence,KEEP REVIEW,INSUFFICIENT_EVIDENCE,FALLBACK:STRUCTURAL_KW
151990,VALUE OF FREE QTY SALE,MAYBE_PRODUCT,default_no_evidence,KEEP REVIEW,INSUFFICIENT_EVIDENCE,FALLBACK:AMBIGUOUS_NO_BRAND
152139,Total Of EMC 8 -,1,financial_aggregate,CANDIDATE FOR 1,STRUCTURAL_KEYWORD,FALLBACK:STRUCTURAL_KW
152159,VALUE OF FREE QTY PURCHASE -,MAYBE_PRODUCT,default_no_evidence,KEEP REVIEW,INSUFFICIENT_EVIDENCE,FALLBACK:STRUCTURAL_KW
152173,VALUE OF OPENING STOCK AS ON -,1,structural_garbage,CANDIDATE FOR 1,STRUCTURAL_KEYWORD,FALLBACK:AMBIGUOUS_NO_BRAND
152174,VALUE OF STOCK RECEIPT -,MAYBE_PRODUCT,default_no_evidence,KEEP REVIEW,INSUFFICIENT_EVIDENCE,FALLBACK:AMBIGUOUS_NO_BRAND
152177,VALUE OF ORDER QTY -,MAYBE_PRODUCT,default_no_evidence,KEEP REVIEW,INSUFFICIENT_EVIDENCE,FALLBACK:AMBIGUOUS_NO_BRAND
152178,VALUE OF FREE QTY PURCHASE -,MAYBE_PRODUCT,default_no_evidence,KEEP REVIEW,INSUFFICIENT_EVIDENCE,FALLBACK:STRUCTURAL_KW
152179,VALUE OF FREE QTY SALE -,MAYBE_PRODUCT,default_no_evidence,KEEP REVIEW,INSUFFICIENT_EVIDENCE,FALLBACK:AMBIGUOUS_NO_BRAND
152296,Desc : Stock Register For Regular Items,MAYBE_PRODUCT,default_no_evidence,KEEP REVIEW,INSUFFICIENT_EVIDENCE,FALLBACK:AMBIGUOUS_NO_BRAND
152321,VALUE OF OPENING STOCK AS ON,1,structural_garbage,CANDIDATE FOR 1,STRUCTURAL_KEYWORD,FALLBACK:AMBIGUOUS_NO_BRAND
152322,VALUE OF STOCK RECEIPT,MAYBE_PRODUCT,default_no_evidence,KEEP REVIEW,INSUFFICIENT_EVIDENCE,FALLBACK:AMBIGUOUS_NO_BRAND
152325,VALUE OF ORDER QTY,MAYBE_PRODUCT,default_no_evidence,KEEP REVIEW,INSUFFICIENT_EVIDENCE,FALLBACK:AMBIGUOUS_NO_BRAND
152326,VALUE OF FREE QTY PURCHASE,MAYBE_PRODUCT,default_no_evidence,KEEP REVIEW,INSUFFICIENT_EVIDENCE,FALLBACK:STRUCTURAL_KW
152327,VALUE OF FREE QTY SALE,MAYBE_PRODUCT,default_no_evidence,KEEP REVIEW,INSUFFICIENT_EVIDENCE,FALLBACK:AMBIGUOUS_NO_BRAND
152723,ENCICARB250,MAYBE_PRODUCT,default_no_evidence,KEEP REVIEW,INSUFFICIENT_EVIDENCE,FALLBACK:AMBIGUOUS_NO_BRAND
152968,SPORIT GG 1*10SACH,MAYBE_PRODUCT,default_no_evidence,KEEP REVIEW,INSUFFICIENT_EVIDENCE,FALLBACK:AMBIGUOUS_NO_BRAND
153801,RETN [2] ISSUE [5],MAYBE_PRODUCT,default_no_evidence,KEEP REVIEW,INSUFFICIENT_EVIDENCE,FALLBACK:AMBIGUOUS_NO_BRAND
153853,RETN [2] PURCHS [3],MAYBE_PRODUCT,default_no_evidence,KEEP REVIEW,INSUFFICIENT_EVIDENCE,FALLBACK:AMBIGUOUS_NO_BRAND
153862,TAL VALUE --,MAYBE_PRODUCT,default_no_evidence,KEEP REVIEW,INSUFFICIENT_EVIDENCE,FALLBACK:AMBIGUOUS_NO_BRAND
153864,RETN [2] PURCHS [3],MAYBE_PRODUCT,default_no_evidence,KEEP REVIEW,INSUFFICIENT_EVIDENCE,FALLBACK:AMBIGUOUS_NO_BRAND
153921,RETN [2] PURCHS [3],MAYBE_PRODUCT,default_no_evidence,KEEP REVIEW,INSUFFICIENT_EVIDENCE,FALLBACK:AMBIGUOUS_NO_BRAND
153940,RETN [2] PURCHS [3],MAYBE_PRODUCT,default_no_evidence,KEEP REVIEW,INSUFFICIENT_EVIDENCE,FALLBACK:AMBIGUOUS_NO_BRAND
153953,TAL VALUE --,MAYBE_PRODUCT,default_no_evidence,KEEP REVIEW,INSUFFICIENT_EVIDENCE,FALLBACK:AMBIGUOUS_NO_BRAND
153955,RETN [2] PURCHS [3],MAYBE_PRODUCT,default_no_evidence,KEEP REVIEW,INSUFFICIENT_EVIDENCE,FALLBACK:AMBIGUOUS_NO_BRAND
153990,TAL VALUE --,MAYBE_PRODUCT,default_no_evidence,KEEP REVIEW,INSUFFICIENT_EVIDENCE,FALLBACK:AMBIGUOUS_NO_BRAND
153992,RETN [2] PURCHS [3],MAYBE_PRODUCT,default_no_evidence,KEEP REVIEW,INSUFFICIENT_EVIDENCE,FALLBACK:AMBIGUOUS_NO_BRAND
154035,TAL VALUE --,MAYBE_PRODUCT,default_no_evidence,KEEP REVIEW,INSUFFICIENT_EVIDENCE,FALLBACK:AMBIGUOUS_NO_BRAND
154037,RETN [2] PURCHS [3],MAYBE_PRODUCT,default_no_evidence,KEEP REVIEW,INSUFFICIENT_EVIDENCE,FALLBACK:AMBIGUOUS_NO_BRAND
154083,TAL VALUE --,MAYBE_PRODUCT,default_no_evidence,KEEP REVIEW,INSUFFICIENT_EVIDENCE,FALLBACK:AMBIGUOUS_NO_BRAND
154565,GENNOVA BIOPHARMACEUTICALS GENNOVA BIOPHARMACEUTICALS,MAYBE_PRODUCT,default_no_evidence,CANDIDATE FOR 1,COMPANY_DIVISION_PREFIX,FALLBACK:AMBIGUOUS_NO_BRAND
155331,KOLLAGEN-M 10X25CM,MAYBE_PRODUCT,default_no_evidence,KEEP REVIEW,INSUFFICIENT_EVIDENCE,FALLBACK:AMBIGUOUS_NO_BRAND
155354,PREGANCY TEST STRIPS 1,MAYBE_PRODUCT,default_no_evidence,KEEP REVIEW,INSUFFICIENT_EVIDENCE,FALLBACK:AMBIGUOUS_NO_BRAND
155372,Itemname Batch,MAYBE_PRODUCT,default_no_evidence,KEEP REVIEW,INSUFFICIENT_EVIDENCE,FALLBACK:AMBIGUOUS_NO_BRAND
155882,Import Purchase ONLINE No Manual Entry MARG ERP Rs.5550 StocksAccountsGST Call 953889711208532225669,MAYBE_PRODUCT,default_no_evidence,KEEP REVIEW,INSUFFICIENT_EVIDENCE,FALLBACK:STRUCTURAL_KW
155921,Import Purchase ONLINE No Manual Entry MARG ERP Rs.5550 StocksAccountsGST Call 953889711208532225669,MAYBE_PRODUCT,default_no_evidence,KEEP REVIEW,INSUFFICIENT_EVIDENCE,FALLBACK:STRUCTURAL_KW
156345,VELIX30 1 vail,MAYBE_PRODUCT,default_no_evidence,KEEP REVIEW,INSUFFICIENT_EVIDENCE,FALLBACK:AMBIGUOUS_NO_BRAND
156374,VINTOR4000VIAL 1,MAYBE_PRODUCT,default_no_evidence,KEEP REVIEW,INSUFFICIENT_EVIDENCE,FALLBACK:AMBIGUOUS_NO_BRAND
156807,VALUE in 000s,MAYBE_PRODUCT,default_no_evidence,KEEP REVIEW,INSUFFICIENT_EVIDENCE,FALLBACK:AMBIGUOUS_NO_BRAND
156818,VALUE in 000s,MAYBE_PRODUCT,default_no_evidence,KEEP REVIEW,INSUFFICIENT_EVIDENCE,FALLBACK:AMBIGUOUS_NO_BRAND
156826,VALUE in 000s,MAYBE_PRODUCT,default_no_evidence,KEEP REVIEW,INSUFFICIENT_EVIDENCE,FALLBACK:AMBIGUOUS_NO_BRAND
156847,VALUE in 000s,MAYBE_PRODUCT,default_no_evidence,KEEP REVIEW,INSUFFICIENT_EVIDENCE,FALLBACK:AMBIGUOUS_NO_BRAND
156862,VALUE in 000s,MAYBE_PRODUCT,default_no_evidence,KEEP REVIEW,INSUFFICIENT_EVIDENCE,FALLBACK:AMBIGUOUS_NO_BRAND
156866,VALUE in 000s,MAYBE_PRODUCT,default_no_evidence,KEEP REVIEW,INSUFFICIENT_EVIDENCE,FALLBACK:AMBIGUOUS_NO_BRAND
156878,VALUE in 000s,MAYBE_PRODUCT,default_no_evidence,KEEP REVIEW,INSUFFICIENT_EVIDENCE,FALLBACK:AMBIGUOUS_NO_BRAND
156882,VALUE in 000s,MAYBE_PRODUCT,default_no_evidence,KEEP REVIEW,INSUFFICIENT_EVIDENCE,FALLBACK:AMBIGUOUS_NO_BRAND
156913,VALUE in 000s,MAYBE_PRODUCT,default_no_evidence,KEEP REVIEW,INSUFFICIENT_EVIDENCE,FALLBACK:AMBIGUOUS_NO_BRAND
156942,VALUE in 000s,MAYBE_PRODUCT,default_no_evidence,KEEP REVIEW,INSUFFICIENT_EVIDENCE,FALLBACK:AMBIGUOUS_NO_BRAND
157046,POSMEAL MD 0.3 10,MAYBE_PRODUCT,default_no_evidence,KEEP REVIEW,INSUFFICIENT_EVIDENCE,FALLBACK:AMBIGUOUS_NO_BRAND
157704,ROSUVAS 20 10,MAYBE_PRODUCT,default_no_evidence,KEEP REVIEW,INSUFFICIENT_EVIDENCE,FALLBACK:AMBIGUOUS_NO_BRAND
157882,SUDARSHAN MEDICO,1,version_lag_already_caught,CANDIDATE FOR 1,PHARMA_COMPANY_NAME,GARBAGE:pattern_garbage
159712,AVENTIS CARDIO,MAYBE_PRODUCT,default_no_evidence,CANDIDATE FOR 1,COMPANY_DIVISION_PREFIX,FALLBACK:AMBIGUOUS_NO_BRAND
159752,AVENTIS PHARMA LTD,1,version_lag_already_caught,CANDIDATE FOR 1,COMPANY_DIVISION_PREFIX,GARBAGE:pattern_garbage
159789,TOUSTAR PEN 1,MAYBE_PRODUCT,default_no_evidence,KEEP REVIEW,INSUFFICIENT_EVIDENCE,FALLBACK:AMBIGUOUS_NO_BRAND
160219,ALLSTAR REUSABLE PEN,MAYBE_PRODUCT,default_no_evidence,KEEP REVIEW,INSUFFICIENT_EVIDENCE,FALLBACK:AMBIGUOUS_NO_BRAND
160251,FRISUM JR,MAYBE_PRODUCT,default_no_evidence,KEEP REVIEW,INSUFFICIENT_EVIDENCE,FALLBACK:AMBIGUOUS_NO_BRAND
160253,INSUMAN 25/75 CATRIDGE,MAYBE_PRODUCT,default_no_evidence,KEEP REVIEW,INSUFFICIENT_EVIDENCE,FALLBACK:AMBIGUOUS_NO_BRAND
160257,INSUMAN RAPID CAT,MAYBE_PRODUCT,default_no_evidence,KEEP REVIEW,INSUFFICIENT_EVIDENCE,FALLBACK:AMBIGUOUS_NO_BRAND
160263,NOVALGIN 20X10TAB,MAYBE_PRODUCT,default_no_evidence,KEEP REVIEW,INSUFFICIENT_EVIDENCE,FALLBACK:AMBIGUOUS_NO_BRAND
160276,TARIVID IV,MAYBE_PRODUCT,default_no_evidence,KEEP REVIEW,INSUFFICIENT_EVIDENCE,FALLBACK:AMBIGUOUS_NO_BRAND
160278,TAVANIC I.V,MAYBE_PRODUCT,default_no_evidence,KEEP REVIEW,INSUFFICIENT_EVIDENCE,FALLBACK:AMBIGUOUS_NO_BRAND
160282,ST Value,MAYBE_PRODUCT,default_no_evidence,KEEP REVIEW,INSUFFICIENT_EVIDENCE,FALLBACK:AMBIGUOUS_NO_BRAND
160283,Sale Return Value,MAYBE_PRODUCT,default_no_evidence,KEEP REVIEW,INSUFFICIENT_EVIDENCE,FALLBACK:AMBIGUOUS_NO_BRAND
160322,ST Value,MAYBE_PRODUCT,default_no_evidence,KEEP REVIEW,INSUFFICIENT_EVIDENCE,FALLBACK:AMBIGUOUS_NO_BRAND
160323,Sale Return Value,MAYBE_PRODUCT,default_no_evidence,KEEP REVIEW,INSUFFICIENT_EVIDENCE,FALLBACK:AMBIGUOUS_NO_BRAND
160853,EMCUTIX,1,division_company_header,CANDIDATE FOR 1,COMPANY_DIVISION_PREFIX,FALLBACK:AMBIGUOUS_NO_BRAND
160888,ZZZFLAWLIZO ACNE SPOT CORR GST,MAYBE_PRODUCT,default_no_evidence,KEEP REVIEW,INSUFFICIENT_EVIDENCE,FALLBACK:AMBIGUOUS_NO_BRAND
161358,GLYCIRNOM TOTAL 30 TAB 10 TAB,MAYBE_PRODUCT,default_no_evidence,CANDIDATE FOR 1,STRUCTURAL_KEYWORD,FALLBACK:STRUCTURAL_KW
161547,Tot purc value 280572.00,MAYBE_PRODUCT,default_no_evidence,KEEP REVIEW,INSUFFICIENT_EVIDENCE,FALLBACK:AMBIGUOUS_NO_BRAND
162140,MG0017,MAYBE_PRODUCT,default_no_evidence,KEEP REVIEW,INSUFFICIENT_EVIDENCE,FALLBACK:AMBIGUOUS_NO_BRAND
162189,MG0017,MAYBE_PRODUCT,default_no_evidence,KEEP REVIEW,INSUFFICIENT_EVIDENCE,FALLBACK:AMBIGUOUS_NO_BRAND
162223,MG0017,MAYBE_PRODUCT,default_no_evidence,KEEP REVIEW,INSUFFICIENT_EVIDENCE,FALLBACK:AMBIGUOUS_NO_BRAND
162840,LIQUID SANITIZER (SANOFI) 1PC,MAYBE_PRODUCT,default_no_evidence,KEEP REVIEW,INSUFFICIENT_EVIDENCE,GARBAGE:pattern_garbage
162849,ZEMIGLO 50 2X14TAB,MAYBE_PRODUCT,default_no_evidence,KEEP REVIEW,INSUFFICIENT_EVIDENCE,FALLBACK:AMBIGUOUS_NO_BRAND
163753,CARD METO 2.5/25 10;S,MAYBE_PRODUCT,default_no_evidence,KEEP REVIEW,INSUFFICIENT_EVIDENCE,FALLBACK:AMBIGUOUS_NO_BRAND
163754,CARD METO 5/50 10;S,MAYBE_PRODUCT,default_no_evidence,KEEP REVIEW,INSUFFICIENT_EVIDENCE,FALLBACK:AMBIGUOUS_NO_BRAND
163855,Digital Purchase ERP Ordering Healthcare QRCode on bills for extra earnings Call MARG 82828932328282893232,MAYBE_PRODUCT,default_no_evidence,CANDIDATE FOR 1,COMPANY_ENTITY,FALLBACK:PHARMA_ENTITY
164773,LASIX40mg,MAYBE_PRODUCT,default_no_evidence,KEEP REVIEW,INSUFFICIENT_EVIDENCE,FALLBACK:AMBIGUOUS_NO_BRAND
164914,ALLSTAR REUSABLE PE 1,MAYBE_PRODUCT,default_no_evidence,KEEP REVIEW,INSUFFICIENT_EVIDENCE,FALLBACK:AMBIGUOUS_NO_BRAND
164929,ZEMIGLO 50MG2 14,MAYBE_PRODUCT,default_no_evidence,KEEP REVIEW,INSUFFICIENT_EVIDENCE,FALLBACK:AMBIGUOUS_NO_BRAND
166240,Batch 5NG010 Stock : 58,MAYBE_PRODUCT,default_no_evidence,KEEP REVIEW,INSUFFICIENT_EVIDENCE,FALLBACK:AMBIGUOUS_NO_BRAND
166346,GENNOVA BIOPHARMACEUTICAL --,MAYBE_PRODUCT,default_no_evidence,CANDIDATE FOR 1,COMPANY_DIVISION_PREFIX,FALLBACK:AMBIGUOUS_NO_BRAND
167539,BRIVALINE 50 10,MAYBE_PRODUCT,default_no_evidence,KEEP REVIEW,INSUFFICIENT_EVIDENCE,FALLBACK:AMBIGUOUS_NO_BRAND
167604,BRIVALINE 50 10,MAYBE_PRODUCT,default_no_evidence,KEEP REVIEW,INSUFFICIENT_EVIDENCE,FALLBACK:AMBIGUOUS_NO_BRAND
167633,Pur.Value 44232.05 Pre.Value 0.00 Qoh.Value 75220.81,MAYBE_PRODUCT,default_no_evidence,KEEP REVIEW,INSUFFICIENT_EVIDENCE,FALLBACK:AMBIGUOUS_NO_BRAND
167668,LIQUID BASED HAND SANITIZ,MAYBE_PRODUCT,default_no_evidence,KEEP REVIEW,INSUFFICIENT_EVIDENCE,FALLBACK:AMBIGUOUS_NO_BRAND
167693,OP.Value 198531.40,MAYBE_PRODUCT,default_no_evidence,KEEP REVIEW,INSUFFICIENT_EVIDENCE,FALLBACK:AMBIGUOUS_NO_BRAND
167694,Pur.Value 0.00,MAYBE_PRODUCT,default_no_evidence,KEEP REVIEW,INSUFFICIENT_EVIDENCE,FALLBACK:AMBIGUOUS_NO_BRAND
167710,OP.Value 16990.50,MAYBE_PRODUCT,default_no_evidence,KEEP REVIEW,INSUFFICIENT_EVIDENCE,FALLBACK:AMBIGUOUS_NO_BRAND
167711,Pur.Value 0.00,MAYBE_PRODUCT,default_no_evidence,KEEP REVIEW,INSUFFICIENT_EVIDENCE,FALLBACK:AMBIGUOUS_NO_BRAND
168004,Digital Purchase ERP Ordering Healthcare QRCode on bills for extra earnings Call MARG 62615848210731424945607312701609,MAYBE_PRODUCT,default_no_evidence,CANDIDATE FOR 1,COMPANY_ENTITY,FALLBACK:PHARMA_ENTITY
168758,Results are Based On 29-08-2026,MAYBE_PRODUCT,default_no_evidence,KEEP REVIEW,INSUFFICIENT_EVIDENCE,FALLBACK:AMBIGUOUS_NO_BRAND
168759,Above Statement Includes purchase bills eiab005983 - 22/08/2026,MAYBE_PRODUCT,default_no_evidence,KEEP REVIEW,INSUFFICIENT_EVIDENCE,FALLBACK:STRUCTURAL_KW
168991,SNFLASIXIJXXXX02 1BOX,MAYBE_PRODUCT,default_no_evidence,KEEP REVIEW,INSUFFICIENT_EVIDENCE,FALLBACK:AMBIGUOUS_NO_BRAND
169478,ALLEGRA DUO N/S,MAYBE_PRODUCT,default_no_evidence,KEEP REVIEW,INSUFFICIENT_EVIDENCE,FALLBACK:AMBIGUOUS_NO_BRAND
169484,ALLSTAR-INSULIN-PEN,MAYBE_PRODUCT,default_no_evidence,KEEP REVIEW,INSUFFICIENT_EVIDENCE,FALLBACK:AMBIGUOUS_NO_BRAND
169496,APIDRA CARTRIDGE,MAYBE_PRODUCT,default_no_evidence,KEEP REVIEW,INSUFFICIENT_EVIDENCE,FALLBACK:AMBIGUOUS_NO_BRAND
169497,APIDRA SOLOSTAR,MAYBE_PRODUCT,default_no_evidence,KEEP REVIEW,INSUFFICIENT_EVIDENCE,FALLBACK:AMBIGUOUS_NO_BRAND
169498,APIDRA VAIL,MAYBE_PRODUCT,default_no_evidence,KEEP REVIEW,INSUFFICIENT_EVIDENCE,FALLBACK:AMBIGUOUS_NO_BRAND
169521,FESTAL-N 1X10TAB,MAYBE_PRODUCT,default_no_evidence,KEEP REVIEW,INSUFFICIENT_EVIDENCE,FALLBACK:AMBIGUOUS_NO_BRAND
169529,INSUMAN-COMB-25 1 CART.,MAYBE_PRODUCT,default_no_evidence,KEEP REVIEW,INSUFFICIENT_EVIDENCE,FALLBACK:AMBIGUOUS_NO_BRAND
169530,INSUMAN-COMB-50 1 CART.,MAYBE_PRODUCT,default_no_evidence,KEEP REVIEW,INSUFFICIENT_EVIDENCE,FALLBACK:AMBIGUOUS_NO_BRAND
169551,TOUJEO CARTRIDGE,MAYBE_PRODUCT,default_no_evidence,KEEP REVIEW,INSUFFICIENT_EVIDENCE,FALLBACK:AMBIGUOUS_NO_BRAND
169552,TOUJEO SOLOSTAR,MAYBE_PRODUCT,default_no_evidence,KEEP REVIEW,INSUFFICIENT_EVIDENCE,FALLBACK:AMBIGUOUS_NO_BRAND
169553,TOUSTAR PEN,MAYBE_PRODUCT,default_no_evidence,KEEP REVIEW,INSUFFICIENT_EVIDENCE,FALLBACK:AMBIGUOUS_NO_BRAND
171030,RAJ MEDICAL AGENCIES,1,version_lag_already_caught,KEEP REVIEW,INSUFFICIENT_EVIDENCE,GARBAGE:pattern_garbage
171069,RAJ MEDICAL AGENCIES,1,version_lag_already_caught,KEEP REVIEW,INSUFFICIENT_EVIDENCE,GARBAGE:pattern_garbage
171470,AMARYL1MG,MAYBE_PRODUCT,default_no_evidence,KEEP REVIEW,INSUFFICIENT_EVIDENCE,FALLBACK:AMBIGUOUS_NO_BRAND
171471,AMARYL2MG,MAYBE_PRODUCT,default_no_evidence,KEEP REVIEW,INSUFFICIENT_EVIDENCE,FALLBACK:AMBIGUOUS_NO_BRAND
171479,CETAPINXR1000MG,MAYBE_PRODUCT,default_no_evidence,KEEP REVIEW,INSUFFICIENT_EVIDENCE,FALLBACK:AMBIGUOUS_NO_BRAND
171552,EMCOR,MAYBE_PRODUCT,default_no_evidence,CANDIDATE FOR 1,INVALIDATED_NO_PHARMA,FALLBACK:VERY_SHORT
171617,OLVENCE H 20 1X10T,MAYBE_PRODUCT,default_no_evidence,KEEP REVIEW,INSUFFICIENT_EVIDENCE,FALLBACK:AMBIGUOUS_NO_BRAND
171677,ZYVEN-OD 150 150,MAYBE_PRODUCT,default_no_evidence,KEEP REVIEW,INSUFFICIENT_EVIDENCE,FALLBACK:AMBIGUOUS_NO_BRAND
172503,Digital Purchase ERP Ordering Healthcare QRCode on bills for extra earnings Call MARG 701570254074196099767419609977,MAYBE_PRODUCT,default_no_evidence,CANDIDATE FOR 1,COMPANY_ENTITY,FALLBACK:PHARMA_ENTITY
172514,I am satisfied with Marg ERP Computerise YOUR SHOP Rs.5550 StockAccounts GST Call 959959965695995996621202834312,1,structural_garbage,KEEP REVIEW,INSUFFICIENT_EVIDENCE,FALLBACK:AMBIGUOUS_NO_BRAND
173618,CHIRORAB VACCINE CC UNIT,MAYBE_PRODUCT,default_no_evidence,CANDIDATE FOR 1,INVALIDATED_NO_PHARMA,FALLBACK:AMBIGUOUS_NO_BRAND
173628,SNFLASIXIJXXXX02 10*4M,MAYBE_PRODUCT,default_no_evidence,KEEP REVIEW,INSUFFICIENT_EVIDENCE,FALLBACK:AMBIGUOUS_NO_BRAND
173629,SNFLASIXTB004001 15 TA,MAYBE_PRODUCT,default_no_evidence,KEEP REVIEW,INSUFFICIENT_EVIDENCE,FALLBACK:AMBIGUOUS_NO_BRAND
173638,Reorder Values 0.00,MAYBE_PRODUCT,default_no_evidence,KEEP REVIEW,INSUFFICIENT_EVIDENCE,FALLBACK:AMBIGUOUS_NO_BRAND
173873,CARDACEH10 MG,MAYBE_PRODUCT,default_no_evidence,KEEP REVIEW,INSUFFICIENT_EVIDENCE,FALLBACK:AMBIGUOUS_NO_BRAND
174667,INVENTIA DIVISION,1,division_company_header,CANDIDATE FOR 1,COMPANY_DIVISION_PREFIX,FALLBACK:STRUCTURAL_KW
174674,NUCRON DIVISION,1,division_company_header,CANDIDATE FOR 1,COMPANY_DIVISION_PREFIX,FALLBACK:STRUCTURAL_KW
174685,ORION DIVISION,MAYBE_PRODUCT,default_no_evidence,KEEP REVIEW,INSUFFICIENT_EVIDENCE,FALLBACK:STRUCTURAL_KW
174695,PHARMA DIVISION,1,division_company_header,CANDIDATE FOR 1,PHARMA_COMPANY_NAME,FALLBACK:STRUCTURAL_KW
174744,PHARMA NXT DIVISION,1,division_company_header,CANDIDATE FOR 1,PHARMA_COMPANY_NAME,FALLBACK:STRUCTURAL_KW
174753,XENEX DIVISION,MAYBE_PRODUCT,default_no_evidence,KEEP REVIEW,INSUFFICIENT_EVIDENCE,FALLBACK:STRUCTURAL_KW
174880,Batch EPWKB23001 Stock 10 ExPDt 04/25 MRP 187.50 Value 1285.70,MAYBE_PRODUCT,default_no_evidence,KEEP REVIEW,INSUFFICIENT_EVIDENCE,FALLBACK:AMBIGUOUS_NO_BRAND
175719,EMCUTIX BIOPHARMA LTD,1,version_lag_already_caught,CANDIDATE FOR 1,COMPANY_ENTITY,GARBAGE:pattern_garbage
176387,Batch E16NF24002 Stock : 1,MAYBE_PRODUCT,default_no_evidence,KEEP REVIEW,INSUFFICIENT_EVIDENCE,FALLBACK:AMBIGUOUS_NO_BRAND
176996,TRENTAL 400 10*****,MAYBE_PRODUCT,default_no_evidence,KEEP REVIEW,INSUFFICIENT_EVIDENCE,FALLBACK:AMBIGUOUS_NO_BRAND
178226,PROMO VASELINE SKIN JELLY 1,MAYBE_PRODUCT,default_no_evidence,KEEP REVIEW,INSUFFICIENT_EVIDENCE,FALLBACK:AMBIGUOUS_NO_BRAND
178741,Tot purc value 208917.00,MAYBE_PRODUCT,default_no_evidence,KEEP REVIEW,INSUFFICIENT_EVIDENCE,FALLBACK:AMBIGUOUS_NO_BRAND
178833,ANY PRODUCT MISSING IN STATEMENT KINDLY INFORM,MAYBE_PRODUCT,default_no_evidence,KEEP REVIEW,INSUFFICIENT_EVIDENCE,FALLBACK:AMBIGUOUS_NO_BRAND
178837,PURC 0 SALE 0 STOCK 0,MAYBE_PRODUCT,default_no_evidence,KEEP REVIEW,INSUFFICIENT_EVIDENCE,FALLBACK:AMBIGUOUS_NO_BRAND
178840,Report End 2 Records,MAYBE_PRODUCT,default_no_evidence,KEEP REVIEW,INSUFFICIENT_EVIDENCE,FALLBACK:AMBIGUOUS_NO_BRAND
178841,Prepared by Amit Durgavali on 01-Sep-2026 1132 From System Gd6,MAYBE_PRODUCT,default_no_evidence,KEEP REVIEW,INSUFFICIENT_EVIDENCE,FALLBACK:AMBIGUOUS_NO_BRAND
178842,This is a Computer Generated Report Which Does Not Require Stamp or Signature,MAYBE_PRODUCT,default_no_evidence,KEEP REVIEW,INSUFFICIENT_EVIDENCE,FALLBACK:AMBIGUOUS_NO_BRAND
179472,Import Purchase ONLINE No Manual Entry MARG ERP Rs.5550 StocksAccountsGST Call 982699693007554920470,MAYBE_PRODUCT,default_no_evidence,KEEP REVIEW,INSUFFICIENT_EVIDENCE,FALLBACK:STRUCTURAL_KW
180329,Import Purchase ONLINE No Manual Entry MARG ERP Rs.5550 StocksAccountsGST Call 9898989898,MAYBE_PRODUCT,default_no_evidence,KEEP REVIEW,INSUFFICIENT_EVIDENCE,FALLBACK:STRUCTURAL_KW
180370,Import Purchase ONLINE No Manual Entry MARG ERP Rs.5550 StocksAccountsGST Call 9898989898,MAYBE_PRODUCT,default_no_evidence,KEEP REVIEW,INSUFFICIENT_EVIDENCE,FALLBACK:STRUCTURAL_KW
180562,ALLSTAR REUSABLE I/P 1PC,MAYBE_PRODUCT,default_no_evidence,KEEP REVIEW,INSUFFICIENT_EVIDENCE,FALLBACK:AMBIGUOUS_NO_BRAND
180577,APIDRA VAIL 20,MAYBE_PRODUCT,default_no_evidence,KEEP REVIEW,INSUFFICIENT_EVIDENCE,FALLBACK:AMBIGUOUS_NO_BRAND
180579,ARAVA-20 1 VAIL,MAYBE_PRODUCT,default_no_evidence,KEEP REVIEW,INSUFFICIENT_EVIDENCE,FALLBACK:AMBIGUOUS_NO_BRAND
180599,COQ FORTE NEW BOSTE 10,MAYBE_PRODUCT,default_no_evidence,CANDIDATE FOR 1,INVALIDATED_NO_PHARMA,FALLBACK:AMBIGUOUS_NO_BRAND
180609,ECOD OMGA 20,MAYBE_PRODUCT,default_no_evidence,KEEP REVIEW,INSUFFICIENT_EVIDENCE,FALLBACK:AMBIGUOUS_NO_BRAND
180611,ECOD PLUS SOFTGEL 15,MAYBE_PRODUCT,default_no_evidence,KEEP REVIEW,INSUFFICIENT_EVIDENCE,FALLBACK:AMBIGUOUS_NO_BRAND
180615,INSUMAN COM 25 1 VAIL,MAYBE_PRODUCT,default_no_evidence,KEEP REVIEW,INSUFFICIENT_EVIDENCE,FALLBACK:AMBIGUOUS_NO_BRAND
180624,MEGAFREE FLEX 10,MAYBE_PRODUCT,default_no_evidence,KEEP REVIEW,INSUFFICIENT_EVIDENCE,FALLBACK:AMBIGUOUS_NO_BRAND
180626,MULTIVITE FM NEW 30,MAYBE_PRODUCT,default_no_evidence,CANDIDATE FOR 1,INVALIDATED_NO_PHARMA,FALLBACK:AMBIGUOUS_NO_BRAND
180639,TOUJEO SOLOSAT 1 PC,MAYBE_PRODUCT,default_no_evidence,KEEP REVIEW,INSUFFICIENT_EVIDENCE,FALLBACK:AMBIGUOUS_NO_BRAND
180641,TRIOMEGA 15,MAYBE_PRODUCT,default_no_evidence,KEEP REVIEW,INSUFFICIENT_EVIDENCE,FALLBACK:AMBIGUOUS_NO_BRAND
180787,ZYMMUNE 100 SOLUTIO,MAYBE_PRODUCT,default_no_evidence,KEEP REVIEW,INSUFFICIENT_EVIDENCE,FALLBACK:AMBIGUOUS_NO_BRAND
181637,Comp Name / Item Name,MAYBE_PRODUCT,default_no_evidence,KEEP REVIEW,INSUFFICIENT_EVIDENCE,FALLBACK:AMBIGUOUS_NO_BRAND
181817,BLYNDA AC,MAYBE_PRODUCT,default_no_evidence,KEEP REVIEW,INSUFFICIENT_EVIDENCE,FALLBACK:AMBIGUOUS_NO_BRAND
181820,DEPRAN -L,MAYBE_PRODUCT,default_no_evidence,KEEP REVIEW,INSUFFICIENT_EVIDENCE,FALLBACK:AMBIGUOUS_NO_BRAND
181821,DEPRAN 10,MAYBE_PRODUCT,default_no_evidence,KEEP REVIEW,INSUFFICIENT_EVIDENCE,FALLBACK:AMBIGUOUS_NO_BRAND
181824,DEPRAN 5,MAYBE_PRODUCT,default_no_evidence,KEEP REVIEW,INSUFFICIENT_EVIDENCE,FALLBACK:AMBIGUOUS_NO_BRAND
181827,DEPRAN FORTE,MAYBE_PRODUCT,default_no_evidence,KEEP REVIEW,INSUFFICIENT_EVIDENCE,FALLBACK:AMBIGUOUS_NO_BRAND
181828,DEPRAN-H,MAYBE_PRODUCT,default_no_evidence,KEEP REVIEW,INSUFFICIENT_EVIDENCE,FALLBACK:AMBIGUOUS_NO_BRAND
181831,FLUNIL -20,MAYBE_PRODUCT,default_no_evidence,KEEP REVIEW,INSUFFICIENT_EVIDENCE,FALLBACK:AMBIGUOUS_NO_BRAND
181832,FLUNIL -40,MAYBE_PRODUCT,default_no_evidence,KEEP REVIEW,INSUFFICIENT_EVIDENCE,FALLBACK:AMBIGUOUS_NO_BRAND
181833,FLUNIL -60,MAYBE_PRODUCT,default_no_evidence,KEEP REVIEW,INSUFFICIENT_EVIDENCE,FALLBACK:AMBIGUOUS_NO_BRAND
181834,FLUNIL-10,MAYBE_PRODUCT,default_no_evidence,KEEP REVIEW,INSUFFICIENT_EVIDENCE,FALLBACK:AMBIGUOUS_NO_BRAND
181841,LOPEZ 3,MAYBE_PRODUCT,default_no_evidence,KEEP REVIEW,INSUFFICIENT_EVIDENCE,FALLBACK:AMBIGUOUS_NO_BRAND
181843,LOPEZ MD 1,MAYBE_PRODUCT,default_no_evidence,KEEP REVIEW,INSUFFICIENT_EVIDENCE,FALLBACK:AMBIGUOUS_NO_BRAND
181844,LOPEZ MD 2,MAYBE_PRODUCT,default_no_evidence,KEEP REVIEW,INSUFFICIENT_EVIDENCE,FALLBACK:AMBIGUOUS_NO_BRAND
181847,PREGABID CR 165,MAYBE_PRODUCT,default_no_evidence,KEEP REVIEW,INSUFFICIENT_EVIDENCE,FALLBACK:AMBIGUOUS_NO_BRAND
181848,PREGABID CR 82.5,MAYBE_PRODUCT,default_no_evidence,KEEP REVIEW,INSUFFICIENT_EVIDENCE,FALLBACK:AMBIGUOUS_NO_BRAND
181854,PREGABID DM 7520,MAYBE_PRODUCT,default_no_evidence,KEEP REVIEW,INSUFFICIENT_EVIDENCE,FALLBACK:AMBIGUOUS_NO_BRAND
181857,PREGABID MNT,MAYBE_PRODUCT,default_no_evidence,KEEP REVIEW,INSUFFICIENT_EVIDENCE,FALLBACK:AMBIGUOUS_NO_BRAND
181858,PREGABID NT,MAYBE_PRODUCT,default_no_evidence,KEEP REVIEW,INSUFFICIENT_EVIDENCE,FALLBACK:AMBIGUOUS_NO_BRAND
181860,PREGABID TRIO,MAYBE_PRODUCT,default_no_evidence,KEEP REVIEW,INSUFFICIENT_EVIDENCE,FALLBACK:AMBIGUOUS_NO_BRAND
181867,TOPAZ 100,MAYBE_PRODUCT,default_no_evidence,KEEP REVIEW,INSUFFICIENT_EVIDENCE,FALLBACK:AMBIGUOUS_NO_BRAND
181868,TOPAZ 200,MAYBE_PRODUCT,default_no_evidence,KEEP REVIEW,INSUFFICIENT_EVIDENCE,FALLBACK:AMBIGUOUS_NO_BRAND
181869,TOPAZ 25,MAYBE_PRODUCT,default_no_evidence,KEEP REVIEW,INSUFFICIENT_EVIDENCE,FALLBACK:AMBIGUOUS_NO_BRAND
181870,TOPAZ 50,MAYBE_PRODUCT,default_no_evidence,KEEP REVIEW,INSUFFICIENT_EVIDENCE,FALLBACK:AMBIGUOUS_NO_BRAND
181871,VASFREE P,MAYBE_PRODUCT,default_no_evidence,KEEP REVIEW,INSUFFICIENT_EVIDENCE,FALLBACK:AMBIGUOUS_NO_BRAND
181872,VELFU-T,MAYBE_PRODUCT,default_no_evidence,KEEP REVIEW,INSUFFICIENT_EVIDENCE,FALLBACK:AMBIGUOUS_NO_BRAND
181873,VENTAB LS,MAYBE_PRODUCT,default_no_evidence,KEEP REVIEW,INSUFFICIENT_EVIDENCE,FALLBACK:AMBIGUOUS_NO_BRAND
182773,TOTALS OF GENNOVA BIOPHARMACEUTICALS LTD,1,version_lag_already_caught,KEEP REVIEW,INSUFFICIENT_EVIDENCE,GARBAGE:pattern_garbage
183236,I am satisfied with Marg ERP Computerise YOUR SHOP Rs.5550 StockAccounts GST Call 959959965695995996621202834312,1,structural_garbage,KEEP REVIEW,INSUFFICIENT_EVIDENCE,FALLBACK:AMBIGUOUS_NO_BRAND
183255,I am satisfied with Marg ERP Computerise YOUR SHOP Rs.5550 StockAccounts GST Call 959959965695995996621202834312,1,structural_garbage,KEEP REVIEW,INSUFFICIENT_EVIDENCE,FALLBACK:AMBIGUOUS_NO_BRAND
184418,OROFERXT TOTAL TAB 1X10,MAYBE_PRODUCT,default_no_evidence,CANDIDATE FOR 1,STRUCTURAL_KEYWORD,FALLBACK:STRUCTURAL_KW
184893,onco,MAYBE_PRODUCT,default_no_evidence,KEEP REVIEW,INSUFFICIENT_EVIDENCE,FALLBACK:VERY_SHORT
185067,SPECIALITY DRUG HOUSE,1,supply_chain_entity,CANDIDATE FOR 1,SUPPLY_CHAIN_ENTITY,FALLBACK:AMBIGUOUS_NO_BRAND
185521,PURC 940633 SALE 1830849 STOCK 498247 STK120 21703 EXP3M 5000 EXP6M 7687 LZSTK 42844,MAYBE_PRODUCT,default_no_evidence,KEEP REVIEW,INSUFFICIENT_EVIDENCE,FALLBACK:AMBIGUOUS_NO_BRAND
185523,Prepared by Operator 4 on 03-Sep-2026 1657 From System Nav-Agency,MAYBE_PRODUCT,default_no_evidence,KEEP REVIEW,INSUFFICIENT_EVIDENCE,FALLBACK:DISTRIBUTION_ENTITY
185524,This is a Computer Generated Report Which Does Not Require Stamp or Signature,MAYBE_PRODUCT,default_no_evidence,KEEP REVIEW,INSUFFICIENT_EVIDENCE,FALLBACK:AMBIGUOUS_NO_BRAND
188814,This is a Computer Generated Report Which Does Not Require Stamp or Signature*** 0,MAYBE_PRODUCT,default_no_evidence,KEEP REVIEW,INSUFFICIENT_EVIDENCE,FALLBACK:AMBIGUOUS_NO_BRAND
189033,APIDRA SOLOSTAR,MAYBE_PRODUCT,default_no_evidence,KEEP REVIEW,INSUFFICIENT_EVIDENCE,FALLBACK:AMBIGUOUS_NO_BRAND
189072,ENLARGE,MAYBE_PRODUCT,default_no_evidence,KEEP REVIEW,INSUFFICIENT_EVIDENCE,FALLBACK:AMBIGUOUS_NO_BRAND
189074,ESTOVON XT,MAYBE_PRODUCT,default_no_evidence,KEEP REVIEW,INSUFFICIENT_EVIDENCE,FALLBACK:AMBIGUOUS_NO_BRAND
189075,FESTAL N,MAYBE_PRODUCT,default_no_evidence,KEEP REVIEW,INSUFFICIENT_EVIDENCE,FALLBACK:AMBIGUOUS_NO_BRAND
189088,INSULIN R CART,MAYBE_PRODUCT,default_no_evidence,KEEP REVIEW,INSUFFICIENT_EVIDENCE,FALLBACK:AMBIGUOUS_NO_BRAND
189094,INSUMAN-25/75OPTISET,MAYBE_PRODUCT,default_no_evidence,KEEP REVIEW,INSUFFICIENT_EVIDENCE,FALLBACK:AMBIGUOUS_NO_BRAND
189095,INSUMAN-50/50OPTISET,MAYBE_PRODUCT,default_no_evidence,KEEP REVIEW,INSUFFICIENT_EVIDENCE,FALLBACK:AMBIGUOUS_NO_BRAND
189098,LANTUS OPTISET,MAYBE_PRODUCT,default_no_evidence,KEEP REVIEW,INSUFFICIENT_EVIDENCE,FALLBACK:AMBIGUOUS_NO_BRAND
189099,LANTUS STARTER KITCARTRIDGE,MAYBE_PRODUCT,default_no_evidence,KEEP REVIEW,INSUFFICIENT_EVIDENCE,FALLBACK:AMBIGUOUS_NO_BRAND
189100,LANTUS U100 SOLOSTAR,MAYBE_PRODUCT,default_no_evidence,KEEP REVIEW,INSUFFICIENT_EVIDENCE,FALLBACK:AMBIGUOUS_NO_BRAND
189107,MORUPAR,MAYBE_PRODUCT,default_no_evidence,KEEP REVIEW,INSUFFICIENT_EVIDENCE,FALLBACK:AMBIGUOUS_NO_BRAND
189112,MYORIL PLUS 8,MAYBE_PRODUCT,default_no_evidence,KEEP REVIEW,INSUFFICIENT_EVIDENCE,FALLBACK:AMBIGUOUS_NO_BRAND
189151,TARIVID 200 I.V.,MAYBE_PRODUCT,default_no_evidence,KEEP REVIEW,INSUFFICIENT_EVIDENCE,FALLBACK:AMBIGUOUS_NO_BRAND
189154,TARIVID 400 I.V.,MAYBE_PRODUCT,default_no_evidence,KEEP REVIEW,INSUFFICIENT_EVIDENCE,FALLBACK:AMBIGUOUS_NO_BRAND
189160,TRENTAL INFUSION,MAYBE_PRODUCT,default_no_evidence,KEEP REVIEW,INSUFFICIENT_EVIDENCE,FALLBACK:AMBIGUOUS_NO_BRAND
189163,TYPHORAL,MAYBE_PRODUCT,default_no_evidence,KEEP REVIEW,INSUFFICIENT_EVIDENCE,FALLBACK:AMBIGUOUS_NO_BRAND
189164,VAXEM HIB,MAYBE_PRODUCT,default_no_evidence,KEEP REVIEW,INSUFFICIENT_EVIDENCE,FALLBACK:AMBIGUOUS_NO_BRAND
189180,ALLSTAR REUSABLE INSULIN PEN,MAYBE_PRODUCT,default_no_evidence,KEEP REVIEW,INSUFFICIENT_EVIDENCE,FALLBACK:AMBIGUOUS_NO_BRAND
189196,COD LIVER OIL SANOFO,MAYBE_PRODUCT,default_no_evidence,KEEP REVIEW,INSUFFICIENT_EVIDENCE,FALLBACK:AMBIGUOUS_NO_BRAND
189197,COLLAFLEX PRO PLUS SOFTGEL,MAYBE_PRODUCT,default_no_evidence,KEEP REVIEW,INSUFFICIENT_EVIDENCE,FALLBACK:AMBIGUOUS_NO_BRAND
189222,INFLUENZA VACCINE,MAYBE_PRODUCT,default_no_evidence,KEEP REVIEW,INSUFFICIENT_EVIDENCE,FALLBACK:AMBIGUOUS_NO_BRAND
189262,TOUJEO SOLOSTAR,MAYBE_PRODUCT,default_no_evidence,KEEP REVIEW,INSUFFICIENT_EVIDENCE,FALLBACK:AMBIGUOUS_NO_BRAND
189263,TOUSTAR PEN,MAYBE_PRODUCT,default_no_evidence,KEEP REVIEW,INSUFFICIENT_EVIDENCE,FALLBACK:AMBIGUOUS_NO_BRAND
189288,ALLSTAR REUSABLE INSULIN PEN,MAYBE_PRODUCT,default_no_evidence,KEEP REVIEW,INSUFFICIENT_EVIDENCE,FALLBACK:AMBIGUOUS_NO_BRAND
189304,COD LIVER OIL SANOFO,MAYBE_PRODUCT,default_no_evidence,KEEP REVIEW,INSUFFICIENT_EVIDENCE,FALLBACK:AMBIGUOUS_NO_BRAND
189305,COLLAFLEX PRO PLUS SOFTGEL,MAYBE_PRODUCT,default_no_evidence,KEEP REVIEW,INSUFFICIENT_EVIDENCE,FALLBACK:AMBIGUOUS_NO_BRAND
189330,INFLUENZA VACCINE,MAYBE_PRODUCT,default_no_evidence,KEEP REVIEW,INSUFFICIENT_EVIDENCE,FALLBACK:AMBIGUOUS_NO_BRAND
189370,TOUJEO SOLOSTAR,MAYBE_PRODUCT,default_no_evidence,KEEP REVIEW,INSUFFICIENT_EVIDENCE,FALLBACK:AMBIGUOUS_NO_BRAND
189371,TOUSTAR PEN,MAYBE_PRODUCT,default_no_evidence,KEEP REVIEW,INSUFFICIENT_EVIDENCE,FALLBACK:AMBIGUOUS_NO_BRAND
189854,PAUSE500MG 10T,MAYBE_PRODUCT,default_no_evidence,KEEP REVIEW,INSUFFICIENT_EVIDENCE,FALLBACK:AMBIGUOUS_NO_BRAND
190011,GENNOVA,MAYBE_PRODUCT,default_no_evidence,CANDIDATE FOR 1,COMPANY_DIVISION_PREFIX,FALLBACK:AMBIGUOUS_NO_BRAND
190014,GENNOVA,MAYBE_PRODUCT,default_no_evidence,CANDIDATE FOR 1,COMPANY_DIVISION_PREFIX,FALLBACK:AMBIGUOUS_NO_BRAND
190246,ULTRA PRE Q CAPSUL 0,MAYBE_PRODUCT,default_no_evidence,KEEP REVIEW,INSUFFICIENT_EVIDENCE,FALLBACK:AMBIGUOUS_NO_BRAND
190813,G3M-6.4 25,MAYBE_PRODUCT,default_no_evidence,KEEP REVIEW,INSUFFICIENT_EVIDENCE,FALLBACK:AMBIGUOUS_NO_BRAND
190985,EXAFIB20 1PC,MAYBE_PRODUCT,default_no_evidence,KEEP REVIEW,INSUFFICIENT_EVIDENCE,FALLBACK:AMBIGUOUS_NO_BRAND
191816,Category Primary Categ,MAYBE_PRODUCT,default_no_evidence,KEEP REVIEW,INSUFFICIENT_EVIDENCE,FALLBACK:AMBIGUOUS_NO_BRAND
192653,CAODARONE X 200,MAYBE_PRODUCT,default_no_evidence,KEEP REVIEW,INSUFFICIENT_EVIDENCE,FALLBACK:AMBIGUOUS_NO_BRAND
193696,PNEUMO 23 NA,MAYBE_PRODUCT,default_no_evidence,KEEP REVIEW,INSUFFICIENT_EVIDENCE,FALLBACK:AMBIGUOUS_NO_BRAND
193715,TRIOMEGA CD 30,MAYBE_PRODUCT,default_no_evidence,KEEP REVIEW,INSUFFICIENT_EVIDENCE,FALLBACK:AMBIGUOUS_NO_BRAND
193889,ALLSTAR PEN,MAYBE_PRODUCT,default_no_evidence,KEEP REVIEW,INSUFFICIENT_EVIDENCE,FALLBACK:AMBIGUOUS_NO_BRAND
193890,TOUSTAR PEN,MAYBE_PRODUCT,default_no_evidence,KEEP REVIEW,INSUFFICIENT_EVIDENCE,FALLBACK:AMBIGUOUS_NO_BRAND
193891,ALLSTAR PEN,MAYBE_PRODUCT,default_no_evidence,KEEP REVIEW,INSUFFICIENT_EVIDENCE,FALLBACK:AMBIGUOUS_NO_BRAND
193892,ALLSTAR PEN,MAYBE_PRODUCT,default_no_evidence,KEEP REVIEW,INSUFFICIENT_EVIDENCE,FALLBACK:AMBIGUOUS_NO_BRAND
193893,ALLSTAR PEN,MAYBE_PRODUCT,default_no_evidence,KEEP REVIEW,INSUFFICIENT_EVIDENCE,FALLBACK:AMBIGUOUS_NO_BRAND
193894,ALLSTAR PEN,MAYBE_PRODUCT,default_no_evidence,KEEP REVIEW,INSUFFICIENT_EVIDENCE,FALLBACK:AMBIGUOUS_NO_BRAND
193911,ALLEGRA N/S,MAYBE_PRODUCT,default_no_evidence,KEEP REVIEW,INSUFFICIENT_EVIDENCE,FALLBACK:AMBIGUOUS_NO_BRAND
193912,ALLEGRA N/S,MAYBE_PRODUCT,default_no_evidence,KEEP REVIEW,INSUFFICIENT_EVIDENCE,FALLBACK:AMBIGUOUS_NO_BRAND
193916,APIDRA PENFILL,MAYBE_PRODUCT,default_no_evidence,KEEP REVIEW,INSUFFICIENT_EVIDENCE,FALLBACK:AMBIGUOUS_NO_BRAND
193918,LANTUS PENFILL,MAYBE_PRODUCT,default_no_evidence,KEEP REVIEW,INSUFFICIENT_EVIDENCE,FALLBACK:AMBIGUOUS_NO_BRAND
193919,LANTUS SOLOSTAR,MAYBE_PRODUCT,default_no_evidence,KEEP REVIEW,INSUFFICIENT_EVIDENCE,FALLBACK:AMBIGUOUS_NO_BRAND
193923,APIDRA PENFILL,MAYBE_PRODUCT,default_no_evidence,KEEP REVIEW,INSUFFICIENT_EVIDENCE,FALLBACK:AMBIGUOUS_NO_BRAND
193924,SOLIQUA SOLOSTAR,MAYBE_PRODUCT,default_no_evidence,KEEP REVIEW,INSUFFICIENT_EVIDENCE,FALLBACK:AMBIGUOUS_NO_BRAND
193925,LANTUS PENFILL,MAYBE_PRODUCT,default_no_evidence,KEEP REVIEW,INSUFFICIENT_EVIDENCE,FALLBACK:AMBIGUOUS_NO_BRAND
193926,LANTUS SOLOSTAR,MAYBE_PRODUCT,default_no_evidence,KEEP REVIEW,INSUFFICIENT_EVIDENCE,FALLBACK:AMBIGUOUS_NO_BRAND
193927,ALLEGRA 120,MAYBE_PRODUCT,default_no_evidence,KEEP REVIEW,INSUFFICIENT_EVIDENCE,FALLBACK:AMBIGUOUS_NO_BRAND
193928,ALLEGRA 120,MAYBE_PRODUCT,default_no_evidence,KEEP REVIEW,INSUFFICIENT_EVIDENCE,FALLBACK:AMBIGUOUS_NO_BRAND
193932,TRENTAL 400,MAYBE_PRODUCT,default_no_evidence,KEEP REVIEW,INSUFFICIENT_EVIDENCE,FALLBACK:AMBIGUOUS_NO_BRAND
193936,MYSTAR PEN,MAYBE_PRODUCT,default_no_evidence,KEEP REVIEW,INSUFFICIENT_EVIDENCE,FALLBACK:AMBIGUOUS_NO_BRAND
193938,LANTUS PENFILL,MAYBE_PRODUCT,default_no_evidence,KEEP REVIEW,INSUFFICIENT_EVIDENCE,FALLBACK:AMBIGUOUS_NO_BRAND
193939,LANTUS PENFILL,MAYBE_PRODUCT,default_no_evidence,KEEP REVIEW,INSUFFICIENT_EVIDENCE,FALLBACK:AMBIGUOUS_NO_BRAND
193940,LANTUS SOLOSTAR,MAYBE_PRODUCT,default_no_evidence,KEEP REVIEW,INSUFFICIENT_EVIDENCE,FALLBACK:AMBIGUOUS_NO_BRAND
193941,TOUJEO PENFILL,MAYBE_PRODUCT,default_no_evidence,KEEP REVIEW,INSUFFICIENT_EVIDENCE,FALLBACK:AMBIGUOUS_NO_BRAND
193942,TOUJEO PENFILL,MAYBE_PRODUCT,default_no_evidence,KEEP REVIEW,INSUFFICIENT_EVIDENCE,FALLBACK:AMBIGUOUS_NO_BRAND
193944,TOUJEO PENFILL,MAYBE_PRODUCT,default_no_evidence,KEEP REVIEW,INSUFFICIENT_EVIDENCE,FALLBACK:AMBIGUOUS_NO_BRAND
193945,TOUJEO PENFILL,MAYBE_PRODUCT,default_no_evidence,KEEP REVIEW,INSUFFICIENT_EVIDENCE,FALLBACK:AMBIGUOUS_NO_BRAND
193946,APIDRA PENFILL,MAYBE_PRODUCT,default_no_evidence,KEEP REVIEW,INSUFFICIENT_EVIDENCE,FALLBACK:AMBIGUOUS_NO_BRAND
193947,APIDRA PENFILL,MAYBE_PRODUCT,default_no_evidence,KEEP REVIEW,INSUFFICIENT_EVIDENCE,FALLBACK:AMBIGUOUS_NO_BRAND
193948,APIDRA PENFILL,MAYBE_PRODUCT,default_no_evidence,KEEP REVIEW,INSUFFICIENT_EVIDENCE,FALLBACK:AMBIGUOUS_NO_BRAND
193949,APIDRA SOLOSTAR,MAYBE_PRODUCT,default_no_evidence,KEEP REVIEW,INSUFFICIENT_EVIDENCE,FALLBACK:AMBIGUOUS_NO_BRAND
193952,ALLEGRA 120,MAYBE_PRODUCT,default_no_evidence,KEEP REVIEW,INSUFFICIENT_EVIDENCE,FALLBACK:AMBIGUOUS_NO_BRAND
193953,ALLEGRA 120,MAYBE_PRODUCT,default_no_evidence,KEEP REVIEW,INSUFFICIENT_EVIDENCE,FALLBACK:AMBIGUOUS_NO_BRAND
193954,ALLEGRA 180,MAYBE_PRODUCT,default_no_evidence,KEEP REVIEW,INSUFFICIENT_EVIDENCE,FALLBACK:AMBIGUOUS_NO_BRAND
193955,ALLEGRA 180,MAYBE_PRODUCT,default_no_evidence,KEEP REVIEW,INSUFFICIENT_EVIDENCE,FALLBACK:AMBIGUOUS_NO_BRAND
193962,ALLEGRA 180,MAYBE_PRODUCT,default_no_evidence,KEEP REVIEW,INSUFFICIENT_EVIDENCE,FALLBACK:AMBIGUOUS_NO_BRAND
193964,ALLEGRA 120,MAYBE_PRODUCT,default_no_evidence,KEEP REVIEW,INSUFFICIENT_EVIDENCE,FALLBACK:AMBIGUOUS_NO_BRAND
193967,LANTUS SOLOSTAR,MAYBE_PRODUCT,default_no_evidence,KEEP REVIEW,INSUFFICIENT_EVIDENCE,FALLBACK:AMBIGUOUS_NO_BRAND
193968,LANTUS SOLOSTAR,MAYBE_PRODUCT,default_no_evidence,KEEP REVIEW,INSUFFICIENT_EVIDENCE,FALLBACK:AMBIGUOUS_NO_BRAND
193969,LANTUS SOLOSTAR,MAYBE_PRODUCT,default_no_evidence,KEEP REVIEW,INSUFFICIENT_EVIDENCE,FALLBACK:AMBIGUOUS_NO_BRAND
193970,APIDRA PENFILL,MAYBE_PRODUCT,default_no_evidence,KEEP REVIEW,INSUFFICIENT_EVIDENCE,FALLBACK:AMBIGUOUS_NO_BRAND
193971,APIDRA PENFILL,MAYBE_PRODUCT,default_no_evidence,KEEP REVIEW,INSUFFICIENT_EVIDENCE,FALLBACK:AMBIGUOUS_NO_BRAND
193972,APIDRA PENFILL,MAYBE_PRODUCT,default_no_evidence,KEEP REVIEW,INSUFFICIENT_EVIDENCE,FALLBACK:AMBIGUOUS_NO_BRAND
193973,LANTUS PENFILL,MAYBE_PRODUCT,default_no_evidence,KEEP REVIEW,INSUFFICIENT_EVIDENCE,FALLBACK:AMBIGUOUS_NO_BRAND
193974,LANTUS PENFILL,MAYBE_PRODUCT,default_no_evidence,KEEP REVIEW,INSUFFICIENT_EVIDENCE,FALLBACK:AMBIGUOUS_NO_BRAND
193975,TOUJEO,MAYBE_PRODUCT,default_no_evidence,KEEP REVIEW,INSUFFICIENT_EVIDENCE,FALLBACK:AMBIGUOUS_NO_BRAND
193976,APIDRA SOLOSTAR,MAYBE_PRODUCT,default_no_evidence,KEEP REVIEW,INSUFFICIENT_EVIDENCE,FALLBACK:AMBIGUOUS_NO_BRAND
193977,ALLEGRA-M,MAYBE_PRODUCT,default_no_evidence,KEEP REVIEW,INSUFFICIENT_EVIDENCE,FALLBACK:AMBIGUOUS_NO_BRAND
193978,ALLEGRA-M,MAYBE_PRODUCT,default_no_evidence,KEEP REVIEW,INSUFFICIENT_EVIDENCE,FALLBACK:AMBIGUOUS_NO_BRAND
193997,ALLEGRA 120,MAYBE_PRODUCT,default_no_evidence,KEEP REVIEW,INSUFFICIENT_EVIDENCE,FALLBACK:AMBIGUOUS_NO_BRAND
193998,ALLEGRA 120,MAYBE_PRODUCT,default_no_evidence,KEEP REVIEW,INSUFFICIENT_EVIDENCE,FALLBACK:AMBIGUOUS_NO_BRAND
193999,ALLEGRA 120,MAYBE_PRODUCT,default_no_evidence,KEEP REVIEW,INSUFFICIENT_EVIDENCE,FALLBACK:AMBIGUOUS_NO_BRAND
194000,ALLEGRA 180,MAYBE_PRODUCT,default_no_evidence,KEEP REVIEW,INSUFFICIENT_EVIDENCE,FALLBACK:AMBIGUOUS_NO_BRAND
194001,ALLEGRA 180,MAYBE_PRODUCT,default_no_evidence,KEEP REVIEW,INSUFFICIENT_EVIDENCE,FALLBACK:AMBIGUOUS_NO_BRAND
194008,ALLEGRA 120,MAYBE_PRODUCT,default_no_evidence,KEEP REVIEW,INSUFFICIENT_EVIDENCE,FALLBACK:AMBIGUOUS_NO_BRAND
194088,TOUJEO PENFILL,MAYBE_PRODUCT,default_no_evidence,KEEP REVIEW,INSUFFICIENT_EVIDENCE,FALLBACK:AMBIGUOUS_NO_BRAND
196312,ORION,MAYBE_PRODUCT,default_no_evidence,KEEP REVIEW,INSUFFICIENT_EVIDENCE,FALLBACK:VERY_SHORT
197966,EMCUTIX BIO PHARMACEUTICAL,MAYBE_PRODUCT,default_no_evidence,CANDIDATE FOR 1,COMPANY_ENTITY,FALLBACK:PHARMA_ENTITY
198537,SHOP,MAYBE_PRODUCT,default_no_evidence,KEEP REVIEW,INSUFFICIENT_EVIDENCE,FALLBACK:VERY_SHORT
199296,DAPAMAC V 10/100 10_S,MAYBE_PRODUCT,default_no_evidence,KEEP REVIEW,INSUFFICIENT_EVIDENCE,FALLBACK:AMBIGUOUS_NO_BRAND
199471,MOMB9CAPSULE,MAYBE_PRODUCT,default_no_evidence,KEEP REVIEW,INSUFFICIENT_EVIDENCE,FALLBACK:AMBIGUOUS_NO_BRAND
199555,STROCOZ500,MAYBE_PRODUCT,default_no_evidence,KEEP REVIEW,INSUFFICIENT_EVIDENCE,FALLBACK:AMBIGUOUS_NO_BRAND
202586,EMCUTIX,1,division_company_header,CANDIDATE FOR 1,COMPANY_DIVISION_PREFIX,FALLBACK:AMBIGUOUS_NO_BRAND
204172,MOLPUNE AM 5,MAYBE_PRODUCT,default_no_evidence,KEEP REVIEW,INSUFFICIENT_EVIDENCE,FALLBACK:AMBIGUOUS_NO_BRAND
204302,EM PHARMA NXT,MAYBE_PRODUCT,default_no_evidence,CANDIDATE FOR 1,PHARMA_COMPANY_NAME,FALLBACK:AMBIGUOUS_NO_BRAND
204333,EM NUCRON,MAYBE_PRODUCT,default_no_evidence,KEEP REVIEW,INSUFFICIENT_EVIDENCE,FALLBACK:AMBIGUOUS_NO_BRAND
204371,EM CD,MAYBE_PRODUCT,default_no_evidence,KEEP REVIEW,INSUFFICIENT_EVIDENCE,FALLBACK:VERY_SHORT
204418,MRHHMITE SOAPO 75,MAYBE_PRODUCT,default_no_evidence,KEEP REVIEW,INSUFFICIENT_EVIDENCE,FALLBACK:AMBIGUOUS_NO_BRAND
206159,ZZZZZZ 6165,1,zzzzzz_ocr_placeholder,CANDIDATE FOR 1,NO_VOWEL_OCR_NOISE,FALLBACK:AMBIGUOUS_NO_BRAND
206172,ZZZZZZ 6101,1,zzzzzz_ocr_placeholder,CANDIDATE FOR 1,NO_VOWEL_OCR_NOISE,FALLBACK:AMBIGUOUS_NO_BRAND
207028,EMCUTIX BIOPHARMA,MAYBE_PRODUCT,default_no_evidence,CANDIDATE FOR 1,COMPANY_ENTITY,FALLBACK:PHARMA_ENTITY
207720,ZU-C 500 15,MAYBE_PRODUCT,default_no_evidence,KEEP REVIEW,INSUFFICIENT_EVIDENCE,FALLBACK:AMBIGUOUS_NO_BRAND
207936,ZU-C 500 15,MAYBE_PRODUCT,default_no_evidence,KEEP REVIEW,INSUFFICIENT_EVIDENCE,FALLBACK:AMBIGUOUS_NO_BRAND
208194,Digital Purchase ERP Ordering Healthcare QRCode on bills for extra earnings Call MARG 8116384348,MAYBE_PRODUCT,default_no_evidence,CANDIDATE FOR 1,COMPANY_ENTITY,FALLBACK:PHARMA_ENTITY
208672,Digital Purchase ERP Ordering Healthcare QRCode on bills for extra earnings Call MARG 9990249092,MAYBE_PRODUCT,default_no_evidence,CANDIDATE FOR 1,COMPANY_ENTITY,FALLBACK:PHARMA_ENTITY
208913,SANOFI3 CV,MAYBE_PRODUCT,default_no_evidence,KEEP REVIEW,INSUFFICIENT_EVIDENCE,FALLBACK:AMBIGUOUS_NO_BRAND
209526,ZZZZZZ 13462 UNIT,1,zzzzzz_ocr_placeholder,CANDIDATE FOR 1,INVALIDATED_NO_PHARMA,FALLBACK:AMBIGUOUS_NO_BRAND
209871,ZZZZZZ 13462 UNIT,1,zzzzzz_ocr_placeholder,CANDIDATE FOR 1,INVALIDATED_NO_PHARMA,FALLBACK:AMBIGUOUS_NO_BRAND
209890,IVECOPE 12,MAYBE_PRODUCT,default_no_evidence,KEEP REVIEW,INSUFFICIENT_EVIDENCE,FALLBACK:AMBIGUOUS_NO_BRAND
209891,LACTOGUT,MAYBE_PRODUCT,default_no_evidence,KEEP REVIEW,INSUFFICIENT_EVIDENCE,FALLBACK:AMBIGUOUS_NO_BRAND
210336,SU CHECK STRIP --,MAYBE_PRODUCT,default_no_evidence,KEEP REVIEW,INSUFFICIENT_EVIDENCE,FALLBACK:AMBIGUOUS_NO_BRAND
210592,SU CHECK STRIP --,MAYBE_PRODUCT,default_no_evidence,KEEP REVIEW,INSUFFICIENT_EVIDENCE,FALLBACK:AMBIGUOUS_NO_BRAND
211182,OSTERIINJ600MG/2.4 1 UNIT,MAYBE_PRODUCT,default_no_evidence,CANDIDATE FOR 1,INVALIDATED_NO_PHARMA,FALLBACK:AMBIGUOUS_NO_BRAND
211452,SOLOLGO FASH WASH EMPTY,MAYBE_PRODUCT,default_no_evidence,KEEP REVIEW,INSUFFICIENT_EVIDENCE,FALLBACK:AMBIGUOUS_NO_BRAND
211760,ROSAVAZ EZ 10/S,MAYBE_PRODUCT,default_no_evidence,KEEP REVIEW,INSUFFICIENT_EVIDENCE,FALLBACK:AMBIGUOUS_NO_BRAND
212547,Clexon-60 2,MAYBE_PRODUCT,default_no_evidence,KEEP REVIEW,INSUFFICIENT_EVIDENCE,FALLBACK:AMBIGUOUS_NO_BRAND
212694,Digital Purchase ERP Ordering Healthcare QRCode on bills for extra earnings Call MARG 0224123514709136446844,MAYBE_PRODUCT,default_no_evidence,CANDIDATE FOR 1,COMPANY_ENTITY,FALLBACK:PHARMA_ENTITY
212749,MILTON LIFECARE PVT. LTD.,1,version_lag_already_caught,KEEP REVIEW,INSUFFICIENT_EVIDENCE,GARBAGE:pattern_garbage
212930,VICARETOTAL 1X10CAPSULE,MAYBE_PRODUCT,default_no_evidence,KEEP REVIEW,INSUFFICIENT_EVIDENCE,FALLBACK:AMBIGUOUS_NO_BRAND
213237,SUKHIJA MEDICOS,1,version_lag_already_caught,KEEP REVIEW,INSUFFICIENT_EVIDENCE,GARBAGE:pattern_garbage
213273,SUKHIJA MEDICOS,1,version_lag_already_caught,KEEP REVIEW,INSUFFICIENT_EVIDENCE,GARBAGE:pattern_garbage
213885,GENNOVA NEPHRO,MAYBE_PRODUCT,default_no_evidence,CANDIDATE FOR 1,COMPANY_DIVISION_PREFIX,FALLBACK:AMBIGUOUS_NO_BRAND
214390,EOPTAL0450TAB 10T,MAYBE_PRODUCT,default_no_evidence,KEEP REVIEW,INSUFFICIENT_EVIDENCE,FALLBACK:AMBIGUOUS_NO_BRAND
214497,TOUSTAR PEN 1 pie,MAYBE_PRODUCT,default_no_evidence,KEEP REVIEW,INSUFFICIENT_EVIDENCE,FALLBACK:AMBIGUOUS_NO_BRAND
214880,VANIYAPURACKAL AGENCIES,1,version_lag_already_caught,KEEP REVIEW,INSUFFICIENT_EVIDENCE,GARBAGE:pattern_garbage
214898,VANIYAPURACKAL AGENCIES,1,version_lag_already_caught,KEEP REVIEW,INSUFFICIENT_EVIDENCE,GARBAGE:pattern_garbage
215526,PURC 0 SALE 0 STOCK 0,MAYBE_PRODUCT,default_no_evidence,KEEP REVIEW,INSUFFICIENT_EVIDENCE,FALLBACK:AMBIGUOUS_NO_BRAND
215529,Report End 2 Records,MAYBE_PRODUCT,default_no_evidence,KEEP REVIEW,INSUFFICIENT_EVIDENCE,FALLBACK:AMBIGUOUS_NO_BRAND
215530,Prepared by Amit Durgavali on 01-Sep-2026 1132 From System Gd6,MAYBE_PRODUCT,default_no_evidence,KEEP REVIEW,INSUFFICIENT_EVIDENCE,FALLBACK:AMBIGUOUS_NO_BRAND
215531,This is a Computer Generated Report Which Does Not Require Stamp or Signature,MAYBE_PRODUCT,default_no_evidence,KEEP REVIEW,INSUFFICIENT_EVIDENCE,FALLBACK:AMBIGUOUS_NO_BRAND
215626,End Of Report,MAYBE_PRODUCT,default_no_evidence,KEEP REVIEW,INSUFFICIENT_EVIDENCE,FALLBACK:AMBIGUOUS_NO_BRAND
216471,ALLSTAR R INSULIN PEN 1,MAYBE_PRODUCT,default_no_evidence,KEEP REVIEW,INSUFFICIENT_EVIDENCE,FALLBACK:AMBIGUOUS_NO_BRAND
216488,LANTUS V100 SOLOSTAR 1,MAYBE_PRODUCT,default_no_evidence,KEEP REVIEW,INSUFFICIENT_EVIDENCE,FALLBACK:AMBIGUOUS_NO_BRAND
216491,TOUJEO-CARTRIDGE 1.,MAYBE_PRODUCT,default_no_evidence,KEEP REVIEW,INSUFFICIENT_EVIDENCE,FALLBACK:AMBIGUOUS_NO_BRAND
216947,TOUSTAR PEN 1 PEN,MAYBE_PRODUCT,default_no_evidence,KEEP REVIEW,INSUFFICIENT_EVIDENCE,FALLBACK:AMBIGUOUS_NO_BRAND
216987,ALLSTAR PEN 1 PEC,MAYBE_PRODUCT,default_no_evidence,KEEP REVIEW,INSUFFICIENT_EVIDENCE,FALLBACK:AMBIGUOUS_NO_BRAND
216989,APIDRA SOLOSTAR PEN,MAYBE_PRODUCT,default_no_evidence,KEEP REVIEW,INSUFFICIENT_EVIDENCE,FALLBACK:AMBIGUOUS_NO_BRAND
216991,LANTUS SOLOSTAR PEN,MAYBE_PRODUCT,default_no_evidence,KEEP REVIEW,INSUFFICIENT_EVIDENCE,FALLBACK:AMBIGUOUS_NO_BRAND
218631,LANTUS-OPTISET I UNIT,MAYBE_PRODUCT,default_no_evidence,CANDIDATE FOR 1,INVALIDATED_NO_PHARMA,FALLBACK:AMBIGUOUS_NO_BRAND
219924,ZZZZZZ 10699,1,zzzzzz_ocr_placeholder,CANDIDATE FOR 1,NO_VOWEL_OCR_NOISE,FALLBACK:AMBIGUOUS_NO_BRAND
221222,ZZZZZZ 9292,1,zzzzzz_ocr_placeholder,CANDIDATE FOR 1,NO_VOWEL_OCR_NOISE,FALLBACK:AMBIGUOUS_NO_BRAND
221547,MILTON LIFECARE PVT. LTD.,1,version_lag_already_caught,KEEP REVIEW,INSUFFICIENT_EVIDENCE,GARBAGE:pattern_garbage
223079,GUPTA BROTHERS,MAYBE_PRODUCT,default_no_evidence,KEEP REVIEW,INSUFFICIENT_EVIDENCE,FALLBACK:AMBIGUOUS_NO_BRAND
223107,GUPTA BROTHERS,MAYBE_PRODUCT,default_no_evidence,KEEP REVIEW,INSUFFICIENT_EVIDENCE,FALLBACK:AMBIGUOUS_NO_BRAND
224408,J J PHARMACEUTICALS,MAYBE_PRODUCT,default_no_evidence,CANDIDATE FOR 1,COMPANY_ENTITY,FALLBACK:PHARMA_ENTITY
224449,J J PHARMACEUTICALS,MAYBE_PRODUCT,default_no_evidence,CANDIDATE FOR 1,COMPANY_ENTITY,FALLBACK:PHARMA_ENTITY
224450,Digital Purchase ERP Ordering Healthcare QRCode on bills for extra earnings Call MARG 9812818800,MAYBE_PRODUCT,default_no_evidence,CANDIDATE FOR 1,COMPANY_ENTITY,FALLBACK:PHARMA_ENTITY
224602,End Of Report,MAYBE_PRODUCT,default_no_evidence,KEEP REVIEW,INSUFFICIENT_EVIDENCE,FALLBACK:AMBIGUOUS_NO_BRAND
225145,TORPIZONE 150,MAYBE_PRODUCT,default_no_evidence,KEEP REVIEW,INSUFFICIENT_EVIDENCE,FALLBACK:AMBIGUOUS_NO_BRAND
225555,ZZZZZZ 4761,1,zzzzzz_ocr_placeholder,CANDIDATE FOR 1,NO_VOWEL_OCR_NOISE,FALLBACK:AMBIGUOUS_NO_BRAND
225556,ZZZZZZ 4762,1,zzzzzz_ocr_placeholder,CANDIDATE FOR 1,NO_VOWEL_OCR_NOISE,FALLBACK:AMBIGUOUS_NO_BRAND
225557,ZZZZZZ 4763,1,zzzzzz_ocr_placeholder,CANDIDATE FOR 1,NO_VOWEL_OCR_NOISE,FALLBACK:AMBIGUOUS_NO_BRAND
225558,ZZZZZZ 4764,1,zzzzzz_ocr_placeholder,CANDIDATE FOR 1,NO_VOWEL_OCR_NOISE,FALLBACK:AMBIGUOUS_NO_BRAND
225559,ZZZZZZ 4765,1,zzzzzz_ocr_placeholder,CANDIDATE FOR 1,NO_VOWEL_OCR_NOISE,FALLBACK:AMBIGUOUS_NO_BRAND
225560,ZZZZZZ 4803,1,zzzzzz_ocr_placeholder,CANDIDATE FOR 1,NO_VOWEL_OCR_NOISE,FALLBACK:AMBIGUOUS_NO_BRAND
225561,ZZZZZZ 4804,1,zzzzzz_ocr_placeholder,CANDIDATE FOR 1,NO_VOWEL_OCR_NOISE,FALLBACK:AMBIGUOUS_NO_BRAND
225562,ZZZZZZ 4805,1,zzzzzz_ocr_placeholder,CANDIDATE FOR 1,NO_VOWEL_OCR_NOISE,FALLBACK:AMBIGUOUS_NO_BRAND
226228,ZZZZZZ 6254,1,zzzzzz_ocr_placeholder,CANDIDATE FOR 1,NO_VOWEL_OCR_NOISE,FALLBACK:AMBIGUOUS_NO_BRAND
226229,ZZZZZZ 6255,1,zzzzzz_ocr_placeholder,CANDIDATE FOR 1,NO_VOWEL_OCR_NOISE,FALLBACK:AMBIGUOUS_NO_BRAND
227212,GLIPSOVTAB,MAYBE_PRODUCT,default_no_evidence,KEEP REVIEW,INSUFFICIENT_EVIDENCE,FALLBACK:AMBIGUOUS_NO_BRAND
227304,Expired Expiry Less Than 30 Expiry Less Than 60 Expiry Less Than 90,MAYBE_PRODUCT,default_no_evidence,KEEP REVIEW,INSUFFICIENT_EVIDENCE,FALLBACK:AMBIGUOUS_NO_BRAND
227506,Batch FT40725002 Stock 1 ExPDt 01/27 MRP 60.96 Value 41.80,MAYBE_PRODUCT,default_no_evidence,KEEP REVIEW,INSUFFICIENT_EVIDENCE,FALLBACK:AMBIGUOUS_NO_BRAND
227774,Batch EPAN24002 Stock 7 ExPDt 12/26 MRP 99.52 Value 477.68,MAYBE_PRODUCT,default_no_evidence,KEEP REVIEW,INSUFFICIENT_EVIDENCE,FALLBACK:AMBIGUOUS_NO_BRAND
227776,Batch EPAO24004 Stock 1 ExPDt 02/27 MRP 179.30 Value 122.95,MAYBE_PRODUCT,default_no_evidence,KEEP REVIEW,INSUFFICIENT_EVIDENCE,FALLBACK:AMBIGUOUS_NO_BRAND
227780,Batch ADE02AEA Stock 1 ExPDt 03/27 MRP 168.70 Value 115.68,MAYBE_PRODUCT,default_no_evidence,KEEP REVIEW,INSUFFICIENT_EVIDENCE,FALLBACK:AMBIGUOUS_NO_BRAND
227788,Batch EPWEZ24001 Stock 12 ExPDt 03/27 MRP 150.78 Value 1240.68,MAYBE_PRODUCT,default_no_evidence,KEEP REVIEW,INSUFFICIENT_EVIDENCE,FALLBACK:AMBIGUOUS_NO_BRAND
227791,Batch EPWFQ24002 Stock 11 ExPDt 03/27 MRP 145.05 Value 1094.06,MAYBE_PRODUCT,default_no_evidence,KEEP REVIEW,INSUFFICIENT_EVIDENCE,FALLBACK:AMBIGUOUS_NO_BRAND
227794,Batch ADD02AEA Stock 1 ExPDt 03/27 MRP 131.30 Value 90.03,MAYBE_PRODUCT,default_no_evidence,KEEP REVIEW,INSUFFICIENT_EVIDENCE,FALLBACK:AMBIGUOUS_NO_BRAND
228090,GEN 6.4 25,MAYBE_PRODUCT,default_no_evidence,KEEP REVIEW,INSUFFICIENT_EVIDENCE,FALLBACK:AMBIGUOUS_NO_BRAND
228132,ZILABARI CN 10 15,MAYBE_PRODUCT,default_no_evidence,KEEP REVIEW,INSUFFICIENT_EVIDENCE,FALLBACK:AMBIGUOUS_NO_BRAND
228818,TRANSIT VALUE,MAYBE_PRODUCT,default_no_evidence,KEEP REVIEW,INSUFFICIENT_EVIDENCE,FALLBACK:AMBIGUOUS_NO_BRAND
229803,REEFIUM D3 10,MAYBE_PRODUCT,default_no_evidence,KEEP REVIEW,INSUFFICIENT_EVIDENCE,FALLBACK:AMBIGUOUS_NO_BRAND
230881,VERTEX,MAYBE_PRODUCT,default_no_evidence,KEEP REVIEW,INSUFFICIENT_EVIDENCE,FALLBACK:AMBIGUOUS_NO_BRAND
232911,A.C. DISTRIBUTORS,1,version_lag_already_caught,KEEP REVIEW,INSUFFICIENT_EVIDENCE,GARBAGE:pattern_garbage
232949,A.C. DISTRIBUTORS,1,version_lag_already_caught,KEEP REVIEW,INSUFFICIENT_EVIDENCE,GARBAGE:pattern_garbage
232999,A.C. DISTRIBUTORS,1,version_lag_already_caught,KEEP REVIEW,INSUFFICIENT_EVIDENCE,GARBAGE:pattern_garbage
234465,EMCUTIX SKIN NOVA,MAYBE_PRODUCT,default_no_evidence,CANDIDATE FOR 1,COMPANY_DIVISION_PREFIX,FALLBACK:AMBIGUOUS_NO_BRAND
235770,CARD.PROTECT 2.5/1 1X10T,MAYBE_PRODUCT,default_no_evidence,KEEP REVIEW,INSUFFICIENT_EVIDENCE,FALLBACK:AMBIGUOUS_NO_BRAND
235771,CARD.PROTECT 5/10 1X10T,MAYBE_PRODUCT,default_no_evidence,KEEP REVIEW,INSUFFICIENT_EVIDENCE,FALLBACK:AMBIGUOUS_NO_BRAND
236395,MACRABERIN M 1,MAYBE_PRODUCT,default_no_evidence,KEEP REVIEW,INSUFFICIENT_EVIDENCE,FALLBACK:AMBIGUOUS_NO_BRAND
236963,ABBOTT HELT CNS,MAYBE_PRODUCT,default_no_evidence,KEEP REVIEW,INSUFFICIENT_EVIDENCE,FALLBACK:AMBIGUOUS_NO_BRAND
237549,Our Software MARG Erp 9538897115,MAYBE_PRODUCT,default_no_evidence,KEEP REVIEW,INSUFFICIENT_EVIDENCE,FALLBACK:AMBIGUOUS_NO_BRAND
238362,Digital Purchase ERP Ordering Healthcare QRCode on bills for extra earnings Call MARG 036124650258876585025,MAYBE_PRODUCT,default_no_evidence,CANDIDATE FOR 1,COMPANY_ENTITY,FALLBACK:PHARMA_ENTITY
238387,Digital Purchase ERP Ordering Healthcare QRCode on bills for extra earnings Call MARG 036124650258876585025,MAYBE_PRODUCT,default_no_evidence,CANDIDATE FOR 1,COMPANY_ENTITY,FALLBACK:PHARMA_ENTITY
238717,USHA DRUG AGENCY,MAYBE_PRODUCT,default_no_evidence,KEEP REVIEW,INSUFFICIENT_EVIDENCE,FALLBACK:DISTRIBUTION_ENTITY
238719,Our Software MARG Erp 748803336891170000419117000042,MAYBE_PRODUCT,default_no_evidence,KEEP REVIEW,INSUFFICIENT_EVIDENCE,FALLBACK:AMBIGUOUS_NO_BRAND
241038,FEMCURA PHARMACEUTICALS PVT LTD (874) --,MAYBE_PRODUCT,default_no_evidence,CANDIDATE FOR 1,COMPANY_ENTITY,FALLBACK:PHARMA_ENTITY
241041,MYOFOLIC HD SACHETS . --,MAYBE_PRODUCT,default_no_evidence,KEEP REVIEW,INSUFFICIENT_EVIDENCE,FALLBACK:AMBIGUOUS_NO_BRAND
241042,MYOFOLIC OBIS . --,MAYBE_PRODUCT,default_no_evidence,KEEP REVIEW,INSUFFICIENT_EVIDENCE,FALLBACK:AMBIGUOUS_NO_BRAND
241043,NVP CARE OD . --,MAYBE_PRODUCT,default_no_evidence,KEEP REVIEW,INSUFFICIENT_EVIDENCE,FALLBACK:AMBIGUOUS_NO_BRAND
241045,UTI SAFE-KM SACHETS . --,MAYBE_PRODUCT,default_no_evidence,KEEP REVIEW,INSUFFICIENT_EVIDENCE,FALLBACK:AMBIGUOUS_NO_BRAND
243731,GAYATHRI MEDICAL AGENCIES,1,version_lag_already_caught,KEEP REVIEW,INSUFFICIENT_EVIDENCE,GARBAGE:pattern_garbage
243771,GAYATHRI MEDICAL AGENCIES,1,version_lag_already_caught,KEEP REVIEW,INSUFFICIENT_EVIDENCE,GARBAGE:pattern_garbage
243831,GAYATHRI MEDICAL AGENCIES,1,version_lag_already_caught,KEEP REVIEW,INSUFFICIENT_EVIDENCE,GARBAGE:pattern_garbage
243866,GAYATHRI MEDICAL AGENCIES,1,version_lag_already_caught,KEEP REVIEW,INSUFFICIENT_EVIDENCE,GARBAGE:pattern_garbage
243921,GAYATHRI MEDICAL AGENCIES,1,version_lag_already_caught,KEEP REVIEW,INSUFFICIENT_EVIDENCE,GARBAGE:pattern_garbage
243947,Digital Purchase ERP Ordering Healthcare QRCode on bills for extra earnings Call MARG 9989711318,MAYBE_PRODUCT,default_no_evidence,CANDIDATE FOR 1,COMPANY_ENTITY,FALLBACK:PHARMA_ENTITY
243963,VYLDADM --,MAYBE_PRODUCT,default_no_evidence,KEEP REVIEW,INSUFFICIENT_EVIDENCE,FALLBACK:AMBIGUOUS_NO_BRAND
244277,GAYATHRI MEDICAL AGENCIES,1,version_lag_already_caught,KEEP REVIEW,INSUFFICIENT_EVIDENCE,GARBAGE:pattern_garbage
244317,GAYATHRI MEDICAL AGENCIES,1,version_lag_already_caught,KEEP REVIEW,INSUFFICIENT_EVIDENCE,GARBAGE:pattern_garbage
244377,GAYATHRI MEDICAL AGENCIES,1,version_lag_already_caught,KEEP REVIEW,INSUFFICIENT_EVIDENCE,GARBAGE:pattern_garbage
244412,GAYATHRI MEDICAL AGENCIES,1,version_lag_already_caught,KEEP REVIEW,INSUFFICIENT_EVIDENCE,GARBAGE:pattern_garbage
244467,GAYATHRI MEDICAL AGENCIES,1,version_lag_already_caught,KEEP REVIEW,INSUFFICIENT_EVIDENCE,GARBAGE:pattern_garbage
244493,Digital Purchase ERP Ordering Healthcare QRCode on bills for extra earnings Call MARG 9989711318,MAYBE_PRODUCT,default_no_evidence,CANDIDATE FOR 1,COMPANY_ENTITY,FALLBACK:PHARMA_ENTITY
245786,GEENOVA BIOPHARMACEUTICALS,MAYBE_PRODUCT,default_no_evidence,KEEP REVIEW,INSUFFICIENT_EVIDENCE,FALLBACK:AMBIGUOUS_NO_BRAND
245801,ROCHE NEPHROLOGY,MAYBE_PRODUCT,default_no_evidence,KEEP REVIEW,INSUFFICIENT_EVIDENCE,FALLBACK:AMBIGUOUS_NO_BRAND
246025,BIOLINE WHITE P JELLY,MAYBE_PRODUCT,default_no_evidence,KEEP REVIEW,INSUFFICIENT_EVIDENCE,FALLBACK:AMBIGUOUS_NO_BRAND
246026,CATH DOUBLE LUMAN HD CATH 1,MAYBE_PRODUCT,default_no_evidence,KEEP REVIEW,INSUFFICIENT_EVIDENCE,FALLBACK:AMBIGUOUS_NO_BRAND
246028,CATH PAED.HD 8.5FR11CM 1,MAYBE_PRODUCT,default_no_evidence,KEEP REVIEW,INSUFFICIENT_EVIDENCE,FALLBACK:AMBIGUOUS_NO_BRAND
246482,EMCEE,MAYBE_PRODUCT,default_no_evidence,KEEP REVIEW,INSUFFICIENT_EVIDENCE,FALLBACK:VERY_SHORT
247186,GENNOVA BIOPHARAMACEUTI,MAYBE_PRODUCT,default_no_evidence,CANDIDATE FOR 1,COMPANY_DIVISION_PREFIX,FALLBACK:AMBIGUOUS_NO_BRAND
248063,OROFERXTSUSPENSION 200,MAYBE_PRODUCT,default_no_evidence,KEEP REVIEW,INSUFFICIENT_EVIDENCE,FALLBACK:AMBIGUOUS_NO_BRAND
248200,MEGA FREEFLEX 1X10S,MAYBE_PRODUCT,default_no_evidence,KEEP REVIEW,INSUFFICIENT_EVIDENCE,FALLBACK:AMBIGUOUS_NO_BRAND
249697,GENNOVA-STRKE CARE,MAYBE_PRODUCT,default_no_evidence,CANDIDATE FOR 1,COMPANY_DIVISION_PREFIX,FALLBACK:AMBIGUOUS_NO_BRAND
249762,ACEGABA100MG TABS15S,MAYBE_PRODUCT,default_no_evidence,KEEP REVIEW,INSUFFICIENT_EVIDENCE,FALLBACK:AMBIGUOUS_NO_BRAND
250718,VICAREBLISS 0,MAYBE_PRODUCT,default_no_evidence,KEEP REVIEW,INSUFFICIENT_EVIDENCE,FALLBACK:AMBIGUOUS_NO_BRAND
250719,VICARETOTAL 0,MAYBE_PRODUCT,default_no_evidence,KEEP REVIEW,INSUFFICIENT_EVIDENCE,FALLBACK:AMBIGUOUS_NO_BRAND
250721,PHARMA DIVISION,1,division_company_header,CANDIDATE FOR 1,PHARMA_COMPANY_NAME,FALLBACK:STRUCTURAL_KW
250817,Digital Purchase ERP Ordering Healthcare QRCode on bills for extra earnings Call MARG 967483170388206565659749051004,MAYBE_PRODUCT,default_no_evidence,CANDIDATE FOR 1,COMPANY_ENTITY,FALLBACK:PHARMA_ENTITY
250901,PH BAR75 GM,MAYBE_PRODUCT,default_no_evidence,KEEP REVIEW,INSUFFICIENT_EVIDENCE,FALLBACK:AMBIGUOUS_NO_BRAND
250935,UNICOBAL FORT1X10T,MAYBE_PRODUCT,default_no_evidence,KEEP REVIEW,INSUFFICIENT_EVIDENCE,FALLBACK:AMBIGUOUS_NO_BRAND
251094,CITOLAC ER 300 UNSURE,MAYBE_PRODUCT,default_no_evidence,KEEP REVIEW,INSUFFICIENT_EVIDENCE,FALLBACK:AMBIGUOUS_NO_BRAND
251129,RAVAIS VACSIN UNSURE,MAYBE_PRODUCT,default_no_evidence,KEEP REVIEW,INSUFFICIENT_EVIDENCE,FALLBACK:AMBIGUOUS_NO_BRAND
251138,UPRISE D3 1 K UNSURE,MAYBE_PRODUCT,default_no_evidence,KEEP REVIEW,INSUFFICIENT_EVIDENCE,FALLBACK:AMBIGUOUS_NO_BRAND
251282,TAMFLO 0.4 UNSURE,MAYBE_PRODUCT,default_no_evidence,KEEP REVIEW,INSUFFICIENT_EVIDENCE,FALLBACK:AMBIGUOUS_NO_BRAND
251819,GURUKRIPA PHARMACEUTICALS,MAYBE_PRODUCT,default_no_evidence,CANDIDATE FOR 1,COMPANY_ENTITY,FALLBACK:PHARMA_ENTITY
251873,GURUKRIPA PHARMACEUTICALS,MAYBE_PRODUCT,default_no_evidence,CANDIDATE FOR 1,COMPANY_ENTITY,FALLBACK:PHARMA_ENTITY
251928,GURUKRIPA PHARMACEUTICALS,MAYBE_PRODUCT,default_no_evidence,CANDIDATE FOR 1,COMPANY_ENTITY,FALLBACK:PHARMA_ENTITY
251965,GURUKRIPA PHARMACEUTICALS,MAYBE_PRODUCT,default_no_evidence,CANDIDATE FOR 1,COMPANY_ENTITY,FALLBACK:PHARMA_ENTITY
252135,ROSUVAS F 20,MAYBE_PRODUCT,default_no_evidence,KEEP REVIEW,INSUFFICIENT_EVIDENCE,FALLBACK:AMBIGUOUS_NO_BRAND
252153,HINDUSTAN DRUGS AND SURGICALS,MAYBE_PRODUCT,default_no_evidence,KEEP REVIEW,INSUFFICIENT_EVIDENCE,FALLBACK:AMBIGUOUS_NO_BRAND
252205,HINDUSTAN DRUGS AND SURGICALS,MAYBE_PRODUCT,default_no_evidence,KEEP REVIEW,INSUFFICIENT_EVIDENCE,FALLBACK:AMBIGUOUS_NO_BRAND
252642,KLAP 10T,MAYBE_PRODUCT,default_no_evidence,KEEP REVIEW,INSUFFICIENT_EVIDENCE,FALLBACK:AMBIGUOUS_NO_BRAND
253103,EMSITA50TAB,MAYBE_PRODUCT,default_no_evidence,KEEP REVIEW,INSUFFICIENT_EVIDENCE,FALLBACK:AMBIGUOUS_NO_BRAND
253751,PURC 0 SALE 35139 STOCK 36672 STK120 478 LZSTK 3470,MAYBE_PRODUCT,default_no_evidence,KEEP REVIEW,INSUFFICIENT_EVIDENCE,FALLBACK:AMBIGUOUS_NO_BRAND
253787,PURC 0 SALE 68355 STOCK 40631 STK120 2257 EXP6M 1939 LZSTK 3302,MAYBE_PRODUCT,default_no_evidence,KEEP REVIEW,INSUFFICIENT_EVIDENCE,FALLBACK:AMBIGUOUS_NO_BRAND
253794,PURC 0 SALE 3095 STOCK 5883 STK120 502 LZSTK 502,MAYBE_PRODUCT,default_no_evidence,KEEP REVIEW,INSUFFICIENT_EVIDENCE,FALLBACK:AMBIGUOUS_NO_BRAND
253816,PURC 0 SALE 24080 STOCK 72582 STK120 3999 LZSTK 14356,MAYBE_PRODUCT,default_no_evidence,KEEP REVIEW,INSUFFICIENT_EVIDENCE,FALLBACK:AMBIGUOUS_NO_BRAND
253819,PURC 0 SALE 0 STOCK 0,MAYBE_PRODUCT,default_no_evidence,KEEP REVIEW,INSUFFICIENT_EVIDENCE,FALLBACK:AMBIGUOUS_NO_BRAND
253827,PURC 0 SALE 6402 STOCK 4226,MAYBE_PRODUCT,default_no_evidence,KEEP REVIEW,INSUFFICIENT_EVIDENCE,FALLBACK:AMBIGUOUS_NO_BRAND
253860,PURC 0 SALE 104392 STOCK 60771 STK120 643 LZSTK 490,MAYBE_PRODUCT,default_no_evidence,KEEP REVIEW,INSUFFICIENT_EVIDENCE,FALLBACK:AMBIGUOUS_NO_BRAND
253882,PURC 0 SALE 216451 STOCK 119400 LZSTK 3290,MAYBE_PRODUCT,default_no_evidence,KEEP REVIEW,INSUFFICIENT_EVIDENCE,FALLBACK:AMBIGUOUS_NO_BRAND
253932,PURC 0 SALE 283360 STOCK 165798 STK120 639 EXP6M 2144 LZSTK 4931,MAYBE_PRODUCT,default_no_evidence,KEEP REVIEW,INSUFFICIENT_EVIDENCE,FALLBACK:AMBIGUOUS_NO_BRAND
253933,Please clear following Debit Notes immediately..,MAYBE_PRODUCT,default_no_evidence,KEEP REVIEW,INSUFFICIENT_EVIDENCE,FALLBACK:AMBIGUOUS_NO_BRAND
253934,Pending Dr.Notes - Date - NetAmt 21987.00,MAYBE_PRODUCT,default_no_evidence,KEEP REVIEW,INSUFFICIENT_EVIDENCE,FALLBACK:AMBIGUOUS_NO_BRAND
253949,PURC 0 SALE 52292 STOCK 43784 STK120 5158 LZSTK 16823,MAYBE_PRODUCT,default_no_evidence,KEEP REVIEW,INSUFFICIENT_EVIDENCE,FALLBACK:AMBIGUOUS_NO_BRAND
253974,PURC 0 SALE 22252 STOCK 13170 STK120 2169 LZSTK 2955,MAYBE_PRODUCT,default_no_evidence,KEEP REVIEW,INSUFFICIENT_EVIDENCE,FALLBACK:AMBIGUOUS_NO_BRAND
253975,Please clear following Debit Notes immediately..,MAYBE_PRODUCT,default_no_evidence,KEEP REVIEW,INSUFFICIENT_EVIDENCE,FALLBACK:AMBIGUOUS_NO_BRAND
253976,Pending Dr.Notes - Date - NetAmt 2321.00,MAYBE_PRODUCT,default_no_evidence,KEEP REVIEW,INSUFFICIENT_EVIDENCE,FALLBACK:AMBIGUOUS_NO_BRAND
253977,EMCUTIX 08/08/26 2321.00,MAYBE_PRODUCT,default_no_evidence,CANDIDATE FOR 1,COMPANY_DIVISION_PREFIX,FALLBACK:AMBIGUOUS_NO_BRAND
254037,PURC 0 SALE 141428 STOCK 120300 STK120 5133 EXP6M 186 LZSTK 6606,MAYBE_PRODUCT,default_no_evidence,KEEP REVIEW,INSUFFICIENT_EVIDENCE,FALLBACK:AMBIGUOUS_NO_BRAND
254045,PURC 0 SALE 24898 STOCK 11858 STK120 3251 LZSTK 3251,MAYBE_PRODUCT,default_no_evidence,KEEP REVIEW,INSUFFICIENT_EVIDENCE,FALLBACK:AMBIGUOUS_NO_BRAND
254046,PURC 0 SALE 982143 STOCK 695073 STK120 24229 EXP6M 4268 LZSTK 59975,MAYBE_PRODUCT,default_no_evidence,KEEP REVIEW,INSUFFICIENT_EVIDENCE,FALLBACK:AMBIGUOUS_NO_BRAND
254049,Report End 286 Records,MAYBE_PRODUCT,default_no_evidence,KEEP REVIEW,INSUFFICIENT_EVIDENCE,FALLBACK:AMBIGUOUS_NO_BRAND
254051,This is a computer-generated report that does not require a stamp orsignature,MAYBE_PRODUCT,default_no_evidence,KEEP REVIEW,INSUFFICIENT_EVIDENCE,FALLBACK:AMBIGUOUS_NO_BRAND
254179,MILTON LIFECARE PVT. LTD.,1,version_lag_already_caught,KEEP REVIEW,INSUFFICIENT_EVIDENCE,GARBAGE:pattern_garbage
254680,Totals358414,1,financial_aggregate,KEEP REVIEW,INSUFFICIENT_EVIDENCE,FALLBACK:AMBIGUOUS_NO_BRAND
254750,ZILLIA M2 T 10T,MAYBE_PRODUCT,default_no_evidence,KEEP REVIEW,INSUFFICIENT_EVIDENCE,FALLBACK:AMBIGUOUS_NO_BRAND
254942,LACTODEX MF 20X1G 20,MAYBE_PRODUCT,default_no_evidence,KEEP REVIEW,INSUFFICIENT_EVIDENCE,FALLBACK:AMBIGUOUS_NO_BRAND
254950,PROBLAST-XT 10T,MAYBE_PRODUCT,default_no_evidence,KEEP REVIEW,INSUFFICIENT_EVIDENCE,FALLBACK:AMBIGUOUS_NO_BRAND
254961,SPORLAC GG SAHET 10T,MAYBE_PRODUCT,default_no_evidence,KEEP REVIEW,INSUFFICIENT_EVIDENCE,FALLBACK:AMBIGUOUS_NO_BRAND
255022,HUMINSULIN 30/70 1,MAYBE_PRODUCT,default_no_evidence,KEEP REVIEW,INSUFFICIENT_EVIDENCE,FALLBACK:AMBIGUOUS_NO_BRAND
255088,EMCUR-SANOFI,MAYBE_PRODUCT,default_no_evidence,CANDIDATE FOR 1,INVALIDATED_NO_PHARMA,GARBAGE:pattern_garbage
256198,GENNOVA ONCOCARE LTD,1,version_lag_already_caught,CANDIDATE FOR 1,COMPANY_DIVISION_PREFIX,GARBAGE:pattern_garbage
256201,GENNOVA RENOVA,MAYBE_PRODUCT,default_no_evidence,CANDIDATE FOR 1,COMPANY_DIVISION_PREFIX,FALLBACK:AMBIGUOUS_NO_BRAND
256210,GENNOVA REVIVA,MAYBE_PRODUCT,default_no_evidence,CANDIDATE FOR 1,COMPANY_DIVISION_PREFIX,FALLBACK:AMBIGUOUS_NO_BRAND
256334,ADITI MEDICAL AGENCY,MAYBE_PRODUCT,default_no_evidence,KEEP REVIEW,INSUFFICIENT_EVIDENCE,FALLBACK:DISTRIBUTION_ENTITY
256660,Totals 16639.00 26079.00 23490.00 14902.69,1,financial_aggregate,KEEP REVIEW,INSUFFICIENT_EVIDENCE,FALLBACK:AMBIGUOUS_NO_BRAND
257017,SATRVOG M.02 10,MAYBE_PRODUCT,default_no_evidence,KEEP REVIEW,INSUFFICIENT_EVIDENCE,FALLBACK:AMBIGUOUS_NO_BRAND
257021,STARVOG M 0.3 10,MAYBE_PRODUCT,default_no_evidence,KEEP REVIEW,INSUFFICIENT_EVIDENCE,FALLBACK:AMBIGUOUS_NO_BRAND
257409,GENNOVA,MAYBE_PRODUCT,default_no_evidence,CANDIDATE FOR 1,COMPANY_DIVISION_PREFIX,FALLBACK:AMBIGUOUS_NO_BRAND
257792,Pack OpStk Qty,MAYBE_PRODUCT,default_no_evidence,KEEP REVIEW,INSUFFICIENT_EVIDENCE,FALLBACK:AMBIGUOUS_NO_BRAND
259075,TOTALCAL D3 20,MAYBE_PRODUCT,default_no_evidence,KEEP REVIEW,INSUFFICIENT_EVIDENCE,FALLBACK:AMBIGUOUS_NO_BRAND
259239,XXXTEMSAN CT 6.25 10,MAYBE_PRODUCT,default_no_evidence,KEEP REVIEW,INSUFFICIENT_EVIDENCE,FALLBACK:AMBIGUOUS_NO_BRAND
259421,End Of Report,MAYBE_PRODUCT,default_no_evidence,KEEP REVIEW,INSUFFICIENT_EVIDENCE,FALLBACK:AMBIGUOUS_NO_BRAND
260082,Import Purchase ONLINE No Manual Entry MARG ERP Rs.5550 StocksAccountsGST Call 88661691569879187362,MAYBE_PRODUCT,default_no_evidence,KEEP REVIEW,INSUFFICIENT_EVIDENCE,FALLBACK:STRUCTURAL_KW
261778,NEW JAIN PHARMA DISTRIBUTORS,1,version_lag_already_caught,CANDIDATE FOR 1,INVALIDATED_NO_PHARMA,GARBAGE:pattern_garbage
262521,OLVANCE AM 40,MAYBE_PRODUCT,default_no_evidence,KEEP REVIEW,INSUFFICIENT_EVIDENCE,FALLBACK:AMBIGUOUS_NO_BRAND
264834,Opn Stk,MAYBE_PRODUCT,default_no_evidence,KEEP REVIEW,INSUFFICIENT_EVIDENCE,FALLBACK:AMBIGUOUS_NO_BRAND
265640,GENNOVA-DIALYSIS,MAYBE_PRODUCT,default_no_evidence,CANDIDATE FOR 1,COMPANY_DIVISION_PREFIX,FALLBACK:AMBIGUOUS_NO_BRAND
265732,MILTON LIFECARE PVT. LTD.,1,version_lag_already_caught,KEEP REVIEW,INSUFFICIENT_EVIDENCE,GARBAGE:pattern_garbage
268977,OCOTECUT,MAYBE_PRODUCT,default_no_evidence,KEEP REVIEW,INSUFFICIENT_EVIDENCE,FALLBACK:AMBIGUOUS_NO_BRAND
269216,MATERNAHCG10000 HP 1V,MAYBE_PRODUCT,default_no_evidence,KEEP REVIEW,INSUFFICIENT_EVIDENCE,FALLBACK:AMBIGUOUS_NO_BRAND
272356,GENERAL --,MAYBE_PRODUCT,default_no_evidence,KEEP REVIEW,INSUFFICIENT_EVIDENCE,FALLBACK:AMBIGUOUS_NO_BRAND
272368,GENERAL,MAYBE_PRODUCT,default_no_evidence,KEEP REVIEW,INSUFFICIENT_EVIDENCE,FALLBACK:AMBIGUOUS_NO_BRAND
274036,Prepared by Ahmad Billing on 01-Sep-2026 14:44 From System Biomed 0,MAYBE_PRODUCT,default_no_evidence,KEEP REVIEW,INSUFFICIENT_EVIDENCE,FALLBACK:AMBIGUOUS_NO_BRAND
274037,This is a Computer Generated Report Which Does Not Require Stamp or Signature*** 0,MAYBE_PRODUCT,default_no_evidence,KEEP REVIEW,INSUFFICIENT_EVIDENCE,FALLBACK:AMBIGUOUS_NO_BRAND
274039,SALE : 120738.09 STOCK : 34498.80 EXSTK : 20066.40 STK120 : 23816.70 EXP6M : 23816.70 LZSTK : 10033.20 0,MAYBE_PRODUCT,default_no_evidence,KEEP REVIEW,INSUFFICIENT_EVIDENCE,FALLBACK:AMBIGUOUS_NO_BRAND
274048,Prepared by Ahmad Billing on 01-Sep-2026 14:44 From System Biomed 0,MAYBE_PRODUCT,default_no_evidence,KEEP REVIEW,INSUFFICIENT_EVIDENCE,FALLBACK:AMBIGUOUS_NO_BRAND
274049,This is a Computer Generated Report Which Does Not Require Stamp or Signature*** 0,MAYBE_PRODUCT,default_no_evidence,KEEP REVIEW,INSUFFICIENT_EVIDENCE,FALLBACK:AMBIGUOUS_NO_BRAND
275825,ALLSTAR PAN 1PIC,MAYBE_PRODUCT,default_no_evidence,KEEP REVIEW,INSUFFICIENT_EVIDENCE,FALLBACK:AMBIGUOUS_NO_BRAND
275886,LANTUS U 100 SOLOSTAR 1,MAYBE_PRODUCT,default_no_evidence,KEEP REVIEW,INSUFFICIENT_EVIDENCE,FALLBACK:AMBIGUOUS_NO_BRAND
276098,MIENTA PLUS,MAYBE_PRODUCT,default_no_evidence,KEEP REVIEW,INSUFFICIENT_EVIDENCE,FALLBACK:AMBIGUOUS_NO_BRAND
276347,FOLDABLE WHEEL CHAIR,MAYBE_PRODUCT,default_no_evidence,KEEP REVIEW,INSUFFICIENT_EVIDENCE,FALLBACK:AMBIGUOUS_NO_BRAND
276614,Sale of period 50164.15 GST 2508.20 Cumulative 0.00 Total stock as on :31/08/26 31928.06,1,financial_aggregate,CANDIDATE FOR 1,STRUCTURAL_KEYWORD,FALLBACK:STRUCTURAL_KW
276615,Total cost of near expiry items 0.00 Total cost of dump stock more than 60 days: 3084.18,1,financial_aggregate,CANDIDATE FOR 1,STRUCTURAL_KEYWORD,FALLBACK:STRUCTURAL_KW
276616,Purchase of period 54768.14 GSTBase 52029.72 GST 2738.42,MAYBE_PRODUCT,default_no_evidence,KEEP REVIEW,INSUFFICIENT_EVIDENCE,FALLBACK:STRUCTURAL_KW
276617,Total G/R credit for above period 0.00 Cumulative G/R credit 0.00,1,financial_aggregate,CANDIDATE FOR 1,STRUCTURAL_KEYWORD,FALLBACK:STRUCTURAL_KW
276618,Purchase INV.351007/08/2026 INV.386621/08/2026 INV.418431/08/2026,MAYBE_PRODUCT,default_no_evidence,KEEP REVIEW,INSUFFICIENT_EVIDENCE,FALLBACK:STRUCTURAL_KW
276619,SHIPRA MEDICAL STORE,1,supply_chain_entity,CANDIDATE FOR 1,SUPPLY_CHAIN_ENTITY,FALLBACK:DISTRIBUTION_ENTITY
276620,SHOP NO.G-1 SHRI GOVINDAM APARTMENT,MAYBE_PRODUCT,default_no_evidence,KEEP REVIEW,INSUFFICIENT_EVIDENCE,FALLBACK:AMBIGUOUS_NO_BRAND
276660,Sale of period 50454.62 GST 2522.70 Cumulative 0.00 Total stock as on :31/08/26 11390.70,1,financial_aggregate,CANDIDATE FOR 1,STRUCTURAL_KEYWORD,FALLBACK:STRUCTURAL_KW
276661,Total cost of near expiry items 0.00 Total cost of dump stock more than 60 days: 1062.50,1,financial_aggregate,CANDIDATE FOR 1,STRUCTURAL_KEYWORD,FALLBACK:STRUCTURAL_KW
276662,Purchase of period 19159.20 GSTBase 18201.22 GST 957.98,MAYBE_PRODUCT,default_no_evidence,KEEP REVIEW,INSUFFICIENT_EVIDENCE,FALLBACK:STRUCTURAL_KW
276663,Total G/R credit for above period 0.00 Cumulative G/R credit 0.00,1,financial_aggregate,CANDIDATE FOR 1,STRUCTURAL_KEYWORD,FALLBACK:STRUCTURAL_KW
276664,Purchase INV.351007/08/2026 INV.418431/08/2026,MAYBE_PRODUCT,default_no_evidence,KEEP REVIEW,INSUFFICIENT_EVIDENCE,FALLBACK:STRUCTURAL_KW
276665,SHIPRA MEDICAL STORE,1,supply_chain_entity,CANDIDATE FOR 1,SUPPLY_CHAIN_ENTITY,FALLBACK:DISTRIBUTION_ENTITY
276666,SHOP NO.G-1 SHRI GOVINDAM APARTMENT,MAYBE_PRODUCT,default_no_evidence,KEEP REVIEW,INSUFFICIENT_EVIDENCE,FALLBACK:AMBIGUOUS_NO_BRAND
276696,Sale of period 45173.83 GST 2258.64 Cumulative 0.00 Total stock as on :31/08/26 62814.80,1,financial_aggregate,CANDIDATE FOR 1,STRUCTURAL_KEYWORD,FALLBACK:STRUCTURAL_KW
276697,Total cost of near expiry items 0.00 Total cost of dump stock more than 60 days: 7752.04,1,financial_aggregate,CANDIDATE FOR 1,STRUCTURAL_KEYWORD,FALLBACK:STRUCTURAL_KW
276698,Purchase of period 30300.54 GSTBase 28785.50 GST 1515.04,MAYBE_PRODUCT,default_no_evidence,KEEP REVIEW,INSUFFICIENT_EVIDENCE,FALLBACK:STRUCTURAL_KW
276699,Total G/R credit for above period 0.00 Cumulative G/R credit 0.00,1,financial_aggregate,CANDIDATE FOR 1,STRUCTURAL_KEYWORD,FALLBACK:STRUCTURAL_KW
276700,Purchase INV.386621/08/2026 INV.386721/08/2026 INV.418431/08/2026 INV.418331/08/2026,MAYBE_PRODUCT,default_no_evidence,KEEP REVIEW,INSUFFICIENT_EVIDENCE,FALLBACK:STRUCTURAL_KW
276991,ZZZZZZZZZZZZTOPERIZONE D,1,zzzzzz_ocr_placeholder,KEEP REVIEW,INSUFFICIENT_EVIDENCE,FALLBACK:AMBIGUOUS_NO_BRAND
278417,ARAVA 10 1X30TAB,MAYBE_PRODUCT,default_no_evidence,KEEP REVIEW,INSUFFICIENT_EVIDENCE,FALLBACK:AMBIGUOUS_NO_BRAND
278547,FULL AM 24 1X10s,MAYBE_PRODUCT,default_no_evidence,KEEP REVIEW,INSUFFICIENT_EVIDENCE,FALLBACK:AMBIGUOUS_NO_BRAND
278583,LYXUMIA 20 SOLOSTAR 1X20UNIT,MAYBE_PRODUCT,default_no_evidence,KEEP REVIEW,INSUFFICIENT_EVIDENCE,FALLBACK:AMBIGUOUS_NO_BRAND
278697,TRICARDACE FORTE KIT 1KIT,MAYBE_PRODUCT,default_no_evidence,KEEP REVIEW,INSUFFICIENT_EVIDENCE,FALLBACK:AMBIGUOUS_NO_BRAND
278698,TRIOMEGA CD 1X10s,MAYBE_PRODUCT,default_no_evidence,KEEP REVIEW,INSUFFICIENT_EVIDENCE,FALLBACK:AMBIGUOUS_NO_BRAND
280465,Document No Document Date,MAYBE_PRODUCT,default_no_evidence,KEEP REVIEW,INSUFFICIENT_EVIDENCE,FALLBACK:AMBIGUOUS_NO_BRAND
280477,Document No Document Date,MAYBE_PRODUCT,default_no_evidence,KEEP REVIEW,INSUFFICIENT_EVIDENCE,FALLBACK:AMBIGUOUS_NO_BRAND
280511,Document No Document Date,MAYBE_PRODUCT,default_no_evidence,KEEP REVIEW,INSUFFICIENT_EVIDENCE,FALLBACK:AMBIGUOUS_NO_BRAND
280526,Document No Document Date,MAYBE_PRODUCT,default_no_evidence,KEEP REVIEW,INSUFFICIENT_EVIDENCE,FALLBACK:AMBIGUOUS_NO_BRAND
280561,Document No Document Date,MAYBE_PRODUCT,default_no_evidence,KEEP REVIEW,INSUFFICIENT_EVIDENCE,FALLBACK:AMBIGUOUS_NO_BRAND
280594,Document No Document Date,MAYBE_PRODUCT,default_no_evidence,KEEP REVIEW,INSUFFICIENT_EVIDENCE,FALLBACK:AMBIGUOUS_NO_BRAND
280861,ALCROS-100 1X10S STR,MAYBE_PRODUCT,default_no_evidence,KEEP REVIEW,INSUFFICIENT_EVIDENCE,FALLBACK:AMBIGUOUS_NO_BRAND
280862,ALCROS-200 1X10S STR,MAYBE_PRODUCT,default_no_evidence,KEEP REVIEW,INSUFFICIENT_EVIDENCE,FALLBACK:AMBIGUOUS_NO_BRAND
280976,MOX CV 228.5 STR,MAYBE_PRODUCT,default_no_evidence,KEEP REVIEW,INSUFFICIENT_EVIDENCE,FALLBACK:AMBIGUOUS_NO_BRAND
281013,RICONIA G 15 PC,MAYBE_PRODUCT,default_no_evidence,KEEP REVIEW,INSUFFICIENT_EVIDENCE,FALLBACK:AMBIGUOUS_NO_BRAND
281094,ZZZZZZ 12623,1,zzzzzz_ocr_placeholder,CANDIDATE FOR 1,NO_VOWEL_OCR_NOISE,FALLBACK:AMBIGUOUS_NO_BRAND
281883,Digital Purchase ERP Ordering Healthcare QRCode on bills for extra earnings Call MARG 959959965695995996621202834312,MAYBE_PRODUCT,default_no_evidence,CANDIDATE FOR 1,COMPANY_ENTITY,FALLBACK:PHARMA_ENTITY
285139,XPLODE POW(NEW),MAYBE_PRODUCT,default_no_evidence,CANDIDATE FOR 1,INVALIDATED_NO_PHARMA,FALLBACK:AMBIGUOUS_NO_BRAND
285151,TOTAL CAL D3 TAB.,MAYBE_PRODUCT,default_no_evidence,CANDIDATE FOR 1,STRUCTURAL_KEYWORD,FALLBACK:STRUCTURAL_KW
285484,BIOFAGE PHARMA,MAYBE_PRODUCT,default_no_evidence,CANDIDATE FOR 1,PHARMA_COMPANY_NAME,FALLBACK:AMBIGUOUS_NO_BRAND
287449,PANTIN I.V VAIL,MAYBE_PRODUCT,default_no_evidence,KEEP REVIEW,INSUFFICIENT_EVIDENCE,FALLBACK:AMBIGUOUS_NO_BRAND
288916,Digital Purchase ERP Ordering Healthcare QRCode on bills for extra earnings Call MARG 62615848210731424945607312701609,MAYBE_PRODUCT,default_no_evidence,CANDIDATE FOR 1,COMPANY_ENTITY,FALLBACK:PHARMA_ENTITY
289143,JEI SPECIALITY DRUGS - (25-26),MAYBE_PRODUCT,default_no_evidence,KEEP REVIEW,INSUFFICIENT_EVIDENCE,FALLBACK:AMBIGUOUS_NO_BRAND
289161,JEI SPECIALITY DRUGS - 25-26,MAYBE_PRODUCT,default_no_evidence,KEEP REVIEW,INSUFFICIENT_EVIDENCE,FALLBACK:AMBIGUOUS_NO_BRAND
289398,MAHALUXMI MEDICAL AGENCY,MAYBE_PRODUCT,default_no_evidence,KEEP REVIEW,INSUFFICIENT_EVIDENCE,FALLBACK:DISTRIBUTION_ENTITY
289450,MAHALUXMI MEDICAL AGENCY,MAYBE_PRODUCT,default_no_evidence,KEEP REVIEW,INSUFFICIENT_EVIDENCE,FALLBACK:DISTRIBUTION_ENTITY
289502,MAHALUXMI MEDICAL AGENCY,MAYBE_PRODUCT,default_no_evidence,KEEP REVIEW,INSUFFICIENT_EVIDENCE,FALLBACK:DISTRIBUTION_ENTITY
289554,MAHALUXMI MEDICAL AGENCY,MAYBE_PRODUCT,default_no_evidence,KEEP REVIEW,INSUFFICIENT_EVIDENCE,FALLBACK:DISTRIBUTION_ENTITY
290035,GENNOVA,MAYBE_PRODUCT,default_no_evidence,CANDIDATE FOR 1,COMPANY_DIVISION_PREFIX,FALLBACK:AMBIGUOUS_NO_BRAND
290396,R K PHARMA DISTRIBUTORS,1,version_lag_already_caught,CANDIDATE FOR 1,PHARMA_COMPANY_NAME,GARBAGE:pattern_garbage
290448,R K PHARMA DISTRIBUTORS,1,version_lag_already_caught,CANDIDATE FOR 1,PHARMA_COMPANY_NAME,GARBAGE:pattern_garbage
290499,R K PHARMA DISTRIBUTORS,1,version_lag_already_caught,CANDIDATE FOR 1,PHARMA_COMPANY_NAME,GARBAGE:pattern_garbage
290525,Import Purchase ONLINE No Manual Entry MARG ERP Rs.5550 StocksAccountsGST Call 08772252237,MAYBE_PRODUCT,default_no_evidence,KEEP REVIEW,INSUFFICIENT_EVIDENCE,FALLBACK:STRUCTURAL_KW
291098,PURC 649176 SALE 1279217 STOCK 522421 STK120 6154 EXP6M 8789 LZSTK 16374,MAYBE_PRODUCT,default_no_evidence,KEEP REVIEW,INSUFFICIENT_EVIDENCE,FALLBACK:AMBIGUOUS_NO_BRAND
291101,Report End 175 Records,MAYBE_PRODUCT,default_no_evidence,KEEP REVIEW,INSUFFICIENT_EVIDENCE,FALLBACK:AMBIGUOUS_NO_BRAND
291103,This is a Computer Generated Report Which Does Not Require Stamp or Signature,MAYBE_PRODUCT,default_no_evidence,KEEP REVIEW,INSUFFICIENT_EVIDENCE,FALLBACK:AMBIGUOUS_NO_BRAND
292371,BANERJEE DISTRIBUTORS,1,version_lag_already_caught,KEEP REVIEW,INSUFFICIENT_EVIDENCE,GARBAGE:pattern_garbage
292415,BANERJEE DISTRIBUTORS,1,version_lag_already_caught,KEEP REVIEW,INSUFFICIENT_EVIDENCE,GARBAGE:pattern_garbage
292464,BANERJEE DISTRIBUTORS,1,version_lag_already_caught,KEEP REVIEW,INSUFFICIENT_EVIDENCE,GARBAGE:pattern_garbage
292513,BANERJEE DISTRIBUTORS,1,version_lag_already_caught,KEEP REVIEW,INSUFFICIENT_EVIDENCE,GARBAGE:pattern_garbage
292557,BANERJEE DISTRIBUTORS,1,version_lag_already_caught,KEEP REVIEW,INSUFFICIENT_EVIDENCE,GARBAGE:pattern_garbage
292672,Total St-In 39509.64,MAYBE_PRODUCT,default_no_evidence,CANDIDATE FOR 1,STRUCTURAL_KEYWORD,FALLBACK:STRUCTURAL_KW
292673,Total St-Out 44402.20,MAYBE_PRODUCT,default_no_evidence,CANDIDATE FOR 1,STRUCTURAL_KEYWORD,FALLBACK:STRUCTURAL_KW
292927,Department Total,MAYBE_PRODUCT,default_no_evidence,CANDIDATE FOR 1,STRUCTURAL_KEYWORD,FALLBACK:STRUCTURAL_KW
292951,Department Total,MAYBE_PRODUCT,default_no_evidence,CANDIDATE FOR 1,STRUCTURAL_KEYWORD,FALLBACK:STRUCTURAL_KW
292965,Department Total,MAYBE_PRODUCT,default_no_evidence,CANDIDATE FOR 1,STRUCTURAL_KEYWORD,FALLBACK:STRUCTURAL_KW
292994,Department Total,MAYBE_PRODUCT,default_no_evidence,CANDIDATE FOR 1,STRUCTURAL_KEYWORD,FALLBACK:STRUCTURAL_KW
293279,AVENTIS CARDIO,MAYBE_PRODUCT,default_no_evidence,CANDIDATE FOR 1,COMPANY_DIVISION_PREFIX,FALLBACK:AMBIGUOUS_NO_BRAND
293295,LASILACTONE50MG 1X10X10S,MAYBE_PRODUCT,default_no_evidence,KEEP REVIEW,INSUFFICIENT_EVIDENCE,FALLBACK:AMBIGUOUS_NO_BRAND
293303,AVENTIS DIABETO,MAYBE_PRODUCT,default_no_evidence,CANDIDATE FOR 1,COMPANY_DIVISION_PREFIX,FALLBACK:AMBIGUOUS_NO_BRAND
293314,TOUSTAR PEN 1PIECE,MAYBE_PRODUCT,default_no_evidence,KEEP REVIEW,INSUFFICIENT_EVIDENCE,FALLBACK:AMBIGUOUS_NO_BRAND
293330,RAJ MEDICAL STORES,MAYBE_PRODUCT,default_no_evidence,KEEP REVIEW,INSUFFICIENT_EVIDENCE,FALLBACK:DISTRIBUTION_ENTITY
293374,RAJ MEDICAL STORES,MAYBE_PRODUCT,default_no_evidence,KEEP REVIEW,INSUFFICIENT_EVIDENCE,FALLBACK:DISTRIBUTION_ENTITY
296025,Totals 625460,1,financial_aggregate,KEEP REVIEW,INSUFFICIENT_EVIDENCE,FALLBACK:AMBIGUOUS_NO_BRAND
296142,Totals 175711,1,financial_aggregate,KEEP REVIEW,INSUFFICIENT_EVIDENCE,FALLBACK:AMBIGUOUS_NO_BRAND
296825,PURC 106037 SALE 159767 STOCK 67690 STK120 18929 EXP6M 1259 LZSTK 25019,MAYBE_PRODUCT,default_no_evidence,KEEP REVIEW,INSUFFICIENT_EVIDENCE,FALLBACK:AMBIGUOUS_NO_BRAND
296828,Report End 328 Records,MAYBE_PRODUCT,default_no_evidence,KEEP REVIEW,INSUFFICIENT_EVIDENCE,FALLBACK:AMBIGUOUS_NO_BRAND
296830,This is a Computer Generated Report Which Does Not Require Stamp or Signature,MAYBE_PRODUCT,default_no_evidence,KEEP REVIEW,INSUFFICIENT_EVIDENCE,FALLBACK:AMBIGUOUS_NO_BRAND
296837,LANCID 10,MAYBE_PRODUCT,default_no_evidence,KEEP REVIEW,INSUFFICIENT_EVIDENCE,FALLBACK:AMBIGUOUS_NO_BRAND
296914,TICOPLAD 90,MAYBE_PRODUCT,default_no_evidence,KEEP REVIEW,INSUFFICIENT_EVIDENCE,FALLBACK:AMBIGUOUS_NO_BRAND
297226,SERACCEL,MAYBE_PRODUCT,default_no_evidence,KEEP REVIEW,INSUFFICIENT_EVIDENCE,FALLBACK:AMBIGUOUS_NO_BRAND
297227,SERRATIOPEPTIDASE 10 M,MAYBE_PRODUCT,default_no_evidence,KEEP REVIEW,INSUFFICIENT_EVIDENCE,FALLBACK:AMBIGUOUS_NO_BRAND
298499,ThIis statement period calculated from 01.08.2026 To 31.08.2026,MAYBE_PRODUCT,default_no_evidence,KEEP REVIEW,INSUFFICIENT_EVIDENCE,FALLBACK:AMBIGUOUS_NO_BRAND
300316,WLDA 50,MAYBE_PRODUCT,default_no_evidence,KEEP REVIEW,INSUFFICIENT_EVIDENCE,FALLBACK:AMBIGUOUS_NO_BRAND
300317,WLDA D 10,MAYBE_PRODUCT,default_no_evidence,KEEP REVIEW,INSUFFICIENT_EVIDENCE,FALLBACK:AMBIGUOUS_NO_BRAND
300319,WLDA M 500,MAYBE_PRODUCT,default_no_evidence,KEEP REVIEW,INSUFFICIENT_EVIDENCE,FALLBACK:AMBIGUOUS_NO_BRAND
300464,GENNOVA,MAYBE_PRODUCT,default_no_evidence,CANDIDATE FOR 1,COMPANY_DIVISION_PREFIX,FALLBACK:AMBIGUOUS_NO_BRAND
301436,LAXIHUSK GRANULES 150,MAYBE_PRODUCT,default_no_evidence,KEEP REVIEW,INSUFFICIENT_EVIDENCE,FALLBACK:AMBIGUOUS_NO_BRAND
301629,PEDICARE 400,MAYBE_PRODUCT,default_no_evidence,KEEP REVIEW,INSUFFICIENT_EVIDENCE,FALLBACK:AMBIGUOUS_NO_BRAND
301794,TOTAL CAL D3 TAB 1X20,MAYBE_PRODUCT,default_no_evidence,CANDIDATE FOR 1,STRUCTURAL_KEYWORD,FALLBACK:STRUCTURAL_KW
302483,LAXIHUSK GRANULES 150,MAYBE_PRODUCT,default_no_evidence,KEEP REVIEW,INSUFFICIENT_EVIDENCE,FALLBACK:AMBIGUOUS_NO_BRAND
302676,PEDICARE 400,MAYBE_PRODUCT,default_no_evidence,KEEP REVIEW,INSUFFICIENT_EVIDENCE,FALLBACK:AMBIGUOUS_NO_BRAND
302841,TOTAL CAL D3 TAB 1X20,MAYBE_PRODUCT,default_no_evidence,CANDIDATE FOR 1,STRUCTURAL_KEYWORD,FALLBACK:STRUCTURAL_KW
304537,ENHEMO500 10,MAYBE_PRODUCT,default_no_evidence,KEEP REVIEW,INSUFFICIENT_EVIDENCE,FALLBACK:AMBIGUOUS_NO_BRAND
305031,Import Purchase ONLINE No Manual Entry MARG ERP Rs.5550 StocksAccountsGST Call 08023304117080233041179880427548,MAYBE_PRODUCT,default_no_evidence,KEEP REVIEW,INSUFFICIENT_EVIDENCE,FALLBACK:STRUCTURAL_KW
305048,Import Purchase ONLINE No Manual Entry MARG ERP Rs.5550 StocksAccountsGST Call 08023304117080233041179880427548,MAYBE_PRODUCT,default_no_evidence,KEEP REVIEW,INSUFFICIENT_EVIDENCE,FALLBACK:STRUCTURAL_KW
305599,GIRIRAJ PHARMACEUTICALS,MAYBE_PRODUCT,default_no_evidence,CANDIDATE FOR 1,COMPANY_ENTITY,FALLBACK:PHARMA_ENTITY
305919,CHHAJED PHARMACEUTICALS,MAYBE_PRODUCT,default_no_evidence,CANDIDATE FOR 1,COMPANY_ENTITY,FALLBACK:PHARMA_ENTITY
305964,CHHAJED PHARMACEUTICALS,MAYBE_PRODUCT,default_no_evidence,CANDIDATE FOR 1,COMPANY_ENTITY,FALLBACK:PHARMA_ENTITY
306008,CHHAJED PHARMACEUTICALS,MAYBE_PRODUCT,default_no_evidence,CANDIDATE FOR 1,COMPANY_ENTITY,FALLBACK:PHARMA_ENTITY
306057,CHHAJED PHARMACEUTICALS,MAYBE_PRODUCT,default_no_evidence,CANDIDATE FOR 1,COMPANY_ENTITY,FALLBACK:PHARMA_ENTITY
306101,CHHAJED PHARMACEUTICALS,MAYBE_PRODUCT,default_no_evidence,CANDIDATE FOR 1,COMPANY_ENTITY,FALLBACK:PHARMA_ENTITY
306135,CHHAJED PHARMACEUTICALS,MAYBE_PRODUCT,default_no_evidence,CANDIDATE FOR 1,COMPANY_ENTITY,FALLBACK:PHARMA_ENTITY
306603,TEMAX - H 14T,MAYBE_PRODUCT,default_no_evidence,KEEP REVIEW,INSUFFICIENT_EVIDENCE,FALLBACK:AMBIGUOUS_NO_BRAND
306851,TEMAX - H 14T,MAYBE_PRODUCT,default_no_evidence,KEEP REVIEW,INSUFFICIENT_EVIDENCE,FALLBACK:AMBIGUOUS_NO_BRAND
307000,PHARMA NEXT,MAYBE_PRODUCT,default_no_evidence,CANDIDATE FOR 1,PHARMA_COMPANY_NAME,FALLBACK:AMBIGUOUS_NO_BRAND
308619,HUMINSULIN 30/70 1,MAYBE_PRODUCT,default_no_evidence,KEEP REVIEW,INSUFFICIENT_EVIDENCE,FALLBACK:AMBIGUOUS_NO_BRAND
309160,ELAXIM40MG,MAYBE_PRODUCT,default_no_evidence,KEEP REVIEW,INSUFFICIENT_EVIDENCE,FALLBACK:AMBIGUOUS_NO_BRAND
309161,TENECTASE20MG,MAYBE_PRODUCT,default_no_evidence,KEEP REVIEW,INSUFFICIENT_EVIDENCE,FALLBACK:AMBIGUOUS_NO_BRAND
309936,EMCU,MAYBE_PRODUCT,default_no_evidence,CANDIDATE FOR 1,INVALIDATED_NO_PHARMA,FALLBACK:VERY_SHORT
310036,EMCU10,MAYBE_PRODUCT,default_no_evidence,KEEP REVIEW,INSUFFICIENT_EVIDENCE,FALLBACK:AMBIGUOUS_NO_BRAND
310046,EMCU2,MAYBE_PRODUCT,default_no_evidence,KEEP REVIEW,INSUFFICIENT_EVIDENCE,FALLBACK:VERY_SHORT
310053,EMCU3,MAYBE_PRODUCT,default_no_evidence,KEEP REVIEW,INSUFFICIENT_EVIDENCE,FALLBACK:VERY_SHORT
310069,EMCU4,MAYBE_PRODUCT,default_no_evidence,KEEP REVIEW,INSUFFICIENT_EVIDENCE,FALLBACK:VERY_SHORT
310081,EMCU5,MAYBE_PRODUCT,default_no_evidence,KEEP REVIEW,INSUFFICIENT_EVIDENCE,FALLBACK:VERY_SHORT
310088,EMCU6,MAYBE_PRODUCT,default_no_evidence,KEEP REVIEW,INSUFFICIENT_EVIDENCE,FALLBACK:VERY_SHORT
310151,EMCU7,MAYBE_PRODUCT,default_no_evidence,KEEP REVIEW,INSUFFICIENT_EVIDENCE,FALLBACK:VERY_SHORT
310155,EMCU8,MAYBE_PRODUCT,default_no_evidence,KEEP REVIEW,INSUFFICIENT_EVIDENCE,FALLBACK:VERY_SHORT
310176,EMCU9,MAYBE_PRODUCT,default_no_evidence,KEEP REVIEW,INSUFFICIENT_EVIDENCE,FALLBACK:VERY_SHORT
310750,HIBOR 5000I.U .,MAYBE_PRODUCT,default_no_evidence,KEEP REVIEW,INSUFFICIENT_EVIDENCE,FALLBACK:AMBIGUOUS_NO_BRAND
310962,OLMETUS 20 10,MAYBE_PRODUCT,default_no_evidence,KEEP REVIEW,INSUFFICIENT_EVIDENCE,FALLBACK:AMBIGUOUS_NO_BRAND
310994,ELRAM FORTE 10,MAYBE_PRODUCT,default_no_evidence,KEEP REVIEW,INSUFFICIENT_EVIDENCE,FALLBACK:AMBIGUOUS_NO_BRAND
311003,GABOL 10,MAYBE_PRODUCT,default_no_evidence,KEEP REVIEW,INSUFFICIENT_EVIDENCE,FALLBACK:AMBIGUOUS_NO_BRAND
311007,GUDVIT 15,MAYBE_PRODUCT,default_no_evidence,KEEP REVIEW,INSUFFICIENT_EVIDENCE,FALLBACK:AMBIGUOUS_NO_BRAND
311009,LEVROX 10,MAYBE_PRODUCT,default_no_evidence,KEEP REVIEW,INSUFFICIENT_EVIDENCE,FALLBACK:AMBIGUOUS_NO_BRAND
311013,NEW TRIGETROL 10,MAYBE_PRODUCT,default_no_evidence,CANDIDATE FOR 1,INVALIDATED_NO_PHARMA,FALLBACK:AMBIGUOUS_NO_BRAND
311014,OLMETUS 40 10,MAYBE_PRODUCT,default_no_evidence,KEEP REVIEW,INSUFFICIENT_EVIDENCE,FALLBACK:AMBIGUOUS_NO_BRAND
311016,ONDRON-4 10,MAYBE_PRODUCT,default_no_evidence,KEEP REVIEW,INSUFFICIENT_EVIDENCE,FALLBACK:AMBIGUOUS_NO_BRAND
311040,GENNOVA BIOPHARMACEUTICALS LTD. PUNE --,MAYBE_PRODUCT,default_no_evidence,CANDIDATE FOR 1,COMPANY_DIVISION_PREFIX,FALLBACK:AMBIGUOUS_NO_BRAND
311042,GENNOVA BIOPHARMACEUTICALS LTD. PUNE --,MAYBE_PRODUCT,default_no_evidence,CANDIDATE FOR 1,COMPANY_DIVISION_PREFIX,FALLBACK:AMBIGUOUS_NO_BRAND
311044,GENNOVA- GENNOVA DIV --,MAYBE_PRODUCT,default_no_evidence,CANDIDATE FOR 1,COMPANY_DIVISION_PREFIX,FALLBACK:AMBIGUOUS_NO_BRAND
311055,GENNOVA-NUCARE --,MAYBE_PRODUCT,default_no_evidence,CANDIDATE FOR 1,COMPANY_DIVISION_PREFIX,FALLBACK:AMBIGUOUS_NO_BRAND
311284,TAVIN-LN KIT (NEW PA 6 KIT,MAYBE_PRODUCT,default_no_evidence,CANDIDATE FOR 1,INVALIDATED_NO_PHARMA,FALLBACK:AMBIGUOUS_NO_BRAND
311297,Please clear following Invoice(s) immediately.. 0,MAYBE_PRODUCT,default_no_evidence,KEEP REVIEW,INSUFFICIENT_EVIDENCE,FALLBACK:STRUCTURAL_KW
311298,Invoice(s) - Date - Code - Customer - OsAmt : (276439.00) 0,MAYBE_PRODUCT,default_no_evidence,KEEP REVIEW,INSUFFICIENT_EVIDENCE,FALLBACK:STRUCTURAL_KW
311299,DR.MADHAVI LOKU 15498.00 - 36373 25/06/26 10416 DR.MADHAVI LOKU 46284.00 0,MAYBE_PRODUCT,default_no_evidence,KEEP REVIEW,INSUFFICIENT_EVIDENCE,FALLBACK:AMBIGUOUS_NO_BRAND
311300,DR.MADHAVI LOKU 13693.00 - 43960 13/07/26 10416 DR.MADHAVI LOKU 13482.00 0,MAYBE_PRODUCT,default_no_evidence,KEEP REVIEW,INSUFFICIENT_EVIDENCE,FALLBACK:AMBIGUOUS_NO_BRAND
311301,DR.C.S.PURANDAR 9295.00 - 44825 14/07/26 10416 DR.MADHAVI LOKU 8988.00 0,MAYBE_PRODUCT,default_no_evidence,KEEP REVIEW,INSUFFICIENT_EVIDENCE,FALLBACK:AMBIGUOUS_NO_BRAND
311302,DR.MADHAVI LOKU 11246.00 - 48025 21/07/26 10416 DR.MADHAVI LOKU 8988.00 0,MAYBE_PRODUCT,default_no_evidence,KEEP REVIEW,INSUFFICIENT_EVIDENCE,FALLBACK:AMBIGUOUS_NO_BRAND
311303,DR.MADHAVI LOKU 11246.00 - 51875 30/07/26 10243 DR.C.S.PURANDAR 4026.00 0,MAYBE_PRODUCT,default_no_evidence,KEEP REVIEW,INSUFFICIENT_EVIDENCE,FALLBACK:AMBIGUOUS_NO_BRAND
311304,DR.C.S.PURANDAR 7767.00 - 61480 20/08/26 10479 DR.MRS.R.V. PAR 4499.00 0,MAYBE_PRODUCT,default_no_evidence,KEEP REVIEW,INSUFFICIENT_EVIDENCE,FALLBACK:AMBIGUOUS_NO_BRAND
311305,DR.MRS.R.V. PAR 16417.00 - 62104 21/08/26 10142 DR.ANIL MADAKE 27662.00 0,MAYBE_PRODUCT,default_no_evidence,KEEP REVIEW,INSUFFICIENT_EVIDENCE,FALLBACK:AMBIGUOUS_NO_BRAND
311306,DR.MRS.R.V. PAR 5342.00 - 63505 25/08/26 10479 DR.MRS.R.V. PAR 32193.00 0,MAYBE_PRODUCT,default_no_evidence,KEEP REVIEW,INSUFFICIENT_EVIDENCE,FALLBACK:AMBIGUOUS_NO_BRAND
311307,DR.MRS.R.V. PAR 1549.00 - 66225 31/08/26 10479 DR.MRS.R.V. PAR 38264.00 0,MAYBE_PRODUCT,default_no_evidence,KEEP REVIEW,INSUFFICIENT_EVIDENCE,FALLBACK:AMBIGUOUS_NO_BRAND
311404,Please clear following Invoice(s) immediately.. 0,MAYBE_PRODUCT,default_no_evidence,KEEP REVIEW,INSUFFICIENT_EVIDENCE,FALLBACK:STRUCTURAL_KW
311405,Invoice(s) - Date - Code - Customer - OsAmt : (3806.00) 0,MAYBE_PRODUCT,default_no_evidence,KEEP REVIEW,INSUFFICIENT_EVIDENCE,FALLBACK:STRUCTURAL_KW
311406,RAHAT PHARMA 47 1101.00 - 56616 10/08/26 12488 RAHAT PHARMA 47 1263.00 0,MAYBE_PRODUCT,default_no_evidence,CANDIDATE FOR 1,PHARMA_COMPANY_NAME,FALLBACK:AMBIGUOUS_NO_BRAND
311407,RAHAT PHARMA 47 596.00 - 62879 24/08/26 12488 RAHAT PHARMA 47 505.00 0,MAYBE_PRODUCT,default_no_evidence,CANDIDATE FOR 1,PHARMA_COMPANY_NAME,FALLBACK:AMBIGUOUS_NO_BRAND
311408,RAHAT PHARMA 47 341.00 0,MAYBE_PRODUCT,default_no_evidence,CANDIDATE FOR 1,PHARMA_COMPANY_NAME,FALLBACK:AMBIGUOUS_NO_BRAND
312054,TABDAPAGZA-M 10/1000 10T,MAYBE_PRODUCT,default_no_evidence,KEEP REVIEW,INSUFFICIENT_EVIDENCE,FALLBACK:AMBIGUOUS_NO_BRAND
312345,SUGANDHA ENTERPRISES,1,version_lag_already_caught,KEEP REVIEW,INSUFFICIENT_EVIDENCE,GARBAGE:pattern_garbage
312390,SUGANDHA ENTERPRISES,1,version_lag_already_caught,KEEP REVIEW,INSUFFICIENT_EVIDENCE,GARBAGE:pattern_garbage
312439,SUGANDHA ENTERPRISES,1,version_lag_already_caught,KEEP REVIEW,INSUFFICIENT_EVIDENCE,GARBAGE:pattern_garbage
312476,I am satisfied with Marg ERP Computerise YOUR SHOP Rs.5550 StockAccounts GST Call 9899545122,1,structural_garbage,KEEP REVIEW,INSUFFICIENT_EVIDENCE,FALLBACK:AMBIGUOUS_NO_BRAND
314244,Pack OpStk Qty,MAYBE_PRODUCT,default_no_evidence,KEEP REVIEW,INSUFFICIENT_EVIDENCE,FALLBACK:AMBIGUOUS_NO_BRAND
319224,LANTUS U 100 SOLOSTAR 1UNIT,MAYBE_PRODUCT,default_no_evidence,CANDIDATE FOR 1,INVALIDATED_NO_PHARMA,FALLBACK:AMBIGUOUS_NO_BRAND
319971,Closing 750.97 Adj 0.00 Branch 0.00,MAYBE_PRODUCT,default_no_evidence,CANDIDATE FOR 1,STRUCTURAL_KEYWORD,FALLBACK:AMBIGUOUS_NO_BRAND
319975,Closing 11450.00 Adj 0.00 Branch 0.00,MAYBE_PRODUCT,default_no_evidence,CANDIDATE FOR 1,STRUCTURAL_KEYWORD,FALLBACK:AMBIGUOUS_NO_BRAND
319980,Closing 61900.00 Adj 0.00 Branch 0.00,MAYBE_PRODUCT,default_no_evidence,CANDIDATE FOR 1,STRUCTURAL_KEYWORD,FALLBACK:AMBIGUOUS_NO_BRAND
319991,Closing 146378.21 Adj 0.00 Branch 0.00,MAYBE_PRODUCT,default_no_evidence,CANDIDATE FOR 1,STRUCTURAL_KEYWORD,FALLBACK:AMBIGUOUS_NO_BRAND
319999,Closing 263719.97 Adj 0.00 Branch 0.00,MAYBE_PRODUCT,default_no_evidence,CANDIDATE FOR 1,STRUCTURAL_KEYWORD,FALLBACK:AMBIGUOUS_NO_BRAND
320002,Closing 331862.37 Adj 0.00 Branch 0.00,MAYBE_PRODUCT,default_no_evidence,CANDIDATE FOR 1,STRUCTURAL_KEYWORD,FALLBACK:AMBIGUOUS_NO_BRAND
320005,Closing 113823.08 Adj 46607.40 Branch 0.00,MAYBE_PRODUCT,default_no_evidence,CANDIDATE FOR 1,STRUCTURAL_KEYWORD,FALLBACK:AMBIGUOUS_NO_BRAND
320011,Closing 62997.50 Adj 1260.00 Branch 0.00,MAYBE_PRODUCT,default_no_evidence,CANDIDATE FOR 1,STRUCTURAL_KEYWORD,FALLBACK:AMBIGUOUS_NO_BRAND
320022,Closing 303251.79 Adj 139379.65 Branch 0.00,MAYBE_PRODUCT,default_no_evidence,CANDIDATE FOR 1,STRUCTURAL_KEYWORD,FALLBACK:AMBIGUOUS_NO_BRAND
320030,Closing 573768.00 Adj 1710.00 Branch 0.00,MAYBE_PRODUCT,default_no_evidence,CANDIDATE FOR 1,STRUCTURAL_KEYWORD,FALLBACK:AMBIGUOUS_NO_BRAND
321679,ILSAR 40 --,MAYBE_PRODUCT,default_no_evidence,KEEP REVIEW,INSUFFICIENT_EVIDENCE,FALLBACK:AMBIGUOUS_NO_BRAND
322122,PURC 60000 SALE 90000 STOCK 78000 STK120 62400 EXP3M 62400 EXP6M 62400,MAYBE_PRODUCT,default_no_evidence,KEEP REVIEW,INSUFFICIENT_EVIDENCE,FALLBACK:AMBIGUOUS_NO_BRAND
322125,This is a Computer Generated Report Which Does Not Require Stamp or Signature,MAYBE_PRODUCT,default_no_evidence,KEEP REVIEW,INSUFFICIENT_EVIDENCE,FALLBACK:AMBIGUOUS_NO_BRAND
323366,CIDNAVIRCIDOFOVIRINJ UNSURE,MAYBE_PRODUCT,default_no_evidence,KEEP REVIEW,INSUFFICIENT_EVIDENCE,FALLBACK:AMBIGUOUS_NO_BRAND
323563,Closing 1498866.75 Adj 0.00 Branch 0.00,MAYBE_PRODUCT,default_no_evidence,CANDIDATE FOR 1,STRUCTURAL_KEYWORD,FALLBACK:AMBIGUOUS_NO_BRAND
323611,Closing 629188.52 Adj 3772.09 Branch 0.00,MAYBE_PRODUCT,default_no_evidence,CANDIDATE FOR 1,STRUCTURAL_KEYWORD,FALLBACK:AMBIGUOUS_NO_BRAND
323643,Closing 255806.88 Adj 105.39 Branch 0.00,MAYBE_PRODUCT,default_no_evidence,CANDIDATE FOR 1,STRUCTURAL_KEYWORD,FALLBACK:AMBIGUOUS_NO_BRAND
323649,FULL 24MG TAB 10S NO SALE 10S,MAYBE_PRODUCT,default_no_evidence,KEEP REVIEW,INSUFFICIENT_EVIDENCE,FALLBACK:AMBIGUOUS_NO_BRAND
323675,Closing 45544.13 Adj 0.00 Branch 0.00,MAYBE_PRODUCT,default_no_evidence,CANDIDATE FOR 1,STRUCTURAL_KEYWORD,FALLBACK:AMBIGUOUS_NO_BRAND
323701,Closing 414098.04 Adj 0.00 Branch 0.00,MAYBE_PRODUCT,default_no_evidence,CANDIDATE FOR 1,STRUCTURAL_KEYWORD,FALLBACK:AMBIGUOUS_NO_BRAND
323738,Closing 1090567.43 Adj 30801.96 Branch 0.00,MAYBE_PRODUCT,default_no_evidence,CANDIDATE FOR 1,STRUCTURAL_KEYWORD,FALLBACK:AMBIGUOUS_NO_BRAND
323743,Closing 3079.84 Adj 0.00 Branch 0.00,MAYBE_PRODUCT,default_no_evidence,CANDIDATE FOR 1,STRUCTURAL_KEYWORD,FALLBACK:AMBIGUOUS_NO_BRAND
323765,Closing 0.00 Adj 0.00 Branch 0.00,MAYBE_PRODUCT,default_no_evidence,CANDIDATE FOR 1,STRUCTURAL_KEYWORD,FALLBACK:AMBIGUOUS_NO_BRAND
323770,Closing 505880.32 Adj 0.00 Branch 0.00,MAYBE_PRODUCT,default_no_evidence,CANDIDATE FOR 1,STRUCTURAL_KEYWORD,FALLBACK:AMBIGUOUS_NO_BRAND
323799,Closing 1498866.75 Adj 0.00 Branch 0.00,MAYBE_PRODUCT,default_no_evidence,CANDIDATE FOR 1,STRUCTURAL_KEYWORD,FALLBACK:AMBIGUOUS_NO_BRAND
323847,Closing 629188.52 Adj 3772.09 Branch 0.00,MAYBE_PRODUCT,default_no_evidence,CANDIDATE FOR 1,STRUCTURAL_KEYWORD,FALLBACK:AMBIGUOUS_NO_BRAND
323884,FULL 24MG TAB 10S NO SALE 10S,MAYBE_PRODUCT,default_no_evidence,KEEP REVIEW,INSUFFICIENT_EVIDENCE,FALLBACK:AMBIGUOUS_NO_BRAND
325553,BENIDUCE 4,MAYBE_PRODUCT,default_no_evidence,KEEP REVIEW,INSUFFICIENT_EVIDENCE,FALLBACK:AMBIGUOUS_NO_BRAND
326066,GENNOVA,MAYBE_PRODUCT,default_no_evidence,CANDIDATE FOR 1,COMPANY_DIVISION_PREFIX,FALLBACK:AMBIGUOUS_NO_BRAND
326084,GENNOVA DIALYSIS,MAYBE_PRODUCT,default_no_evidence,CANDIDATE FOR 1,COMPANY_DIVISION_PREFIX,FALLBACK:AMBIGUOUS_NO_BRAND
326090,GENNOVA,MAYBE_PRODUCT,default_no_evidence,CANDIDATE FOR 1,COMPANY_DIVISION_PREFIX,FALLBACK:AMBIGUOUS_NO_BRAND
326108,GENNOVA DIALYSIS,MAYBE_PRODUCT,default_no_evidence,CANDIDATE FOR 1,COMPANY_DIVISION_PREFIX,FALLBACK:AMBIGUOUS_NO_BRAND
326187,EMC.GEN,MAYBE_PRODUCT,default_no_evidence,KEEP REVIEW,INSUFFICIENT_EVIDENCE,FALLBACK:AMBIGUOUS_NO_BRAND
326522,SRUTIS,MAYBE_PRODUCT,default_no_evidence,KEEP REVIEW,INSUFFICIENT_EVIDENCE,FALLBACK:AMBIGUOUS_NO_BRAND
326575,SRUTIS,MAYBE_PRODUCT,default_no_evidence,KEEP REVIEW,INSUFFICIENT_EVIDENCE,FALLBACK:AMBIGUOUS_NO_BRAND
326628,SRUTIS,MAYBE_PRODUCT,default_no_evidence,KEEP REVIEW,INSUFFICIENT_EVIDENCE,FALLBACK:AMBIGUOUS_NO_BRAND
326681,SRUTIS,MAYBE_PRODUCT,default_no_evidence,KEEP REVIEW,INSUFFICIENT_EVIDENCE,FALLBACK:AMBIGUOUS_NO_BRAND
326734,SRUTIS,MAYBE_PRODUCT,default_no_evidence,KEEP REVIEW,INSUFFICIENT_EVIDENCE,FALLBACK:AMBIGUOUS_NO_BRAND
326787,SRUTIS,MAYBE_PRODUCT,default_no_evidence,KEEP REVIEW,INSUFFICIENT_EVIDENCE,FALLBACK:AMBIGUOUS_NO_BRAND
326840,SRUTIS,MAYBE_PRODUCT,default_no_evidence,KEEP REVIEW,INSUFFICIENT_EVIDENCE,FALLBACK:AMBIGUOUS_NO_BRAND
326893,SRUTIS,MAYBE_PRODUCT,default_no_evidence,KEEP REVIEW,INSUFFICIENT_EVIDENCE,FALLBACK:AMBIGUOUS_NO_BRAND
326946,SRUTIS,MAYBE_PRODUCT,default_no_evidence,KEEP REVIEW,INSUFFICIENT_EVIDENCE,FALLBACK:AMBIGUOUS_NO_BRAND
327213,LIVSOURCE CHOC POW 450GMS,MAYBE_PRODUCT,default_no_evidence,KEEP REVIEW,INSUFFICIENT_EVIDENCE,FALLBACK:AMBIGUOUS_NO_BRAND
327214,LIVSOURCE VAN POW 450GMS,MAYBE_PRODUCT,default_no_evidence,KEEP REVIEW,INSUFFICIENT_EVIDENCE,FALLBACK:AMBIGUOUS_NO_BRAND
327837,Printed Using PharmAssist From C-Square. --,MAYBE_PRODUCT,default_no_evidence,KEEP REVIEW,INSUFFICIENT_EVIDENCE,FALLBACK:AMBIGUOUS_NO_BRAND
328184,Closing 1099.70 Adj 0.00 Branch 0.00,MAYBE_PRODUCT,default_no_evidence,CANDIDATE FOR 1,STRUCTURAL_KEYWORD,FALLBACK:AMBIGUOUS_NO_BRAND
328189,Closing 0.00 Adj 0.00 Branch 0.00,MAYBE_PRODUCT,default_no_evidence,CANDIDATE FOR 1,STRUCTURAL_KEYWORD,FALLBACK:AMBIGUOUS_NO_BRAND
328242,Closing 78180.72 Adj 0.00 Branch 0.00,MAYBE_PRODUCT,default_no_evidence,CANDIDATE FOR 1,STRUCTURAL_KEYWORD,FALLBACK:AMBIGUOUS_NO_BRAND
328290,Closing 1612.61 Adj 0.00 Branch 0.00,MAYBE_PRODUCT,default_no_evidence,CANDIDATE FOR 1,STRUCTURAL_KEYWORD,FALLBACK:AMBIGUOUS_NO_BRAND
328295,Closing 15966.00 Adj 0.00 Branch 0.00,MAYBE_PRODUCT,default_no_evidence,CANDIDATE FOR 1,STRUCTURAL_KEYWORD,FALLBACK:AMBIGUOUS_NO_BRAND
328325,Closing 85942.81 Adj 0.00 Branch 0.00,MAYBE_PRODUCT,default_no_evidence,CANDIDATE FOR 1,STRUCTURAL_KEYWORD,FALLBACK:AMBIGUOUS_NO_BRAND
328328,Closing 0.00 Adj 0.00 Branch 0.00,MAYBE_PRODUCT,default_no_evidence,CANDIDATE FOR 1,STRUCTURAL_KEYWORD,FALLBACK:AMBIGUOUS_NO_BRAND
328333,Closing 0.00 Adj 0.00 Branch 0.00,MAYBE_PRODUCT,default_no_evidence,CANDIDATE FOR 1,STRUCTURAL_KEYWORD,FALLBACK:AMBIGUOUS_NO_BRAND
328368,Closing 135085.18 Adj 0.00 Branch 0.00,MAYBE_PRODUCT,default_no_evidence,CANDIDATE FOR 1,STRUCTURAL_KEYWORD,FALLBACK:AMBIGUOUS_NO_BRAND
328369,Closing 317887.02 Adj 0.00 Branch 0.00,MAYBE_PRODUCT,default_no_evidence,CANDIDATE FOR 1,STRUCTURAL_KEYWORD,FALLBACK:AMBIGUOUS_NO_BRAND
329073,ASB MEDICAL AGENCY,MAYBE_PRODUCT,default_no_evidence,KEEP REVIEW,INSUFFICIENT_EVIDENCE,FALLBACK:DISTRIBUTION_ENTITY
329133,ASB MEDICAL AGENCY,MAYBE_PRODUCT,default_no_evidence,KEEP REVIEW,INSUFFICIENT_EVIDENCE,FALLBACK:DISTRIBUTION_ENTITY
329447,End Of Report,MAYBE_PRODUCT,default_no_evidence,KEEP REVIEW,INSUFFICIENT_EVIDENCE,FALLBACK:AMBIGUOUS_NO_BRAND
331437,ROSUVAS 10,MAYBE_PRODUCT,default_no_evidence,KEEP REVIEW,INSUFFICIENT_EVIDENCE,FALLBACK:AMBIGUOUS_NO_BRAND
331438,ROSUVAS 20,MAYBE_PRODUCT,default_no_evidence,KEEP REVIEW,INSUFFICIENT_EVIDENCE,FALLBACK:AMBIGUOUS_NO_BRAND
331439,ROSUVAS 40,MAYBE_PRODUCT,default_no_evidence,KEEP REVIEW,INSUFFICIENT_EVIDENCE,FALLBACK:AMBIGUOUS_NO_BRAND
331440,ROSUVAS 5,MAYBE_PRODUCT,default_no_evidence,KEEP REVIEW,INSUFFICIENT_EVIDENCE,FALLBACK:AMBIGUOUS_NO_BRAND
331441,ROSUVAS CV 10,MAYBE_PRODUCT,default_no_evidence,KEEP REVIEW,INSUFFICIENT_EVIDENCE,FALLBACK:AMBIGUOUS_NO_BRAND
331442,ROSUVAS CV 20,MAYBE_PRODUCT,default_no_evidence,KEEP REVIEW,INSUFFICIENT_EVIDENCE,FALLBACK:AMBIGUOUS_NO_BRAND
331446,ROSUVAS F 10,MAYBE_PRODUCT,default_no_evidence,KEEP REVIEW,INSUFFICIENT_EVIDENCE,FALLBACK:AMBIGUOUS_NO_BRAND
331447,ROSUVAS F20,MAYBE_PRODUCT,default_no_evidence,KEEP REVIEW,INSUFFICIENT_EVIDENCE,FALLBACK:AMBIGUOUS_NO_BRAND
331448,ROSUVAS F5,MAYBE_PRODUCT,default_no_evidence,KEEP REVIEW,INSUFFICIENT_EVIDENCE,FALLBACK:AMBIGUOUS_NO_BRAND
331843,EMILDAP10 10,MAYBE_PRODUCT,default_no_evidence,KEEP REVIEW,INSUFFICIENT_EVIDENCE,FALLBACK:AMBIGUOUS_NO_BRAND
333256,I am satisfied with Marg ERP Computerise YOUR SHOP Rs.5550 StockAccounts GST Call 9259876333,1,structural_garbage,KEEP REVIEW,INSUFFICIENT_EVIDENCE,FALLBACK:AMBIGUOUS_NO_BRAND
334074,LIFE PHARMA,MAYBE_PRODUCT,default_no_evidence,CANDIDATE FOR 1,PHARMA_COMPANY_NAME,FALLBACK:AMBIGUOUS_NO_BRAND
334117,LIFE PHARMA,MAYBE_PRODUCT,default_no_evidence,CANDIDATE FOR 1,PHARMA_COMPANY_NAME,FALLBACK:AMBIGUOUS_NO_BRAND
334166,LIFE PHARMA,MAYBE_PRODUCT,default_no_evidence,CANDIDATE FOR 1,PHARMA_COMPANY_NAME,FALLBACK:AMBIGUOUS_NO_BRAND
334210,LIFE PHARMA,MAYBE_PRODUCT,default_no_evidence,CANDIDATE FOR 1,PHARMA_COMPANY_NAME,FALLBACK:AMBIGUOUS_NO_BRAND
334345,Import Purchase ONLINE No Manual Entry MARG ERP Rs.5550 StocksAccountsGST Call 86005919438483091946,MAYBE_PRODUCT,default_no_evidence,KEEP REVIEW,INSUFFICIENT_EVIDENCE,FALLBACK:STRUCTURAL_KW
334364,Import Purchase ONLINE No Manual Entry MARG ERP Rs.5550 StocksAccountsGST Call 86005919438483091946,MAYBE_PRODUCT,default_no_evidence,KEEP REVIEW,INSUFFICIENT_EVIDENCE,FALLBACK:STRUCTURAL_KW
334385,Import Purchase ONLINE No Manual Entry MARG ERP Rs.5550 StocksAccountsGST Call 86005919438483091946,MAYBE_PRODUCT,default_no_evidence,KEEP REVIEW,INSUFFICIENT_EVIDENCE,FALLBACK:STRUCTURAL_KW
334406,Import Purchase ONLINE No Manual Entry MARG ERP Rs.5550 StocksAccountsGST Call 86005919438483091946,MAYBE_PRODUCT,default_no_evidence,KEEP REVIEW,INSUFFICIENT_EVIDENCE,FALLBACK:STRUCTURAL_KW
334416,Import Purchase ONLINE No Manual Entry MARG ERP Rs.5550 StocksAccountsGST Call 86005919438483091946,MAYBE_PRODUCT,default_no_evidence,KEEP REVIEW,INSUFFICIENT_EVIDENCE,FALLBACK:STRUCTURAL_KW
334434,Import Purchase ONLINE No Manual Entry MARG ERP Rs.5550 StocksAccountsGST Call 86005919438483091946,MAYBE_PRODUCT,default_no_evidence,KEEP REVIEW,INSUFFICIENT_EVIDENCE,FALLBACK:STRUCTURAL_KW
335324,EKCEF 250 VAIL,MAYBE_PRODUCT,default_no_evidence,KEEP REVIEW,INSUFFICIENT_EVIDENCE,FALLBACK:AMBIGUOUS_NO_BRAND
335334,EUDROX-200 10,MAYBE_PRODUCT,default_no_evidence,KEEP REVIEW,INSUFFICIENT_EVIDENCE,FALLBACK:AMBIGUOUS_NO_BRAND
336960,PURC 0 SALE 35139 STOCK 36672 STK120 478 LZSTK 3470,MAYBE_PRODUCT,default_no_evidence,KEEP REVIEW,INSUFFICIENT_EVIDENCE,FALLBACK:AMBIGUOUS_NO_BRAND
336996,PURC 0 SALE 68355 STOCK 40631 STK120 2257 EXP6M 1939 LZSTK 3302,MAYBE_PRODUCT,default_no_evidence,KEEP REVIEW,INSUFFICIENT_EVIDENCE,FALLBACK:AMBIGUOUS_NO_BRAND
337003,PURC 0 SALE 3095 STOCK 5883 STK120 502 LZSTK 502,MAYBE_PRODUCT,default_no_evidence,KEEP REVIEW,INSUFFICIENT_EVIDENCE,FALLBACK:AMBIGUOUS_NO_BRAND
337025,PURC 0 SALE 24080 STOCK 72582 STK120 3999 LZSTK 14356,MAYBE_PRODUCT,default_no_evidence,KEEP REVIEW,INSUFFICIENT_EVIDENCE,FALLBACK:AMBIGUOUS_NO_BRAND
337028,PURC 0 SALE 0 STOCK 0,MAYBE_PRODUCT,default_no_evidence,KEEP REVIEW,INSUFFICIENT_EVIDENCE,FALLBACK:AMBIGUOUS_NO_BRAND
337036,PURC 0 SALE 6402 STOCK 4226,MAYBE_PRODUCT,default_no_evidence,KEEP REVIEW,INSUFFICIENT_EVIDENCE,FALLBACK:AMBIGUOUS_NO_BRAND
337069,PURC 0 SALE 104392 STOCK 60771 STK120 643 LZSTK 490,MAYBE_PRODUCT,default_no_evidence,KEEP REVIEW,INSUFFICIENT_EVIDENCE,FALLBACK:AMBIGUOUS_NO_BRAND
337091,PURC 0 SALE 216451 STOCK 119400 LZSTK 3290,MAYBE_PRODUCT,default_no_evidence,KEEP REVIEW,INSUFFICIENT_EVIDENCE,FALLBACK:AMBIGUOUS_NO_BRAND
337141,PURC 0 SALE 283360 STOCK 165798 STK120 639 EXP6M 2144 LZSTK 4931,MAYBE_PRODUCT,default_no_evidence,KEEP REVIEW,INSUFFICIENT_EVIDENCE,FALLBACK:AMBIGUOUS_NO_BRAND
337142,Please clear following Debit Notes immediately..,MAYBE_PRODUCT,default_no_evidence,KEEP REVIEW,INSUFFICIENT_EVIDENCE,FALLBACK:AMBIGUOUS_NO_BRAND
337143,Pending Dr.Notes - Date - NetAmt 21987.00,MAYBE_PRODUCT,default_no_evidence,KEEP REVIEW,INSUFFICIENT_EVIDENCE,FALLBACK:AMBIGUOUS_NO_BRAND
337158,PURC 0 SALE 52292 STOCK 43784 STK120 5158 LZSTK 16823,MAYBE_PRODUCT,default_no_evidence,KEEP REVIEW,INSUFFICIENT_EVIDENCE,FALLBACK:AMBIGUOUS_NO_BRAND
337183,PURC 0 SALE 22252 STOCK 13170 STK120 2169 LZSTK 2955,MAYBE_PRODUCT,default_no_evidence,KEEP REVIEW,INSUFFICIENT_EVIDENCE,FALLBACK:AMBIGUOUS_NO_BRAND
337184,Please clear following Debit Notes immediately..,MAYBE_PRODUCT,default_no_evidence,KEEP REVIEW,INSUFFICIENT_EVIDENCE,FALLBACK:AMBIGUOUS_NO_BRAND
337185,Pending Dr.Notes - Date - NetAmt 2321.00,MAYBE_PRODUCT,default_no_evidence,KEEP REVIEW,INSUFFICIENT_EVIDENCE,FALLBACK:AMBIGUOUS_NO_BRAND
337186,EMCUTIX 08/08/26 2321.00,MAYBE_PRODUCT,default_no_evidence,CANDIDATE FOR 1,COMPANY_DIVISION_PREFIX,FALLBACK:AMBIGUOUS_NO_BRAND
337246,PURC 0 SALE 141428 STOCK 120300 STK120 5133 EXP6M 186 LZSTK 6606,MAYBE_PRODUCT,default_no_evidence,KEEP REVIEW,INSUFFICIENT_EVIDENCE,FALLBACK:AMBIGUOUS_NO_BRAND
337254,PURC 0 SALE 24898 STOCK 11858 STK120 3251 LZSTK 3251,MAYBE_PRODUCT,default_no_evidence,KEEP REVIEW,INSUFFICIENT_EVIDENCE,FALLBACK:AMBIGUOUS_NO_BRAND
337255,PURC 0 SALE 982143 STOCK 695073 STK120 24229 EXP6M 4268 LZSTK 59975,MAYBE_PRODUCT,default_no_evidence,KEEP REVIEW,INSUFFICIENT_EVIDENCE,FALLBACK:AMBIGUOUS_NO_BRAND
337258,Report End 286 Records,MAYBE_PRODUCT,default_no_evidence,KEEP REVIEW,INSUFFICIENT_EVIDENCE,FALLBACK:AMBIGUOUS_NO_BRAND
337260,This is a computer-generated report that does not require a stamp orsignature,MAYBE_PRODUCT,default_no_evidence,KEEP REVIEW,INSUFFICIENT_EVIDENCE,FALLBACK:AMBIGUOUS_NO_BRAND
337271,PURC 0 SALE 35139 STOCK 36672 STK120 478 LZSTK 3470,MAYBE_PRODUCT,default_no_evidence,KEEP REVIEW,INSUFFICIENT_EVIDENCE,FALLBACK:AMBIGUOUS_NO_BRAND
337307,PURC 0 SALE 68355 STOCK 40631 STK120 2257 EXP6M 1939 LZSTK 3302,MAYBE_PRODUCT,default_no_evidence,KEEP REVIEW,INSUFFICIENT_EVIDENCE,FALLBACK:AMBIGUOUS_NO_BRAND
337314,PURC 0 SALE 3095 STOCK 5883 STK120 502 LZSTK 502,MAYBE_PRODUCT,default_no_evidence,KEEP REVIEW,INSUFFICIENT_EVIDENCE,FALLBACK:AMBIGUOUS_NO_BRAND
337336,PURC 0 SALE 24080 STOCK 72582 STK120 3999 LZSTK 14356,MAYBE_PRODUCT,default_no_evidence,KEEP REVIEW,INSUFFICIENT_EVIDENCE,FALLBACK:AMBIGUOUS_NO_BRAND
337339,PURC 0 SALE 0 STOCK 0,MAYBE_PRODUCT,default_no_evidence,KEEP REVIEW,INSUFFICIENT_EVIDENCE,FALLBACK:AMBIGUOUS_NO_BRAND
337347,PURC 0 SALE 6402 STOCK 4226,MAYBE_PRODUCT,default_no_evidence,KEEP REVIEW,INSUFFICIENT_EVIDENCE,FALLBACK:AMBIGUOUS_NO_BRAND
337380,PURC 0 SALE 104392 STOCK 60771 STK120 643 LZSTK 490,MAYBE_PRODUCT,default_no_evidence,KEEP REVIEW,INSUFFICIENT_EVIDENCE,FALLBACK:AMBIGUOUS_NO_BRAND
337402,PURC 0 SALE 216451 STOCK 119400 LZSTK 3290,MAYBE_PRODUCT,default_no_evidence,KEEP REVIEW,INSUFFICIENT_EVIDENCE,FALLBACK:AMBIGUOUS_NO_BRAND
337452,PURC 0 SALE 283360 STOCK 165798 STK120 639 EXP6M 2144 LZSTK 4931,MAYBE_PRODUCT,default_no_evidence,KEEP REVIEW,INSUFFICIENT_EVIDENCE,FALLBACK:AMBIGUOUS_NO_BRAND
337453,Please clear following Debit Notes immediately..,MAYBE_PRODUCT,default_no_evidence,KEEP REVIEW,INSUFFICIENT_EVIDENCE,FALLBACK:AMBIGUOUS_NO_BRAND
337454,Pending Dr.Notes - Date - NetAmt 21987.00,MAYBE_PRODUCT,default_no_evidence,KEEP REVIEW,INSUFFICIENT_EVIDENCE,FALLBACK:AMBIGUOUS_NO_BRAND
337469,PURC 0 SALE 52292 STOCK 43784 STK120 5158 LZSTK 16823,MAYBE_PRODUCT,default_no_evidence,KEEP REVIEW,INSUFFICIENT_EVIDENCE,FALLBACK:AMBIGUOUS_NO_BRAND
337494,PURC 0 SALE 22252 STOCK 13170 STK120 2169 LZSTK 2955,MAYBE_PRODUCT,default_no_evidence,KEEP REVIEW,INSUFFICIENT_EVIDENCE,FALLBACK:AMBIGUOUS_NO_BRAND
337495,Please clear following Debit Notes immediately..,MAYBE_PRODUCT,default_no_evidence,KEEP REVIEW,INSUFFICIENT_EVIDENCE,FALLBACK:AMBIGUOUS_NO_BRAND
337496,Pending Dr.Notes - Date - NetAmt 2321.00,MAYBE_PRODUCT,default_no_evidence,KEEP REVIEW,INSUFFICIENT_EVIDENCE,FALLBACK:AMBIGUOUS_NO_BRAND
337497,EMCUTIX 08/08/26 2321.00,MAYBE_PRODUCT,default_no_evidence,CANDIDATE FOR 1,COMPANY_DIVISION_PREFIX,FALLBACK:AMBIGUOUS_NO_BRAND
337557,PURC 0 SALE 141428 STOCK 120300 STK120 5133 EXP6M 186 LZSTK 6606,MAYBE_PRODUCT,default_no_evidence,KEEP REVIEW,INSUFFICIENT_EVIDENCE,FALLBACK:AMBIGUOUS_NO_BRAND
337565,PURC 0 SALE 24898 STOCK 11858 STK120 3251 LZSTK 3251,MAYBE_PRODUCT,default_no_evidence,KEEP REVIEW,INSUFFICIENT_EVIDENCE,FALLBACK:AMBIGUOUS_NO_BRAND
337566,PURC 0 SALE 982143 STOCK 695073 STK120 24229 EXP6M 4268 LZSTK 59975,MAYBE_PRODUCT,default_no_evidence,KEEP REVIEW,INSUFFICIENT_EVIDENCE,FALLBACK:AMBIGUOUS_NO_BRAND
337569,Report End 286 Records,MAYBE_PRODUCT,default_no_evidence,KEEP REVIEW,INSUFFICIENT_EVIDENCE,FALLBACK:AMBIGUOUS_NO_BRAND
337571,This is a computer-generated report that does not require a stamp orsignature,MAYBE_PRODUCT,default_no_evidence,KEEP REVIEW,INSUFFICIENT_EVIDENCE,FALLBACK:AMBIGUOUS_NO_BRAND
339495,DEBARATI ENTERPRISE,1,version_lag_already_caught,KEEP REVIEW,INSUFFICIENT_EVIDENCE,GARBAGE:pattern_garbage
339715,ROSUVAS EZ10,MAYBE_PRODUCT,default_no_evidence,KEEP REVIEW,INSUFFICIENT_EVIDENCE,FALLBACK:AMBIGUOUS_NO_BRAND
341485,RABIPUR ING.,MAYBE_PRODUCT,default_no_evidence,KEEP REVIEW,INSUFFICIENT_EVIDENCE,FALLBACK:AMBIGUOUS_NO_BRAND
341657,ALLSTAR REUSABLE INSULIN PEN,MAYBE_PRODUCT,default_no_evidence,KEEP REVIEW,INSUFFICIENT_EVIDENCE,FALLBACK:AMBIGUOUS_NO_BRAND
341669,AMINOFIT 15SOFLETS.,MAYBE_PRODUCT,default_no_evidence,KEEP REVIEW,INSUFFICIENT_EVIDENCE,FALLBACK:AMBIGUOUS_NO_BRAND
341699,CELLOGLASS1PC,MAYBE_PRODUCT,default_no_evidence,KEEP REVIEW,INSUFFICIENT_EVIDENCE,FALLBACK:AMBIGUOUS_NO_BRAND
341730,ENTEROGERMINA 1X4CAP.,MAYBE_PRODUCT,default_no_evidence,KEEP REVIEW,INSUFFICIENT_EVIDENCE,FALLBACK:AMBIGUOUS_NO_BRAND
341763,TOUJEO CARTRIDGE,MAYBE_PRODUCT,default_no_evidence,KEEP REVIEW,INSUFFICIENT_EVIDENCE,FALLBACK:AMBIGUOUS_NO_BRAND
341765,TOUSTAR PEN,MAYBE_PRODUCT,default_no_evidence,KEEP REVIEW,INSUFFICIENT_EVIDENCE,FALLBACK:AMBIGUOUS_NO_BRAND
341787,ALLSTAR REUSABLE INSULIN PEN,MAYBE_PRODUCT,default_no_evidence,KEEP REVIEW,INSUFFICIENT_EVIDENCE,FALLBACK:AMBIGUOUS_NO_BRAND
341799,AMINOFIT 15SOFLETS.,MAYBE_PRODUCT,default_no_evidence,KEEP REVIEW,INSUFFICIENT_EVIDENCE,FALLBACK:AMBIGUOUS_NO_BRAND
341829,CELLOGLASS1PC,MAYBE_PRODUCT,default_no_evidence,KEEP REVIEW,INSUFFICIENT_EVIDENCE,FALLBACK:AMBIGUOUS_NO_BRAND
341860,ENTEROGERMINA 1X4CAP.,MAYBE_PRODUCT,default_no_evidence,KEEP REVIEW,INSUFFICIENT_EVIDENCE,FALLBACK:AMBIGUOUS_NO_BRAND
341893,TOUJEO CARTRIDGE,MAYBE_PRODUCT,default_no_evidence,KEEP REVIEW,INSUFFICIENT_EVIDENCE,FALLBACK:AMBIGUOUS_NO_BRAND
341895,TOUSTAR PEN,MAYBE_PRODUCT,default_no_evidence,KEEP REVIEW,INSUFFICIENT_EVIDENCE,FALLBACK:AMBIGUOUS_NO_BRAND
342150,Totals 157450.00 94144.00 114339.00 148705.00 36649.39,1,financial_aggregate,KEEP REVIEW,INSUFFICIENT_EVIDENCE,FALLBACK:AMBIGUOUS_NO_BRAND
342481,Tot purc value 577088.00,MAYBE_PRODUCT,default_no_evidence,KEEP REVIEW,INSUFFICIENT_EVIDENCE,FALLBACK:AMBIGUOUS_NO_BRAND
342534,VIVEKANANDA MEDICAL STORES,MAYBE_PRODUCT,default_no_evidence,KEEP REVIEW,INSUFFICIENT_EVIDENCE,FALLBACK:DISTRIBUTION_ENTITY
342583,VIVEKANANDA MEDICAL STORES,MAYBE_PRODUCT,default_no_evidence,KEEP REVIEW,INSUFFICIENT_EVIDENCE,FALLBACK:DISTRIBUTION_ENTITY
342585,VYL 10T,MAYBE_PRODUCT,default_no_evidence,KEEP REVIEW,INSUFFICIENT_EVIDENCE,FALLBACK:AMBIGUOUS_NO_BRAND
342634,VIVEKANANDA MEDICAL STORES,MAYBE_PRODUCT,default_no_evidence,KEEP REVIEW,INSUFFICIENT_EVIDENCE,FALLBACK:DISTRIBUTION_ENTITY
342641,AT 10C,MAYBE_PRODUCT,default_no_evidence,KEEP REVIEW,INSUFFICIENT_EVIDENCE,FALLBACK:VERY_SHORT
342685,VIVEKANANDA MEDICAL STORES,MAYBE_PRODUCT,default_no_evidence,KEEP REVIEW,INSUFFICIENT_EVIDENCE,FALLBACK:DISTRIBUTION_ENTITY
342687,EMCUTIX BIOPHARM,MAYBE_PRODUCT,default_no_evidence,CANDIDATE FOR 1,COMPANY_DIVISION_PREFIX,FALLBACK:AMBIGUOUS_NO_BRAND
343052,Digital Purchase ERP Ordering Healthcare QRCode on bills for extra earnings Call MARG 701570254074196099767419609977,MAYBE_PRODUCT,default_no_evidence,CANDIDATE FOR 1,COMPANY_ENTITY,FALLBACK:PHARMA_ENTITY
343409,EXOCIN E/D 1,MAYBE_PRODUCT,default_no_evidence,KEEP REVIEW,INSUFFICIENT_EVIDENCE,FALLBACK:AMBIGUOUS_NO_BRAND
343414,INTREPID 5 1,MAYBE_PRODUCT,default_no_evidence,KEEP REVIEW,INSUFFICIENT_EVIDENCE,FALLBACK:AMBIGUOUS_NO_BRAND
343420,MEPYVIT CC 1,MAYBE_PRODUCT,default_no_evidence,KEEP REVIEW,INSUFFICIENT_EVIDENCE,FALLBACK:AMBIGUOUS_NO_BRAND
343443,POLARAMINE 1,MAYBE_PRODUCT,default_no_evidence,KEEP REVIEW,INSUFFICIENT_EVIDENCE,FALLBACK:AMBIGUOUS_NO_BRAND
343465,THERMOMETRE 1,MAYBE_PRODUCT,default_no_evidence,KEEP REVIEW,INSUFFICIENT_EVIDENCE,FALLBACK:AMBIGUOUS_NO_BRAND
344486,TRENTAL 400 TA 15,MAYBE_PRODUCT,default_no_evidence,KEEP REVIEW,INSUFFICIENT_EVIDENCE,FALLBACK:AMBIGUOUS_NO_BRAND
344558,TELSITE 20 NEW PACK 15,MAYBE_PRODUCT,default_no_evidence,CANDIDATE FOR 1,INVALIDATED_NO_PHARMA,FALLBACK:AMBIGUOUS_NO_BRAND
345104,VELOCIT EAZY KIT 1 PC,MAYBE_PRODUCT,default_no_evidence,KEEP REVIEW,INSUFFICIENT_EVIDENCE,FALLBACK:AMBIGUOUS_NO_BRAND
345134,Tot purc value 1416334.00,MAYBE_PRODUCT,default_no_evidence,KEEP REVIEW,INSUFFICIENT_EVIDENCE,FALLBACK:AMBIGUOUS_NO_BRAND
345156,LASILACTONE50MG 1X10X1X10TAB,MAYBE_PRODUCT,default_no_evidence,KEEP REVIEW,INSUFFICIENT_EVIDENCE,FALLBACK:AMBIGUOUS_NO_BRAND
345166,Import Purchase ONLINE No Manual Entry MARG ERP Rs.5550 StocksAccountsGST Call 883943437191117683208989824394,MAYBE_PRODUCT,default_no_evidence,KEEP REVIEW,INSUFFICIENT_EVIDENCE,FALLBACK:STRUCTURAL_KW
345167,ORION,MAYBE_PRODUCT,default_no_evidence,KEEP REVIEW,INSUFFICIENT_EVIDENCE,FALLBACK:VERY_SHORT
345696,ALLEGRA D 1X10S 1 x10s,MAYBE_PRODUCT,default_no_evidence,KEEP REVIEW,INSUFFICIENT_EVIDENCE,FALLBACK:AMBIGUOUS_NO_BRAND
345698,ALLEGRA D60 MG+1 1X10TAB,MAYBE_PRODUCT,default_no_evidence,KEEP REVIEW,INSUFFICIENT_EVIDENCE,FALLBACK:AMBIGUOUS_NO_BRAND
345709,COMBIFLAM MS CR 1X30GM,MAYBE_PRODUCT,default_no_evidence,KEEP REVIEW,INSUFFICIENT_EVIDENCE,FALLBACK:AMBIGUOUS_NO_BRAND
345712,DEPURA CAL 10 0,MAYBE_PRODUCT,default_no_evidence,KEEP REVIEW,INSUFFICIENT_EVIDENCE,FALLBACK:AMBIGUOUS_NO_BRAND
345721,ALL STAR REUSABL 1 PEN,MAYBE_PRODUCT,default_no_evidence,KEEP REVIEW,INSUFFICIENT_EVIDENCE,FALLBACK:AMBIGUOUS_NO_BRAND
345734,COLLAFLEX PRO 0,MAYBE_PRODUCT,default_no_evidence,KEEP REVIEW,INSUFFICIENT_EVIDENCE,FALLBACK:AMBIGUOUS_NO_BRAND
345736,COLLAFLEX PRO PL 0,MAYBE_PRODUCT,default_no_evidence,KEEP REVIEW,INSUFFICIENT_EVIDENCE,FALLBACK:AMBIGUOUS_NO_BRAND
345742,DEPAKOTE XR 250M 0,MAYBE_PRODUCT,default_no_evidence,KEEP REVIEW,INSUFFICIENT_EVIDENCE,FALLBACK:AMBIGUOUS_NO_BRAND
345743,DEPAKOTE XR 500M 1 X15TAB,MAYBE_PRODUCT,default_no_evidence,KEEP REVIEW,INSUFFICIENT_EVIDENCE,FALLBACK:AMBIGUOUS_NO_BRAND
345747,FRISIUM 5MG1X15T 1X15TAB,MAYBE_PRODUCT,default_no_evidence,KEEP REVIEW,INSUFFICIENT_EVIDENCE,FALLBACK:AMBIGUOUS_NO_BRAND
345750,LANTUS SOLOSTAR 1UI,MAYBE_PRODUCT,default_no_evidence,KEEP REVIEW,INSUFFICIENT_EVIDENCE,FALLBACK:AMBIGUOUS_NO_BRAND
345754,LIQUID BASED HAN 0,MAYBE_PRODUCT,default_no_evidence,KEEP REVIEW,INSUFFICIENT_EVIDENCE,FALLBACK:AMBIGUOUS_NO_BRAND
345755,MERCHANDISING 1 *DEFAUL,MAYBE_PRODUCT,default_no_evidence,KEEP REVIEW,INSUFFICIENT_EVIDENCE,FALLBACK:AMBIGUOUS_NO_BRAND
345759,OMEGA 3 1 X10CAP,MAYBE_PRODUCT,default_no_evidence,KEEP REVIEW,INSUFFICIENT_EVIDENCE,FALLBACK:AMBIGUOUS_NO_BRAND
345769,TOUSTAR PEN 1 X1PEN,MAYBE_PRODUCT,default_no_evidence,KEEP REVIEW,INSUFFICIENT_EVIDENCE,FALLBACK:AMBIGUOUS_NO_BRAND
346168,PUR.RETN VALUE,MAYBE_PRODUCT,default_no_evidence,KEEP REVIEW,INSUFFICIENT_EVIDENCE,FALLBACK:AMBIGUOUS_NO_BRAND
347049,ALLSTAR REUSABLE UNIT,MAYBE_PRODUCT,default_no_evidence,CANDIDATE FOR 1,INVALIDATED_NO_PHARMA,FALLBACK:AMBIGUOUS_NO_BRAND
347062,LANTUS SOLOSTAR UNIT,MAYBE_PRODUCT,default_no_evidence,CANDIDATE FOR 1,INVALIDATED_NO_PHARMA,FALLBACK:AMBIGUOUS_NO_BRAND
347068,TOUSTAR PEN UNIT,MAYBE_PRODUCT,default_no_evidence,CANDIDATE FOR 1,INVALIDATED_NO_PHARMA,FALLBACK:AMBIGUOUS_NO_BRAND
347072,PURC 486732 SALE 477666 STOCK 437429 LZSTK 9804,MAYBE_PRODUCT,default_no_evidence,KEEP REVIEW,INSUFFICIENT_EVIDENCE,FALLBACK:AMBIGUOUS_NO_BRAND
347075,Report End 23 Records,MAYBE_PRODUCT,default_no_evidence,KEEP REVIEW,INSUFFICIENT_EVIDENCE,FALLBACK:AMBIGUOUS_NO_BRAND
347076,Prepared by Hitendra Bania on 01-Sep-2026 1759 From System Accounts2,MAYBE_PRODUCT,default_no_evidence,KEEP REVIEW,INSUFFICIENT_EVIDENCE,FALLBACK:AMBIGUOUS_NO_BRAND
347077,This is a Computer Generated Report Which Does Not Require Stamp or Signature,MAYBE_PRODUCT,default_no_evidence,KEEP REVIEW,INSUFFICIENT_EVIDENCE,FALLBACK:AMBIGUOUS_NO_BRAND
347221,BARALGAN NU,MAYBE_PRODUCT,default_no_evidence,KEEP REVIEW,INSUFFICIENT_EVIDENCE,FALLBACK:AMBIGUOUS_NO_BRAND
347470,SP MEDICOSE,MAYBE_PRODUCT,default_no_evidence,KEEP REVIEW,INSUFFICIENT_EVIDENCE,FALLBACK:AMBIGUOUS_NO_BRAND
347472,STOCK & SALES ANALYSIS (SANOFI INDIA LTD),MAYBE_PRODUCT,default_no_evidence,KEEP REVIEW,INSUFFICIENT_EVIDENCE,GARBAGE:pattern_garbage
347525,SP MEDICOSE,MAYBE_PRODUCT,default_no_evidence,KEEP REVIEW,INSUFFICIENT_EVIDENCE,FALLBACK:AMBIGUOUS_NO_BRAND
347527,STOCK & SALES ANALYSIS (SANOFI INDIA LTD),MAYBE_PRODUCT,default_no_evidence,KEEP REVIEW,INSUFFICIENT_EVIDENCE,GARBAGE:pattern_garbage
347567,INSUMAN COMP 25 CARTRIDGE LL 1X1VIAL,MAYBE_PRODUCT,default_no_evidence,KEEP REVIEW,INSUFFICIENT_EVIDENCE,FALLBACK:AMBIGUOUS_NO_BRAND
347580,SP MEDICOSE,MAYBE_PRODUCT,default_no_evidence,KEEP REVIEW,INSUFFICIENT_EVIDENCE,FALLBACK:AMBIGUOUS_NO_BRAND
347582,STOCK & SALES ANALYSIS (SANOFI INDIA LTD),MAYBE_PRODUCT,default_no_evidence,KEEP REVIEW,INSUFFICIENT_EVIDENCE,GARBAGE:pattern_garbage
347635,SP MEDICOSE,MAYBE_PRODUCT,default_no_evidence,KEEP REVIEW,INSUFFICIENT_EVIDENCE,FALLBACK:AMBIGUOUS_NO_BRAND
347637,STOCK & SALES ANALYSIS (SANOFI INDIA LTD),MAYBE_PRODUCT,default_no_evidence,KEEP REVIEW,INSUFFICIENT_EVIDENCE,GARBAGE:pattern_garbage
347669,VANIYAPURACKAL AGENCIES,1,version_lag_already_caught,KEEP REVIEW,INSUFFICIENT_EVIDENCE,GARBAGE:pattern_garbage
347720,VANIYAPURACKAL AGENCIES,1,version_lag_already_caught,KEEP REVIEW,INSUFFICIENT_EVIDENCE,GARBAGE:pattern_garbage
348340,DEPAKOTE XR 500 15T,MAYBE_PRODUCT,default_no_evidence,KEEP REVIEW,INSUFFICIENT_EVIDENCE,FALLBACK:AMBIGUOUS_NO_BRAND
348341,TRENTAL 400 15T,MAYBE_PRODUCT,default_no_evidence,KEEP REVIEW,INSUFFICIENT_EVIDENCE,FALLBACK:AMBIGUOUS_NO_BRAND
348606,RANBAXY CLASSIC,MAYBE_PRODUCT,default_no_evidence,KEEP REVIEW,INSUFFICIENT_EVIDENCE,FALLBACK:AMBIGUOUS_NO_BRAND
348649,RANBAXY CLASSIC,MAYBE_PRODUCT,default_no_evidence,KEEP REVIEW,INSUFFICIENT_EVIDENCE,FALLBACK:AMBIGUOUS_NO_BRAND
348878,LANTUS SOLOSTAR 1*U100,MAYBE_PRODUCT,default_no_evidence,KEEP REVIEW,INSUFFICIENT_EVIDENCE,FALLBACK:AMBIGUOUS_NO_BRAND
349193,MEDICINE DISTRIBUTORS,1,version_lag_already_caught,KEEP REVIEW,INSUFFICIENT_EVIDENCE,GARBAGE:pattern_garbage
349242,MEDICINE DISTRIBUTORS,1,version_lag_already_caught,KEEP REVIEW,INSUFFICIENT_EVIDENCE,GARBAGE:pattern_garbage
349296,AVENTIS DIABETES ORALS,MAYBE_PRODUCT,default_no_evidence,CANDIDATE FOR 1,COMPANY_DIVISION_PREFIX,FALLBACK:AMBIGUOUS_NO_BRAND
349298,AVENTIS-CARDIO,MAYBE_PRODUCT,default_no_evidence,CANDIDATE FOR 1,COMPANY_DIVISION_PREFIX,FALLBACK:AMBIGUOUS_NO_BRAND
349530,MYSTAR REUSABLE INSULIN P,MAYBE_PRODUCT,default_no_evidence,KEEP REVIEW,INSUFFICIENT_EVIDENCE,FALLBACK:AMBIGUOUS_NO_BRAND
349538,TRENTAL 400,MAYBE_PRODUCT,default_no_evidence,KEEP REVIEW,INSUFFICIENT_EVIDENCE,FALLBACK:AMBIGUOUS_NO_BRAND
349740,Total Op. Val 327602.25,MAYBE_PRODUCT,default_no_evidence,CANDIDATE FOR 1,STRUCTURAL_KEYWORD,FALLBACK:STRUCTURAL_KW
349741,Total Op. Val 327602.25,MAYBE_PRODUCT,default_no_evidence,CANDIDATE FOR 1,STRUCTURAL_KEYWORD,FALLBACK:STRUCTURAL_KW
351952,ALLSTAR REUSABLE PEN PEN,MAYBE_PRODUCT,default_no_evidence,KEEP REVIEW,INSUFFICIENT_EVIDENCE,FALLBACK:AMBIGUOUS_NO_BRAND
352154,LANTUS U100 SOLOST 1PH,MAYBE_PRODUCT,default_no_evidence,KEEP REVIEW,INSUFFICIENT_EVIDENCE,FALLBACK:AMBIGUOUS_NO_BRAND
352155,LANTUS CARTRIDGE VAIL,MAYBE_PRODUCT,default_no_evidence,KEEP REVIEW,INSUFFICIENT_EVIDENCE,FALLBACK:AMBIGUOUS_NO_BRAND
352164,APIDRA SOLOSTAR PEN,MAYBE_PRODUCT,default_no_evidence,KEEP REVIEW,INSUFFICIENT_EVIDENCE,FALLBACK:AMBIGUOUS_NO_BRAND
352224,ALLSTAR PEN 1 PIC,MAYBE_PRODUCT,default_no_evidence,KEEP REVIEW,INSUFFICIENT_EVIDENCE,FALLBACK:AMBIGUOUS_NO_BRAND
352229,TOUSTAR 1PAC,MAYBE_PRODUCT,default_no_evidence,KEEP REVIEW,INSUFFICIENT_EVIDENCE,FALLBACK:AMBIGUOUS_NO_BRAND
352231,SOLIQUA 300 SOLOSTA 1PEN,MAYBE_PRODUCT,default_no_evidence,KEEP REVIEW,INSUFFICIENT_EVIDENCE,FALLBACK:AMBIGUOUS_NO_BRAND
352232,MYSTAR PEN 1PEN,MAYBE_PRODUCT,default_no_evidence,KEEP REVIEW,INSUFFICIENT_EVIDENCE,FALLBACK:AMBIGUOUS_NO_BRAND
352390,FRISIUM 20 10,MAYBE_PRODUCT,default_no_evidence,KEEP REVIEW,INSUFFICIENT_EVIDENCE,FALLBACK:AMBIGUOUS_NO_BRAND
352476,HOSTACYCLIN 250 10,MAYBE_PRODUCT,default_no_evidence,KEEP REVIEW,INSUFFICIENT_EVIDENCE,FALLBACK:AMBIGUOUS_NO_BRAND
352477,HOSTACYCLINE 500 10,MAYBE_PRODUCT,default_no_evidence,KEEP REVIEW,INSUFFICIENT_EVIDENCE,FALLBACK:AMBIGUOUS_NO_BRAND
352995,ALLSTAR INSULIN PEN 1PEN,MAYBE_PRODUCT,default_no_evidence,KEEP REVIEW,INSUFFICIENT_EVIDENCE,FALLBACK:AMBIGUOUS_NO_BRAND
353015,SHYAM MEDICAL AGENCY,MAYBE_PRODUCT,default_no_evidence,KEEP REVIEW,INSUFFICIENT_EVIDENCE,FALLBACK:DISTRIBUTION_ENTITY
353036,LODOGOL-50X10CAP,MAYBE_PRODUCT,default_no_evidence,KEEP REVIEW,INSUFFICIENT_EVIDENCE,FALLBACK:AMBIGUOUS_NO_BRAND
353176,ALLSTAR REUSABLE PEN *PEN,MAYBE_PRODUCT,default_no_evidence,KEEP REVIEW,INSUFFICIENT_EVIDENCE,FALLBACK:AMBIGUOUS_NO_BRAND
353191,APIDRA CART *CART,MAYBE_PRODUCT,default_no_evidence,KEEP REVIEW,INSUFFICIENT_EVIDENCE,FALLBACK:AMBIGUOUS_NO_BRAND
353260,LANTUS CARTRIDGE *CART,MAYBE_PRODUCT,default_no_evidence,KEEP REVIEW,INSUFFICIENT_EVIDENCE,FALLBACK:AMBIGUOUS_NO_BRAND
353261,LANTUS SOLOSTAR *PEN,MAYBE_PRODUCT,default_no_evidence,KEEP REVIEW,INSUFFICIENT_EVIDENCE,FALLBACK:AMBIGUOUS_NO_BRAND
353298,TOUSTAR PEN *PEN,MAYBE_PRODUCT,default_no_evidence,KEEP REVIEW,INSUFFICIENT_EVIDENCE,FALLBACK:AMBIGUOUS_NO_BRAND
354483,Import Purchase ONLINE No Manual Entry MARG NANO Rs.5400 Online Purchase Import Call 925980396476686544907668654490,MAYBE_PRODUCT,default_no_evidence,KEEP REVIEW,INSUFFICIENT_EVIDENCE,FALLBACK:STRUCTURAL_KW
354650,Expired Expiry Less Than 30 Expiry Less Than 60 Expiry Less Than 9,MAYBE_PRODUCT,default_no_evidence,KEEP REVIEW,INSUFFICIENT_EVIDENCE,FALLBACK:AMBIGUOUS_NO_BRAND
355408,PRIMOSA 1000 SOFTGELS 15,MAYBE_PRODUCT,default_no_evidence,KEEP REVIEW,INSUFFICIENT_EVIDENCE,FALLBACK:AMBIGUOUS_NO_BRAND
355475,STAYFREE SECURE 7,MAYBE_PRODUCT,default_no_evidence,KEEP REVIEW,INSUFFICIENT_EVIDENCE,FALLBACK:AMBIGUOUS_NO_BRAND
355476,ALLSTAR REUSABLE INSULIN PEN,MAYBE_PRODUCT,default_no_evidence,KEEP REVIEW,INSUFFICIENT_EVIDENCE,FALLBACK:AMBIGUOUS_NO_BRAND
355486,TOUSTAR DEVICE PEN PEN,MAYBE_PRODUCT,default_no_evidence,KEEP REVIEW,INSUFFICIENT_EVIDENCE,FALLBACK:AMBIGUOUS_NO_BRAND
355833,Mfg. Total,MAYBE_PRODUCT,default_no_evidence,CANDIDATE FOR 1,STRUCTURAL_KEYWORD,FALLBACK:STRUCTURAL_KW
355847,Mfg. Total,MAYBE_PRODUCT,default_no_evidence,CANDIDATE FOR 1,STRUCTURAL_KEYWORD,FALLBACK:STRUCTURAL_KW
355848,Non-Moving for 45 days10 Products,MAYBE_PRODUCT,default_no_evidence,KEEP REVIEW,INSUFFICIENT_EVIDENCE,FALLBACK:AMBIGUOUS_NO_BRAND
356600,Mystar Reusable Insulin Pen,MAYBE_PRODUCT,default_no_evidence,KEEP REVIEW,INSUFFICIENT_EVIDENCE,FALLBACK:AMBIGUOUS_NO_BRAND
356607,SHAN IPV 50V 5D,MAYBE_PRODUCT,default_no_evidence,KEEP REVIEW,INSUFFICIENT_EVIDENCE,FALLBACK:AMBIGUOUS_NO_BRAND
357404,ALLSTAR REUSABLE INSULIN PEN,MAYBE_PRODUCT,default_no_evidence,KEEP REVIEW,INSUFFICIENT_EVIDENCE,FALLBACK:AMBIGUOUS_NO_BRAND
357425,LANTUS SOLOSTAR PEN UNIT,MAYBE_PRODUCT,default_no_evidence,CANDIDATE FOR 1,INVALIDATED_NO_PHARMA,FALLBACK:AMBIGUOUS_NO_BRAND
357432,VINLEP 300,MAYBE_PRODUCT,default_no_evidence,KEEP REVIEW,INSUFFICIENT_EVIDENCE,FALLBACK:AMBIGUOUS_NO_BRAND
357815,AVENTIS LTD,1,version_lag_already_caught,CANDIDATE FOR 1,COMPANY_DIVISION_PREFIX,GARBAGE:pattern_garbage
357826,TOUSTAR PEN 1*1VAIL,MAYBE_PRODUCT,default_no_evidence,KEEP REVIEW,INSUFFICIENT_EVIDENCE,FALLBACK:AMBIGUOUS_NO_BRAND
358465,Reorder Values 0.00,MAYBE_PRODUCT,default_no_evidence,KEEP REVIEW,INSUFFICIENT_EVIDENCE,FALLBACK:AMBIGUOUS_NO_BRAND
358526,CORDARAN,MAYBE_PRODUCT,default_no_evidence,KEEP REVIEW,INSUFFICIENT_EVIDENCE,FALLBACK:AMBIGUOUS_NO_BRAND
359382,ZZZZZZ 13627,1,zzzzzz_ocr_placeholder,CANDIDATE FOR 1,NO_VOWEL_OCR_NOISE,FALLBACK:AMBIGUOUS_NO_BRAND
359383,ZZZZZZ 7692,1,zzzzzz_ocr_placeholder,CANDIDATE FOR 1,NO_VOWEL_OCR_NOISE,FALLBACK:AMBIGUOUS_NO_BRAND
359384,ZZZZZZ 7693,1,zzzzzz_ocr_placeholder,CANDIDATE FOR 1,NO_VOWEL_OCR_NOISE,FALLBACK:AMBIGUOUS_NO_BRAND
359474,AVIL-50T 1X15T,MAYBE_PRODUCT,default_no_evidence,KEEP REVIEW,INSUFFICIENT_EVIDENCE,FALLBACK:AMBIGUOUS_NO_BRAND
359487,FESTAL-N 1X10T,MAYBE_PRODUCT,default_no_evidence,KEEP REVIEW,INSUFFICIENT_EVIDENCE,FALLBACK:AMBIGUOUS_NO_BRAND
359492,SOLIAN 100 1X10T,MAYBE_PRODUCT,default_no_evidence,KEEP REVIEW,INSUFFICIENT_EVIDENCE,FALLBACK:AMBIGUOUS_NO_BRAND
359493,SOLIAN 200 1X10T,MAYBE_PRODUCT,default_no_evidence,KEEP REVIEW,INSUFFICIENT_EVIDENCE,FALLBACK:AMBIGUOUS_NO_BRAND
359494,SOLIAN 50 1X10T,MAYBE_PRODUCT,default_no_evidence,KEEP REVIEW,INSUFFICIENT_EVIDENCE,FALLBACK:AMBIGUOUS_NO_BRAND
359499,VALPARIN 500 1X10T,MAYBE_PRODUCT,default_no_evidence,KEEP REVIEW,INSUFFICIENT_EVIDENCE,FALLBACK:AMBIGUOUS_NO_BRAND
359500,VALPARIN CHRONO 200 1X10T,MAYBE_PRODUCT,default_no_evidence,KEEP REVIEW,INSUFFICIENT_EVIDENCE,FALLBACK:AMBIGUOUS_NO_BRAND
359501,VALPARIN CHRONO 300 1X15T,MAYBE_PRODUCT,default_no_evidence,KEEP REVIEW,INSUFFICIENT_EVIDENCE,FALLBACK:AMBIGUOUS_NO_BRAND
359502,VALPARIN CHRONO 500 1X15T,MAYBE_PRODUCT,default_no_evidence,KEEP REVIEW,INSUFFICIENT_EVIDENCE,FALLBACK:AMBIGUOUS_NO_BRAND
359506,VINLEP 450 1X10T,MAYBE_PRODUCT,default_no_evidence,KEEP REVIEW,INSUFFICIENT_EVIDENCE,FALLBACK:AMBIGUOUS_NO_BRAND
359509,ALLSTAR REUSABLE PEN 1 PEN,MAYBE_PRODUCT,default_no_evidence,KEEP REVIEW,INSUFFICIENT_EVIDENCE,FALLBACK:AMBIGUOUS_NO_BRAND
359516,LANTUS U100 SOLOSTAR 1PC,MAYBE_PRODUCT,default_no_evidence,KEEP REVIEW,INSUFFICIENT_EVIDENCE,FALLBACK:AMBIGUOUS_NO_BRAND
360180,ALLSTAR REUSABLE INSULIN P 1PC,MAYBE_PRODUCT,default_no_evidence,KEEP REVIEW,INSUFFICIENT_EVIDENCE,FALLBACK:AMBIGUOUS_NO_BRAND
360190,AMINOFIT FORTE SACHET SALE 1X10,MAYBE_PRODUCT,default_no_evidence,KEEP REVIEW,INSUFFICIENT_EVIDENCE,FALLBACK:AMBIGUOUS_NO_BRAND
360195,BARALGAN NU,MAYBE_PRODUCT,default_no_evidence,KEEP REVIEW,INSUFFICIENT_EVIDENCE,FALLBACK:AMBIGUOUS_NO_BRAND
360224,DEPAKOTE 250,MAYBE_PRODUCT,default_no_evidence,KEEP REVIEW,INSUFFICIENT_EVIDENCE,FALLBACK:AMBIGUOUS_NO_BRAND
360225,DEPURA KIDS/VITAMIND-3,MAYBE_PRODUCT,default_no_evidence,CANDIDATE FOR 1,INVALIDATED_NO_PHARMA,FALLBACK:AMBIGUOUS_NO_BRAND
360246,MYORIL 8,MAYBE_PRODUCT,default_no_evidence,KEEP REVIEW,INSUFFICIENT_EVIDENCE,FALLBACK:AMBIGUOUS_NO_BRAND
360248,NUHENZ 10X1X10,MAYBE_PRODUCT,default_no_evidence,KEEP REVIEW,INSUFFICIENT_EVIDENCE,FALLBACK:AMBIGUOUS_NO_BRAND
360263,TOUJEO CARTRIDGE,MAYBE_PRODUCT,default_no_evidence,KEEP REVIEW,INSUFFICIENT_EVIDENCE,FALLBACK:AMBIGUOUS_NO_BRAND
360267,UNIVERSAL S AMINOFIT,MAYBE_PRODUCT,default_no_evidence,KEEP REVIEW,INSUFFICIENT_EVIDENCE,FALLBACK:AMBIGUOUS_NO_BRAND
360276,I am satisfied with Marg ERP Computerise YOUR SHOP Rs.5550 StockAccounts GST Call 016146087789357635785,1,structural_garbage,KEEP REVIEW,INSUFFICIENT_EVIDENCE,FALLBACK:AMBIGUOUS_NO_BRAND
360279,ALLSTAR REUSABLE INSULIN P 1PC,MAYBE_PRODUCT,default_no_evidence,KEEP REVIEW,INSUFFICIENT_EVIDENCE,FALLBACK:AMBIGUOUS_NO_BRAND
360289,AMINOFIT FORTE SACHET SALE 1X10,MAYBE_PRODUCT,default_no_evidence,KEEP REVIEW,INSUFFICIENT_EVIDENCE,FALLBACK:AMBIGUOUS_NO_BRAND
360294,BARALGAN NU,MAYBE_PRODUCT,default_no_evidence,KEEP REVIEW,INSUFFICIENT_EVIDENCE,FALLBACK:AMBIGUOUS_NO_BRAND
360323,DEPAKOTE 250,MAYBE_PRODUCT,default_no_evidence,KEEP REVIEW,INSUFFICIENT_EVIDENCE,FALLBACK:AMBIGUOUS_NO_BRAND
360324,DEPURA KIDS/VITAMIND-3,MAYBE_PRODUCT,default_no_evidence,CANDIDATE FOR 1,INVALIDATED_NO_PHARMA,FALLBACK:AMBIGUOUS_NO_BRAND
360345,MYORIL 8,MAYBE_PRODUCT,default_no_evidence,KEEP REVIEW,INSUFFICIENT_EVIDENCE,FALLBACK:AMBIGUOUS_NO_BRAND
360347,NUHENZ 10X1X10,MAYBE_PRODUCT,default_no_evidence,KEEP REVIEW,INSUFFICIENT_EVIDENCE,FALLBACK:AMBIGUOUS_NO_BRAND
360362,TOUJEO CARTRIDGE,MAYBE_PRODUCT,default_no_evidence,KEEP REVIEW,INSUFFICIENT_EVIDENCE,FALLBACK:AMBIGUOUS_NO_BRAND
360366,UNIVERSAL S AMINOFIT,MAYBE_PRODUCT,default_no_evidence,KEEP REVIEW,INSUFFICIENT_EVIDENCE,FALLBACK:AMBIGUOUS_NO_BRAND
360375,I am satisfied with Marg ERP Computerise YOUR SHOP Rs.5550 StockAccounts GST Call 016146087789357635785,1,structural_garbage,KEEP REVIEW,INSUFFICIENT_EVIDENCE,FALLBACK:AMBIGUOUS_NO_BRAND
360876,ALLSTAR REUSABLE INSULIN PEN 1.,MAYBE_PRODUCT,default_no_evidence,KEEP REVIEW,INSUFFICIENT_EVIDENCE,FALLBACK:AMBIGUOUS_NO_BRAND
361524,METOSAN XR 25,MAYBE_PRODUCT,default_no_evidence,KEEP REVIEW,INSUFFICIENT_EVIDENCE,FALLBACK:AMBIGUOUS_NO_BRAND
361525,METOSAN XR 50,MAYBE_PRODUCT,default_no_evidence,KEEP REVIEW,INSUFFICIENT_EVIDENCE,FALLBACK:AMBIGUOUS_NO_BRAND
362131,ALLSTAR PEN PEN,MAYBE_PRODUCT,default_no_evidence,KEEP REVIEW,INSUFFICIENT_EVIDENCE,FALLBACK:AMBIGUOUS_NO_BRAND
362213,LANTUS SOLOSTAR KIT KIT,MAYBE_PRODUCT,default_no_evidence,KEEP REVIEW,INSUFFICIENT_EVIDENCE,FALLBACK:AMBIGUOUS_NO_BRAND
362238,TOUJEO SOLOSTAR PEN,MAYBE_PRODUCT,default_no_evidence,KEEP REVIEW,INSUFFICIENT_EVIDENCE,FALLBACK:AMBIGUOUS_NO_BRAND
362239,TOUSTAR PEN PEN,MAYBE_PRODUCT,default_no_evidence,KEEP REVIEW,INSUFFICIENT_EVIDENCE,FALLBACK:AMBIGUOUS_NO_BRAND
362823,ST Value,MAYBE_PRODUCT,default_no_evidence,KEEP REVIEW,INSUFFICIENT_EVIDENCE,FALLBACK:AMBIGUOUS_NO_BRAND
362824,Sale Return Value,MAYBE_PRODUCT,default_no_evidence,KEEP REVIEW,INSUFFICIENT_EVIDENCE,FALLBACK:AMBIGUOUS_NO_BRAND
362869,ST Value,MAYBE_PRODUCT,default_no_evidence,KEEP REVIEW,INSUFFICIENT_EVIDENCE,FALLBACK:AMBIGUOUS_NO_BRAND
362870,Sale Return Value,MAYBE_PRODUCT,default_no_evidence,KEEP REVIEW,INSUFFICIENT_EVIDENCE,FALLBACK:AMBIGUOUS_NO_BRAND
363051,TRENTAL 400 15 T,MAYBE_PRODUCT,default_no_evidence,KEEP REVIEW,INSUFFICIENT_EVIDENCE,FALLBACK:AMBIGUOUS_NO_BRAND
363243,Import Purchase ONLINE No Manual Entry MARG ERP Rs.5550 StocksAccountsGST Call 989398390093000597927222902067,MAYBE_PRODUCT,default_no_evidence,KEEP REVIEW,INSUFFICIENT_EVIDENCE,FALLBACK:STRUCTURAL_KW
363557,SYAL MEDICOPATHANKOT,MAYBE_PRODUCT,default_no_evidence,KEEP REVIEW,INSUFFICIENT_EVIDENCE,FALLBACK:AMBIGUOUS_NO_BRAND
363952,TRENTAL 400 15,MAYBE_PRODUCT,default_no_evidence,KEEP REVIEW,INSUFFICIENT_EVIDENCE,FALLBACK:AMBIGUOUS_NO_BRAND
363985,TRENTAL 400 15,MAYBE_PRODUCT,default_no_evidence,KEEP REVIEW,INSUFFICIENT_EVIDENCE,FALLBACK:AMBIGUOUS_NO_BRAND
364767,ADENOCOR INJECTION 1X1VAIL,MAYBE_PRODUCT,default_no_evidence,KEEP REVIEW,INSUFFICIENT_EVIDENCE,FALLBACK:AMBIGUOUS_NO_BRAND
364775,ALLEGRA-M 1X10TAB.,MAYBE_PRODUCT,default_no_evidence,KEEP REVIEW,INSUFFICIENT_EVIDENCE,FALLBACK:AMBIGUOUS_NO_BRAND
364776,ALLSTAR REUSABLE PEN 1X1UNIT,MAYBE_PRODUCT,default_no_evidence,KEEP REVIEW,INSUFFICIENT_EVIDENCE,FALLBACK:AMBIGUOUS_NO_BRAND
364791,APIDRA SOLOSTAR 1X1UNIT,MAYBE_PRODUCT,default_no_evidence,KEEP REVIEW,INSUFFICIENT_EVIDENCE,FALLBACK:AMBIGUOUS_NO_BRAND
364830,KRISHANA MEDICOS AGENCIES,1,version_lag_already_caught,KEEP REVIEW,INSUFFICIENT_EVIDENCE,GARBAGE:pattern_garbage
364835,COSAVIL FLU 1X10TAB.,MAYBE_PRODUCT,default_no_evidence,KEEP REVIEW,INSUFFICIENT_EVIDENCE,FALLBACK:AMBIGUOUS_NO_BRAND
364848,ESTOVON-XT 1X15CAP.,MAYBE_PRODUCT,default_no_evidence,KEEP REVIEW,INSUFFICIENT_EVIDENCE,FALLBACK:AMBIGUOUS_NO_BRAND
364850,FOLGEL PLUS 1X15CAP.,MAYBE_PRODUCT,default_no_evidence,KEEP REVIEW,INSUFFICIENT_EVIDENCE,FALLBACK:AMBIGUOUS_NO_BRAND
364861,HEXTRADOL-P 1X10TAB.,MAYBE_PRODUCT,default_no_evidence,KEEP REVIEW,INSUFFICIENT_EVIDENCE,FALLBACK:AMBIGUOUS_NO_BRAND
364875,LANTUS SOLOSTAR 1X1UNIT,MAYBE_PRODUCT,default_no_evidence,KEEP REVIEW,INSUFFICIENT_EVIDENCE,FALLBACK:AMBIGUOUS_NO_BRAND
364876,LANTUS STARTER KIT 1X1UNIT,MAYBE_PRODUCT,default_no_evidence,KEEP REVIEW,INSUFFICIENT_EVIDENCE,FALLBACK:AMBIGUOUS_NO_BRAND
364881,MACRABERIN FORTE 1X10TAB.,MAYBE_PRODUCT,default_no_evidence,KEEP REVIEW,INSUFFICIENT_EVIDENCE,FALLBACK:AMBIGUOUS_NO_BRAND
364882,MEGA FREFLEX 1X10TAB.,MAYBE_PRODUCT,default_no_evidence,KEEP REVIEW,INSUFFICIENT_EVIDENCE,FALLBACK:AMBIGUOUS_NO_BRAND
364887,MULTIVITE-FM OMEGA 1X30CAP.,MAYBE_PRODUCT,default_no_evidence,KEEP REVIEW,INSUFFICIENT_EVIDENCE,FALLBACK:AMBIGUOUS_NO_BRAND
364890,KRISHANA MEDICOS AGENCIES,1,version_lag_already_caught,KEEP REVIEW,INSUFFICIENT_EVIDENCE,GARBAGE:pattern_garbage
364901,PRIMOSA-1000 1X15CAP.,MAYBE_PRODUCT,default_no_evidence,KEEP REVIEW,INSUFFICIENT_EVIDENCE,FALLBACK:AMBIGUOUS_NO_BRAND
364902,PRIMOSA-500 1X15CAP.,MAYBE_PRODUCT,default_no_evidence,KEEP REVIEW,INSUFFICIENT_EVIDENCE,FALLBACK:AMBIGUOUS_NO_BRAND
364906,RADIANCE-H 1X15CAP.,MAYBE_PRODUCT,default_no_evidence,KEEP REVIEW,INSUFFICIENT_EVIDENCE,FALLBACK:AMBIGUOUS_NO_BRAND
364907,RULIDE-AZ 1X3TAB.,MAYBE_PRODUCT,default_no_evidence,KEEP REVIEW,INSUFFICIENT_EVIDENCE,FALLBACK:AMBIGUOUS_NO_BRAND
364919,SYNDOL-DS 1X10TAB.,MAYBE_PRODUCT,default_no_evidence,KEEP REVIEW,INSUFFICIENT_EVIDENCE,FALLBACK:AMBIGUOUS_NO_BRAND
364933,VALPARIN ALKALET-200 1X15TAB.,MAYBE_PRODUCT,default_no_evidence,KEEP REVIEW,INSUFFICIENT_EVIDENCE,FALLBACK:AMBIGUOUS_NO_BRAND
364934,VALPARIN ALKALET-500 1X15TAB.,MAYBE_PRODUCT,default_no_evidence,KEEP REVIEW,INSUFFICIENT_EVIDENCE,FALLBACK:AMBIGUOUS_NO_BRAND
364942,Import Purchase ONLINE No Manual Entry MARG ERP Rs.5550 StocksAccountsGST Call 8448090780016365160979646540069,MAYBE_PRODUCT,default_no_evidence,KEEP REVIEW,INSUFFICIENT_EVIDENCE,FALLBACK:STRUCTURAL_KW
365303,ST Value,MAYBE_PRODUCT,default_no_evidence,KEEP REVIEW,INSUFFICIENT_EVIDENCE,FALLBACK:AMBIGUOUS_NO_BRAND
365304,Sale Return Value,MAYBE_PRODUCT,default_no_evidence,KEEP REVIEW,INSUFFICIENT_EVIDENCE,FALLBACK:AMBIGUOUS_NO_BRAND
365370,ALL STAR REUSABLE INSULIN PEN 1,MAYBE_PRODUCT,default_no_evidence,KEEP REVIEW,INSUFFICIENT_EVIDENCE,FALLBACK:AMBIGUOUS_NO_BRAND
365433,TOUJEO CARTRIDGE 1,MAYBE_PRODUCT,default_no_evidence,KEEP REVIEW,INSUFFICIENT_EVIDENCE,FALLBACK:AMBIGUOUS_NO_BRAND
365441,ZZZZZZ 2831,1,zzzzzz_ocr_placeholder,CANDIDATE FOR 1,NO_VOWEL_OCR_NOISE,FALLBACK:AMBIGUOUS_NO_BRAND
365442,ZZZZZZ 2940,1,zzzzzz_ocr_placeholder,CANDIDATE FOR 1,NO_VOWEL_OCR_NOISE,FALLBACK:AMBIGUOUS_NO_BRAND
365443,ZZZZZZ 2992,1,zzzzzz_ocr_placeholder,CANDIDATE FOR 1,NO_VOWEL_OCR_NOISE,FALLBACK:AMBIGUOUS_NO_BRAND
365444,ALL STAR REUSABLE INSULIN PEN 1,MAYBE_PRODUCT,default_no_evidence,KEEP REVIEW,INSUFFICIENT_EVIDENCE,FALLBACK:AMBIGUOUS_NO_BRAND
365507,TOUJEO CARTRIDGE 1,MAYBE_PRODUCT,default_no_evidence,KEEP REVIEW,INSUFFICIENT_EVIDENCE,FALLBACK:AMBIGUOUS_NO_BRAND
365515,ZZZZZZ 2831,1,zzzzzz_ocr_placeholder,CANDIDATE FOR 1,NO_VOWEL_OCR_NOISE,FALLBACK:AMBIGUOUS_NO_BRAND
365516,ZZZZZZ 2940,1,zzzzzz_ocr_placeholder,CANDIDATE FOR 1,NO_VOWEL_OCR_NOISE,FALLBACK:AMBIGUOUS_NO_BRAND
365517,ZZZZZZ 2992,1,zzzzzz_ocr_placeholder,CANDIDATE FOR 1,NO_VOWEL_OCR_NOISE,FALLBACK:AMBIGUOUS_NO_BRAND
366162,BUSCOGAST PLUS,MAYBE_PRODUCT,default_no_evidence,KEEP REVIEW,INSUFFICIENT_EVIDENCE,FALLBACK:AMBIGUOUS_NO_BRAND
366173,ENTEROGERMINA LIQ,MAYBE_PRODUCT,default_no_evidence,KEEP REVIEW,INSUFFICIENT_EVIDENCE,FALLBACK:AMBIGUOUS_NO_BRAND
366202,APIDRA CATRIDGE,MAYBE_PRODUCT,default_no_evidence,KEEP REVIEW,INSUFFICIENT_EVIDENCE,FALLBACK:AMBIGUOUS_NO_BRAND
366204,BARALGAN M,MAYBE_PRODUCT,default_no_evidence,KEEP REVIEW,INSUFFICIENT_EVIDENCE,FALLBACK:AMBIGUOUS_NO_BRAND
366246,DETTOL ANTISEPTIC LIQUID,MAYBE_PRODUCT,default_no_evidence,KEEP REVIEW,INSUFFICIENT_EVIDENCE,FALLBACK:AMBIGUOUS_NO_BRAND
366253,HAND SANITIZER,MAYBE_PRODUCT,default_no_evidence,KEEP REVIEW,INSUFFICIENT_EVIDENCE,FALLBACK:AMBIGUOUS_NO_BRAND
366258,INSUMAN 25/75,MAYBE_PRODUCT,default_no_evidence,KEEP REVIEW,INSUFFICIENT_EVIDENCE,FALLBACK:AMBIGUOUS_NO_BRAND
366259,INSUMAN BASAL,MAYBE_PRODUCT,default_no_evidence,KEEP REVIEW,INSUFFICIENT_EVIDENCE,FALLBACK:AMBIGUOUS_NO_BRAND
366260,INSUMAN COMB 25,MAYBE_PRODUCT,default_no_evidence,KEEP REVIEW,INSUFFICIENT_EVIDENCE,FALLBACK:AMBIGUOUS_NO_BRAND
366261,INSUMAN COMB 50,MAYBE_PRODUCT,default_no_evidence,KEEP REVIEW,INSUFFICIENT_EVIDENCE,FALLBACK:AMBIGUOUS_NO_BRAND
366262,INSUMAN RAPID,MAYBE_PRODUCT,default_no_evidence,KEEP REVIEW,INSUFFICIENT_EVIDENCE,FALLBACK:AMBIGUOUS_NO_BRAND
366266,LANTUS SOLOSTAR,MAYBE_PRODUCT,default_no_evidence,KEEP REVIEW,INSUFFICIENT_EVIDENCE,FALLBACK:AMBIGUOUS_NO_BRAND
366267,LANTUS STARTER KIT,MAYBE_PRODUCT,default_no_evidence,KEEP REVIEW,INSUFFICIENT_EVIDENCE,FALLBACK:AMBIGUOUS_NO_BRAND
366272,NEW ECOD PLUS SOFTGEL,MAYBE_PRODUCT,default_no_evidence,CANDIDATE FOR 1,INVALIDATED_NO_PHARMA,FALLBACK:AMBIGUOUS_NO_BRAND
366278,PRIMACAL AT,MAYBE_PRODUCT,default_no_evidence,KEEP REVIEW,INSUFFICIENT_EVIDENCE,FALLBACK:AMBIGUOUS_NO_BRAND
366286,STAYFREE SECURE,MAYBE_PRODUCT,default_no_evidence,KEEP REVIEW,INSUFFICIENT_EVIDENCE,FALLBACK:AMBIGUOUS_NO_BRAND
366295,TRENTAL 400,MAYBE_PRODUCT,default_no_evidence,KEEP REVIEW,INSUFFICIENT_EVIDENCE,FALLBACK:AMBIGUOUS_NO_BRAND
366302,VALPARIN CHRONO 200,MAYBE_PRODUCT,default_no_evidence,KEEP REVIEW,INSUFFICIENT_EVIDENCE,FALLBACK:AMBIGUOUS_NO_BRAND
366306,VALPARIN CHRONO 500,MAYBE_PRODUCT,default_no_evidence,KEEP REVIEW,INSUFFICIENT_EVIDENCE,FALLBACK:AMBIGUOUS_NO_BRAND
366308,VICKS VAPORUB,MAYBE_PRODUCT,default_no_evidence,KEEP REVIEW,INSUFFICIENT_EVIDENCE,FALLBACK:AMBIGUOUS_NO_BRAND
366435,DEPURA-60K-SUGAR FREE 1BOX,MAYBE_PRODUCT,default_no_evidence,KEEP REVIEW,INSUFFICIENT_EVIDENCE,FALLBACK:AMBIGUOUS_NO_BRAND
366440,AVENTIS AV,MAYBE_PRODUCT,default_no_evidence,CANDIDATE FOR 1,COMPANY_DIVISION_PREFIX,FALLBACK:AMBIGUOUS_NO_BRAND
366442,AVENTIS RU,MAYBE_PRODUCT,default_no_evidence,CANDIDATE FOR 1,COMPANY_DIVISION_PREFIX,FALLBACK:AMBIGUOUS_NO_BRAND
366444,HOECHST HO,MAYBE_PRODUCT,default_no_evidence,KEEP REVIEW,INSUFFICIENT_EVIDENCE,FALLBACK:AMBIGUOUS_NO_BRAND
366447,HOECHST HO,MAYBE_PRODUCT,default_no_evidence,KEEP REVIEW,INSUFFICIENT_EVIDENCE,FALLBACK:AMBIGUOUS_NO_BRAND
366449,AVIL-25-BOX 1BOX,MAYBE_PRODUCT,default_no_evidence,KEEP REVIEW,INSUFFICIENT_EVIDENCE,FALLBACK:AMBIGUOUS_NO_BRAND
366468,ROUSS RU,MAYBE_PRODUCT,default_no_evidence,KEEP REVIEW,INSUFFICIENT_EVIDENCE,FALLBACK:AMBIGUOUS_NO_BRAND
366496,TORRENT TO,MAYBE_PRODUCT,default_no_evidence,KEEP REVIEW,INSUFFICIENT_EVIDENCE,FALLBACK:AMBIGUOUS_NO_BRAND
366503,VALPARIN-CHRONO-500 1*10TA,MAYBE_PRODUCT,default_no_evidence,KEEP REVIEW,INSUFFICIENT_EVIDENCE,FALLBACK:AMBIGUOUS_NO_BRAND
367323,ALLSTAR REUSABLE1PACK 1 PAK,MAYBE_PRODUCT,default_no_evidence,KEEP REVIEW,INSUFFICIENT_EVIDENCE,FALLBACK:AMBIGUOUS_NO_BRAND
367444,SOLIQUA SOLOSTAR1 PEN 1 PEN,MAYBE_PRODUCT,default_no_evidence,KEEP REVIEW,INSUFFICIENT_EVIDENCE,FALLBACK:AMBIGUOUS_NO_BRAND
367763,CARDACEPROTECT 2.5/10,MAYBE_PRODUCT,default_no_evidence,KEEP REVIEW,INSUFFICIENT_EVIDENCE,FALLBACK:AMBIGUOUS_NO_BRAND
367764,CARDACEPROTECT 5/10,MAYBE_PRODUCT,default_no_evidence,KEEP REVIEW,INSUFFICIENT_EVIDENCE,FALLBACK:AMBIGUOUS_NO_BRAND
368094,ALLSTAR REUSABLE INSULIN 1PH,MAYBE_PRODUCT,default_no_evidence,KEEP REVIEW,INSUFFICIENT_EVIDENCE,FALLBACK:AMBIGUOUS_NO_BRAND
368114,TOUSTAR PEN 1PC,MAYBE_PRODUCT,default_no_evidence,KEEP REVIEW,INSUFFICIENT_EVIDENCE,FALLBACK:AMBIGUOUS_NO_BRAND
369174,Opn. Val. : 80059.54 --,MAYBE_PRODUCT,default_no_evidence,KEEP REVIEW,INSUFFICIENT_EVIDENCE,FALLBACK:AMBIGUOUS_NO_BRAND
369175,Sale. Val. : 71842.73 --,MAYBE_PRODUCT,default_no_evidence,KEEP REVIEW,INSUFFICIENT_EVIDENCE,FALLBACK:AMBIGUOUS_NO_BRAND
369176,Purc. Val. : 72120.14 --,MAYBE_PRODUCT,default_no_evidence,KEEP REVIEW,INSUFFICIENT_EVIDENCE,FALLBACK:AMBIGUOUS_NO_BRAND
369177,Clos. Val. : 73170.01 --,MAYBE_PRODUCT,default_no_evidence,KEEP REVIEW,INSUFFICIENT_EVIDENCE,FALLBACK:AMBIGUOUS_NO_BRAND
369232,ALLSTAR REUSABLE 1X1PC,MAYBE_PRODUCT,default_no_evidence,KEEP REVIEW,INSUFFICIENT_EVIDENCE,FALLBACK:AMBIGUOUS_NO_BRAND
369252,BUSCOGAST PLUS 1X10TAB,MAYBE_PRODUCT,default_no_evidence,KEEP REVIEW,INSUFFICIENT_EVIDENCE,FALLBACK:AMBIGUOUS_NO_BRAND
369282,DEPAKOTE XR 250 1X15TAB,MAYBE_PRODUCT,default_no_evidence,KEEP REVIEW,INSUFFICIENT_EVIDENCE,FALLBACK:AMBIGUOUS_NO_BRAND
369283,DEPAKOTE XR 500 1X15TAB,MAYBE_PRODUCT,default_no_evidence,KEEP REVIEW,INSUFFICIENT_EVIDENCE,FALLBACK:AMBIGUOUS_NO_BRAND
369329,TOUSTAR PEN 1 PEN,MAYBE_PRODUCT,default_no_evidence,KEEP REVIEW,INSUFFICIENT_EVIDENCE,FALLBACK:AMBIGUOUS_NO_BRAND
369523,TOTAL GOODS RETURNS FROM CUSTOMER 0.00 TOTAL TRANSECTED CUSTOMER 100,MAYBE_PRODUCT,default_no_evidence,CANDIDATE FOR 1,STRUCTURAL_KEYWORD,FALLBACK:STRUCTURAL_KW
369524,TOTAL SALE OF PERIOD 50635.49 TOTAL CUMULATIVE SALE 239730.99,MAYBE_PRODUCT,default_no_evidence,CANDIDATE FOR 1,STRUCTURAL_KEYWORD,FALLBACK:STRUCTURAL_KW
369525,TOTAL PURCHASE OF PERIOD 616.5 TOTAL CUMUL.PURCHASE 233624.60,MAYBE_PRODUCT,default_no_evidence,CANDIDATE FOR 1,STRUCTURAL_KEYWORD,FALLBACK:STRUCTURAL_KW
369527,XPURCHASE INVOICE DETAIL,MAYBE_PRODUCT,default_no_evidence,KEEP REVIEW,INSUFFICIENT_EVIDENCE,FALLBACK:STRUCTURAL_KW
369528,Purchase INV.1883801/08/2026 INV.2166921/08/2026 INV.559126/08/2026,MAYBE_PRODUCT,default_no_evidence,KEEP REVIEW,INSUFFICIENT_EVIDENCE,FALLBACK:STRUCTURAL_KW
369758,BOEHRINGER SANOFI,MAYBE_PRODUCT,default_no_evidence,KEEP REVIEW,INSUFFICIENT_EVIDENCE,GARBAGE:pattern_garbage
369834,ALLEGRA 180 1*10TA,MAYBE_PRODUCT,default_no_evidence,KEEP REVIEW,INSUFFICIENT_EVIDENCE,FALLBACK:AMBIGUOUS_NO_BRAND
370301,ALLSTAR PEN 1 PC,MAYBE_PRODUCT,default_no_evidence,KEEP REVIEW,INSUFFICIENT_EVIDENCE,FALLBACK:AMBIGUOUS_NO_BRAND
370309,SOLIQUA SOLOSTAR 1 PEN,MAYBE_PRODUCT,default_no_evidence,KEEP REVIEW,INSUFFICIENT_EVIDENCE,FALLBACK:AMBIGUOUS_NO_BRAND
370311,TOUJEO SOLOSTAR 1,MAYBE_PRODUCT,default_no_evidence,KEEP REVIEW,INSUFFICIENT_EVIDENCE,FALLBACK:AMBIGUOUS_NO_BRAND
370312,TOUSTAR REUSABLE PEN 1 PEN,MAYBE_PRODUCT,default_no_evidence,KEEP REVIEW,INSUFFICIENT_EVIDENCE,FALLBACK:AMBIGUOUS_NO_BRAND
370509,Items : 32,MAYBE_PRODUCT,default_no_evidence,KEEP REVIEW,INSUFFICIENT_EVIDENCE,FALLBACK:AMBIGUOUS_NO_BRAND
371243,ALLSTAR REUSABLE 1,MAYBE_PRODUCT,default_no_evidence,KEEP REVIEW,INSUFFICIENT_EVIDENCE,FALLBACK:AMBIGUOUS_NO_BRAND
371252,APIDRA SOLUSTA 1,MAYBE_PRODUCT,default_no_evidence,KEEP REVIEW,INSUFFICIENT_EVIDENCE,FALLBACK:AMBIGUOUS_NO_BRAND
371331,ALLSTAR REUSABLE ins pec,MAYBE_PRODUCT,default_no_evidence,KEEP REVIEW,INSUFFICIENT_EVIDENCE,FALLBACK:AMBIGUOUS_NO_BRAND
371341,APIDRA SOLOSTER\\\\ 1 PEC,MAYBE_PRODUCT,default_no_evidence,KEEP REVIEW,INSUFFICIENT_EVIDENCE,FALLBACK:AMBIGUOUS_NO_BRAND
371365,CORDARONE100TAB 10,MAYBE_PRODUCT,default_no_evidence,KEEP REVIEW,INSUFFICIENT_EVIDENCE,FALLBACK:AMBIGUOUS_NO_BRAND
371387,TOUJEO CARTIDGE,MAYBE_PRODUCT,default_no_evidence,KEEP REVIEW,INSUFFICIENT_EVIDENCE,FALLBACK:AMBIGUOUS_NO_BRAND
371388,TOUJEO soloster IU,MAYBE_PRODUCT,default_no_evidence,KEEP REVIEW,INSUFFICIENT_EVIDENCE,FALLBACK:AMBIGUOUS_NO_BRAND
371389,TOUSTAR PEN,MAYBE_PRODUCT,default_no_evidence,KEEP REVIEW,INSUFFICIENT_EVIDENCE,FALLBACK:AMBIGUOUS_NO_BRAND
371394,VALPARIN CRONO-500 M,MAYBE_PRODUCT,default_no_evidence,KEEP REVIEW,INSUFFICIENT_EVIDENCE,FALLBACK:AMBIGUOUS_NO_BRAND
371665,AVENTIS PHARMA LIMITED [643] --,MAYBE_PRODUCT,default_no_evidence,CANDIDATE FOR 1,COMPANY_DIVISION_PREFIX,FALLBACK:AMBIGUOUS_NO_BRAND
371768,ALLSTAR REUSABLE INSULIN PEN PEN,MAYBE_PRODUCT,default_no_evidence,KEEP REVIEW,INSUFFICIENT_EVIDENCE,FALLBACK:AMBIGUOUS_NO_BRAND
371796,LANTUS U100 SOLOSTAR,MAYBE_PRODUCT,default_no_evidence,KEEP REVIEW,INSUFFICIENT_EVIDENCE,FALLBACK:AMBIGUOUS_NO_BRAND
371808,TOUJEO CARTRIDGE CARTRIDGE,MAYBE_PRODUCT,default_no_evidence,KEEP REVIEW,INSUFFICIENT_EVIDENCE,FALLBACK:AMBIGUOUS_NO_BRAND
372133,AMARYL1MG,MAYBE_PRODUCT,default_no_evidence,KEEP REVIEW,INSUFFICIENT_EVIDENCE,FALLBACK:AMBIGUOUS_NO_BRAND
372134,AMARYL2G,MAYBE_PRODUCT,default_no_evidence,KEEP REVIEW,INSUFFICIENT_EVIDENCE,FALLBACK:AMBIGUOUS_NO_BRAND
372135,AMARYL3MG,MAYBE_PRODUCT,default_no_evidence,KEEP REVIEW,INSUFFICIENT_EVIDENCE,FALLBACK:AMBIGUOUS_NO_BRAND
372215,DETTOL ANTISEPTIC LIQUID,MAYBE_PRODUCT,default_no_evidence,KEEP REVIEW,INSUFFICIENT_EVIDENCE,FALLBACK:AMBIGUOUS_NO_BRAND
372216,INSUMAN COMBO 25 PENFILL,MAYBE_PRODUCT,default_no_evidence,KEEP REVIEW,INSUFFICIENT_EVIDENCE,FALLBACK:AMBIGUOUS_NO_BRAND
372217,INSUMAN RAPID PENFILL,MAYBE_PRODUCT,default_no_evidence,KEEP REVIEW,INSUFFICIENT_EVIDENCE,FALLBACK:AMBIGUOUS_NO_BRAND
372384,Digital Purchase ERP Ordering Healthcare QRCode on bills for extra earnings Call MARG 959959965695995996621202834312,MAYBE_PRODUCT,default_no_evidence,CANDIDATE FOR 1,COMPANY_ENTITY,FALLBACK:PHARMA_ENTITY
373084,TOUJEO CARTRIDGE 300 U,MAYBE_PRODUCT,default_no_evidence,KEEP REVIEW,INSUFFICIENT_EVIDENCE,FALLBACK:AMBIGUOUS_NO_BRAND
373172,COMBIFLAM IC HOT 55 GMS,MAYBE_PRODUCT,default_no_evidence,KEEP REVIEW,INSUFFICIENT_EVIDENCE,FALLBACK:AMBIGUOUS_NO_BRAND
373476,Import Purchase ONLINE No Manual Entry MARG ERP Rs.5550 StocksAccountsGST Call 7459920626,MAYBE_PRODUCT,default_no_evidence,KEEP REVIEW,INSUFFICIENT_EVIDENCE,FALLBACK:STRUCTURAL_KW
373634,DEPALOTE XR 500,MAYBE_PRODUCT,default_no_evidence,KEEP REVIEW,INSUFFICIENT_EVIDENCE,FALLBACK:AMBIGUOUS_NO_BRAND
373684,ROSUVAS 20 EZ,MAYBE_PRODUCT,default_no_evidence,KEEP REVIEW,INSUFFICIENT_EVIDENCE,FALLBACK:AMBIGUOUS_NO_BRAND
373771,Digital Purchase ERP Ordering Healthcare QRCode on bills for extra earnings Call MARG 967483170388206565659749051004,MAYBE_PRODUCT,default_no_evidence,CANDIDATE FOR 1,COMPANY_ENTITY,FALLBACK:PHARMA_ENTITY
374611,CORDARONE100MG SANOFI,MAYBE_PRODUCT,default_no_evidence,KEEP REVIEW,INSUFFICIENT_EVIDENCE,GARBAGE:pattern_garbage
375157,ALLEGRA 120 10,MAYBE_PRODUCT,default_no_evidence,KEEP REVIEW,INSUFFICIENT_EVIDENCE,FALLBACK:AMBIGUOUS_NO_BRAND
375158,ALLEGRA 180 10,MAYBE_PRODUCT,default_no_evidence,KEEP REVIEW,INSUFFICIENT_EVIDENCE,FALLBACK:AMBIGUOUS_NO_BRAND
375160,ALLEGRA N/S 1 PIC,MAYBE_PRODUCT,default_no_evidence,KEEP REVIEW,INSUFFICIENT_EVIDENCE,FALLBACK:AMBIGUOUS_NO_BRAND
375183,dettol liq 1,MAYBE_PRODUCT,default_no_evidence,KEEP REVIEW,INSUFFICIENT_EVIDENCE,FALLBACK:AMBIGUOUS_NO_BRAND
375192,SANIANZ 100,MAYBE_PRODUCT,default_no_evidence,KEEP REVIEW,INSUFFICIENT_EVIDENCE,FALLBACK:AMBIGUOUS_NO_BRAND
375193,STAYFREE SECURE 0,MAYBE_PRODUCT,default_no_evidence,KEEP REVIEW,INSUFFICIENT_EVIDENCE,FALLBACK:AMBIGUOUS_NO_BRAND
375415,COMBIFLAM ICY HOT SPRY 1X35GM,MAYBE_PRODUCT,default_no_evidence,KEEP REVIEW,INSUFFICIENT_EVIDENCE,FALLBACK:AMBIGUOUS_NO_BRAND
375416,COMBIFLAM ICY HOT SPRY 1X55GM,MAYBE_PRODUCT,default_no_evidence,KEEP REVIEW,INSUFFICIENT_EVIDENCE,FALLBACK:AMBIGUOUS_NO_BRAND
375425,DEPURA 60K IU SUGAR FREE 1X4X5M,MAYBE_PRODUCT,default_no_evidence,KEEP REVIEW,INSUFFICIENT_EVIDENCE,FALLBACK:AMBIGUOUS_NO_BRAND
375431,ECOD PLUS 1X15CA,MAYBE_PRODUCT,default_no_evidence,KEEP REVIEW,INSUFFICIENT_EVIDENCE,FALLBACK:AMBIGUOUS_NO_BRAND
375439,LANTUS CARTRIDGES 1X5X3M,MAYBE_PRODUCT,default_no_evidence,KEEP REVIEW,INSUFFICIENT_EVIDENCE,FALLBACK:AMBIGUOUS_NO_BRAND
375447,MULTIVITE FM OMEGA 1X30TA,MAYBE_PRODUCT,default_no_evidence,KEEP REVIEW,INSUFFICIENT_EVIDENCE,FALLBACK:AMBIGUOUS_NO_BRAND
375448,MULTIVITE GOLD 1X15CA,MAYBE_PRODUCT,default_no_evidence,KEEP REVIEW,INSUFFICIENT_EVIDENCE,FALLBACK:AMBIGUOUS_NO_BRAND
375471,TOUJEO CARTRIDGE 1X5X1.,MAYBE_PRODUCT,default_no_evidence,KEEP REVIEW,INSUFFICIENT_EVIDENCE,FALLBACK:AMBIGUOUS_NO_BRAND
375473,TRIOMEGA 1X15TA,MAYBE_PRODUCT,default_no_evidence,KEEP REVIEW,INSUFFICIENT_EVIDENCE,FALLBACK:AMBIGUOUS_NO_BRAND
375477,VALPARIN CHRONO 300 1X15TA,MAYBE_PRODUCT,default_no_evidence,KEEP REVIEW,INSUFFICIENT_EVIDENCE,FALLBACK:AMBIGUOUS_NO_BRAND
375478,VALPARIN CHRONO 500 1X15TA,MAYBE_PRODUCT,default_no_evidence,KEEP REVIEW,INSUFFICIENT_EVIDENCE,FALLBACK:AMBIGUOUS_NO_BRAND
376070,ST Value,MAYBE_PRODUCT,default_no_evidence,KEEP REVIEW,INSUFFICIENT_EVIDENCE,FALLBACK:AMBIGUOUS_NO_BRAND
376071,Sale Return Value,MAYBE_PRODUCT,default_no_evidence,KEEP REVIEW,INSUFFICIENT_EVIDENCE,FALLBACK:AMBIGUOUS_NO_BRAND
376342,ALLSTAR REUSABLE PEN 1*PEN,MAYBE_PRODUCT,default_no_evidence,KEEP REVIEW,INSUFFICIENT_EVIDENCE,FALLBACK:AMBIGUOUS_NO_BRAND
376365,PHOSPHOLIP T.F 10,MAYBE_PRODUCT,default_no_evidence,KEEP REVIEW,INSUFFICIENT_EVIDENCE,FALLBACK:AMBIGUOUS_NO_BRAND
376371,SOLIQUA SOLOSTAR PEN,MAYBE_PRODUCT,default_no_evidence,KEEP REVIEW,INSUFFICIENT_EVIDENCE,FALLBACK:AMBIGUOUS_NO_BRAND
376378,ALLEGRA-120 10,MAYBE_PRODUCT,default_no_evidence,KEEP REVIEW,INSUFFICIENT_EVIDENCE,FALLBACK:AMBIGUOUS_NO_BRAND
376379,ALLEGRA-180 10,MAYBE_PRODUCT,default_no_evidence,KEEP REVIEW,INSUFFICIENT_EVIDENCE,FALLBACK:AMBIGUOUS_NO_BRAND
376385,BARALGAN NU 10,MAYBE_PRODUCT,default_no_evidence,KEEP REVIEW,INSUFFICIENT_EVIDENCE,FALLBACK:AMBIGUOUS_NO_BRAND
376387,BUSCOGAST PLUS 10,MAYBE_PRODUCT,default_no_evidence,KEEP REVIEW,INSUFFICIENT_EVIDENCE,FALLBACK:AMBIGUOUS_NO_BRAND
376392,DEPURA CAL 10,MAYBE_PRODUCT,default_no_evidence,KEEP REVIEW,INSUFFICIENT_EVIDENCE,FALLBACK:AMBIGUOUS_NO_BRAND
376401,NOVALGIN NU 10,MAYBE_PRODUCT,default_no_evidence,KEEP REVIEW,INSUFFICIENT_EVIDENCE,FALLBACK:AMBIGUOUS_NO_BRAND
376402,ALLSTAR TEAL PEN,MAYBE_PRODUCT,default_no_evidence,KEEP REVIEW,INSUFFICIENT_EVIDENCE,FALLBACK:AMBIGUOUS_NO_BRAND
376412,DEPAKOTE XR250 15,MAYBE_PRODUCT,default_no_evidence,KEEP REVIEW,INSUFFICIENT_EVIDENCE,FALLBACK:AMBIGUOUS_NO_BRAND
376413,DEPAKOTE XR500 15,MAYBE_PRODUCT,default_no_evidence,KEEP REVIEW,INSUFFICIENT_EVIDENCE,FALLBACK:AMBIGUOUS_NO_BRAND
376414,FRISIUM-20NRX 10,MAYBE_PRODUCT,default_no_evidence,KEEP REVIEW,INSUFFICIENT_EVIDENCE,FALLBACK:AMBIGUOUS_NO_BRAND
376430,STILNOCT 6.25 14,MAYBE_PRODUCT,default_no_evidence,KEEP REVIEW,INSUFFICIENT_EVIDENCE,FALLBACK:AMBIGUOUS_NO_BRAND
376447,ALLEGRA-30 10,MAYBE_PRODUCT,default_no_evidence,KEEP REVIEW,INSUFFICIENT_EVIDENCE,FALLBACK:AMBIGUOUS_NO_BRAND
376455,COQ FEM 15T,MAYBE_PRODUCT,default_no_evidence,KEEP REVIEW,INSUFFICIENT_EVIDENCE,FALLBACK:AMBIGUOUS_NO_BRAND
376458,ESTVON-XT 15,MAYBE_PRODUCT,default_no_evidence,KEEP REVIEW,INSUFFICIENT_EVIDENCE,FALLBACK:AMBIGUOUS_NO_BRAND
376462,FREEFLEX SOFTLETS. 15,MAYBE_PRODUCT,default_no_evidence,KEEP REVIEW,INSUFFICIENT_EVIDENCE,FALLBACK:AMBIGUOUS_NO_BRAND
376463,FRISIUM -5NRX 10,MAYBE_PRODUCT,default_no_evidence,KEEP REVIEW,INSUFFICIENT_EVIDENCE,FALLBACK:AMBIGUOUS_NO_BRAND
376469,METOSAN XR25 10,MAYBE_PRODUCT,default_no_evidence,KEEP REVIEW,INSUFFICIENT_EVIDENCE,FALLBACK:AMBIGUOUS_NO_BRAND
376470,METOSAN XR50 10,MAYBE_PRODUCT,default_no_evidence,KEEP REVIEW,INSUFFICIENT_EVIDENCE,FALLBACK:AMBIGUOUS_NO_BRAND
376471,PRIMACAL-AT 7 10,MAYBE_PRODUCT,default_no_evidence,KEEP REVIEW,INSUFFICIENT_EVIDENCE,FALLBACK:AMBIGUOUS_NO_BRAND
376474,RANVELA GRANULES,MAYBE_PRODUCT,default_no_evidence,KEEP REVIEW,INSUFFICIENT_EVIDENCE,FALLBACK:AMBIGUOUS_NO_BRAND
376478,SEACOD ACTIV STRIP 15,MAYBE_PRODUCT,default_no_evidence,KEEP REVIEW,INSUFFICIENT_EVIDENCE,FALLBACK:AMBIGUOUS_NO_BRAND
376479,SEACOD CAPS10 10,MAYBE_PRODUCT,default_no_evidence,KEEP REVIEW,INSUFFICIENT_EVIDENCE,FALLBACK:AMBIGUOUS_NO_BRAND
376482,SOLIAN400 10,MAYBE_PRODUCT,default_no_evidence,KEEP REVIEW,INSUFFICIENT_EVIDENCE,FALLBACK:AMBIGUOUS_NO_BRAND
376483,SYNDOL-DS. 10,MAYBE_PRODUCT,default_no_evidence,KEEP REVIEW,INSUFFICIENT_EVIDENCE,FALLBACK:AMBIGUOUS_NO_BRAND
376484,SYNDOL-MR 10,MAYBE_PRODUCT,default_no_evidence,KEEP REVIEW,INSUFFICIENT_EVIDENCE,FALLBACK:AMBIGUOUS_NO_BRAND
376486,TRIOMEGA CD 30,MAYBE_PRODUCT,default_no_evidence,KEEP REVIEW,INSUFFICIENT_EVIDENCE,FALLBACK:AMBIGUOUS_NO_BRAND
376487,TRIOMEGA SOFLETS. 15,MAYBE_PRODUCT,default_no_evidence,KEEP REVIEW,INSUFFICIENT_EVIDENCE,FALLBACK:AMBIGUOUS_NO_BRAND
376492,VALPARIN CHR.200 10,MAYBE_PRODUCT,default_no_evidence,KEEP REVIEW,INSUFFICIENT_EVIDENCE,FALLBACK:AMBIGUOUS_NO_BRAND
376493,VALPARIN CHR.300 15T,MAYBE_PRODUCT,default_no_evidence,KEEP REVIEW,INSUFFICIENT_EVIDENCE,FALLBACK:AMBIGUOUS_NO_BRAND
376496,VINLEP-150 10,MAYBE_PRODUCT,default_no_evidence,KEEP REVIEW,INSUFFICIENT_EVIDENCE,FALLBACK:AMBIGUOUS_NO_BRAND
376497,VINLEP-300 10,MAYBE_PRODUCT,default_no_evidence,KEEP REVIEW,INSUFFICIENT_EVIDENCE,FALLBACK:AMBIGUOUS_NO_BRAND
376498,VINLEP-450 10,MAYBE_PRODUCT,default_no_evidence,KEEP REVIEW,INSUFFICIENT_EVIDENCE,FALLBACK:AMBIGUOUS_NO_BRAND
376499,VINLEP-600 10,MAYBE_PRODUCT,default_no_evidence,KEEP REVIEW,INSUFFICIENT_EVIDENCE,FALLBACK:AMBIGUOUS_NO_BRAND
376784,TOUJEO SOLOSTAR,MAYBE_PRODUCT,default_no_evidence,KEEP REVIEW,INSUFFICIENT_EVIDENCE,FALLBACK:AMBIGUOUS_NO_BRAND
376827,KIKO008514 Dtd. 06/08/26 08/08/26 53523.00,MAYBE_PRODUCT,default_no_evidence,KEEP REVIEW,INSUFFICIENT_EVIDENCE,FALLBACK:AMBIGUOUS_NO_BRAND
377327,I am satisfied with Marg ERP Computerise YOUR CHEMIST SHOP Rs.5400 Online Purchase Import 70007010648359064570,1,structural_garbage,CANDIDATE FOR 1,COMPANY_ENTITY,FALLBACK:STRUCTURAL_KW
377439,Ledger Stock Ledger,MAYBE_PRODUCT,default_no_evidence,KEEP REVIEW,INSUFFICIENT_EVIDENCE,FALLBACK:AMBIGUOUS_NO_BRAND
377440,ALLEGRA-120,MAYBE_PRODUCT,default_no_evidence,KEEP REVIEW,INSUFFICIENT_EVIDENCE,FALLBACK:AMBIGUOUS_NO_BRAND
377441,ALLEGRA-180,MAYBE_PRODUCT,default_no_evidence,KEEP REVIEW,INSUFFICIENT_EVIDENCE,FALLBACK:AMBIGUOUS_NO_BRAND
377450,APIDRA U100 SOLOSTAR,MAYBE_PRODUCT,default_no_evidence,KEEP REVIEW,INSUFFICIENT_EVIDENCE,FALLBACK:AMBIGUOUS_NO_BRAND
377476,TOUJEO CARTRIDGE,MAYBE_PRODUCT,default_no_evidence,KEEP REVIEW,INSUFFICIENT_EVIDENCE,FALLBACK:AMBIGUOUS_NO_BRAND
378177,SANJIVANI MEDICINES PRIVATE LIMITEDB/H. PUNJAB NATIONAL BANK NAYA PADKARS LANE STATION ROAD ANAND - 388001 GUJARAT - 24Contact 9879157449 Mobile 98250,1,supply_chain_entity,CANDIDATE FOR 1,SUPPLY_CHAIN_ENTITY,FALLBACK:AMBIGUOUS_NO_BRAND
378296,EIIN005148,MAYBE_PRODUCT,default_no_evidence,KEEP REVIEW,INSUFFICIENT_EVIDENCE,FALLBACK:AMBIGUOUS_NO_BRAND
378297,EIIN005400,MAYBE_PRODUCT,default_no_evidence,KEEP REVIEW,INSUFFICIENT_EVIDENCE,FALLBACK:AMBIGUOUS_NO_BRAND
378425,Free Value.,MAYBE_PRODUCT,default_no_evidence,KEEP REVIEW,INSUFFICIENT_EVIDENCE,FALLBACK:AMBIGUOUS_NO_BRAND
379918,ALLSTARPEN,MAYBE_PRODUCT,default_no_evidence,KEEP REVIEW,INSUFFICIENT_EVIDENCE,FALLBACK:AMBIGUOUS_NO_BRAND
379924,APIDRA CARTREDGE 5,MAYBE_PRODUCT,default_no_evidence,KEEP REVIEW,INSUFFICIENT_EVIDENCE,FALLBACK:AMBIGUOUS_NO_BRAND
379925,APIDRA U100 SOLOSTAR 1,MAYBE_PRODUCT,default_no_evidence,KEEP REVIEW,INSUFFICIENT_EVIDENCE,FALLBACK:AMBIGUOUS_NO_BRAND
379928,AVIL-AMPS 10,MAYBE_PRODUCT,default_no_evidence,KEEP REVIEW,INSUFFICIENT_EVIDENCE,FALLBACK:AMBIGUOUS_NO_BRAND
379945,COLLFLEXPRO 10,MAYBE_PRODUCT,default_no_evidence,KEEP REVIEW,INSUFFICIENT_EVIDENCE,FALLBACK:AMBIGUOUS_NO_BRAND
379957,LANTUS U100 SOLOSTAR 10,MAYBE_PRODUCT,default_no_evidence,KEEP REVIEW,INSUFFICIENT_EVIDENCE,FALLBACK:AMBIGUOUS_NO_BRAND
379962,MULTIVITE GOLD 4,MAYBE_PRODUCT,default_no_evidence,KEEP REVIEW,INSUFFICIENT_EVIDENCE,FALLBACK:AMBIGUOUS_NO_BRAND
379970,PRIMOSA-1000 15,MAYBE_PRODUCT,default_no_evidence,KEEP REVIEW,INSUFFICIENT_EVIDENCE,FALLBACK:AMBIGUOUS_NO_BRAND
379984,TRENTAL-400 10,MAYBE_PRODUCT,default_no_evidence,KEEP REVIEW,INSUFFICIENT_EVIDENCE,FALLBACK:AMBIGUOUS_NO_BRAND
380213,GLIPOSOVE-M 20/500,MAYBE_PRODUCT,default_no_evidence,KEEP REVIEW,INSUFFICIENT_EVIDENCE,FALLBACK:AMBIGUOUS_NO_BRAND
380268,RITOCOM 30,MAYBE_PRODUCT,default_no_evidence,KEEP REVIEW,INSUFFICIENT_EVIDENCE,FALLBACK:AMBIGUOUS_NO_BRAND
380641,PHARMA NXT,1,division_company_header,CANDIDATE FOR 1,PHARMA_COMPANY_NAME,FALLBACK:AMBIGUOUS_NO_BRAND
380646,XENNEX,1,division_company_header,CANDIDATE FOR 1,COMPANY_DIVISION_PREFIX,FALLBACK:AMBIGUOUS_NO_BRAND
380771,DYDRO CM,MAYBE_PRODUCT,default_no_evidence,KEEP REVIEW,INSUFFICIENT_EVIDENCE,FALLBACK:AMBIGUOUS_NO_BRAND
380903,FESOMALT 500INJ,MAYBE_PRODUCT,default_no_evidence,KEEP REVIEW,INSUFFICIENT_EVIDENCE,FALLBACK:AMBIGUOUS_NO_BRAND
381142,PEDIACARE POW,MAYBE_PRODUCT,default_no_evidence,KEEP REVIEW,INSUFFICIENT_EVIDENCE,FALLBACK:AMBIGUOUS_NO_BRAND
381236,TOTAL CAL D3 TAB 20S,MAYBE_PRODUCT,default_no_evidence,CANDIDATE FOR 1,STRUCTURAL_KEYWORD,FALLBACK:STRUCTURAL_KW
381243,VAGISIL LUBRICANT,MAYBE_PRODUCT,default_no_evidence,KEEP REVIEW,INSUFFICIENT_EVIDENCE,FALLBACK:AMBIGUOUS_NO_BRAND
381244,VAGISIL WASH,MAYBE_PRODUCT,default_no_evidence,KEEP REVIEW,INSUFFICIENT_EVIDENCE,FALLBACK:AMBIGUOUS_NO_BRAND
381294,ZALAIN PESARIES,MAYBE_PRODUCT,default_no_evidence,KEEP REVIEW,INSUFFICIENT_EVIDENCE,FALLBACK:AMBIGUOUS_NO_BRAND
382463,TOTAL CAL D3 TAB 1X20,MAYBE_PRODUCT,default_no_evidence,CANDIDATE FOR 1,STRUCTURAL_KEYWORD,FALLBACK:STRUCTURAL_KW
382467,UTH G 75 1X75GM,MAYBE_PRODUCT,default_no_evidence,KEEP REVIEW,INSUFFICIENT_EVIDENCE,FALLBACK:AMBIGUOUS_NO_BRAND
382866,ORIGEN 2000 I.V 1,MAYBE_PRODUCT,default_no_evidence,KEEP REVIEW,INSUFFICIENT_EVIDENCE,FALLBACK:AMBIGUOUS_NO_BRAND
386893,GENNOVA BIOPHARMA LTDDIALYSIS,MAYBE_PRODUCT,default_no_evidence,CANDIDATE FOR 1,COMPANY_ENTITY,FALLBACK:PHARMA_ENTITY
387767,Closing 132651.06 Adj 0.00 Branch 0.00,MAYBE_PRODUCT,default_no_evidence,CANDIDATE FOR 1,STRUCTURAL_KEYWORD,FALLBACK:AMBIGUOUS_NO_BRAND
387770,Closing 3494.28 Adj 0.00 Branch 0.00,MAYBE_PRODUCT,default_no_evidence,CANDIDATE FOR 1,STRUCTURAL_KEYWORD,FALLBACK:AMBIGUOUS_NO_BRAND
387773,Closing 4000.00 Adj 0.00 Branch 0.00,MAYBE_PRODUCT,default_no_evidence,CANDIDATE FOR 1,STRUCTURAL_KEYWORD,FALLBACK:AMBIGUOUS_NO_BRAND
387778,Closing 103365.00 Adj 0.00 Branch 0.00,MAYBE_PRODUCT,default_no_evidence,CANDIDATE FOR 1,STRUCTURAL_KEYWORD,FALLBACK:AMBIGUOUS_NO_BRAND
387782,Closing 0.00 Adj 0.00 Branch 0.00,MAYBE_PRODUCT,default_no_evidence,CANDIDATE FOR 1,STRUCTURAL_KEYWORD,FALLBACK:AMBIGUOUS_NO_BRAND
387788,Closing 515063.44 Adj 0.00 Branch 0.00,MAYBE_PRODUCT,default_no_evidence,CANDIDATE FOR 1,STRUCTURAL_KEYWORD,FALLBACK:AMBIGUOUS_NO_BRAND
387789,Closing 759022.23 Adj 0.00 Branch 59562.62,MAYBE_PRODUCT,default_no_evidence,CANDIDATE FOR 1,STRUCTURAL_KEYWORD,FALLBACK:AMBIGUOUS_NO_BRAND
387802,Closing 85211.70 Adj 0.00 Branch 0.00,MAYBE_PRODUCT,default_no_evidence,CANDIDATE FOR 1,STRUCTURAL_KEYWORD,FALLBACK:AMBIGUOUS_NO_BRAND
387813,Closing 92907.52 Adj 0.00 Branch 0.00,MAYBE_PRODUCT,default_no_evidence,CANDIDATE FOR 1,STRUCTURAL_KEYWORD,FALLBACK:AMBIGUOUS_NO_BRAND
387814,Closing 178119.22 Adj 0.00 Branch 13545.00,MAYBE_PRODUCT,default_no_evidence,CANDIDATE FOR 1,STRUCTURAL_KEYWORD,FALLBACK:AMBIGUOUS_NO_BRAND
387982,CARDACEMETO2.510T 10*10T,MAYBE_PRODUCT,default_no_evidence,KEEP REVIEW,INSUFFICIENT_EVIDENCE,FALLBACK:AMBIGUOUS_NO_BRAND
389600,ALLSTAR INSULIN PEN 1PEN,MAYBE_PRODUCT,default_no_evidence,KEEP REVIEW,INSUFFICIENT_EVIDENCE,FALLBACK:AMBIGUOUS_NO_BRAND
389611,APIDRA SOLOSTAR 1VAIL,MAYBE_PRODUCT,default_no_evidence,KEEP REVIEW,INSUFFICIENT_EVIDENCE,FALLBACK:AMBIGUOUS_NO_BRAND
390018,SHIVALIK AGENCIES,1,version_lag_already_caught,KEEP REVIEW,INSUFFICIENT_EVIDENCE,GARBAGE:pattern_garbage
390474,WIRE 2 --,MAYBE_PRODUCT,default_no_evidence,KEEP REVIEW,INSUFFICIENT_EVIDENCE,FALLBACK:VERY_SHORT
391574,Op.Stock,MAYBE_PRODUCT,default_no_evidence,KEEP REVIEW,INSUFFICIENT_EVIDENCE,FALLBACK:AMBIGUOUS_NO_BRAND
391590,Op.Stock,MAYBE_PRODUCT,default_no_evidence,KEEP REVIEW,INSUFFICIENT_EVIDENCE,FALLBACK:AMBIGUOUS_NO_BRAND
392301,EMAZAN N 10,MAYBE_PRODUCT,default_no_evidence,KEEP REVIEW,INSUFFICIENT_EVIDENCE,FALLBACK:AMBIGUOUS_NO_BRAND
392337,EMCOR CREM 1 TUB,MAYBE_PRODUCT,default_no_evidence,CANDIDATE FOR 1,INVALIDATED_NO_PHARMA,FALLBACK:AMBIGUOUS_NO_BRAND
392500,TOUJEO PEN FIL 1PEN,MAYBE_PRODUCT,default_no_evidence,KEEP REVIEW,INSUFFICIENT_EVIDENCE,FALLBACK:AMBIGUOUS_NO_BRAND
392501,TOUJEO CARTRIDGE 1CAR,MAYBE_PRODUCT,default_no_evidence,KEEP REVIEW,INSUFFICIENT_EVIDENCE,FALLBACK:AMBIGUOUS_NO_BRAND
392834,AMARYL1MGTAB 1X30S,MAYBE_PRODUCT,default_no_evidence,KEEP REVIEW,INSUFFICIENT_EVIDENCE,FALLBACK:AMBIGUOUS_NO_BRAND
392835,AMARYL1MGTAB 1X30S,MAYBE_PRODUCT,default_no_evidence,KEEP REVIEW,INSUFFICIENT_EVIDENCE,FALLBACK:AMBIGUOUS_NO_BRAND
392836,AMARYL2MGTAB 1X30S,MAYBE_PRODUCT,default_no_evidence,KEEP REVIEW,INSUFFICIENT_EVIDENCE,FALLBACK:AMBIGUOUS_NO_BRAND
392837,AMARYL3MGTAB 1X30S,MAYBE_PRODUCT,default_no_evidence,KEEP REVIEW,INSUFFICIENT_EVIDENCE,FALLBACK:AMBIGUOUS_NO_BRAND
392838,AMARYLM1MGTAB 1X20S,MAYBE_PRODUCT,default_no_evidence,KEEP REVIEW,INSUFFICIENT_EVIDENCE,FALLBACK:AMBIGUOUS_NO_BRAND
392839,AMARYLM2MGTAB 1X20S,MAYBE_PRODUCT,default_no_evidence,KEEP REVIEW,INSUFFICIENT_EVIDENCE,FALLBACK:AMBIGUOUS_NO_BRAND
392840,AMARYLMFORTE1MGTAB 1X15S,MAYBE_PRODUCT,default_no_evidence,KEEP REVIEW,INSUFFICIENT_EVIDENCE,FALLBACK:AMBIGUOUS_NO_BRAND
392841,AMARYLMFORTE2MGTAB 1X15S,MAYBE_PRODUCT,default_no_evidence,KEEP REVIEW,INSUFFICIENT_EVIDENCE,FALLBACK:AMBIGUOUS_NO_BRAND
392842,AMARYLMV1MGTAB 1X15S,MAYBE_PRODUCT,default_no_evidence,KEEP REVIEW,INSUFFICIENT_EVIDENCE,FALLBACK:AMBIGUOUS_NO_BRAND
392843,AMARYLMV2MGTAB 1X15S,MAYBE_PRODUCT,default_no_evidence,KEEP REVIEW,INSUFFICIENT_EVIDENCE,FALLBACK:AMBIGUOUS_NO_BRAND
392848,CONSIVASASPCAP 1X10S,MAYBE_PRODUCT,default_no_evidence,KEEP REVIEW,INSUFFICIENT_EVIDENCE,FALLBACK:AMBIGUOUS_NO_BRAND
392849,CONSIVASEZ20TAB 1X10S,MAYBE_PRODUCT,default_no_evidence,KEEP REVIEW,INSUFFICIENT_EVIDENCE,FALLBACK:AMBIGUOUS_NO_BRAND
392850,CONSIVASEZ40TAB 1X10S,MAYBE_PRODUCT,default_no_evidence,KEEP REVIEW,INSUFFICIENT_EVIDENCE,FALLBACK:AMBIGUOUS_NO_BRAND
392851,CONSIVASGOLD10CAP 1X10S,MAYBE_PRODUCT,default_no_evidence,KEEP REVIEW,INSUFFICIENT_EVIDENCE,FALLBACK:AMBIGUOUS_NO_BRAND
392852,CONSIVASGOLD20CAP 1X10S,MAYBE_PRODUCT,default_no_evidence,KEEP REVIEW,INSUFFICIENT_EVIDENCE,FALLBACK:AMBIGUOUS_NO_BRAND
392861,EMPRIL10/5MGTAB PC,MAYBE_PRODUCT,default_no_evidence,KEEP REVIEW,INSUFFICIENT_EVIDENCE,FALLBACK:AMBIGUOUS_NO_BRAND
392862,EMPRIL25/5MGTAB PC,MAYBE_PRODUCT,default_no_evidence,KEEP REVIEW,INSUFFICIENT_EVIDENCE,FALLBACK:AMBIGUOUS_NO_BRAND
392863,EMPRIM12.5/500 PC,MAYBE_PRODUCT,default_no_evidence,KEEP REVIEW,INSUFFICIENT_EVIDENCE,FALLBACK:AMBIGUOUS_NO_BRAND
392864,EMPRITAB1TAB PC,MAYBE_PRODUCT,default_no_evidence,KEEP REVIEW,INSUFFICIENT_EVIDENCE,FALLBACK:AMBIGUOUS_NO_BRAND
392865,HOSITCATAB 1X15S,MAYBE_PRODUCT,default_no_evidence,KEEP REVIEW,INSUFFICIENT_EVIDENCE,FALLBACK:AMBIGUOUS_NO_BRAND
392866,HOSITD3TAB 1X10S,MAYBE_PRODUCT,default_no_evidence,KEEP REVIEW,INSUFFICIENT_EVIDENCE,FALLBACK:AMBIGUOUS_NO_BRAND
392867,HOSITFCM1KINJ 1VAIL,MAYBE_PRODUCT,default_no_evidence,KEEP REVIEW,INSUFFICIENT_EVIDENCE,FALLBACK:AMBIGUOUS_NO_BRAND
392868,HOSITFCM500MGINJ 1VAIL,MAYBE_PRODUCT,default_no_evidence,KEEP REVIEW,INSUFFICIENT_EVIDENCE,FALLBACK:AMBIGUOUS_NO_BRAND
392869,HOSITFETAB 1X10S,MAYBE_PRODUCT,default_no_evidence,KEEP REVIEW,INSUFFICIENT_EVIDENCE,FALLBACK:AMBIGUOUS_NO_BRAND
392870,HOSITPLUSCAP 1X10S,MAYBE_PRODUCT,default_no_evidence,KEEP REVIEW,INSUFFICIENT_EVIDENCE,FALLBACK:AMBIGUOUS_NO_BRAND
392871,HOSITTAB 1X10S,MAYBE_PRODUCT,default_no_evidence,KEEP REVIEW,INSUFFICIENT_EVIDENCE,FALLBACK:AMBIGUOUS_NO_BRAND
392872,HOSITXTCAP 1X10S,MAYBE_PRODUCT,default_no_evidence,KEEP REVIEW,INSUFFICIENT_EVIDENCE,FALLBACK:AMBIGUOUS_NO_BRAND
392887,TRIOLVANCE40TAB 1X10S,MAYBE_PRODUCT,default_no_evidence,KEEP REVIEW,INSUFFICIENT_EVIDENCE,FALLBACK:AMBIGUOUS_NO_BRAND
392888,VYLDA50TAB 1X15S,MAYBE_PRODUCT,default_no_evidence,KEEP REVIEW,INSUFFICIENT_EVIDENCE,FALLBACK:AMBIGUOUS_NO_BRAND
392889,VYLDAOD100TAB 1X15S,MAYBE_PRODUCT,default_no_evidence,KEEP REVIEW,INSUFFICIENT_EVIDENCE,FALLBACK:AMBIGUOUS_NO_BRAND
392890,VYLDAPTAB 1X10S,MAYBE_PRODUCT,default_no_evidence,KEEP REVIEW,INSUFFICIENT_EVIDENCE,FALLBACK:AMBIGUOUS_NO_BRAND
392908,ZILARBI40TAB 1X10S,MAYBE_PRODUCT,default_no_evidence,KEEP REVIEW,INSUFFICIENT_EVIDENCE,FALLBACK:AMBIGUOUS_NO_BRAND
392909,ZILARBI80TAB 1X10S,MAYBE_PRODUCT,default_no_evidence,KEEP REVIEW,INSUFFICIENT_EVIDENCE,FALLBACK:AMBIGUOUS_NO_BRAND
393184,GMP-1 10,MAYBE_PRODUCT,default_no_evidence,KEEP REVIEW,INSUFFICIENT_EVIDENCE,FALLBACK:AMBIGUOUS_NO_BRAND
393185,GMP-2 10,MAYBE_PRODUCT,default_no_evidence,KEEP REVIEW,INSUFFICIENT_EVIDENCE,FALLBACK:AMBIGUOUS_NO_BRAND
393237,EMC CD,MAYBE_PRODUCT,default_no_evidence,KEEP REVIEW,INSUFFICIENT_EVIDENCE,FALLBACK:VERY_SHORT
393287,EMC CD,MAYBE_PRODUCT,default_no_evidence,KEEP REVIEW,INSUFFICIENT_EVIDENCE,FALLBACK:VERY_SHORT
393295,EMC CUTIX,MAYBE_PRODUCT,default_no_evidence,KEEP REVIEW,INSUFFICIENT_EVIDENCE,FALLBACK:AMBIGUOUS_NO_BRAND
393324,EMC INVENTIA,MAYBE_PRODUCT,default_no_evidence,KEEP REVIEW,INSUFFICIENT_EVIDENCE,FALLBACK:AMBIGUOUS_NO_BRAND
393327,EMC NUCRON,MAYBE_PRODUCT,default_no_evidence,KEEP REVIEW,INSUFFICIENT_EVIDENCE,FALLBACK:AMBIGUOUS_NO_BRAND
393332,EMC NUCRON,MAYBE_PRODUCT,default_no_evidence,KEEP REVIEW,INSUFFICIENT_EVIDENCE,FALLBACK:AMBIGUOUS_NO_BRAND
393381,EMC NUCRON,MAYBE_PRODUCT,default_no_evidence,KEEP REVIEW,INSUFFICIENT_EVIDENCE,FALLBACK:AMBIGUOUS_NO_BRAND
393392,EMC PHARMA,MAYBE_PRODUCT,default_no_evidence,CANDIDATE FOR 1,PHARMA_COMPANY_NAME,FALLBACK:AMBIGUOUS_NO_BRAND
393409,EMC PHARMA NXT,MAYBE_PRODUCT,default_no_evidence,CANDIDATE FOR 1,PHARMA_COMPANY_NAME,FALLBACK:AMBIGUOUS_NO_BRAND
393428,EMC PHARMA NXT,MAYBE_PRODUCT,default_no_evidence,CANDIDATE FOR 1,PHARMA_COMPANY_NAME,FALLBACK:AMBIGUOUS_NO_BRAND
393484,AAA1 1,MAYBE_PRODUCT,default_no_evidence,KEEP REVIEW,INSUFFICIENT_EVIDENCE,FALLBACK:VERY_SHORT
394497,Z#ZZFERIUM XT-Z 10,MAYBE_PRODUCT,default_no_evidence,KEEP REVIEW,INSUFFICIENT_EVIDENCE,FALLBACK:AMBIGUOUS_NO_BRAND
394498,Z#ZZFERIUM-XT DHA 1X7KIT 1,MAYBE_PRODUCT,default_no_evidence,KEEP REVIEW,INSUFFICIENT_EVIDENCE,FALLBACK:AMBIGUOUS_NO_BRAND
395398,ALLSTAR-REUSABLE PEN,MAYBE_PRODUCT,default_no_evidence,KEEP REVIEW,INSUFFICIENT_EVIDENCE,FALLBACK:AMBIGUOUS_NO_BRAND
395759,INDIAN PHARMACEUTICALS,MAYBE_PRODUCT,default_no_evidence,CANDIDATE FOR 1,COMPANY_ENTITY,FALLBACK:PHARMA_ENTITY
396500,GENERAL,MAYBE_PRODUCT,default_no_evidence,KEEP REVIEW,INSUFFICIENT_EVIDENCE,FALLBACK:AMBIGUOUS_NO_BRAND
397372,MM0099,MAYBE_PRODUCT,default_no_evidence,KEEP REVIEW,INSUFFICIENT_EVIDENCE,FALLBACK:AMBIGUOUS_NO_BRAND
397421,MM0099,MAYBE_PRODUCT,default_no_evidence,KEEP REVIEW,INSUFFICIENT_EVIDENCE,FALLBACK:AMBIGUOUS_NO_BRAND
397491,HAZRA MEDICAL AGENCY,MAYBE_PRODUCT,default_no_evidence,KEEP REVIEW,INSUFFICIENT_EVIDENCE,FALLBACK:DISTRIBUTION_ENTITY
398595,EMUCRE PHARMA DIVISION,MAYBE_PRODUCT,default_no_evidence,CANDIDATE FOR 1,PHARMA_COMPANY_NAME,FALLBACK:STRUCTURAL_KW
399448,NAME OF DISTRIBUTOR :UMA PHARMA Month:August 2026 --,1,version_lag_already_caught,CANDIDATE FOR 1,STRUCTURAL_KEYWORD,GARBAGE:pattern_garbage
399929,Mfg. Total,MAYBE_PRODUCT,default_no_evidence,CANDIDATE FOR 1,STRUCTURAL_KEYWORD,FALLBACK:STRUCTURAL_KW
399954,Mfg. Total,MAYBE_PRODUCT,default_no_evidence,CANDIDATE FOR 1,STRUCTURAL_KEYWORD,FALLBACK:STRUCTURAL_KW
399976,EMCURRE PHARMA NXT7396616346,MAYBE_PRODUCT,default_no_evidence,CANDIDATE FOR 1,PHARMA_COMPANY_NAME,FALLBACK:AMBIGUOUS_NO_BRAND
400084,BAG JUTE JUTE,MAYBE_PRODUCT,default_no_evidence,KEEP REVIEW,INSUFFICIENT_EVIDENCE,FALLBACK:AMBIGUOUS_NO_BRAND
400085,BAG. BAG.,MAYBE_PRODUCT,default_no_evidence,KEEP REVIEW,INSUFFICIENT_EVIDENCE,FALLBACK:AMBIGUOUS_NO_BRAND
400099,CASPER ASPER,MAYBE_PRODUCT,default_no_evidence,KEEP REVIEW,INSUFFICIENT_EVIDENCE,FALLBACK:AMBIGUOUS_NO_BRAND
400105,COLGATE GIFT GIFT,MAYBE_PRODUCT,default_no_evidence,KEEP REVIEW,INSUFFICIENT_EVIDENCE,FALLBACK:AMBIGUOUS_NO_BRAND
400133,GIFT GIFT,MAYBE_PRODUCT,default_no_evidence,KEEP REVIEW,INSUFFICIENT_EVIDENCE,FALLBACK:AMBIGUOUS_NO_BRAND
400158,MYCOBUTOL 1000 TAB10S AB10S,MAYBE_PRODUCT,default_no_evidence,KEEP REVIEW,INSUFFICIENT_EVIDENCE,FALLBACK:AMBIGUOUS_NO_BRAND
400192,SALE R TAX PAID PAID,MAYBE_PRODUCT,default_no_evidence,CANDIDATE FOR 1,INVALIDATED_NO_PHARMA,FALLBACK:AMBIGUOUS_NO_BRAND
400193,SALE W TAX ABLE ABLE,MAYBE_PRODUCT,default_no_evidence,CANDIDATE FOR 1,INVALIDATED_NO_PHARMA,FALLBACK:AMBIGUOUS_NO_BRAND
400207,TORCH TORCH,MAYBE_PRODUCT,default_no_evidence,KEEP REVIEW,INSUFFICIENT_EVIDENCE,FALLBACK:AMBIGUOUS_NO_BRAND
400208,VASELIN SELIN,MAYBE_PRODUCT,default_no_evidence,KEEP REVIEW,INSUFFICIENT_EVIDENCE,FALLBACK:AMBIGUOUS_NO_BRAND
400260,Closing 74280.34 Adj 0.00 Branch 0.00,MAYBE_PRODUCT,default_no_evidence,CANDIDATE FOR 1,STRUCTURAL_KEYWORD,FALLBACK:AMBIGUOUS_NO_BRAND
400266,Closing 19805.72 Adj 0.00 Branch 0.00,MAYBE_PRODUCT,default_no_evidence,CANDIDATE FOR 1,STRUCTURAL_KEYWORD,FALLBACK:AMBIGUOUS_NO_BRAND
400283,Closing 4706.65 Adj 0.00 Branch 0.00,MAYBE_PRODUCT,default_no_evidence,CANDIDATE FOR 1,STRUCTURAL_KEYWORD,FALLBACK:AMBIGUOUS_NO_BRAND
400321,Closing 25767.54 Adj 0.00 Branch 0.00,MAYBE_PRODUCT,default_no_evidence,CANDIDATE FOR 1,STRUCTURAL_KEYWORD,FALLBACK:AMBIGUOUS_NO_BRAND
400369,Closing 36700.78 Adj 0.00 Branch 0.00,MAYBE_PRODUCT,default_no_evidence,CANDIDATE FOR 1,STRUCTURAL_KEYWORD,FALLBACK:AMBIGUOUS_NO_BRAND
400389,Closing 61395.69 Adj 0.00 Branch 0.00,MAYBE_PRODUCT,default_no_evidence,CANDIDATE FOR 1,STRUCTURAL_KEYWORD,FALLBACK:AMBIGUOUS_NO_BRAND
400421,Closing 106479.99 Adj 0.00 Branch 0.00,MAYBE_PRODUCT,default_no_evidence,CANDIDATE FOR 1,STRUCTURAL_KEYWORD,FALLBACK:AMBIGUOUS_NO_BRAND
400426,Closing 3167.96 Adj 0.00 Branch 0.00,MAYBE_PRODUCT,default_no_evidence,CANDIDATE FOR 1,STRUCTURAL_KEYWORD,FALLBACK:AMBIGUOUS_NO_BRAND
400444,Closing 79579.81 Adj 0.00 Branch 0.00,MAYBE_PRODUCT,default_no_evidence,CANDIDATE FOR 1,STRUCTURAL_KEYWORD,FALLBACK:AMBIGUOUS_NO_BRAND
400449,Closing 11231.72 Adj 0.00 Branch 0.00,MAYBE_PRODUCT,default_no_evidence,CANDIDATE FOR 1,STRUCTURAL_KEYWORD,FALLBACK:AMBIGUOUS_NO_BRAND
400463,Closing 0.00 Adj 0.00 Branch 0.00,MAYBE_PRODUCT,default_no_evidence,CANDIDATE FOR 1,STRUCTURAL_KEYWORD,FALLBACK:AMBIGUOUS_NO_BRAND
400467,Closing 7441.72 Adj 0.00 Branch 0.00,MAYBE_PRODUCT,default_no_evidence,CANDIDATE FOR 1,STRUCTURAL_KEYWORD,FALLBACK:AMBIGUOUS_NO_BRAND
400508,Closing 129093.72 Adj 0.00 Branch 0.00,MAYBE_PRODUCT,default_no_evidence,CANDIDATE FOR 1,STRUCTURAL_KEYWORD,FALLBACK:AMBIGUOUS_NO_BRAND
400520,Closing 49693.83 Adj 0.00 Branch 0.00,MAYBE_PRODUCT,default_no_evidence,CANDIDATE FOR 1,STRUCTURAL_KEYWORD,FALLBACK:AMBIGUOUS_NO_BRAND
400525,Closing 1263.30 Adj 0.00 Branch 0.00,MAYBE_PRODUCT,default_no_evidence,CANDIDATE FOR 1,STRUCTURAL_KEYWORD,FALLBACK:AMBIGUOUS_NO_BRAND
400526,Closing 610608.77 Adj 0.00 Branch 0.00,MAYBE_PRODUCT,default_no_evidence,CANDIDATE FOR 1,STRUCTURAL_KEYWORD,FALLBACK:AMBIGUOUS_NO_BRAND
400799,SRAVANI MEDICAL AND SURGICALS LLP,MAYBE_PRODUCT,default_no_evidence,KEEP REVIEW,INSUFFICIENT_EVIDENCE,FALLBACK:DISTRIBUTION_ENTITY
400847,SRAVANI MEDICAL AND SURGICALS LLP,MAYBE_PRODUCT,default_no_evidence,KEEP REVIEW,INSUFFICIENT_EVIDENCE,FALLBACK:DISTRIBUTION_ENTITY
401102,HOSITTAB,MAYBE_PRODUCT,default_no_evidence,KEEP REVIEW,INSUFFICIENT_EVIDENCE,FALLBACK:AMBIGUOUS_NO_BRAND
401115,OROFERXT TOTAL TAB,MAYBE_PRODUCT,default_no_evidence,CANDIDATE FOR 1,STRUCTURAL_KEYWORD,FALLBACK:STRUCTURAL_KW
401176,VANVIL PHARMA,MAYBE_PRODUCT,default_no_evidence,CANDIDATE FOR 1,PHARMA_COMPANY_NAME,FALLBACK:AMBIGUOUS_NO_BRAND
401225,VANVIL PHARMA,MAYBE_PRODUCT,default_no_evidence,CANDIDATE FOR 1,PHARMA_COMPANY_NAME,FALLBACK:AMBIGUOUS_NO_BRAND
401269,VANVIL PHARMA,MAYBE_PRODUCT,default_no_evidence,CANDIDATE FOR 1,PHARMA_COMPANY_NAME,FALLBACK:AMBIGUOUS_NO_BRAND
401308,VANVIL PHARMA,MAYBE_PRODUCT,default_no_evidence,CANDIDATE FOR 1,PHARMA_COMPANY_NAME,FALLBACK:AMBIGUOUS_NO_BRAND
401968,METOSAN XR 50 10,MAYBE_PRODUCT,default_no_evidence,KEEP REVIEW,INSUFFICIENT_EVIDENCE,FALLBACK:AMBIGUOUS_NO_BRAND
403146,GENNOVA,MAYBE_PRODUCT,default_no_evidence,CANDIDATE FOR 1,COMPANY_DIVISION_PREFIX,FALLBACK:AMBIGUOUS_NO_BRAND
404336,ENTEROGERMINA AMPUL,MAYBE_PRODUCT,default_no_evidence,KEEP REVIEW,INSUFFICIENT_EVIDENCE,FALLBACK:AMBIGUOUS_NO_BRAND
404344,PRIMOSA BOOST,MAYBE_PRODUCT,default_no_evidence,KEEP REVIEW,INSUFFICIENT_EVIDENCE,FALLBACK:AMBIGUOUS_NO_BRAND
404392,Totals 128437.00 190442.00 15802.96,1,financial_aggregate,KEEP REVIEW,INSUFFICIENT_EVIDENCE,FALLBACK:AMBIGUOUS_NO_BRAND
404415,Totals 148842.00 139944.00 9837.03,1,financial_aggregate,KEEP REVIEW,INSUFFICIENT_EVIDENCE,FALLBACK:AMBIGUOUS_NO_BRAND
407043,Digital Purchase ERP Ordering Healthcare QRCode on bills for extra earnings Call MARG 9812818800,MAYBE_PRODUCT,default_no_evidence,CANDIDATE FOR 1,COMPANY_ENTITY,FALLBACK:PHARMA_ENTITY
407144,Valuation Rs. 0.00,MAYBE_PRODUCT,default_no_evidence,KEEP REVIEW,INSUFFICIENT_EVIDENCE,FALLBACK:AMBIGUOUS_NO_BRAND
407578,CYMEVENE 250MGGANCI 1X84C,MAYBE_PRODUCT,default_no_evidence,KEEP REVIEW,INSUFFICIENT_EVIDENCE,FALLBACK:AMBIGUOUS_NO_BRAND
407582,FORTOVASE 200MGSAQU 180 C,MAYBE_PRODUCT,default_no_evidence,KEEP REVIEW,INSUFFICIENT_EVIDENCE,FALLBACK:AMBIGUOUS_NO_BRAND
407584,HIVID 0.375MGZALCIT BOTLE,MAYBE_PRODUCT,default_no_evidence,KEEP REVIEW,INSUFFICIENT_EVIDENCE,FALLBACK:AMBIGUOUS_NO_BRAND
407585,INVIRASE 200MGSAQUI BOTLE,MAYBE_PRODUCT,default_no_evidence,KEEP REVIEW,INSUFFICIENT_EVIDENCE,FALLBACK:AMBIGUOUS_NO_BRAND
407597,NEO RECORMON 30000 I 1XPFS,MAYBE_PRODUCT,default_no_evidence,KEEP REVIEW,INSUFFICIENT_EVIDENCE,FALLBACK:AMBIGUOUS_NO_BRAND
407753,GMP-1 10,MAYBE_PRODUCT,default_no_evidence,KEEP REVIEW,INSUFFICIENT_EVIDENCE,FALLBACK:AMBIGUOUS_NO_BRAND
407754,GMP-2 10,MAYBE_PRODUCT,default_no_evidence,KEEP REVIEW,INSUFFICIENT_EVIDENCE,FALLBACK:AMBIGUOUS_NO_BRAND
408200,SITESTAT F TAB10/160 10,MAYBE_PRODUCT,default_no_evidence,KEEP REVIEW,INSUFFICIENT_EVIDENCE,FALLBACK:AMBIGUOUS_NO_BRAND
408209,TRICARDACE FORTE KIT 1KIT,MAYBE_PRODUCT,default_no_evidence,KEEP REVIEW,INSUFFICIENT_EVIDENCE,FALLBACK:AMBIGUOUS_NO_BRAND
408210,TRICARDACE KIT 1KIT,MAYBE_PRODUCT,default_no_evidence,KEEP REVIEW,INSUFFICIENT_EVIDENCE,FALLBACK:AMBIGUOUS_NO_BRAND
408365,E.& O.E. VALUE in 1000s,MAYBE_PRODUCT,default_no_evidence,KEEP REVIEW,INSUFFICIENT_EVIDENCE,FALLBACK:AMBIGUOUS_NO_BRAND
408929,TOTALCAL D3 20,MAYBE_PRODUCT,default_no_evidence,KEEP REVIEW,INSUFFICIENT_EVIDENCE,FALLBACK:AMBIGUOUS_NO_BRAND
409099,XXXTEMSAN CT 6.25 10,MAYBE_PRODUCT,default_no_evidence,KEEP REVIEW,INSUFFICIENT_EVIDENCE,FALLBACK:AMBIGUOUS_NO_BRAND
409276,ZZZZZZ 4055 --,1,zzzzzz_ocr_placeholder,CANDIDATE FOR 1,NO_VOWEL_OCR_NOISE,FALLBACK:AMBIGUOUS_NO_BRAND
409387,GENNOVA AD,MAYBE_PRODUCT,default_no_evidence,CANDIDATE FOR 1,COMPANY_DIVISION_PREFIX,FALLBACK:AMBIGUOUS_NO_BRAND
