idx,PRODUCT_CODE,product_name,BRAND_NAME
0,424440872,A BEC 300 MG TABLET 30s,A-BEC
1,420000001,ABACUS - 50 TAB,ABACUS
2,424441093,A-BEC L TABLETS,A-BEC
3,424441967,A-BEC TABLET 60T,A-BEC
4,421112108,ABICLOR INJECTION,ABICLOR
5,421112147,ABIRACURE 500 TABLETS,ABIRACURE
6,421111654,ABIRACURE TABLET,ABIRACURE
7,424440999,ACEGABA 100 CAPSULE,ACEGABA
8,424442056,ACEGABA 100 CAPSULE 1 X 15 C,ACEGABA
9,424441000,ACEGABA 300 CAPSULE,ACEGABA
10,424441001,ACEGABA 400 CAPSULE,ACEGABA
11,421113194,ACEGABA GRS 300 TABLET 10T,ACEGABA
12,421113195,ACEGABA GRS 600 TABLET 10T,ACEGABA
13,424441216,ACEGABA ME 100 TABLET,ACEGABA
14,424441217,ACEGABA ME 300 TABLETS,ACEGABA
15,421112627,ACEGABA NT 100 TABLET 1x15T,ACEGABA
16,421112686,ACEGABA NT 200 TABLET 1x15T,ACEGABA
17,421112007,ACEGABA-NT 400 TABLET 1x15T,ACEGABA
18,424440251,ACEM - 250 TABLET,ACEM
19,424440241,ACEM - 500 TABLET,ACEM
20,420030001,ADBETA H TABLETS,ADBETA
21,423330002,ADBETA TABLETS 12.5 MG,ADBETA
22,423330003,ADBETA TABLETS 25 MG,ADBETA
23,421110833,ADHALER,ADHALER
24,423330374,ADK2 CAPSULES,ADK2
25,420030004,ADMAX  CAPSULES,ADMAX
26,420030005,ADMAX R 10X10 C,ADMAX
27,423330234,ADMAX XT CAPSULES,ADMAX
28,423331234,AFPIN-CL CAPSULES,AFPIN
29,421110409,AGRABAN INFUSION 5 MG / 100 ML,AGRABAN
30,423331181,ALATRO TABLETS,ALATRO
31,421112547,ALBENDAZOLE TABLET 400MG 1T,ALBENDAZOLE
32,423330007,ALWEL   5 TABLETS,ALWEL
33,423330525,ALWEL 10 MG TABLETS,ALWEL
34,421113127,AMARYL 1MG TABLET 10x30T,AMARYL
35,421113128,AMARYL 2MG TABLET 15x30T,AMARYL
36,421113129,AMARYL 3MG TABLET 10x30T,AMARYL
37,421113130,AMARYL M 1MG TABLET 8x20T,AMARYL
38,421113131,AMARYL M 2MG TABLET 8x20T,AMARYL
39,421113132,AMARYL M FORTE 1MG TABLET 10x15T,AMARYL
40,421113133,AMARYL M FORTE 2MG TABLET 10x15T,AMARYL
41,421113134,AMARYL MV 1MG TABLET 10x15T,AMARYL
42,421113135,AMARYL MV 2MG TABLET 10x15T,AMARYL
43,421110654,AMAZIL 10 TABLETS,AMAZIL
44,421110653,AMAZIL 5 TABLETS,AMAZIL
45,423330471,AMENTONE TABLETS,AMENTONE
46,423331553,AMINOGEST CAPSULES,AMINOGEST
47,423331552,AMINOGEST SUSPENSION,AMINOGEST
48,423330568,AMITRUST 100 INJECTION,AMITRUST
49,423330896,AMITRUST 250 INJECTION,AMITRUST
50,423330570,AMITRUST 500 INJECTION,AMITRUST
51,423331089,AMLENOX ORAL PASTE 5 GM,AMLENOX
52,423331227,AMPRO H.P. POWDER 200 GM,AMPRO
53,423331228,AMPRO KID POWDER 200 GM,AMPRO
54,423331229,AMPRO MOM POWDER 200 GM,AMPRO
55,423331205,ANADAY TABLETS,ANADAY
56,423331203,ANCOOL SF 200 ML SUSPENSION,ANCOOL
57,423331267,ANCOOL SUSPENSION 170 ML,ANCOOL
58,423331543,ANCOOL SUSPENSION 200 ML,ANCOOL
59,421110880,ANTIPLAR PLUS CAPSULES,ANTIPLAR
60,424440925,ANTIPLAR TABLETS,ANTIPLAR
61,492220070,ANTIXA 60 MG/0.6ML,ANTIXA
62,492220064,ANTIXA-300 MG / 3 ML,ANTIXA
63,492220061,ANTIXA-40 MG/0.4 ML,ANTIXA
64,420004071,APIXABAN TABLETS 5 MG 10 X 10T,APIXABAN
65,421111242,APREONE CAPSULES,APREONE
66,421111238,APREONE INJECTION 150 MG,APREONE
67,421110502,APRUV - LT  3X2X10 T,APRUV
68,421111994,APRUV F TABLET,APRUV
69,420000013,APRUV-2.5 4X5X10 T,APRUV
70,420000014,APRUV-5 4X5X10 T,APRUV
71,420000414,APRUV-D 5 9X10,APRUV
72,420000413,APRUV-D 9X10,APRUV
73,421111895,AQUA OAT BATHING BAR 75 GM,AQUAOAT
74,421113161,AQUAOAT CLEAN & MOISTURE SYNDET BAR 75GM,AQUAOAT
75,421113110,AQUAOAT HYDRATING FACE CLEANSER 100ML,AQUAOAT
76,421112579,AQUAOAT MOISTURIZING CREAM 100 GM,AQUAOAT
77,421113108,AQUAOAT MOISTURIZING CREAM 250GM,AQUAOAT
78,421111878,AQUAOAT MOISTURIZING CREAM 50GM,AQUAOAT
79,421112580,AQUAOAT MOISTURIZING LOTION 100ML,AQUAOAT
80,421112581,AQUAOAT MOISTURIZING LOTION 250ML,AQUAOAT
81,423331002,ARBOZIL 40 TABLETS,ARBOZIL
82,423330931,ARBOZIL 80 TABLETS,ARBOZIL
83,423331246,ARBOZIL CT 40/12.5 TABLETS,ARBOZIL
84,421112008,ARIPITEX 10 MG TABLET,ARIPITEX
85,421112009,ARIPITEX 15 MG TABLET,ARIPITEX
86,421112010,ARIPITEX 20 MG TABLET,ARIPITEX
87,421112011,ARIPITEX 5 MG TABLET,ARIPITEX
88,424441214,ARMOD-150 TABLETS,ARMOD
89,424442061,ARMOD-150 TABLETS 1 x 15 T,ARMOD
90,424441213,ARMOD-50 TABLETS,ARMOD
91,424442060,ARMOD-50 TABLETS 1 x 15 T,ARMOD
92,421111955,ARTEZEM INJECTION,ARTEZEM
93,421113118,ARTH APPLE CIDER VINEGAR 10T,ARTH
94,421113157,ARTH APPLE CIDER VINEGAR 3x10T,ARTH
95,421113098,ARTH BITTER DROPS 50ML,ARTH
96,421112945,ARTH BONE HEALTH SUPPORT TABLET 1x60T,ARTH
97,421112946,ARTH BRAIN FOG AID 1x30C,ARTH
98,421113097,ARTH BRAIN FOG AID 1x60C,ARTH
99,421113111,ARTH BRAIN FOG AID BRAHMI GUMMIES 30 NOS,ARTH
100,421113056,ARTH CONCEPTION SUPPORT 1x30x5C,ARTH
101,421113104,ARTH ELECTROLYTE HYD LEMON ICE TEA 10GM,ARTH
102,421113064,ARTH ELECTROLYTE HYD ORANGE 20X20GM[P2P],ARTH
103,421113065,ARTH ELECTROLYTE HYDRATION LEMON 20x20GM,ARTH
104,421113001,ARTH FATIGUE SUPPORT GUMMIES 30 NOS,ARTH
105,421113060,ARTH GUT HEALTH SUPPORT 1x30C,ARTH
106,421113058,"ARTH HAIR, NAILS & SKIN SUPPORT 1x60C",ARTH
107,421112997,ARTH HEART HEALTH 1x30C,ARTH
108,421113115,ARTH HIGH PROTEIN POWDER 400GM CHOCO HAZ,ARTH
109,421113116,ARTH HIGH PROTEIN POWDER 400GM VANILLA,ARTH
110,421113086,ARTH IMMUNITY BOOSTER VITAMIN A+D3+K2 30,ARTH
111,421112951,ARTH INTIMATE CREAM 30GM,ARTH
112,421113013,ARTH INTIMATE CREAM 5GM,ARTH
113,421113053,ARTH INTIMATE CREAM 60GM,ARTH
114,421113140,ARTH ISABGOL POWDER 6GMX20 SACHETS,ARTH
115,421113057,ARTH LIVER HEALTH SUPPORT TABLET 1x60T,ARTH
116,421112982,ARTH MOOD SUPPORT 1x30T,ARTH
117,421113055,ARTH PCOS SUPPORT TABLET 1x60T,ARTH
118,421113010,ARTH PERIMENOPAUSE MULTI SYMP SUPP 1x60T,ARTH
119,421112943,ARTH PERIMENOPAUSE MULTI SYMPTOM SUPPORT,ARTH
120,421113105,ARTH RADIANT GLOW SUPPORT 10GMx20SACHET,ARTH
121,421112948,ARTH SLEEP SUPPORT GUMMMIES 15 NOS,ARTH
122,421112949,ARTH SLEEP SUPPORT GUMMMIES 30 NOS,ARTH
123,420000531,ARTH TABLET 10X10 T,ARTH
124,421112944,ARTH TENDER BREAST SUPPORT 1x60C,ARTH
125,421113113,ARTH VITAL WELLNESS SAFFRON 30C,ARTH
126,421113061,ARTH WEIGHT MANAGEMENT SUPPORT 15T,ARTH
127,421113210,ARTH WEIGHT MANAGEMENT SUPPORT 15T,ARTH
128,423331351,ARTIFLO 1 TABLETS,ARTIFLO
129,423331352,ARTIFLO 2 TABLETS,ARTIFLO
130,423331353,ARTIFLO 3 TABLETS,ARTIFLO
131,423331354,ARTIFLO 4 TABLETS,ARTIFLO
132,421110371,ASOMET XL TABLET,ASOMET
133,421110372,ASOMET XL TABLET 5 MG,ASOMET
134,424441465,ASOMEX - M  TABLETS 10X10 T,ASOMEX
135,424441466,ASOMEX - M 5 TABLETS 10X10 T,ASOMEX
136,421110576,ASOMEX - TM 5 TABLETS,ASOMEX
137,421111383,ASOMEX - TM 5 TABLETS 1X15T,ASOMEX
138,421110575,ASOMEX - TM TABLETS,ASOMEX
139,424441530,ASOMEX - TM TABLETS 1X15T,ASOMEX
140,424440001,ASOMEX 1.25 MG TABLET,ASOMEX
141,424440754,ASOMEX 1.25 TABLETS 1X15T,ASOMEX
142,424440002,ASOMEX 2.5 MG TABLET,ASOMEX
143,424441736,ASOMEX 2.5 MG TABLET 1X15T,ASOMEX
144,424440094,ASOMEX 2.5 MG TABLET 1x30T,ASOMEX
145,421110721,ASOMEX 5 CV TABLET,ASOMEX
146,424440003,ASOMEX 5 MG TABLET,ASOMEX
147,424441737,ASOMEX 5 MG TABLET 1x15T,ASOMEX
148,420000021,ASOMEX AT 2.5 MG TABLET,ASOMEX
149,424441921,ASOMEX AT 2.5 MG TABLET 1X15T,ASOMEX
150,424440006,ASOMEX AT 5 MG TABLET,ASOMEX
151,424441922,ASOMEX AT 5 MG TABLET 1X15T,ASOMEX
152,421110246,ASOMEX CL TABLETS,ASOMEX
153,421110720,ASOMEX CV TABLET,ASOMEX
154,424440008,ASOMEX D 5 TABLET,ASOMEX
155,424440760,ASOMEX D 5 TABLET 1x15T,ASOMEX
156,424440007,ASOMEX D TABLET,ASOMEX
157,424440759,ASOMEX D TABLET 1x15T,ASOMEX
158,424440489,ASOMEX LT 2.5 MG TABLET,ASOMEX
159,421111036,ASOMEX LT 5 MG TABLET,ASOMEX
160,424440761,ASOMEX LT TABLET 1X15T,ASOMEX
161,421110760,ASOMEX LTH 5 TABLETS,ASOMEX
162,421110759,ASOMEX LTH TABLETS,ASOMEX
163,421110762,ASOMEX OH FORTE TABLET,ASOMEX
164,421110761,ASOMEX OH TABLETS,ASOMEX
165,421110889,ASOMEX R TABLET,ASOMEX
166,420000532,ASTHAFRE - 10 9X10 T,ASTHAFRE
167,420000533,ASTHAFRE - 20 9X10 T,ASTHAFRE
168,420030109,ASTHAFREE 60 ML,ASTHAFRE
169,421110430,ATAZOR 300 MG CAPSULE 30S,ATAZOR
170,421110014,ATAZOR CAPSULES 150 MG,ATAZOR
171,421110015,ATAZOR CAPSULES 200 MG,ATAZOR
172,424441762,ATAZOR-R TABLETS 1x30 T,ATAZOR
173,421112704,ATEREMCURE 25 TABLET 1x15T,ATEREMCURE
174,421113030,ATEREMCURE SYRUP 100ML,ATEREMCURE
175,421111752,ATERIX - 250 TABLET 20X1X6 T,ATERIX
176,421111755,ATERIX - 500 TABLET,ATERIX
177,421110795,ATFUL TABLETS,ATFUL
178,421110992,ATOREC - 20 D 3 TABLETS,ATOREC
179,421110991,ATOREC - D 3 TABLETS,ATOREC
180,424441079,ATOREC 10 MG TABLET,ATOREC
181,424441080,ATOREC 20 MG TABLET,ATOREC
182,424441962,ATOREC 40 MG TABLET,ATOREC
183,424440931,ATOREC 80 MG TABLET,ATOREC
184,421112877,ATOREC ASP CAPSULES,ATOREC
185,421111940,ATOREC CV 10 CAPSULES,ATOREC
186,421111941,ATOREC CV 20 CAPSULES,ATOREC
187,424440077,ATOREC EZ TABLET,ATOREC
188,424441186,ATOREC F 10/160 MG TABLET 10X10,ATOREC
189,421112265,ATOREC GOLD 10  10X10 C,ATOREC
190,421112266,ATOREC GOLD 20  10X10 C,ATOREC
191,421110754,ATOREC R CAPSULES,ATOREC
192,424441078,ATOREC  5 MG TABLET,ATOREC
193,427770178,ATORFEN 10 MG TABLETS,ATORFEN
194,423330214,ATORFEN 5 MG TABLETS,ATORFEN
195,421110447,ATPURE D TABLET,ATPURE
196,421110448,ATPURE SA TABLET,ATPURE
197,424440035,ATPURE TABLET 12.5 MG,ATPURE
198,424440036,ATPURE TABLET 25 MG,ATPURE
199,421110454,ATPURE TABLET 50 MG,ATPURE
200,420000046,ATSA  4X5X10 T,ATSA
201,420000047,ATSA - 5 4X5X10 T,ATSA
202,421112200,ATSA INJECTION,ATSA
203,420610004,AUGPEN  375  TABLETS,AUGPEN
204,420000543,AUGPEN  625  TABLET,AUGPEN
205,420030018,AUGPEN  LB  1g  BID TABLET,AUGPEN
206,423330385,AUGPEN 1 GM BID TABLETS,AUGPEN
207,423330382,AUGPEN 375 BID TABLETS,AUGPEN
208,423331031,AUGPEN 625 BID TABLETS,AUGPEN
209,423330332,AUGPEN DROPS,AUGPEN
210,423330008,AUGPEN DS SUSPENSION,AUGPEN
211,423330331,AUGPEN DT FORTE TABLETS 5X10 T,AUGPEN
212,423331526,AUGPEN ES SUSPENSION,AUGPEN
213,423331041,AUGPEN HS SUSPENSION,AUGPEN
214,423331032,AUGPEN I.V. 1.2 GM INJECTION,AUGPEN
215,423330011,AUGPEN I.V. 150 MG INJECTION,AUGPEN
216,423330012,AUGPEN I.V. 300 MG INJECTION,AUGPEN
217,423331091,AUGPEN I.V. 600 MG INJECTION,AUGPEN
218,423330330,AUGPEN KID DT TABLETS,AUGPEN
219,423330402,AUGPEN LB 1 GM TABLETS,AUGPEN
220,423330386,AUGPEN LB 375 TABLETS,AUGPEN
221,423330383,AUGPEN LB 625 TABLETS,AUGPEN
222,420000535,AUGPEN SUSPENSION 30 ML,AUGPEN
223,427770229,AUGTAZ 1 GM INJECTION,AUGTAZ
224,427770231,AUGTAZ 250 MG INJECTION,AUGTAZ
225,427770230,AUGTAZ 500 MG INJECTION,AUGTAZ
226,427770232,AUGTAZ KID 125 MG INJECTION,AUGTAZ
227,491110077,AURICH - 100 CAPSULES,AURICH
228,491110079,AURICH - 100 INJECTION,AURICH
229,491110078,AURICH - 200 CAPSULES,AURICH
230,429990225,AURICH CREAM 30GM,AURICH
231,491110080,AURICH-200 INJECTION,AURICH
232,491110254,AXENTRI 150 TABLETS,AXENTRI
233,424441069,AXENTRI TABLETS 1X60T,AXENTRI
234,427770179,AZILAC - 250 TABLETS,AZILAC
235,427770180,AZILAC - 500 TABLETS,AZILAC
236,423331742,AZITUS 100 SUSPENSION,AZITUS
237,423331740,AZITUS 200 SUSPENSION,AZITUS
238,427770270,AZITUS 250 MG TABLETS,AZITUS
239,427770271,AZITUS 500 MG TABLETS,AZITUS
240,423331743,AZITUS XL 100 SUSPENSION,AZITUS
241,423331741,AZITUS XL 200 SUSPENSION,AZITUS
242,423330765,BACLOTOP 10 TABLETS,BACLOTOP
243,421112199,BACTICURE - 1.5 GM INJECTION,BACTICURE
244,421112198,BACTICURE - 750 MG INJECTION,BACTICURE
245,421112223,BACTICURE 250 TABLETS 1X10 T,BACTICURE
246,421112224,BACTICURE 500 TABLETS 1X6 T,BACTICURE
247,421110962,BACTILAM  250 TABLETS,BACTILAM
248,421110963,BACTILAM  500 TABLETS,BACTILAM
249,421111902,BACTILEM  1.5 GM INJECTION,BACTILEM
250,421111901,BACTILEM  750 MG INJECTION,BACTILEM
251,421110026,BACTILEM AX TABLET,BACTILEM
252,423330680,BACTOMIN 375 MG TABLETS,BACTOMIN
253,423330681,BACTOMIN 750 MG TABLETS,BACTOMIN
254,420500050,BAZOSTAR TABLET 10X10 T,BAZOSTAR
255,421112226,BEAT HF 5 TABLETS 10X10 T,BEAT HF
256,421112227,BEAT HF 7.5 TABLETS 10X10 T,BEAT HF
257,420000660,BEAZOL 4 MG INJECTION,BEAZOL
258,421110916,BECLASONE - C CREAM 10 GMS,BECLASONE
259,421110917,BECLASONE - C CREAM 20 GMS,BECLASONE
260,421110920,BECLASONE - N CREAM 10 GMS,BECLASONE
261,421110921,BECLASONE - N CREAM 20 GMS,BECLASONE
262,420000078,BECLASONE OINTMENT 15 GM,BECLASONE
263,420000060,BECLASONE OINTMENT C 15 GM,BECLASONE
264,421110918,BECLASONE OINTMENT GM 10 GM,BECLASONE
265,421110919,BECLASONE OINTMENT GM 20 GM,BECLASONE
266,421110787,BECLASONE OINTMENT GM 5 GM,BECLASONE
267,421110790,BECLASONE OINTMENT N 15 GM,BECLASONE
268,421110174,BECLASONE OINTMENT N 5 GM,BECLASONE
269,420000418,BEMLO SYRUP 60 ML,BEMLO
270,420000416,BEMLO TABLET 10 MG,BEMLO
271,420000417,BEMLO TABLET 20 MG,BEMLO
272,423331490,BEMPEDAY TABLET 180 MG,BEMPEDAY
273,421112665,BENFOSULES CAPSULES,BENFOSULES
274,421111929,BENFOTABS,BENFOTABS
275,421112782,BESTFORM M TABLET 1x10T,BESTFORM
276,421112201,BEVAREST 100 INJECTION,BEVAREST
277,421111724,BEVAREST 400 INJECTION,BEVAREST
278,429930505,BEVON CAPSULES 10X15 C,BEVON
279,423331546,BEVON CD CAPSULES,BEVON
280,423331547,BEVON DROPS,BEVON
281,423331765,BEVON NH CAPSULES,BEVON
282,423331778,BEVON RESPI CAPSULE,BEVON
283,423331670,BEVON SOFTULES,BEVON
284,423331538,BEVON SUSPENSION 200 ML,BEVON
285,429930017,BEVON SYRUP 100 ML,BEVON
286,421110749,BEZIP 0.2 CAPSULE,BEZIP
287,421110411,BEZIP 0.4 CAPSULE,BEZIP
288,421110729,BEZIP-D TABLETS,BEZIP
289,421112878,BIC EMTAF TABLET,BIC-EMTAF
290,424442074,BIC EMTAF TABLET 1x30T,BIC-EMTAF
291,421111652,BICALPRO TABLET 1X10T,BICALPRO
292,421111665,BICELTIS - 440 MG INJECTION,BICELTIS
293,490310012,BICNU 100 MG  INJECTION,BICNU
294,421112783,BILASTINE 20 MG TABLET 1x10T,BILASTINE
295,421112202,BIMODE 100 MG INJ 1 VIAL,BIMODE
296,420000420,BIMODE M TABLET,BIMODE
297,420000422,BIMODE SR 10 MG,BIMODE
298,420000423,BIMODE SR 5 MG,BIMODE
299,421112203,BIOCURE 2 MG INJ 1 VIAL,BIOCURE
300,421110669,BIRYTH-150 TABLETS,BIRYTH
301,421110672,BIRYTH-50 TABLETS,BIRYTH
302,423331717,BISOTRAK 2.5 TABLETS,BISOTRAK
303,423331718,BISOTRAK 5 TABLETS,BISOTRAK
304,423331630,BISOTRAK T 2.5 TABLET,BISOTRAK
305,423331631,BISOTRAK T 5 TABLET,BISOTRAK
306,421113156,B-LACT 1.2GM INJECTION,B-LACT
307,421113155,B-LACT 625 TABLET 10T,B-LACT
308,421112851,BLAXTIN 20 MG TABLET 10T,BLAXTIN
309,423331084,BOOSTALIV SYRUP,BOOSTALIV
310,423331409,BOROFLEX CAPSULES,BOROFLEX
311,420310370,BORTEZOMIB 2.5MG/ML SOL.FOR INJ.(1ML),BORTEZOMIB
312,421110623,BOWEX GRANULES,BOWEX
313,424440028,BPMET - XL 12.5 TABLETS,BPMET
314,421110455,BPMET XL 25 TABLET,BPMET
315,421110457,BPMET XL 50 MG TABLET,BPMET
316,421110545,BPMET-H 50 TABLETS,BPMET
317,421110544,BPMET-H TABLETS,BPMET
318,424440072,BPTITE - 2.5 TABLETS  10X3X10 T,BPTITE
319,424440073,BPTITE - 5 TABLETS 10X3X10 T,BPTITE
320,423331299,BRAIN MAX SUSPENSION,BRAIN
321,429930856,BRAIN MAX SUSPENSION 150ML,BRAIN
322,423331160,BRAINWISE SUSPENSION 150 ML,BRAINWISE
323,421112869,BRCAONE 100 MG TABLET 1x60T,BRCAONE
324,421112870,BRCAONE 150 MG TABLET 1x60T,BRCAONE
325,427770135,BROPHYLE CAPSULES,BROPHYLE
326,423331301,BROPHYLE N TABLETS,BROPHYLE
327,427770161,BROPHYLE SR TABLETS,BROPHYLE
328,423330209,BRUTEK-200 MG TABLETS,BRUTEK
329,423330210,BRUTEK-300 MG TABLETS,BRUTEK
330,423330211,BRUTEK-400 MG TABLETS,BRUTEK
331,423330283,BRUTEK-P TABLETS,BRUTEK
332,423331342,BUPREPLAST 10 MG PATCHES,BUPREPLAST
333,423331341,BUPREPLAST 5 MG PATCHES,BUPREPLAST
334,421110851,C - DIME 1.0 GM INJECTION,C-DIME
335,421110852,C - DIME 2.0 GM INJECTION,C-DIME
336,421110850,C - DIME 500 MG INJECTION,C-DIME
337,421111669,C - LET 1.0 GM INJECTION,C-LET
338,421112471,C - LET 2.0 GM INJECTION,C-LET
339,421111163,C - LET 250 MG INJECTION,C-LET
340,421110854,C - LET 500 MG INJECTION,C-LET
341,421111012,C - LET AZ TABLETS,C-LET
342,421111013,C - LET CV TABLETS,C-LET
343,421111099,C - LET O 100 DT TABLETS,C-LET
344,421112496,C - LET O 200 TABLETS,C-LET
345,421111081,C - LET O DS 100 SUSPENSION 30 ML,C-LET
346,421111089,C - LET O DS SUSPENSION 30 ML,C-LET
347,421111571,C - LET O TABLETS,C-LET
348,421111080,C - LET OF TABLETS,C-LET
349,421110858,C - PIME 1.0 GM INJECTION,C-PIME
350,421110974,C - PIME 250 MG INJECTION,C-PIME
351,421110975,C - PIME 500 MG INJECTION,C-PIME
352,427770003,C - TAX - O - 200 DT TABLETS 10X10 T,C - TAX
353,420030196,C - TAX 1.5 GM INJECTION,C - TAX
354,423330031,C - TAX O XL 100 TABLET,C - TAX
355,420000090,C - TAX P DRY SYRUP 30 ML,C - TAX
356,420001229,C - TAX T 100 MG TABLETS 12X10T,C - TAX
357,420000091,C - TAX T 200 TABLETS 15X4 T,C - TAX
358,421110979,C - TAZ 1.0 GM INJECTION,C-TAZ
359,421110977,C - TAZ 250 MG INJECTION,C-TAZ
360,421110978,C - TAZ 500 MG INJECTION,C-TAZ
361,427770005,C TAX - O - 400 TABLETS 10X10 T,C - TAX
362,421110594,CAESAR - 100 CAPSULES 10X10 C,CAESAR
363,421110593,CAESAR - 50 CAPSULES 10X10 C,CAESAR
364,421110548,CALCIEM DHA CAPSULES,CALCIEM
365,424440031,CALCIEM TABLET,CALCIEM
366,421110932,CALMPERIDONE - 4 TABLETS 10X10 T,CALMPERIDONE
367,421110933,CALMPERIDONE - 6 TABLETS 10X10 T,CALMPERIDONE
368,423330459,CALOBUILD SUSPENSION 150 ML,CALOBUILD
369,423330750,CALOBUILD SUSPENSION 200 ML,CALOBUILD
370,423330447,CALOBUILD TABLETS,CALOBUILD
371,424441177,CALONAT - D 3 TABLETS,CALONAT
372,421111197,CALONAT - D3 GRANULES,CALONAT
373,421110028,CALONAT CL TABLETS,CALONAT
374,424440032,CALONAT D TABLET,CALONAT
375,421112769,CALONAT XT TABLET 10x15T,CALONAT
376,421112248,CALOSHELL D3 CAPSULES 20X1X4,CALOSHELL
377,421112853,CALOSHELL D3 NANOSHOT 4X5ML,CALOSHELL
378,421113029,CALOSHELL D3 SACHET,CALOSHELL
379,421111311,CALOSHELL SG CAPSULE,CALOSHELL
380,421110843,CALOSHELL SUSPENSION 150 ML,CALOSHELL
381,420000115,CALOSHELL TABLET 500 MG,CALOSHELL
382,421110633,CALSICON TABLETS,CALSICON
383,421112125,CANZORB POWDER 100 GM,CANZORB
384,421112124,CANZORB POWDER 50 GM,CANZORB
385,421113012,CANZORB POWDER 75 GM,CANZORB
386,423331156,CAPEZAM 500 TABLETS,CAPEZAM
387,422220036,CAPICET - 30 TABLETS,CAPICET
388,491110266,CAPICET TABLET,CAPICET
389,491110362,CARBETA INJECTION,CARBETA
390,421112890,CARDACE 1.25 MG TABLET 10x15T,CARDACE
391,421112891,CARDACE 10 MG TABLET 10x15T,CARDACE
392,421112892,CARDACE 2.5 MG TABLET 10x15T,CARDACE
393,421112893,CARDACE 5 MG TABLET 10x15T,CARDACE
394,421112894,CARDACE AM 10 TABLET 10x15T,CARDACE
395,421112895,CARDACE AM 2.5 TABLET 10x15T,CARDACE
396,421112896,CARDACE AM 5 TABLET 10x15T,CARDACE
397,421112897,CARDACE H 10 TABLET 10x15T,CARDACE
398,421112898,CARDACE H 2.5 TABLET 10x15T,CARDACE
399,421112899,CARDACE H 5 TABLET 10x15T,CARDACE
400,421112900,CARDACE METO 2.5 TABLET 10x10T,CARDACE
401,421112901,CARDACE METO 5 TABLET 10x10T,CARDACE
402,421112902,CARDACE PROTECT 2.5 TABLET 10x10T,CARDACE
403,421112903,CARDACE PROTECT 5 TABLET 10x10T,CARDACE
404,421112430,CARDIUM CAPSULES,CARDIUM
405,421112928,CARMADA 100 MG TABLET 10x10T,CARMADA
406,421112929,CARMADA 200 MG TABLET 10x7T,CARMADA
407,421112927,CARMADA 50 MG TABLET 10x10T,CARMADA
408,421111177,CARMUTA-150 INJ.,CARMUTA
409,421112656,CEASTRA 100 CAPSULES 10X10C,CEASTRA
410,421112657,CEASTRA 200 CAPSULES 10X10C,CEASTRA
411,421112701,CEASTRA SB 130MG 10X10C,CEASTRA
412,421112700,CEASTRA SB CAPSULE 65MG 1x10C,CEASTRA
413,421112658,CEASTRA XL-100 CAPSULES,CEASTRA
414,421112659,CEASTRA XL-200 CAPSULES,CEASTRA
415,421110864,CEDIL 1.0 GM INJECTION,CEDIL
416,421113154,CEDIL 1.5GM INJECTION,CEDIL
417,421110862,CEDIL 250 MG INJECTION,CEDIL
418,421113152,CEDIL 250 MG TABLET,CEDIL
419,421110863,CEDIL 500 MG INJECTION,CEDIL
420,421113153,CEDIL 500MG TABLET 10x1x10T,CEDIL
421,421111346,CEFINE TABLET,CEFINE
422,420008973,CELLCEPT 1GM/5ML SUSPENSION,CELLCEPT
423,420008972,CELLCEPT 250MG CAPSULE 10C,CELLCEPT
424,420008971,CELLCEPT 500MG TABLET 10T,CELLCEPT
425,421111003,CELOL - D 3 CAPSULES,CELOL
426,421111051,CELOL - D 3 GRANULES,CELOL
427,421110030,CELOL CAPSULES,CELOL
428,424441917,CELOL D3 + TABLETS,CELOL
429,421110267,CELOL INJECTION,CELOL
430,421110732,CELOL K 7 CAPSULES,CELOL
431,421111912,CELOL MAX CAPSULES,CELOL
432,421111906,CELOL XT + TABLETS,CELOL
433,421110031,CELOL XT CAPSULES,CELOL
434,424441788,CELOL+ TABLET,CELOL
435,421110032,CERIZINE TABLET,CERIZINE
436,421112625,CERUME TABLET 1x10T,CERUME
437,421113136,CETAPIN V 0.2MG TABLET 10x15T,CETAPIN
438,421113137,CETAPIN V 0.3MG TABLET 10x15T,CETAPIN
439,421113138,CETAPIN XR 1000MG TABLET 10x15T,CETAPIN
440,421113139,CETAPIN XR 500MG TABLET 11x20T,CETAPIN
441,421112687,CETIRIZINE TABLETS IP 10MG,CETIRIZINE
442,423331570,CETLERGY 10 TABLETS,CETLERGY
443,423330448,CETLERGY PLUS TABLETS,CETLERGY
444,423331019,CETLERGY SYRUP 30 ML,CETLERGY
445,423331066,CETLERGY SYRUP 60 ML,CETLERGY
446,421112127,CFEICURE-S INJECTION 1.5g,CFEICURE
447,421112956,CHYEMRYL AP TABLET 10x10T,CHYEMRYL
448,421112309,CHYEMRYL FORTE TABLET 10X20T,CHYEMRYL
449,421112815,CHYEMRYL PLUS TABLETS 10X1X10T,CHYEMRYL
450,423331146,CHYVENTHRAL FORTE TABLET,CHYVENTHRAL
451,421112537,CIDNAVIR 375 MG INJECTION 1 VIAL,CIDNAVIR
452,421112120,CINEZ-D TABLETS,CINEZ
453,421113003,CINEZ-D TABLETS 1 X 15 T,CINEZ
454,420000125,CIPROBIOTIC - 500 10X10 CT,CIPROBIOTIC
455,421111672,CIPROBIOTIC 250 TABLET,CIPROBIOTIC
456,424440245,CIPROBIOTIC FORTE 500 MG 10,CIPROBIOTIC
457,421112565,CIPROBIOTIC IV INFUSION 200MG/100ML,CIPROBIOTIC
458,420000429,CIPROBIOTIC TABLET 100 MG,CIPROBIOTIC
459,420000432,CIPROBIOTIC TN TABLET 250 MG,CIPROBIOTIC
460,420000434,CIPROBIOTIC TN TABLET 500 MG,CIPROBIOTIC
461,421112188,CISCURE  PFS,CISCURE
462,421110589,CISCURE 0.25 MG INJECTION,CISCURE
463,422220160,CITAFINE 1 GM INJ 1 VIAL,CITAFINE
464,421111432,CITAFINE 1.4 GM INJECTION,CITAFINE
465,422220161,CITAFINE 200 MG INJ 1 VIAL,CITAFINE
466,421112116,CITRALEM SYRUP 100 ML,CITRALEM
467,421112472,CLAMOB IV 1.2GM,CLAMOB
468,423330216,CLAVTAX - O 100 MG TABLETS,CLAVTAX
469,423330213,CLAVTAX - O 200 MG TABLETS,CLAVTAX
470,421112904,CLEXANE 20MG/0.2ML INJECTION,CLEXANE
471,421112905,CLEXANE 40MG/0.4ML INJECTION,CLEXANE
472,421112906,CLEXANE 60MG/0.6ML INJECTION,CLEXANE
473,421112907,CLEXANE 80MG/0.8ML INJECTION,CLEXANE
474,423330040,CLINHAIR GEL 40 GM,CLINHAIR
475,423330041,CLINHAIR SHAMPOO,CLINHAIR
476,424442077,CLONAZEPAM 0.5MG TABLET 20x10T,CLONAZEPAM
477,421112013,COBAFORTE CD3 + TABLET,COBAFORTE
478,421111385,COBAFORTE CD3 TABLET,COBAFORTE
479,421112514,COBAFORTE CD3 XL TABLET 10T,COBAFORTE
480,421111983,COBAFORTE INJECTION,COBAFORTE
481,424441913,COBAFORTE OD CAPSULES,COBAFORTE
482,421112017,COGNITRAC INJECTION 60 MG,COGNITRAC
483,421112018,COGNITRAC L INJECTION,COGNITRAC
484,421111445,COLIST 2 INJECTION,COLIST
485,421111446,COLIST 3 INJECTION,COLIST
486,421111447,COLIST 4.5 INJECTION,COLIST
487,421111050,COLIST INJECTION,COLIST
488,421111767,CONSICAL CAPSULE,CONSICAL
489,421112249,CONSICAL D3 CAPSULES,CONSICAL
490,421112158,CONSIGEL MPS 170ML MINT FLAVOUR,CONSIGEL
491,491110364,CONSIRAL-100 CAPSULES,CONSIRAL
492,491110372,CONSIRAL-25 CAPSULES,CONSIRAL
493,491110363,CONSIRAL-50 CAPSULES,CONSIRAL
494,490310001,CONSIUM 100(CARMUSTINE FOR INJ.),CONSIUM
495,424440443,CONSIVAS 10 MG TABLET 10X10,CONSIVAS
496,424440444,CONSIVAS 20 MG TABLET 10X10,CONSIVAS
497,421111196,CONSIVAS ASP CAPSULES,CONSIVAS
498,421112731,CONSIVAS BM TABLET 1x10T,CONSIVAS
499,421112867,CONSIVAS CV 10 CAPSULE 10x10C,CONSIVAS
500,421112868,CONSIVAS CV 20 CAPSULE 10x10C,CONSIVAS
501,424441940,CONSIVAS EZ 10 TABLET 1x10T,CONSIVAS
502,421112423,CONSIVAS EZ 20 TABLET,CONSIVAS
503,421112723,CONSIVAS EZ 40 TABLET 1x10T,CONSIVAS
504,421112168,CONSIVAS GOLD 10 CAPSULES 10X10C,CONSIVAS
505,421112169,CONSIVAS GOLD 20 CAPSULES 10X10C,CONSIVAS
506,421111063,CONSIVAS-10 D3 TABLETS,CONSIVAS
507,424440648,CONSIVAS-40 TABLETS,CONSIVAS
508,424440442,CONSIVAS-5 TABLETS,CONSIVAS
509,421111062,CONSIVAS-D3 TABLETS,CONSIVAS
510,421111971,CONSIVAS-F TABLETS,CONSIVAS
511,421112323,CONSIVAS-F10/160 TABLETS,CONSIVAS
512,421110938,CONSIVIT TABLETS,CONSIVIT
513,421110567,CONSIVIT-B SOFLETS,CONSIVIT
514,491110195,COPEGUS TABLETS 1X42 T,COPEGUS
515,423331328,CORALIUM D3 FORTE TABLETS,CORALIUM
516,423331580,CORALIUM D3 SUSPENSION,CORALIUM
517,427770200,CORALIUM D3 TABLETS,CORALIUM
518,423331672,CORALIUM XT TABLETS,CORALIUM
519,421112908,CORDARONE 100 MG TABLET 20x15T,CORDARONE
520,421112909,CORDARONE 150 MG/3ML INJECTION,CORDARONE
521,421112910,CORDARONE X 200 MG TABLET 10x15T,CORDARONE
522,420030117,CORTIMAX - S CREAM 15 GM,CORTIMAX
523,423330235,CORTIMAX 1 MG  10X6 T,CORTIMAX
524,427770139,CORTIMAX 12 MG TABLETS,CORTIMAX
525,423330279,CORTIMAX 18 MG  10X6 T,CORTIMAX
526,427770140,CORTIMAX 24 MG TABLETS,CORTIMAX
527,427770141,CORTIMAX 30 MG TABLETS,CORTIMAX
528,427770138,CORTIMAX 6 MG TABLETS,CORTIMAX
529,420030116,CORTIMAX CREAM 10 GM,CORTIMAX
530,423331120,CORTIMAX SUSPENSION,CORTIMAX
531,423331114,CORTIMAX XL SUSPENSION,CORTIMAX
532,421111743,CORTISAFE 100 MG  INJECTION,CORTISAFE
533,423331746,COVAFEM TABLETS,COVAFEM
534,421110363,COZIT TABLET,COZIT
535,427770097,C-TAX 1 GM INJECTION,C - TAX
536,427770093,C-TAX 125 MG INJECTION,C - TAX
537,427770136,C-TAX 250 MG INJECTION,C - TAX
538,427770137,C-TAX 500 MG INJECTION,C - TAX
539,427770176,C-TAX O 100 DT TABLETS,C - TAX
540,427770116,C-TAX O 200 TABLETS,C - TAX
541,427770001,C-TAX O 50 DT TABLETS,C - TAX
542,427770006,C-TAX O DROPS,C - TAX
543,427770111,C-TAX O DRY SYRUP,C - TAX
544,427770210,C-TAX O DRY SYRUP 50 ML,C - TAX
545,427770110,C-TAX O FORTE DRY SYRUP,C - TAX
546,427770209,C-TAX O FORTE DRY SYRUP 50 ML,C - TAX
547,423330173,C-TAX O XL 200 TABLETS,C - TAX
548,423330761,C-TAX OF TABLETS,C - TAX
549,427770043,C-TRI  XP 500 MG INJECTION,C-TRI
550,427770113,C-TRI 1 GM INJECTION,C-TRI
551,427770017,C-TRI 125 MG INJECTION,C-TRI
552,427770099,C-TRI 2 GM INJECTION,C-TRI
553,427770118,C-TRI 250 MG INJECTION,C-TRI
554,427770098,C-TRI 500 MG INJECTION,C-TRI
555,427770075,C-TRI T 250 MG TABLET,C-TRI
556,427770076,C-TRI T 500 MG TABLET,C-TRI
557,427770236,C-TRI XP 1 GM INJECTION,C-TRI
558,427770234,C-TRI XP 250 MG INJECTION,C-TRI
559,427770233,C-TRI XP KID 125 MG INJECTION,C-TRI
560,421112613,CUTIECTO CREAM 30 GM,CUTIECTO
561,423331489,CYPOTIVATE SYRUP 200 ML,CYPOTIVATE
562,421111088,C-ZID 125 MG INJECTION,C-ZID
563,421110434,C-ZID 1GM,C-ZID
564,420000110,C-ZID 250 MG,C-ZID
565,420000111,C-ZID 500 MG,C-ZID
566,421111022,C-ZID TZ INJECTION,C-ZID
567,421111933,DABITRA 110 CAPSULES,DABITRA
568,421111934,DABITRA 150 CAPSULES,DABITRA
569,421111932,DABITRA 75 CAPSULES,DABITRA
570,424441468,DACLACURE 60 TABLET,DACLACURE
571,421111118,DAONIL M TABLETS,DAONIL
572,421111961,DAONIL M TABLETS 1X15 T,DAONIL
573,421111589,DAONIL TABLETS,DAONIL
574,421111590,DAONIL TABLETS 1 X 30 T,DAONIL
575,423331654,DAPAFOR 10 TABLET,DAPAFOR
576,423331655,DAPAFOR V 10/100 MG TABLET,DAPAFOR
577,423331480,DAPAFOR V 5/100 MG TABLET,DAPAFOR
578,423331657,DAPAFORMIN 1000 TABLET,DAPAFORMIN
579,423331656,DAPAFORMIN 500 TABLET,DAPAFORMIN
580,421112845,DAPAGZA 10 TABLET 1X15T,DAPAGZA
581,421112560,DAPAGZA 5 TABLET 1X15T,DAPAGZA
582,421112809,DAPAGZA L 10/5 TABLET 10x10T,DAPAGZA
583,421112847,DAPAGZA M 10/ 500 1X10T,DAPAGZA
584,421112564,DAPAGZA M 5/1000 1X10T,DAPAGZA
585,421112563,DAPAGZA M10/1000 1X10T,DAPAGZA
586,421110998,DAPTOCURE INJECTION,DAPTOCURE
587,422220083,DARBECURE 25 INJECTION PFS,DARBECURE
588,422220084,DARBECURE 40 INJECTION PFS,DARBECURE
589,422220179,DARBECURE 60 INJECTION PFS,DARBECURE
590,421110460,DEFSURE - 1 MG 6 T,DEFSURE
591,421110461,DEFSURE - 30 MG 6 T,DEFSURE
592,420500039,DEFSURE 6 TABLETS,DEFSURE
593,423330727,DEFSURE SUSPENSION,DEFSURE
594,421112156,DEGAREL 120MG INJECTION,DEGAREL
595,421112155,DEGAREL 80MG INJECTION,DEGAREL
596,424441790,DENLAFAX-100 TABLETS,DENLAFAX
597,424441789,DENLAFAX-50 TABLETS,DENLAFAX
598,421112650,DENMAB INJECTION 60 MG/ML,DENMAB
599,423331324,DERMITRUST CREAM,DERMITRUST
600,423331335,DERMITRUST DUSTING POWDER,DERMITRUST
601,423330595,DETADURA  25 INJECTION,DETADURA
602,423330596,DETADURA  50 INJECTION,DETADURA
603,421110560,DEXPURE I.V. 10 MG,DEXPURE
604,424440059,DEXPURE TABLET 5 MG,DEXPURE
605,424440058,DEXPURE TABLETS,DEXPURE
606,424440055,DEXPURE-D CAPSULES,DEXPURE
607,421110895,DHA CAL CAPSULES,DHA CAL
608,420000146,DICLOMOVE 50 TABLET,DICLOMOVE
609,421111951,DICLOMOVE FAST GEL 30GM,DICLOMOVE
610,421110875,DICLOMOVE GEL 30 GM,DICLOMOVE
611,421112850,DICLOMOVE HOT GEL 30 GM,DICLOMOVE
612,421112955,DICLOMOVE MR TABLET,DICLOMOVE
613,421112754,DICLOMOVE MR TABLET 20x10T,DICLOMOVE
614,420000437,DICLOMOVE NDS CR O GEL 30 GM,DICLOMOVE
615,421111025,DICLOMOVE P TABLET,DICLOMOVE
616,421112735,DICLOMOVE POWER GEL 30 GM,DICLOMOVE
617,421111004,DICLOMOVE SERA TABLETS,DICLOMOVE
618,421112193,DICLOMOVE SPRAY 35 GM,DICLOMOVE
619,421112235,DICLOMOVE SPRAY 55 GM,DICLOMOVE
620,424440213,DICLOMOVE SR TABLET 10,DICLOMOVE
621,429930727,DICLOPLAST 1X1 PATCHES,DICLOPLAST
622,429930613,DICLOPLAST 1X3 PATCHES,DICLOPLAST
623,423330723,DICLOPLAST PATCH 100 MG,DICLOPLAST
624,421112019,DILPRA 250 TABLETS,DILPRA
625,421112020,DILPRA 500 TABLETS,DILPRA
626,421111309,DILPRA OD 250 TABLETS,DILPRA
627,421111310,DILPRA OD 500 TABLETS,DILPRA
628,421111302,DILPRA OD 750 TABLETS,DILPRA
629,421112024,DILPRA-OD 1000 TABLETS,DILPRA
630,420000153,DILSAVE 4 MG TAB,DILSAVE
631,420000154,DILSAVE 8 MG,DILSAVE
632,424440214,DILSAVE TABLETS,DILSAVE
633,490310011,DILUENT FOR BICNU 100 INJECTION,BICNU
634,421112759,DILUENT FOR CONSIUM 100 INJ,CONSIUM
635,421111870,DINOR TABLET,DINOR
636,420030045,DIOF   SUSPENSION,DIOF
637,423331421,DIOF DS SUSPENSION,DIOF
638,423331332,DIOF DS SUSPENSION 60ML,DIOF
639,423331331,DIOF SUSPENSION 60ML,DIOF
640,420030046,DIOF TABLETS 10X10 T,DIOF
641,423330053,DIVEXX - P TABLETS,DIVEXX
642,423330050,DIVEXX 50 TABLETS,DIVEXX
643,423330051,DIVEXX GEL,DIVEXX
644,423330052,DIVEXX MR TABLETS,DIVEXX
645,421110039,DIVRET TABLET 1.5MG,DIVRET
646,423331797,DKOF AX SYRUP 100ML,DKOF
647,423331315,DKOF DX SYRUP 100ML,DKOF
648,423331071,DKOF LA SYRUP 100 ML,DKOF
649,423331072,DKOF LA SYRUP 60 ML,DKOF
650,423330548,DKOF SYRUP,DKOF
651,423330520,DOCEZAP 120 MG INJECTION,DOCEZAP
652,423330914,DOCEZAP 20 MG INJECTION,DOCEZAP
653,423330915,DOCEZAP 80 MG INJECTION,DOCEZAP
654,423330781,DOLESTIN 250 TABLETS,DOLESTIN
655,423330782,DOLESTIN 500 TABLETS,DOLESTIN
656,420001015,DOLOSPAN DP TABLET,DOLOSPAN
657,421111821,DOLOSPAN INJECTION,DOLOSPAN
658,421111825,DOLOSPAN P FIZZ TABLET,DOLOSPAN
659,421110042,DOLOSPAN P TABLETS,DOLOSPAN
660,421110043,DOLOSPAN SR TABLET,DOLOSPAN
661,421111806,DOLOSPAN TABLET,DOLOSPAN
662,421110714,DOLOSPAN-OD TABLETS,DOLOSPAN
663,421110328,DOTRA INJECTION,DOTRA
664,421112623,DOTRA-M TABLET,DOTRA
665,421110587,DOXAZ - 120 INJECTION,DOXAZ
666,422220050,DOXAZ - 80 INJECTION,DOXAZ
667,421110583,DOXAZ -20 INJECTION,DOXAZ
668,421112436,DULATINE 10% OINTMENT 15GM,DULATINE
669,421111573,DULATINE OINTMENT15 GM,DULATINE
670,421112303,DULATINE SOLUTION 100 ML,DULATINE
671,421112810,DULATINE SOLUTION 500 ML,DULATINE
672,421110791,DUOSPRAY 70 MD,DUOSPRAY
673,421112835,DYDROEVA SR 20 TABLET 3x10T,DYDROEVA
674,421112836,DYDROEVA SR 30 TABLET 3x10T,DYDROEVA
675,421112801,DYDROEVA TABLET 1X10T,DYDROEVA
676,421112692,DYDROEVA TABLET 1x30T,DYDROEVA
677,421112831,DYDROFEM SR 20 TABLET 3X10T,DYDROFEM
678,421112832,DYDROFEM SR 30 TABLET 3x10T,DYDROFEM
679,421112632,DYDROFEM TABLET 1X30T,DYDROFEM
680,421112800,DYDROFEM TABLETS,DYDROFEM
681,422220275,DYNULTA 500 MG TABLET,DYNULTA
682,421111620,E - TEL 20 TABLETS,E - TEL
683,421111621,E - TEL 40 TABLETS,E - TEL
684,421111021,E - TEL 80 H TABLETS,E - TEL
685,421111622,E - TEL 80 TABLETS,E - TEL
686,421111020,E - TEL H TABLETS,E - TEL
687,424441076,EFCURE 200 MG TABLET 30s,EFCURE
688,424441074,EFCURE 600 MG TABLET 30s,EFCURE
689,491110060,EFCURE ORAL SOLUTION,EFCURE
690,491110004,EFCURE TABLET,EFCURE
691,427770051,EFICEF - 100 DT TABLETS 10X10 T,EFICEF
692,427770052,EFICEF - 200 TABLETS 10X10 T,EFICEF
693,420590023,EFICEF - 50 DRY SYRUP 30 ML PS,EFICEF
694,427770050,EFICEF - 50 DT TABLETS 10X10 T,EFICEF
695,427770060,EFICEF CV 100 DT TABLETS,EFICEF
696,427770061,EFICEF CV 200 TABLETS,EFICEF
697,427770059,EFICEF CV 50 DT TABLETS,EFICEF
698,427770058,EFICEF DS DRY SYRUP,EFICEF
699,423331177,EFNOCAR 10 TABLETS,EFNOCAR
700,427770182,EFNOCAR 20 TABLETS,EFNOCAR
701,427770183,EFNOCAR 40 TABLETS,EFNOCAR
702,427770329,EFNOCAR-CT 40/12.5 TABLETS,EFNOCAR
703,427770327,EFNOCAR-CT-20/12.5 TABLETS,EFNOCAR
704,427770326,EFNOCAR-CT-20/6.25 TABLETS,EFNOCAR
705,427770328,EFNOCAR-CT-40/6.25 TABLETS,EFNOCAR
706,423331446,EFNOCAR-MX 40/25 TABLETS,EFNOCAR
707,427770330,EFNOCAR-T 20/40 TABLET,EFNOCAR
708,427770323,EFNOCAR-T 40/40  TABLET,EFNOCAR
709,420500064,EJALONG - 30 TABLETS 10X6 T,EJALONG
710,423330413,EJALONG - 60 TABLETS 10X6 T,EJALONG
711,423330419,EJALONG - XL TABLETS 10X1X4 T,EJALONG
712,422220129,ELAXIM 30,ELAXIM
713,422220131,ELAXIM 40 MG INJ 1 VIAL,ELAXIM
714,422220014,ELAXIM 50 MG INJ 1 VIAL,ELAXIM
715,421110688,ELCURE -150 TABLET,ELCURE
716,491110287,ELIGARD 22.5 MG INJECTABLE SUSPENSION,ELIGARD
717,492220085,ELIGARD 22.5MG DEPOT INJ,ELIGARD
718,421112685,ELIGARD 30 MG INJECTABLE SUSPENSION,ELIGARD
719,492220086,ELIGARD 45 MG DEPOT INJ.,ELIGARD
720,491110288,ELIGARD 45 MG INJECTABLE SUSPENSION,ELIGARD
721,491110286,ELIGARD 7.5 MG INJECTABLE SUSPENSION,ELIGARD
722,422220020,ELINAL 1 MG TABLET,ELINAL
723,421112189,ELOXIB 60 TABLETS,ELOXIB
724,421112191,ELOXIB TABLET 120 MG,ELOXIB
725,421112190,ELOXIB TABLET 90 MG,ELOXIB
726,421112817,ELOXIB TH4 TABLET,ELOXIB
727,423331355,ELRIZ 5 MG TABLETS,ELRIZ
728,423331604,ELRIZ D TABLET,ELRIZ
729,423330483,ELRIZ SYRUP,ELRIZ
730,420030047,ELRIZ TABLETS,ELRIZ
731,423331653,ELRIZ XL SYRUP,ELRIZ
732,427770163,ELRIZ XL TABLETS,ELRIZ
733,421112813,EMACCECLO SP TABLET,EMACCECLO-P
734,421113006,EMACCECLO-P TABLET,EMACCECLO-P
735,421113182,EMANZEN AP TABLET 10x10T,EMANZEN
736,421110987,EMANZEN D OINTMENT 30 GM,EMANZEN
737,424440056,EMANZEN D TABLET,EMANZEN
738,421112653,EMANZEN DP TABLET,EMANZEN
739,424440087,EMANZEN FORTE TABLET 10 MG,EMANZEN
740,420000468,EMANZEN N CAPSULES 10,EMANZEN
741,424440086,EMANZEN TABLET 5 MG,EMANZEN
742,421112228,EMANZEN TBR TABLETS 1X10 T,EMANZEN
743,421112229,EMANZEN TBR-DS TABLETS 1X10 T,EMANZEN
744,491110292,EMATRA CAPSULES,EMATRA
745,421112238,EMBREMMA 1 MG INJECTION,EMBREMMA
746,421112287,EMBREMMA INJECTION 0.5MG/ML,EMBREMMA
747,421111219,EMCARE WISE POWDER 400GM CHOCOLATE,EMCARE
748,421111218,EMCARE WISE POWDER 400GM VANILLA,EMCARE
749,494440123,EMCEPT-500 TABLETS,EMCEPT
750,491110131,EMCEPT-750 TABLETS 10X1X10 T,EMCEPT
751,494440032,EMCEPT-S  360 TABLETS,EMCEPT
752,421112690,EMCIPRO - 500 TABLETS,EMCIPRO
753,424441291,EMCLOZ 1 MG TABLET,EMCLOZ
754,424441289,EMCLOZ 0.25MG TABLET,EMCLOZ
755,424441290,EMCLOZ 0.5MG TABLET,EMCLOZ
756,421111789,EMCOR CREAM 15 GM,EMCOR
757,424441312,EMCORIL DX SYRUP 100 ML,EMCORIL
758,421111855,EMCORIL SYRUP 100 ML,EMCORIL
759,420000163,EMCOXIB - 12.5 20X10 T,EMCOXIB
760,420000164,EMCOXIB - 25 20X10 T,EMCOXIB
761,421111909,EMCURE ORS LIQUID ORANGE FLAV.200ML,EMCURE ORS
762,421111459,EMCURE ORS POWD.LEMON 30X21GM,EMCURE ORS
763,421111458,EMCURE ORS POWD.ORANGE,EMCURE ORS
764,421112428,EMDIP T40 TABLET,EMDIP
765,421112429,EMDIP T80 TABLET,EMDIP
766,421112312,EMDIP-16 TABLETS 10X10 T,EMDIP
767,421112311,EMDIP-8 TABLETS,EMDIP
768,491110016,EMDUO - E 40 2 X 5 KIT,EMDUO
769,491110005,EMDUO 30 TABLET,EMDUO
770,494440096,EMDUO 30 TABLET 1X60 T,EMDUO
771,491110174,EMDUO 40 TABLET,EMDUO
772,491110148,EMDUO E 30 KIT,EMDUO
773,494440100,EMDUO JUNIOR 2 X 10 TABLETS,EMDUO
774,491110179,EMDUO N 30 KIT,EMDUO
775,440000004,EMDUO N 40 KIT,EMDUO
776,491110024,EMDUO ORALSUSPENSION,EMDUO
777,421112232,EMDURAL 25 MG INJECTION,EMDURAL
778,421112233,EMDURAL 50 MG INJECTION,EMDURAL
779,421112833,EMDYDRO SR 20 TABLET 3x10T,EMDYDRO
780,421112834,EMDYDRO SR 30 TABLET 3x10T,EMDYDRO
781,421112645,EMDYDRO TABLET 1X10T,EMDYDRO
782,421112693,EMDYDRO TABLET 1x30T,EMDYDRO
783,421112250,EMFEBCURE 40 TABLET,EMFEBCURE
784,421112251,EMFEBCURE 80 TABLET,EMFEBCURE
785,421111656,EMFENACIN 5 TABLET,EMFENACIN
786,422220021,EMFIB 250 TABLET,EMFIB
787,421110181,EMFOLIC DROPS,EMFOLIC
788,421110051,EMFOLIC INJECTION,EMFOLIC
789,421110176,EMFOLIC SYRUP 100 ML,EMFOLIC
790,421111697,EMFOLIC TABLET,EMFOLIC
791,421110537,EMFOLIC-DHA CAPSULES,EMFOLIC
792,421110751,EMGARD-10 TABLETS,EMGARD
793,421110750,EMGARD-5 TABLETS,EMGARD
794,421111764,EMGLOBULIN INJECTION,EMGLOBULIN
795,421110768,EMGRA D TABLETS,EMGRA
796,421110734,EMGRA TABLETS,EMGRA
797,424440438,EMGRAF - 2 CAPSULES,EMGRAF
798,424440436,EMGRAF 0.5 CAPSULES,EMGRAF
799,421110614,EMGRAF-1 CAPSULES,EMGRAF
800,492220028,EMGRAST 150 MCG,EMGRAST
801,422220194,EMGRAST 300 MCG INJ 1 PFS,EMGRAST
802,492220023,EMGRAST- M 250 MCG,EMGRAST
803,492220001,EMGRAST M 300 INJECTION,EMGRAST
804,491110105,EMGRAST M 500 INJECTION,EMGRAST
805,493330062,EMIGO - 8 TABLETS 10X10 T,EMIGO
806,423331046,EMIGO 4 MG INJECTION 2 ML,EMIGO
807,427770146,EMIGO 4 MG TABLETS,EMIGO
808,423331047,EMIGO 8 MG INJECTION 4 ML,EMIGO
809,427770126,EMIGO MD TABLETS,EMIGO
810,423331104,EMIGO ORAL SOLUTION,EMIGO
811,420030111,EMIGO SUSPENSION,EMIGO
812,421112857,EMILDAP 10 TABLET 1X15T,EMILDAP
813,421112568,EMILDAP 5 TABLET 1X15T,EMILDAP
814,421112742,EMILDAP GM 10/1/1000 TABLET 10x10T,EMILDAP
815,421112743,EMILDAP GM 10/2/1000 TABLET 10x10T,EMILDAP
816,421112571,EMILDAP M10/1000 1X10T,EMILDAP
817,421112860,EMILDAP M10/500 1X10T,EMILDAP
818,421112866,EMILDAP S 10/100 TABLET 1X10T,EMILDAP
819,421112616,EMILDAP S 10/50 TABLET 1X10T,EMILDAP
820,421112606,EMILDAP S 5/50 TABLET 1X 10T,EMILDAP
821,421112629,EMILDAP TRIO FORTE TABLET 1x10T,EMILDAP
822,421112884,EMILDAP TRIO TABLET 1x10T,EMILDAP
823,421110595,EMILIN-M CAPSULES,EMILIN
824,491110327,EMLETRA 200/50 MG TABLET 60s,EMLETRA
825,491110208,EMLETRA JUNIOR TABLETS,EMLETRA
826,424441533,EMLETRA TABLET 1x120T,EMLETRA
827,491110071,EMLETRA TABLETS,EMLETRA
828,421112145,EMLEVO - XR 1000 TABLET,EMLEVO
829,421112028,EMLEVO - XR 500 TABLET,EMLEVO
830,421112144,EMLEVO - XR 750 TABLET,EMLEVO
831,421112029,EMLEVO 1000 TABLET,EMLEVO
832,421112030,EMLEVO 250 TABLET,EMLEVO
833,421112031,EMLEVO 500 TABLET,EMLEVO
834,421113002,EMLEVO 500 TABLET 1 X 15 T,EMLEVO
835,421112032,EMLEVO 750 TABLET,EMLEVO
836,421112033,EMLEVO INJECTION 5ML,EMLEVO
837,421112034,EMLEVO SOLUTION 100 ML,EMLEVO
838,421112553,EMLINZ 5 TABLET 1x10T,EMLINZ
839,421112771,EMLINZ D 5/10 TABLET 1x10T,EMLINZ
840,421112934,EMLINZ DM FORTE TABLET 10x10T,EMLINZ
841,421112935,EMLINZ DM TABLET 10x10T,EMLINZ
842,421112772,EMLINZ M 1000 TABLET 1x10T,EMLINZ
843,429991542,EMLINZ M 2.5/1000 TAB 1X10T,EMLINZ
844,421112558,EMLINZ M 500 TABLET 1x10T,EMLINZ
845,421112828,EMLINZ M5/1000 TABLET 10x10T,EMLINZ
846,421111946,EMLUZ CREAM 10 GM,EMLUZ
847,421112492,EMLUZ CREAM 1X40 GM,EMLUZ
848,421112491,EMLUZ CREAM 20 GM,EMLUZ
849,421111783,EMLUZ LOTION,EMLUZ
850,421112598,EMMDARA INJECTION 50MG/2ML,EMMDARA
851,421110782,EMNAC TABLETS,EMNAC
852,420000717,EMNETIC TABLETS 10X15 T,EMNETIC
853,421110722,EMNETIC-OD TABLETS,EMNETIC
854,421110353,EMNEURO - 500 INJECTION 1 ML,EMNEURO
855,421110268,EMNEURO INJECTION,EMNEURO
856,421110053,EMNEURO TABLETS,EMNEURO
857,421113082,EMNOROZ IN CAPSULE,EMNOROZ
858,421111687,EMNU 1 GM INJECTION,EMNU
859,421112676,EMNU 500 MG INJECTION,EMNU
860,421110463,EMPERIDE M 1 TABLET,EMPERIDE
861,421110464,EMPERIDE M 2 TABLET,EMPERIDE
862,421110465,EMPERIDE MP 1 TABLET,EMPERIDE
863,421110466,EMPERIDE MP 2 TABLET,EMPERIDE
864,421110467,EMPERIDE TABLET 1 MG,EMPERIDE
865,421110468,EMPERIDE TABLET 2 MG,EMPERIDE
866,491110012,EMPETUS 100 MG TABLET 30s,EMPETUS
867,491110370,EMPETUS TABLETS,EMPETUS
868,421113067,EMPRI 10MG TABLET 10x10T,EMPRI
869,421113068,EMPRI 25MG TABLET 10x10T,EMPRI
870,421113069,EMPRI L 10/5MG TABLET 10x10T,EMPRI
871,421113070,EMPRI L 25/5MG TABLET 10x10T,EMPRI
872,421113072,EMPRI M 12.5/1000MG TABLET 10x10T,EMPRI
873,421113071,EMPRI M 12.5/500 MG TABLET 10x10T,EMPRI
874,421110405,EMPRI TABLET,EMPRI
875,421111435,EMPROGEST EV 200 TABLET,EMPROGEST
876,421111436,EMPROGEST GEL 1.125 GM,EMPROGEST
877,421111437,EMPROGEST SR 200 TABLET,EMPROGEST
878,421111438,EMPROGEST SR 300 TABLET,EMPROGEST
879,491110300,EMPROGEST SR 400 TABLET,EMPROGEST
880,491110240,EMPROGEST-100 CAPSULE,EMPROGEST
881,491110252,EMPROGEST-100 INJECTION,EMPROGEST
882,421111441,EMPROGEST-200 CAPSULE,EMPROGEST
883,491110253,EMPROGEST-200 INJECTION,EMPROGEST
884,421111442,EMPROGEST-400 CAPSULE,EMPROGEST
885,424440111,EMRAB D CAPSULES,EMRAB
886,424440093,EMRAB TABLETS,EMRAB
887,420000172,EMRAB-20 TABLET,EMRAB
888,421112952,EMRAXI 0.25 MG TABLET 1x10T,EMRAXI
889,421112953,EMRAXI 0.5 MG TABLET 1x10T,EMRAXI
890,421110404,EMRID TABLET,EMRID
891,420000173,EMROFT - 12.5 20X10 T,EMROFT
892,429990212,EMROFT - 25 20X10 T,EMROFT
893,420000175,EMROFT - 50 30X10 T,EMROFT
894,421112035,EMSIDON - 40 TABLET,EMSIDON
895,421112036,EMSIDON - 80 TABLET,EMSIDON
896,421112134,EMSILAC 100 TABLET,EMSILAC
897,421112135,EMSILAC 150 TABLET,EMSILAC
898,421112136,EMSILAC 200 TABLET,EMSILAC
899,421112133,EMSILAC 50 TABLET,EMSILAC
900,421112585,EMSITA 100 MG TABLET 1X10T,EMSITA
901,421112584,EMSITA 50 MG TABLET 1X10T,EMSITA
902,421112882,EMSITA D 100/10 TABLET 1X10T,EMSITA
903,421112617,EMSITA D 50/10 TABLET 1X10T,EMSITA
904,421112865,EMSITA D 50/5 TABLET 1X10T,EMSITA
905,421112697,EMSITA GM 50/1/1000 TABLET 10x10T,EMSITA
906,421112695,EMSITA GM 50/1/500 TABLET 10x10T,EMSITA
907,421112698,EMSITA GM 50/2/1000 TABLET 10x10T,EMSITA
908,421112696,EMSITA GM 50/2/500 TABLET 10x10T,EMSITA
909,421112587,EMSITA M 50/1000 1X10T,EMSITA
910,421112586,EMSITA M 50/500 1X10T,EMSITA
911,421112596,EMSITA M SR 100/1000 1X10T,EMSITA
912,421112619,EMSITA M SR 100/500 TABLET 1x10T,EMSITA
913,421112720,EMSITA MP FORTE TABLET 10x10T,EMSITA
914,421112719,EMSITA MP TABLET 10x10T,EMSITA
915,421112883,EMSITA TRIO FORTE TABLET 1x10T,EMSITA
916,421112864,EMSITA TRIO TABLET 1x10T,EMSITA
917,421111078,EMSTAR - 250 MG INJECTION,EMSTAR
918,421111060,EMSTAR - S INJECTION,EMSTAR
919,421110944,EMSTAR 1 GM INJ 1 VIAL,EMSTAR
920,421111449,EMSTAR 2.0 INJECTION,EMSTAR
921,421110943,EMSTAR 500 MG INJ 1 VIAL,EMSTAR
922,421111379,EMSULFAN INJECTION,EMSULFAN
923,421112981,EMSULIDE COLD & FLU TABLET,EMSULIDE
924,420000186,EMSULIDE GEL 30 GM,EMSULIDE
925,420000177,EMSULIDE MR TABLET 10,EMSULIDE
926,424440128,EMSULIDE P SUSPENSION,EMSULIDE
927,421112484,EMSULIDE P TABLET 10,EMSULIDE
928,421110222,EMSULIDE SP CAPSULES,EMSULIDE
929,420000188,EMSULIDE SUSPENSION 60 ML,EMSULIDE
930,421110056,EMSULIDE TABLET,EMSULIDE
931,424441996,EMTAF TABLETS 1X30T,EMTAF
932,421112225,EMTAF-B TABLETS,EMTAF
933,421111045,EMTIG INJECTION,EMTIG
934,421112725,EMTOFA 5 MG TABLET 10x10T,EMTOFA
935,421112713,EMTOFA OINTMENT 10 GM,EMTOFA
936,421113091,EMTOFA OINTMENT 15GM,EMTOFA
937,421112714,EMTOFA OINTMENT 20 GM,EMTOFA
938,421113092,EMTOFA OINTMENT 30GM,EMTOFA
939,421112691,EMTOFA XR 11MG TABLET 1x10T,EMTOFA
940,422220063,EMTOR TABLETS,EMTOR
941,421112595,EMTREO INJECTION 5g/vial -DOMESTIC,EMTREO
942,491110214,EMTRI 30 TABLET,EMTRI
943,491110267,EMTRI 30 TABLET 1x60 T,EMTRI
944,491110160,EMTRI 40 TABLET,EMTRI
945,491110268,EMTRI 40 TABLET 1X60 T,EMTRI
946,494440099,EMTRI JUNIOR TABLET,EMTRI
947,490000018,EMTRI ORAL SUSPENSION 10 GM,EMTRI
948,491110022,EMTRI ORAL SUSPENSION 6 gm,EMTRI
949,421112666,EMTUX 100MG/10ML,EMTUX
950,421112667,EMTUX 500MG/50ML,EMTUX
951,421112495,EMUCIN INJECTION 4 GM,EMUCIN
952,492220087,EMVAL TABLET 10X10 T,EMVAL
953,499990062,EMVARIN TABLET 1X42T,EMVARIN
954,421113022,EMVASRIN CAPSULE 10x10C,EMVASRIN
955,421113204,EMVICURE CAPSULES,EMVICURE
956,421112821,EMWISE BELLYBLOOM GEL 100GM,EMWISE
957,421112751,EMWISE BIOTIN HAIR FOOD GUMMIES,EMWISE
958,421112753,EMWISE HDD MULTIVITAMIN GUMMIES,EMWISE
959,421112820,EMWISE MENSTRUVEDA CAPSULES 1X30C,EMWISE
960,421112794,EMWISE POLYWISE PCOS TAB 1X60T,EMWISE
961,421112752,EMWISE SLEEPWISE MELATON.GUMMIES,EMWISE
962,421112795,EMWISE SPOT OFF FACEWASH 100 GM,EMWISE
963,421112747,EMWISE SUNSCAPE LOTION 200 ML,EMWISE
964,421112808,EMWISE SUNSCAPE SPF 50 PA +++ SPRAY,EMWISE
965,421110057,EMZINC SYRUP,EMZINC
966,420001094,EMZINC TABLET,EMZINC
967,421111726,EMZOSIN - D TABLET,EMZOSIN
968,421111653,EMZOSIN 10 TABLET,EMZOSIN
969,422220078,ENCICARB INJECTION 100MG/2ML,ENCICARB
970,422220233,ENCICARB INJECTION 1K,ENCICARB
971,422220079,ENCICARB INJECTION 500MG/10ML,ENCICARB
972,421112707,ENCICARB INJECTION 750MG/15ML,ENCICARB
973,420020004,ENCIFER - O 10 T,ENCIFER
974,422220159,ENCIFER INJECTION,ENCIFER
975,421110214,ENCIFER-200 INJECTION,ENCIFER
976,424441408,ENCURE 0.5 MG TABLET  10X10,ENCURE
977,491110325,ENCURE TABLETS,ENCURE
978,421110535,ENFINITY CAPSULES,ENFINITY
979,424442069,ENHEMO 1000 INJECTION 1x10ML,ENHEMO
980,424442068,ENHEMO 500 INJECTION 5x5ML,ENHEMO
981,424442072,ENHEMO 500 TABLET 10x10T,ENHEMO
982,424442073,ENHEMO MF TABLET 5x10T,ENHEMO
983,420002607,ENOXAPARIN NA INJ USP 100MG/ML 0.3ML PFS,ENOXAPARIN
984,423331161,ENOXARIN 40 MG INJECTION,ENOXARIN
985,423331162,ENOXARIN 60 MG INJECTION,ENOXARIN
986,421112122,ENVIRA INJECTION,ENVIRA
987,423331374,ENZELO 10000 CAPSULS,ENZELO
988,423331134,ENZELO 150 TABLETS,ENZELO
989,423331375,ENZELO 25000 CAPSULES,ENZELO
990,423331135,ENZELO 300 TABLETSÂ,ENZELO
991,423330064,ENZOVEXX TABLET,ENZOVEXX
992,421111891,ENZUTA CAPSULE,ENZUTA
993,421112254,EOPTAL 150 MG TABLET 10X10,EOPTAL
994,421112255,EOPTAL 300 TABLETS 10X10 T,EOPTAL
995,421112256,EOPTAL 450 TABLETS 10X10 T,EOPTAL
996,421112257,EOPTAL 600 TABLETS 10X10 T,EOPTAL
997,492220032,EPICURE-10 INJECTION,EPICURE
998,492220034,EPICURE-100 INJECTION,EPICURE
999,492220033,EPICURE-50 INJECTION,EPICURE
1000,424441023,EPITRIL 0.25 MG TABLET,EPITRIL
1001,424441024,EPITRIL 0.5 MG TABLET,EPITRIL
1002,424441025,EPITRIL 1 MG TABLET,EPITRIL
1003,424441026,EPITRIL 2 MG TABLET,EPITRIL
1004,421112140,EPITRIL BETA 0.25 TABLETS 10X10T,EPITRIL
1005,421112141,EPITRIL BETA 0.5 TABLETS,EPITRIL
1006,421111786,EPITRIL MD 0.25 MG TABLET 10X10T,EPITRIL
1007,421111787,EPITRIL MD 0.5 MG TABLET 10X10T,EPITRIL
1008,421111788,EPITRIL MD 1 MG TABLET 10X10T,EPITRIL
1009,421111810,EPITRIL MD 2 MG TABLET 10X10T,EPITRIL
1010,422220121,EPOFER 10 000 - PFS,EPOFER
1011,491110043,EPOFER 2000 - PFS,EPOFER
1012,420000201,EPOFER 3000,EPOFER
1013,491110058,EPOFER 40 000 IU PFS,EPOFER
1014,422220109,EPOFER 4000 - PFS,EPOFER
1015,422220112,EPOFER 4000 IU VIAL,EPOFER
1016,491110049,EPOFER 6000 - PFS,EPOFER
1017,423330917,EPORISE 10 000 IU PFS,EPORISE
1018,423330916,EPORISE 2000 IU PFS,EPORISE
1019,423330850,EPORISE 40 000 IU PFS,EPORISE
1020,423330846,EPORISE 4000 IU PFS,EPORISE
1021,421110893,ERECTEM TABLETS,ERECTEM
1022,423331284,ERTINIB 150 TABLETS,ERTINIB
1023,422220348,ERYTHROPOIETIN INJECTION I.P 4000IU VIAL,ERYTHROPOIETIN
1024,421110511,ESGABA 150 CAPSULES,ESGABA
1025,421110510,ESGABA 75 CAPSULES,ESGABA
1026,421110778,ESLICAR  400 TABLETS,ESLICAR
1027,421110779,ESLICAR  800 TABLETS,ESLICAR
1028,427770122,ESLO 1.25 MG TABLETS,ESLO
1029,427770123,ESLO 2.5 MG TABLETS,ESLO
1030,427770554,ESLO 5 AT TABLETS,ESLO
1031,427770124,ESLO 5 MG TABLETS,ESLO
1032,427770304,ESLO AT TABLETS,ESLO
1033,427770143,ESLO -AT TABLETS 5X2X15 T,ESLO
1034,420030217,ESLO D TABLET,ESLO
1035,420000209,ESLO TAN TABLET,ESLO
1036,427770170,ESLO TEL 2.5 TABLETS,ESLO
1037,427770171,ESLO TEL 5 TABLETS,ESLO
1038,427770198,ESLOMET 2.5 TABLETS,ESLOMET
1039,427770199,ESLOMET 5 TABLETS,ESLOMET
1040,420030059,ESLORIL 3X10 T,ESLO
1041,420000211,ESLOVA - 2.5 10X3X10 T,ESLOVA
1042,420000212,ESLOVA - 5 3X10 T,ESLOVA
1043,423330777,ETOSPEED 90 TABLETS,ETOSPEED
1044,423331360,ETOSPEED MR TABLETS,ETOSPEED
1045,420000218,ETS - 50 INJECTION 5X1 ML,ETS
1046,491110219,ETS EV 100 TABLETS,ETS
1047,491110220,ETS EV 200 TABLETS,ETS
1048,421111169,ETS-100 CAPSULE,ETS
1049,421110061,ETS-100 MG INJECTION,ETS
1050,421111170,ETS-200 CAPSULE 10,ETS
1051,421110063,ETS-200 INJECTION,ETS
1052,421111171,ETS-400 CAPSULES 10,ETS
1053,423331673,EUCALMIN CAPSULES,EUCALMIN
1054,423331090,EVANEW GLOVES,EVANEW
1055,423331183,EVANEW TABLETS,EVANEW
1056,424441887,EXAFIB 10 TABLET,EXAFIB
1057,424441889,EXAFIB 15 TABLET,EXAFIB
1058,424441885,EXAFIB 2.5 TABLETS,EXAFIB
1059,424441891,EXAFIB 20 TABLETS,EXAFIB
1060,424441900,EXDUO 100 TABLET 1x10T,EXDUO
1061,424441901,EXDUO 200 TABLET 10 T,EXDUO
1062,424441899,EXDUO 50 TABLET 1x10T,EXDUO
1063,421112037,EXELON CAPSULES 1.5 MG  4X14 C,EXELON
1064,421112038,EXELON CAPSULES 3 MG  4X14 C,EXELON
1065,421112039,EXELON CAPSULES 4.5 MG  4X14 C,EXELON
1066,421112041,EXELON TTS  4.6 MG 1X5 PATCHES,EXELON
1067,421112042,EXELON TTS 13.3 MG 1X15 PATCHES,EXELON
1068,421112043,EXELON TTS 9.5 MG 1X10 PATCHES,EXELON
1069,421111894,EXHEP 20 INJECTION,EXHEP
1070,421112413,EXHEP 40 INJECTION,EXHEP
1071,421112412,EXHEP 60 INJECTION,EXHEP
1072,421112829,EXHEP PEN CARTRIDGE 300MG/3ML,EXHEP
1073,421112262,EXHEP PEN REUSABLE 1X1,EXHEP
1074,421112546,EZECURE 200 SUSPENSION 15ML,EZECURE
1075,421111670,EZECURE 250 TABLETS,EZECURE
1076,421111576,EZECURE 500 TABLETS,EZECURE
1077,421111006,FACER - MR TABLET,FACER
1078,421110707,FACER - SR TABLET,FACER
1079,421112978,FACER P TABLET,FACER
1080,421111005,FACER SERA TABLETS,FACER
1081,420000219,FACER SUSPENSION,FACER
1082,421110705,FACER TABLET,FACER
1083,421112153,FACER TH 4 TABLETS,FACER
1084,421112269,FACER TH 8 TABLETS,FACER
1085,421110673,FADVIC - 40 TABLETS,FADVIC
1086,421110674,FADVIC - 80 TABLETS,FADVIC
1087,423330755,FAL DP CAPSULES,FAL
1088,423330380,FALCINIL - AQ TABLETS 10 X 6 T,FALCINIL
1089,423331210,FALCINIL 60 MG INJECTION,FALCINIL
1090,423331211,FALCINIL FORTE INJECTION,FALCINIL
1091,423331460,FALCINIL LF DRY SYRUP,FALCINIL
1092,423330250,FALCINIL LF TABLETS,FALCINIL
1093,423331464,FALCINIL LFX TABLETS,FALCINIL
1094,423330073,FALCINIL TABLETS,FALCINIL
1095,491110270,FASTURTEC 1.5 MG/ML INJECTION,FASTURTEC
1096,421112710,FCMO  INJECTION 750MG/15ML,FCMO
1097,421112711,FCMO INJECTION 1k/20ML,FCMO
1098,421112709,FCMO INJECTION 500MG/10ML,FCMO
1099,421112819,FEMZACT CAPSULE 3x10C,FEMZACT
1100,423330739,FENPLAST TDP 100 MCG/HR(FENTANYL),FENPLAST
1101,423330735,FENPLAST TDP 12.5 MCG/HR(FENTANYL),FENPLAST
1102,423330736,FENPLAST TDP 25 MCG/HR(FENTANYL),FENPLAST
1103,423330737,FENPLAST TDP 50 MCG/HR(FENTANYL),FENPLAST
1104,423330738,FENPLAST TDP 75 MCG/HR(FENTANYL),FENPLAST
1105,421111185,FERCURE CAPSULES,FERCURE
1106,420430002,FERINJECT 1000mg/20 mL VIAL,FERINJECT
1107,421110813,FERIUM  365 CAPSULES,FERIUM
1108,421110066,FERIUM 50 CHEWABLE TABLET 10,FERIUM
1109,424440048,FERIUM CHEWABLE 100 MG TAB 10X10 T,FERIUM
1110,420000222,FERIUM CHEWABLE TABLETS 10X10 T,FERIUM
1111,424441711,FERIUM D3 TABLET,FERIUM
1112,421110068,FERIUM DROPS 15 ML,FERIUM
1113,421111885,FERIUM INJECTION 1K (1GM/20ML),FERIUM
1114,421110953,FERIUM INJECTION 500MG,FERIUM
1115,421112706,FERIUM INJECTION 750MG/15ML,FERIUM
1116,424440123,FERIUM SYRUP 150 ML,FERIUM
1117,424440134,FERIUM XT - Z TABLETS 1X10 T,FERIUM
1118,424441727,FERIUM XT + SUSPENSION 200 ML,FERIUM
1119,424440135,FERIUM XT DHA 7X1 KIT,FERIUM
1120,424441719,FERIUM XT DROPS 15 ML,FERIUM
1121,424440591,FERIUM XT SUSPENSION,FERIUM
1122,424441702,FERIUM XT TABLET,FERIUM
1123,424441955,FERIUM XT TABLET 10x15T,FERIUM
1124,424440221,FERIUM-365 SUSPENSION 100 ML,FERIUM
1125,427770317,FERONIA D3 TABLETS,FERONIA
1126,427770318,FERONIA HP TABLETS,FERONIA
1127,423330998,FERONIA IV 100 MG INJECTION,FERONIA
1128,423331001,FERONIA IV 50 MG INJECTION,FERONIA
1129,423331452,FERONIA MAX SUSPENSION,FERONIA
1130,423331451,FERONIA XT DROPS,FERONIA
1131,423331448,FERONIA XT SUSPENSION,FERONIA
1132,427770478,FERONIA XT TABLETS,FERONIA
1133,423331598,FERONIA-FCM 100 MG INJECTION,FERONIA
1134,423331600,FERONIA-FCM 1000 MG INJECTION,FERONIA
1135,423331599,FERONIA-FCM 500 MG INJECTION,FERONIA
1136,421110664,FERRI - D INJECTION PFS (100MG/2ML),FERRI
1137,421111636,FERRI INJECTION,FERRI
1138,421111637,FERRI-100 INJECTION,FERRI
1139,420007076,FERRIC CARBOXYMALTOSE INJ 1G/20ML,FERRIC CABOXYMALTOSE
1140,421112762,FERRIC CARBOXYMALTOSE INJ500MG/10ML,FERRIC CABOXYMALTOSE
1141,424441752,FERROUS ASCO&FOLIC ACID TAB IP3X10T,FERROUS
1142,420500025,FEVRIDOL - 120 SUSPENSION 60 ML,FEVRIDOL
1143,420500026,FEVRIDOL - 250 SUSPENSION 60 ML,FEVRIDOL
1144,429930450,FEVRIDOL I.V.,FEVRIDOL
1145,423330615,FEVRIDOL INJECTION,FEVRIDOL
1146,423330391,FEVRIDOL IV 100 ML,FEVRIDOL
1147,420500028,FEVRIDOL-650 ER TABLETS 10X10 T,FEVRIDOL
1148,423331308,FIBRELITE POWDER,FIBRELITE
1149,423331052,FIBRICOR INJECTION 10X1X10 ML,FIBRICOR
1150,420000237,FIBROLIP CAPSULES,FIBROLIP
1151,421112814,FICO MR TABLET,FICO
1152,421111028,FICO P TABLET,FICO
1153,420001683,FICO SP TABLET,FICO
1154,421110475,FICO SR TABLET,FICO
1155,421110476,FICO TABLET 100 MG,FICO
1156,424440078,FICO TABLETS,FICO
1157,421111668,FILET INJECTION,FILET
1158,420000240,FILET TABLET,FILET
1159,421111153,FILET-S INJECTION,FILET
1160,421112177,FILET-TZ 1.125GM INJECTION,FILET
1161,421110805,FILIN  MD 0.25 TABLETS,FILIN
1162,421110806,FILIN MD 0.5 TABLETS,FILIN
1163,421110807,FILIN MD 1.0 TABLETS,FILIN
1164,421112131,FITJOINT CAPSULES,FITJOINT
1165,421110321,FITJOINT GM TABLETS,FITJOINT
1166,421112363,FITJOINT MAX CAPSULES,FITJOINT
1167,421110357,FIXATE - 100 DT  4 T,FIXATE
1168,421110278,FIXATE - 200  4 T,FIXATE
1169,421112434,FIXCOF COFGELS CAPSULES 20X2X10C,FIXCOF
1170,421113031,FIXCOF DX PLUS SYRUP 100ML,FIXCOF
1171,421111935,FIXCOF LA SYRUP 100 ML,FIXCOF
1172,421111229,FIXCOF LC SYRUP 1X100 ML,FIXCOF
1173,421112980,FIXCOF LS JUNIOR SYRUP 100 ML,FIXCOF
1174,421112126,FIXCOF-DX SYRUP 100 ML,FIXCOF
1175,421112464,FIXCOF-LS JUNIOR SYRUP,FIXCOF
1176,421112576,FIXCOF-LS SYRUP 100 ML,FIXCOF
1177,423330619,FLAWLESS CREAM 15 GM,FLAWLESS
1178,421113048,FLAWLIZO 0.025% CREAM 20GM,FLAWLIZO
1179,421113051,FLAWLIZO ACNE CARE MOISTURISING GEL 50M,FLAWLIZO
1180,421113052,FLAWLIZO ACNE SPOT CORRECTOR 30ML,FLAWLIZO
1181,421113085,FLAWLIZO MICRO 0.04% GEL 15GM PUMP PACK,FLAWLIZO
1182,421113049,FLAWLIZO MICRO 0.04% GEL 15GM TUBE PACK,FLAWLIZO
1183,421113083,FLAWLIZO MICRO 0.1% GEL 15GM PUMP PACK,FLAWLIZO
1184,421113050,FLAWLIZO MICRO 0.1% GEL 15GM TUBE PACK,FLAWLIZO
1185,421110285,FLOFRE 10 TABLETS,FLOFRE
1186,421110287,FLOFRE 100 TABLETS,FLOFRE
1187,421110286,FLOFRE 20 MG TABLETS,FLOFRE
1188,421110290,FLOFRE INJ 2ML,FLOFRE
1189,429930622,FLORESP - AZ NASAL SPRAY 70MD,FLORESP
1190,423330813,FLORESP AZ NASAL SPRAY,FLORESP
1191,423330355,FLORESP NASAL SPRAY 120 MD,FLORESP
1192,423330837,FLORESP NASAL SPRAY 6 GM,FLORESP
1193,423331748,FLORESP OX NASAL SPRAY,FLORESP
1194,423331524,FLORIMAX CAPSULE,FLORIMAX
1195,423331747,FLORIMAX JR. SACHET 1.4 GM,FLORIMAX
1196,423331231,FLORISTORE 2.5 CAPSULE,FLORISTORE
1197,491110271,FLUDARA 50 MG INJECTION,FLUDARA
1198,420500045,FLUNOVA - 150 TABLETS 10X1 T,FLUNOVA
1199,423330075,FLUNOVA 200 MG TABLETS,FLUNOVA
1200,429930144,FLUNOVA EYE DROPS 5 ML,FLUNOVA
1201,420030174,FLUNOVA-50 DT 10X4 T,FLUNOVA
1202,424440189,FLUTICURE-100 PULMOCAPS BULK PACK,FLUTICURE
1203,421110769,FLUTICURE-125 INHALER 120 MDI,FLUTICURE
1204,421110770,FLUTICURE-250 INHALER 120 MDI,FLUTICURE
1205,424440191,FLUTICURE-250 PULMOCAPS 1X30 C,FLUTICURE
1206,421110792,FLUTISPRAY 120 MD,FLUTISPRAY
1207,423330415,FLUVISTA CAPSULES 10X10 C,FLUVISTA
1208,421112161,FM ACTIVE TABLETS,FM ACTIVE
1209,421113004,FM ACTIVE TABLETS 1 X 15 T,FM ACTIVE
1210,421112612,FOFEXO 120MG TABLETS,FOFEXO
1211,420120018,FORISTAL 5X5X10 T,FORISTAL
1212,423331152,FORPLUS 400 MG INJECTION,FORPLUS
1213,421110771,FORSMART-200 INHALER 120 MDI,FORSMART
1214,428880134,FORSMART-200 PULMOCAPS 1X14C PS-BULKPACK,FORSMART
1215,429990782,FORSMART-400 INHALER 120 MDI PS,FORSMART
1216,424440195,FORSMART-400 PULMOCAPS,FORSMART
1217,421110912,FOSEAL 400 TABLETS,FOSEAL
1218,422220004,FOSEAL 800 TABLET,FOSEAL
1219,424440532,FOSEAL C-400 TABLETS,FOSEAL
1220,424440533,FOSEAL C-800 TABLETS,FOSEAL
1221,423330179,FUCINEX OINTMENT,FUCINEX
1222,421113176,FULL 24 D3 TABLET 6x15T,FULL 24
1223,421110478,FULL 24 INJECTION,FULL 24
1224,421113177,FULL 24 PLUS CAPSULE 6x10C,FULL 24
1225,421112681,FULL 24 POWDER 200GM CHOCOLATE,FULL 24
1226,424440246,FULL 24 SUSPENSION 100 ML,FULL 24
1227,421111139,FULL 24 TABLET,FULL 24
1228,423331676,FULL 365 CAPSULES,FULL 365
1229,420500006,FULL 365 DROPS,FULL 365
1230,423331551,FULL 365 SUSPENSION,FULL 365
1231,429990182,FULL 365 SYRUP 100 ML,FULL 365
1232,429990459,FULL 365 SYRUP 50 ML,FULL 365
1233,423331195,FULL 365 WOMAN CAPSULES,FULL 365
1234,420000696,FULL-24 AM CAPSULES 10X10C,FULL 24
1235,421112211,FULVIRA 250 MG INJ 2X5 ML PFS,FULVIRA
1236,421112210,FULVIRA INJECTION 1X5 ML PFS,FULVIRA
1237,421110829,FUTADEN D TABLETS,FUTADEN
1238,421110717,FUTADEN TABLET,FUTADEN
1239,491110277,G3N - 2.6 TABLET,G3N
1240,491110278,G3N - 6.4 TABLET,G3N
1241,424441220,GABA HOSIT TABLET,GABA
1242,421113009,GALACT CAPSULES 1 x 60 C,GALACT
1243,421112745,GALACT CAPSULES 1x30C,GALACT
1244,421112871,GALACT GRANULE 200 GM ELAICHI,GALACT
1245,420000615,GALACT GRANULES,GALACT
1246,421112986,GALACT GRANULES 10GM ELAICHI,GALACT
1247,421112876,GALACT GRANULES 400 GM CHOCOLATE,GALACT
1248,421112875,GALACT GRANULES 400 GM KESAR,GALACT
1249,421113094,GALACT GRANULES 400GM ELAICHI,GALACT
1250,421113039,GALACT GRANULES 600GM CHOCOLATE,GALACT
1251,421113037,GALACT GRANULES 600GM ELAICHI,GALACT
1252,421112647,GALACT GRANULES CHOCOLATE,GALACT
1253,421112646,GALACT GRANULES KESAR,GALACT
1254,421112942,GALACT PLUS LACTATION BAR 15x20GM,GALACT
1255,421112954,GALACT PLUS MOMS NUTRIBAR 1x20GM,GALACT
1256,421113114,GALACT PLUS NUTRITION POWDER 200GM,GALACT
1257,421113062,GALACT PLUS NUTRITION POWDER 400GM CHOCO,GALACT
1258,421110809,GALOP 10 MG TABLETS,GALOP
1259,421111533,GALOP 20 MG TABLETS,GALOP
1260,421110808,GALOP 5 MG TABLETS,GALOP
1261,421112047,GALOP FX 10 TABLET,GALOP
1262,421112048,GALOP FX 5 TABLET,GALOP
1263,421111364,GALOP LS - 10 TABLET,GALOP
1264,421111958,GALOP PLUS-10 TABLETS,GALOP
1265,421111957,GALOP PLUS-5 TABLETS,GALOP
1266,423330079,GATOR 200 MG TABLETS,GATOR
1267,423330215,GATOR 400 MG TABLETS,GATOR
1268,420030114,GATOR IV,GATOR
1269,421110639,GAZIN 40 TABLET,GAZIN
1270,421110640,GAZIN 80 TABLET,GAZIN
1271,421111270,GAZIN ER 60 TABLET,GAZIN
1272,421110641,GAZIN M TABLET,GAZIN
1273,423331618,GELRAFT ORAL SUSPENSION,GELRAFT
1274,422220315,GEMCOVAC-OM 5 DOSE,GEMCOVAC
1275,423330212,GEMEXIN TABLET,GEMEXIN
1276,423330872,GEMIZAN 1000 INJECTION,GEMIZAN
1277,423331098,GEMIZAN 200 INJECTION,GEMIZAN
1278,422220378,GENNODEB INJECTION PFS 60 mg/ml,GENNODEB
1279,492220063,GENNOMAX INJECTION 250 MG,GENNOMAX
1280,423330465,GESTAPRO TABLETS,GESTAPRO
1281,423330458,GIREG SYRUP 200 ML,GIREG
1282,421111813,GLIPSOV TABLETS,GLIPSOV
1283,421112325,GLIPSOV TABLETS 10X15T,GLIPSOV
1284,421112327,GLIPSOV-M TABLET 20/1000 10X15T,GLIPSOV
1285,421112662,GLIPSOV-M TABLET 20/500 10X15T,GLIPSOV
1286,421111833,GLUCOFREE 40 GM BAR CHOCO NUT FLAVOUR,GLUCOFREE
1287,421111834,GLUCOFREE BAR ALOO CHAT FLAV.40GM,GLUCOFREE
1288,421111835,GLUCOFREE BAR PANI PURI FLAV.40GM,GLUCOFREE
1289,421111077,GLYCEBET TABLET,GLYCEBET
1290,421110660,GLYREP - F TABLETS 10X10 T,GLYREP
1291,421110642,GLYREP - ST TABLETS 10X10 T,GLYREP
1292,420001692,GLYREP 500 MG TABLET,GLYREP
1293,421111165,GLYREP TABLETS,GLYREP
1294,420001693,GLYREP XL 1000 TABLET,GLYREP
1295,421111164,GLYREP XL 500 TABLET,GLYREP
1296,421110266,G-MET SUSPENSION,G-MET
1297,421113101,GONLIX 150 MG TABLET 10x10T,GONLIX
1298,421113102,GONLIX 200 MG TABLET 10x10T,GONLIX
1299,421112684,GRAFTSOL SOLUTION 1000 ML,GRAFTSOL
1300,421112683,GRAFTSOL SOLUTION 500 ML,GRAFTSOL
1301,422220168,GROS  260 MG INJ 1 VIAL,GROS
1302,422220282,GROS 100 MG INJ 1 VIAL,GROS
1303,422220280,GROS 30 INJ 1 VIAL,GROS
1304,429930461,GUTCLEAR - IG POWDER 30 GM,GUTCLEAR
1305,423331756,GUTCLEAR PLUS SUSPENSION,GUTCLEAR
1306,423331100,GUTCLEAR SYRUP 100 ML,GUTCLEAR
1307,423331101,GUTCLEAR SYRUP 200 ML,GUTCLEAR
1308,423331074,GUTCLEAR-IG POWDER 180 GM,GUTCLEAR
1309,423330400,GUTCLEAR-IG POWDER 90 GM,GUTCLEAR
1310,429990083,HAEMARANGE IPC CAPSULES 1X2 C PS,HAEMARANGE
1311,420000247,HAEMARANGE IPC SYRUP 150 ML,HAEMARANGE
1312,422220248,HAMSYL,HAMSYL
1313,422220331,HAMSYL JUNIOR,HAMSYL
1314,421111886,HELDICUR CAPSULE 30 C,HELDICUR
1315,491110324,HEPALO - 0.5 TABLET,HEPALO
1316,421111313,HEPMEND INJECTION 10 ML,HEPMEND
1317,421111744,HEPMEND SACHET,HEPMEND
1318,424440735,HEPMEND-150MG TABLET,HEPMEND
1319,424440736,HEPMEND-500MG TABLET,HEPMEND
1320,420000470,HERBIGEST POWDER 50 GM JAR,HERBIGEST
1321,423330811,HILO CAPSULES,HILO
1322,423330810,HILO CAPSULES 1X30 C,HILO
1323,424442092,HOFIX TABLET 1X30T,HOFIX
1324,421112694,HOSIT CA TABLET 1x15T,HOSIT
1325,424441914,HOSIT D3 TABLET,HOSIT
1326,421112615,HOSIT FCM INJECTION 1K,HOSIT
1327,421112614,HOSIT FCM INJECTION 500MG/10ML,HOSIT
1328,421112708,HOSIT FCM INJECTION 750MG/15ML,HOSIT
1329,424441713,HOSIT FE TABLETS,HOSIT
1330,421111291,HOSIT FORTE INJECTION,HOSIT
1331,421110085,HOSIT INJECTION,HOSIT
1332,424441221,HOSIT L TABLET,HOSIT
1333,424441915,HOSIT PLUS CAPSULES,HOSIT
1334,424441222,HOSIT TABLET,HOSIT
1335,421110988,HOSIT-XT CAPSULES,HOSIT
1336,423331647,HU-ADV. MEN MULTIVITAMIN TABLETS 1x30,HU-ADV.
1337,423331648,HU-ADV. MEN MULTIVITAMIN TABLETS 1x60,HU-ADV.
1338,423331597,HU-ADVANCED OMEGA-3 FISH OIL 84% CAPSULE,HU-ADVANCED
1339,423331588,HU-ADVANCED WOMEN MVM CAPSULE 1X60,HU-ADVANCED
1340,423331605,HU-ANTARCTIC KRILL OIL CAPSULES,HU-ANTARCTIC
1341,423331608,HU-ANTI HAIRFALL OVERNIGHT SERUM,HU-ANTI
1342,423331583,HU-ANTIACNE & HYPERPIGMENTATION CREAM,HU-ANTIACNE
1343,423331635,HU-DIETARY FIBER SACHET,HU-DIETARY
1344,423331690,HU-ENZYME+PROBIOTIC TABLETS 1X30,HU-ENZYME+PROBIOTIC
1345,423331592,HU-EYE & VISION CARE TABLET,HU-EYE
1346,423331619,HU-LEAN SHAPE TABLET,HU-LEAN
1347,423331554,HU-MELATONIN ORAL SOLUTION,HU-MELATONIN
1348,423331571,HU-MVM LOZENGES/HARD CANDY,HU-MVM
1349,421112852,HUNG RACE PLUS SYRUP 200 ML,HUNG-RACE
1350,421112310,HUNG-RACE SYRUP 200 ML,HUNG-RACE
1351,423331606,HU-OMEGA SKIN REPAIR SERUM,HU-OMEGA
1352,423331579,HU-OMEGA-3 FISH OIL 1000 MG CAPSULES,HU-OMEGA
1353,423331633,HU-ORAL HEALTH PROBIOTICS TABLETS,HU-ORAL
1354,423331607,HU-PRISTINE FACE SERUM,HU-PRISTINE
1355,423331620,HU-RELAX & RESTORE TABLET,HU-RELAX
1356,423331632,HU-VEGAN OMEGA DHA CAPSULES,HU-VEGAN
1357,423331477,I RINSE NASAL SPRAY,I RINSE
1358,423331069,IBATKIN 100 CAPSULES,IBATKIN
1359,423331070,IBATKIN 100 TABLETS,IBATKIN
1360,423331051,IBATKIN 400 CAPSULES,IBATKIN
1361,421110634,IBUSOFT - XT TABLETS,IBUSOFT
1362,420001757,IBUSOFT 200  1X10T,IBUSOFT
1363,421110235,IBUSOFT 300 MG. TABLET,IBUSOFT
1364,421110236,IBUSOFT 400 MG. TABLET,IBUSOFT
1365,423330588,ICL-1 INJECTION,ICL
1366,423330589,ICL-2 INJECTION,ICL
1367,423330590,ICL-3 INJECTION,ICL
1368,420000449,IKA 10X10,IKA
1369,491110201,IKGDAR INJECTION 100MG/10ML,IKGDAR
1370,491110202,IKGDAR INJECTION 500MG/50ML,IKGDAR
1371,423331529,IMIGLIN-500 MG TABLETS,IMIGLIN-500
1372,421111731,IMINORAL - 100 CAPSULES,IMINORAL
1373,421111765,IMINORAL - 25 CAPSULES,IMINORAL
1374,421111730,IMINORAL - 50 CAPSULES,IMINORAL
1375,421111811,IMINORAL SOLUTION 50 ML,IMINORAL
1376,421110723,IMPETUS POWDER,IMPETUS
1377,491110262,IMTUS 100 MG INJECTION,IMTUS
1378,491110261,IMTUS 40 MG INJECTION,IMTUS
1379,421110352,INAREM 1 GM INJECTION,INAREM
1380,421110922,INAREM 250 MG INJECTION,INAREM
1381,421110923,INAREM 500 MG INJECTION,INAREM
1382,491110002,INBEC CAPSULES,INBEC
1383,424441764,INBEC TABLETS 1X30T,INBEC
1384,424441554,INBEC TABLETS 1X90T,INBEC
1385,421111837,INDUZ CAPSULES,INDUZ
1386,421112242,INDUZ TABLETS 1X 5 T,INDUZ
1387,424440557,INFEN - 25 TABLETS,INFEN
1388,421111278,INFEN GEL 30 GM,INFEN
1389,421110619,INFEN INJECTION,INFEN
1390,424440771,INFEN MR TABLETS,INFEN
1391,421110710,INFEN OD TABLETS,INFEN
1392,421110820,INFEN P SPAS TABLETS,INFEN
1393,424441935,INFEN P TABLETS,INFEN
1394,421112538,INFEN PLASTER 1X7,INFEN
1395,421110821,INFEN SERA TABLETS,INFEN
1396,421110842,INFEN SPAS INJECTION,INFEN
1397,421110819,INFEN SPAS TABLETS,INFEN
1398,421111064,INFEN SPRAY 35 GM,INFEN
1399,423331240,INOGES CAPSULES,INOGES
1400,421110896,INSTA ZOSEC TABLETS,INSTA ZOSEC
1401,423331225,INSTAMUNE POWDER 90 GM,INSTAMUNE
1402,423330245,INSTANTINO 5 ML INJECTION,INSTANTINO
1403,424441045,INSTGRA 50 MG TABLET 30s,INSTGRA
1404,424441757,INSTGRA TABLET 1X30T,INSTGRA
1405,424441497,INSTGRA TABLET 1X90 T,INSTGRA
1406,420000254,IRBEZ - 6 10X10 T,IRBEZ
1407,421110622,IRBEZ TABLETS,IRBEZ
1408,423331727,I-RINSE SPRAY 100 ML,I RINSE
1409,423331179,ISEREN GEL 7 GM,ISEREN
1410,423331131,ITACT 300 MCG,ITACT
1411,423331772,ITROTUS 100 CAPSULE,ITROTUS
1412,423331773,ITROTUS 200 CAPSULE,ITROTUS
1413,423331394,IVADIN XR 10 MG TABLETS,IVADIN
1414,421111843,IXAPANA 10 MG CAPSULES,IXAPANA
1415,421111844,IXAPANA 15 MG CAPSULES,IXAPANA
1416,421111845,IXAPANA 20 MG CAPSULES,IXAPANA
1417,423331275,JETCID SUSPENSION 170 ML,JETCID
1418,421111259,JEVTANA 60 MG/1.5 ML INJECTION,JEVTANA
1419,424440234,JUSTINEX 30 TABLETS,JUSTINEX
1420,424440080,JUSTSLEEP 1 MG TABLET,JUSTSLEEP
1421,424440081,JUSTSLEEP 2 MG TABLET,JUSTSLEEP
1422,421110515,JUSTSLEEP 3 MG TABLET,JUSTSLEEP
1423,423330748,KASIZA SYRUP 100 ML,KASIZA
1424,421112414,KEMCURE-DT TABLETS 20X15T,KEMCURE
1425,421111779,KETOCURE SHAMPOO 1X100 ML,KETOCURE
1426,421112192,KETOCURE+ZPTO SHAMPOO,KETOCURE
1427,422220242,KETOFIX  TABLETS,KETOFIX
1428,429930614,KETOPLAST 10X1X7 PATCHES,KETOPLAST
1429,423330724,KETOPLAST 20 MG PATCHES,KETOPLAST
1430,423331337,KETOPLAST+ 30 MG PATCHES,KETOPLAST
1431,421112185,KETOSOFT SHAMPOO 1X100 ML,KETOSOFT
1432,427770127,KIMET XL 12.5 MG TABLETS,KIMET
1433,427770128,KIMET XL 25 MG TABLETS,KIMET
1434,427770129,KIMET XL 50 MG TABLETS,KIMET
1435,423331329,KOOLPARA 500 TABLET,KOOLPARA
1436,423331330,KOOLPARA 650 TABLET,KOOLPARA
1437,423330757,KOOLPARA DS SUSPENSION 60 ML,KOOLPARA
1438,423330876,KOOLPARA SUSPENSION,KOOLPARA
1439,423331083,KOOLPARA SUSPENSION 60 ML,KOOLPARA
1440,421110305,L - CERIZINE  10 T,L-CERIZINE
1441,421111275,LACTACYD  1X100 ML,LACTACYD
1442,427770142,LAFAXID 10 TABLETS,LAFAXID
1443,427770145,LAFAXID D TABLETS,LAFAXID
1444,420500018,LA-MIKA 100 INJECTION,LA-MIKA
1445,423331781,LA-MIKA 250 INJECTION,LA-MIKA
1446,420500020,LA-MIKA 500 INJECTION,LA-MIKA
1447,421112103,LAMOTEM 100 MG TABLET,LAMOTEM
1448,421112104,LAMOTEM 25 MG TABLET,LAMOTEM
1449,421112105,LAMOTEM 50 MG TABLET,LAMOTEM
1450,421110934,LANCURE I.V. 1X300 ML,LANCURE
1451,421111071,LANCURE SUSPENSION 30 ML,LANCURE
1452,421111508,LANCURE TABLETS,LANCURE
1453,421112214,LAPATEM 250 MG TABLET 30s,LAPATEM
1454,421112213,LAPATEM TABLETS 1X120 T,LAPATEM
1455,421112176,LAPATEM TABLETS 1X30 T,LAPATEM
1456,494440136,LAPAZ  KIT,LAPAZ
1457,421112911,LASILACTONE 50 TABLET 10x10T,LASILACTONE
1458,421112913,LASIX 40 MG TABLET 80x15T,LASIX
1459,421112912,LASIX 40 MG/4ML INJECTION,LASIX
1460,494440118,LAVIR 150 TABLET 1X60T,LAVIR
1461,491110064,LAVIR ORAL SOLUTION,LAVIR
1462,421110606,LAXIBEX GRANULES,LAXIBEX
1463,421110354,LAXIFAST SP TABLETS,LAXIFAST
1464,421110223,LAXIFAST SUSPENSION,LAXIFAST
1465,421110318,LAXIFAST TABLETS 10T,LAXIFAST
1466,424441072,LAZID 150/300 MG TABLET 60s,LAZID
1467,494440103,LAZID E KIT,LAZID
1468,424441070,LAZID E KIT 150/300/600 MG TABLET 2X5,LAZID
1469,494440065,LAZID N TABLET,LAZID
1470,494440079,LAZID N TABLET 1x60 T,LAZID
1471,491110216,LAZID TABLETS,LAZID
1472,421110403,L-CERIZINE SYRUP 30 ML,L-CERIZINE
1473,421111345,LEMCURE DS SYRUP 200 ML,LEMCURE
1474,421112478,LEMCURE SACHET 20X5G,LEMCURE
1475,421112582,LEMCURE ZYM SYRUP 200ML,LEMCURE
1476,423330842,LESOVIR TABLETS,LESOVIR
1477,421112816,LICETCURE SYRUP 60 ML,LICETCURE
1478,421112673,LICETCURE TABLET 5X6X10T,LICETCURE
1479,421110089,LIF - TAZ INJECTION 562.5 MG,LIF-TAZ
1480,421110985,LIFTAZ 1.0 GM INJECTION,LIF-TAZ
1481,421110983,LIFTAZ 250 MG INJECTION,LIF-TAZ
1482,421110984,LIFTAZ 500 MG INJECTION,LIF-TAZ
1483,421110090,LIF-TAZ FORTE INJ. 1.125 GM,LIF-TAZ
1484,421111084,LIFTAZ KID INJECTION,LIF-TAZ
1485,491110333,LIORESAL 25 TABLET,LIORESAL
1486,491110331,LIORESAL LIQUID 100 ML,LIORESAL
1487,491110332,LIORESAL10 TABLET,LIORESAL
1488,424440046,LIPIRA - 20 TABLETS 3X3X10 T,LIPIRA
1489,424440047,LIPIRA - 40 TABLETS 3X10 T,LIPIRA
1490,420001699,LIPIRA - EZ TABLETS 10T,LIPIRA
1491,424440045,LIPIRA 10 TABLET,LIPIRA
1492,424440044,LIPIRA 5 TABLET,LIPIRA
1493,421110527,LIPIRA F TABLET,LIPIRA
1494,424440141,LIVIVE - 150 TABLET,LIVIVE
1495,424440142,LIVIVE - 500 TABLET,LIVIVE
1496,421110561,LIVIVE INFUSION,LIVIVE
1497,423331461,LIZUVIRA CAPS 200 MG,LIZUVIRA
1498,421112055,LOBACOR 10 TABLET,LOBACOR
1499,421112056,LOBACOR 5 TABLET,LOBACOR
1500,424441077,LOBASET 10 TABLETS,LOBASET
1501,424441489,LOBASET-XL 20 TABLETS,LOBASET
1502,423331615,LOBETRON 0.5 MG TABLETS,LOBETRON
1503,491110091,LOMOH 20 MG INJECTION,LOMOH
1504,421112411,LOMOH 40 MG INJECTION,LOMOH
1505,421112410,LOMOH 60 MG INJECTION,LOMOH
1506,421110388,LOMOH 80 MG INJECTION,LOMOH
1507,420030130,LOMOREST 10X10 C,LOMOREST
1508,429930192,LOMOREST-10 SACHET 1x3s,LOMOREST
1509,420030186,LOMOREST-30 SACHET 1X3S,LOMOREST
1510,420120021,LOPRESOR 100 10X10 T,LOPRESOR
1511,420120022,LOPRESOR 50 10X10 T,LOPRESOR
1512,420030063,LORETA TABLET 5 MG,LORETA
1513,423330499,LORETA-P 8 TAB 10X10 T,LORETA
1514,420000568,LORNIT  500  MG TABLETS,LORNIT
1515,423330300,LORNIT INFUSION 10 ML,LORNIT
1516,423331476,LORNIT SACHET,LORNIT
1517,429930952,LORNIT SACHET 2 X 3 GM,LORNIT
1518,423331236,LORNIT SYRUP 100 ML,LORNIT
1519,429930762,LORNIT SYRUP 30 ML,LORNIT
1520,423331159,LORNIT SYRUP 60 ML,LORNIT
1521,427770360,LORNIT TABLETS 150 MG,LORNIT
1522,420000451,LOTOR - 250 1X5,LOTOR
1523,420002617,LOTOR - 750 TABLETS 1X5 T,LOTOR
1524,427770153,LOTOR TABLETS 500 MG,LOTOR
1525,421112270,LOVOXIN 500 TABLETS,LOVOXIN
1526,421112592,LOVOXIN IV INF 500MG/100ML WITH CARTON,LOVOXIN
1527,423331018,LUBRIONE INJECTION PFS,LUBRIONE
1528,421112620,LUZARN CREAM 10 GM,LUZARN
1529,421111943,LUZARN CREAM 1X20 GM,LUZARN
1530,421112520,LUZARN CREAM 1X30 GM,LUZARN
1531,421111782,LUZARN LOTION,LUZARN
1532,429991253,LUZARN LOTION 1 X 20 ML,LUZARN
1533,421112732,LUZARN SPRAY 30ML,LUZARN
1534,420000262,LUZARN TABLET 0.25 MG,LUZARN
1535,420000263,LUZARN TABLET 0.50 MG,LUZARN
1536,421112854,LYSTOK CAPSULE 1 x 15 C,LYSTOK
1537,423330446,MAGICORT CREAM,MAGICORT
1538,421111578,MAGNISTA INJECTION,MAGNISTA
1539,423330696,MAHAAPP SYRUP 200 ML,MAHAAPP
1540,423330089,MAHADOL MR TABLETS,MAHADOL
1541,427770532,MAHADOL TABLETS,MAHADOL
1542,423331093,MAHANAC - 100 TABLETS,MAHANAC
1543,423331729,MAHANAC  P  TABLET,MAHANAC
1544,423330558,MAHANAC  PLUS TABLETS,MAHANAC
1545,423331268,MAHANAC - TC TABLET,MAHANAC
1546,423331094,MAHANAC 200 SR TABLETS,MAHANAC
1547,423331473,MAHANAC GEL 30 GM,MAHANAC
1548,423331405,MAHANAC MR TABLETS,MAHANAC
1549,423330092,MAHANAC PRO TABLETS,MAHANAC
1550,423331474,MAHANAC SPRAY 35 GM,MAHANAC
1551,423330193,MAHANAC SR TABLETS,MAHANAC
1552,423330453,MAHANAC-S TABLETS,MAHANAC
1553,423330597,MALREST INJ,MALREST
1554,421112215,MATERNA DEPOT 3.75 MG INJECTION,MATERNA
1555,421112530,MATERNA HMG HP 1200 IU/4ML MD,MATERNA
1556,421112531,MATERNA HMG HP 225 IU/0.75ML PFS,MATERNA
1557,421112532,MATERNA HMG HP 300 IU/1ML PFS,MATERNA
1558,421112253,MATERNA LMD INJECTION 4mg/4ml,MATERNA
1559,421111034,MATERNA r-FSH 1200 I.U.,MATERNA
1560,421111274,MATERNA R-FSH 150 IU INJECTION,MATERNA
1561,421111033,MATERNA r-FSH 300 I.U.,MATERNA
1562,421111273,MATERNA R-FSH 75 IU INJECTION,MATERNA
1563,421111195,MATERNA-CC 100 TABLETS,MATERNA
1564,421111808,MATERNA-CC TABLETS,MATERNA
1565,491110143,MATERNA-FSH 150 I.U.,MATERNA
1566,491110142,MATERNA-FSH 75 I.U.,MATERNA
1567,491110367,MATERNA-HCG 10000 IU HP,MATERNA
1568,491110275,MATERNA-HCG 2000 I.U.,MATERNA
1569,491110366,MATERNA-HCG 5000 IU HP,MATERNA
1570,491110369,MATERNA-HMG 150 I.U.,MATERNA
1571,491110368,MATERNA-HMG 75 I.U.,MATERNA
1572,421111448,MAXIGARD 1 INJECTION,MAXIGARD
1573,421111083,MAXIGARD 250 MG INJECTION,MAXIGARD
1574,421110945,MAXIGARD INJECTION,MAXIGARD
1575,423330578,MAXILIV 600 MG INJECTION,MAXILIV
1576,423330746,MAXILIV TABLETS,MAXILIV
1577,423331716,MAXSTINE M SUSPENSION,MAXSTINE
1578,423331710,MAXSTINE M TABLETS,MAXSTINE
1579,423331327,MAXSTINE SYRUP,MAXSTINE
1580,423331709,MAXSTINE TABLET,MAXSTINE
1581,429930445,MAXTRA - S NASAL SPRAY 20 ML PS,MAXTRA
1582,420030069,MAXTRA  SYP  60 ML,MAXTRA
1583,423331757,MAXTRA C DROPS 10 ML,MAXTRA
1584,427770299,MAXTRA COLD (+) TABLETS,MAXTRA
1585,423331755,MAXTRA DC SYRUP 120 ML,MAXTRA
1586,423331303,MAXTRA GARGLE 120 ML,MAXTRA
1587,429930846,MAXTRA GARGLE 30ML,MAXTRA
1588,423331762,MAXTRA HS ORAL DROPS 15 ML,MAXTRA
1589,423331770,MAXTRA LM SYRUP,MAXTRA
1590,423331671,MAXTRA N DROPS 15 ML,MAXTRA
1591,429930296,MAXTRA NASAL DROPS 10 ML,MAXTRA
1592,423331213,MAXTRA O NASAL SPRAY,MAXTRA
1593,423331221,MAXTRA ORAL DROPS,MAXTRA
1594,423331586,MAXTRA P DROPS 15ML,MAXTRA
1595,423331339,MAXTRA P DS SYRUP,MAXTRA
1596,423331688,MAXTRA P DS SYRUP 120ML,MAXTRA
1597,423331684,MAXTRA P DS SYRUP 60ML,MAXTRA
1598,423331310,MAXTRA P ORAL DROPS,MAXTRA
1599,423331311,MAXTRA P SYRUP,MAXTRA
1600,423331434,MAXTRA P SYRUP 60ML,MAXTRA
1601,427770212,MAXTRA P TABLETS,MAXTRA
1602,423331715,MAXTRA S NASAL SPRAY,MAXTRA
1603,427770193,MAXTRA TABLETS,MAXTRA
1604,423330502,MAXTRA-COLD TAB 10X10 T,MAXTRA
1605,423330701,MECOVON  G  TABLETS,MECOVON
1606,423331208,MECOVON 1000 INJECTION,MECOVON
1607,423330098,MECOVON 500 MG INJECTION,MECOVON
1608,420030187,MECOVON CAPS. 10X10C,MECOVON
1609,423331545,MECOVON OD CAPSULES,MECOVON
1610,420500060,MEFAST - D TABLETS 10X10 T,MEFAST
1611,420500061,MEFAST - P TABLETS 10X10 T,MEFAST
1612,423331726,MEFAST 100 SUSPENSION,MEFAST
1613,423331224,MEFAST P SUSPENSION,MEFAST
1614,420001871,MEFLOQUINE HCL TABLETS 250 MG 3X10 T,MEFLOQUINE
1615,423330674,MEGANANO GEL 15 GM,MEGANANO
1616,423330803,MEGANANO GEL 200 GM,MEGANANO
1617,423330839,MEGANANO GEL 50 GM,MEGANANO
1618,420310329,MEGVAL INJECTION,MEGVAL
1619,427770054,MERONOVA 1 GM INJECTION,MERONOVA
1620,427770048,MEROTEC 1 GM INJECTION,MEROTEC
1621,427770045,MEROTEC 125 MG INJECTION,MEROTEC
1622,427770079,MEROTEC 2 GM INJECTION,MEROTEC
1623,427770046,MEROTEC 250 MG INJECTION,MEROTEC
1624,427770047,MEROTEC 500 MG INJECTION,MEROTEC
1625,423330476,MEROTEC XP 1.5 GM INJECTION,MEROTEC
1626,421112480,MERTABTO TABLET,MERTABTO
1627,424440981,MESALACURE TABLET  1.2GM,MESALACURE
1628,424440770,MESALACURE TABLETÂ  400 MG,MESALACURE
1629,420000453,METHICOCID GEL 170 ML,METHICOCID
1630,423330366,METHYPREG - DS TABLETS,METHYPREG
1631,427770195,METHYPREG TABLETS,METHYPREG
1632,424440024,METPURE AM 2.5 TABLETS,METPURE
1633,424440025,METPURE AM 5 TABLETS,METPURE
1634,421110815,METPURE AR 2.5 TABLETS,METPURE
1635,421110816,METPURE AR 5 TABLETS,METPURE
1636,424440972,METPURE H 50 TABELTS,METPURE
1637,424440971,METPURE H TABLET,METPURE
1638,421110608,METPURE IR 25 TABLETS,METPURE
1639,421110609,METPURE IR 50 TABLETS,METPURE
1640,421110534,METPURE ORAL SOLUTION,METPURE
1641,421110817,METPURE TEL 20 TABLETS,METPURE
1642,424441627,METPURE TEL 40 TABLETS,METPURE
1643,424441835,METPURE XL 12.5 TABLET,METPURE
1644,424441836,METPURE XL 25 TABLET,METPURE
1645,421112500,METPURE XL 50 MG TABLET 10X10,METPURE
1646,421110602,METPURE XL 50 TABLET (BULK PACK),METPURE
1647,421110738,METPURE-AP 50 TABLET,METPURE
1648,421110737,METPURE-AP TABLETS,METPURE
1649,424440115,METPURE-ST 50 TABLET,METPURE
1650,424440114,METPURE-ST TABLETS,METPURE
1651,423331142,MEZTEC 1.2 GM TAB,MEZTEC
1652,423331141,MEZTEC 400Â  GM TAB,MEZTEC
1653,423330695,MIGHTYLIV SYRUP 100 ML,MIGHTYLIV
1654,423330694,MIGHTYLIV SYRUP 200 ML,MIGHTYLIV
1655,423331549,MIGHTYVIT SYRUP 200 ML,MIGHTYVIT
1656,423331488,MIGHTYZIME SYRUP 200 ML,MIGHTYZIME
1657,421112057,MIGITUS 10 TABLET,MIGITUS
1658,421112058,MIGITUS 5 TABLET,MIGITUS
1659,421112123,MIGITUS F TABLET,MIGITUS
1660,420008968,MIRCERA 100MCG/0.3ML INJECTION,MIRCERA
1661,420008980,MIRCERA 100MCG/0.3ML INJECTION INST,MIRCERA
1662,420008969,MIRCERA 50MCG/0.3ML INJECTION,MIRCERA
1663,420008981,MIRCERA 50MCG/0.3ML INJECTION INST,MIRCERA
1664,420008970,MIRCERA 75MCG/0.3ML INJECTION,MIRCERA
1665,420008982,MIRCERA 75MCG/0.3ML INJECTION INST,MIRCERA
1666,421112914,M-NEM 1000 MG INJECTION,M-NEM
1667,421112915,M-NEM 500 MG INJECTION,M-NEM
1668,422220234,MOFILET 250 TABLETS,MOFILET
1669,492220003,MOFILET 500 MG TABLET,MOFILET
1670,422220222,MOFILET S 180 TABLET,MOFILET
1671,422220220,MOFILET S 360 TABLET,MOFILET
1672,492220058,MOFILET TABLET 750 MG,MOFILET
1673,424441771,MOLENA 200 MG CAPSULE 40S,MOLENA
1674,421112409,MOMB9 CAPSULES,MOMB9
1675,421112780,MONAST - LC TABLETS 1 X 15 T,MONAST
1676,421112962,MONAST BL SUSPENSION 60 ML,MONAST
1677,421112961,MONAST BL TABLET,MONAST
1678,421112148,MONAST FX TABLET,MONAST
1679,421112194,MONAST LC-KID TABLET,MONAST
1680,421111200,MONAST-LC SUSPENSION 30 ML,MONAST
1681,421111201,MONAST-LC SUSPENSION 60 ML,MONAST
1682,421111140,MONAST-LC TABLETS,MONAST
1683,427770400,MONOBACT 1.5 GM INJECTION,MONOBACT
1684,427770398,MONOBACT 375 INJECTION,MONOBACT
1685,427770399,MONOBACT 750 INJECTION,MONOBACT
1686,427770401,MONOBACT KID INJECTION,MONOBACT
1687,427770300,MONTEFEX TABLETS,MONTEFEX
1688,424441066,MOVEBILE  300 TABLETS,MOVEBILE
1689,424441065,MOVEBILE 150 TABLETS,MOVEBILE
1690,422220377,MUCATHIS GEL 300ML,MUCATHIS
1691,421111778,MUPIRO OINTMENT 1X3GM,MUPIRO
1692,421112221,MUPIRO OINTMENT 1X5 GM,MUPIRO
1693,423331151,MUPIVENTUS OINTMENT,MUPIVENTUS
1694,421113033,MUVMEND FIBRE GRANULES 180GM,MUVMEND
1695,421113032,MUVMEND FIBRE GRANULES 90GM,MUVMEND
1696,421112521,MUVMEND ORAL SOLUTION 150 ML,MUVMEND
1697,421112812,MUVMEND ORAL SOLUTION 200 ML,MUVMEND
1698,421112522,MUVMEND ORAL SOLUTION 450 ML,MUVMEND
1699,421111904,MUVPRU TABLET 1 MG,MUVPRU
1700,421111905,MUVPRU TABLET 2 MG,MUVPRU
1701,421111982,MVISTA CAPSULES,MVISTA
1702,423330711,MYGHTVIT SYP,MYGHTVIT
1703,427770369,MYOTOP 150 TABLETS,MYOTOP
1704,427770370,MYOTOP 450 SR TABLETS,MYOTOP
1705,423331361,MYOTOP D TABLETS,MYOTOP
1706,427770371,MYOTOP DSR TABLETS,MYOTOP
1707,427770372,MYOTOP P TABLETS,MYOTOP
1708,494440130,MYPLAT TABLETS,MYPLAT
1709,421112244,NABCURE INJECTION 100MG/VIAL,NABCURE
1710,421112838,NAPROXEN SODIUM & DOMPERIDONE TAB 10x10T,NAPROXEN
1711,421112839,NAPROXEN TAB 500 MG 10X2X10T,NAPROXEN
1712,424440870,NATRIEM 30 TABLET,NATRIEM
1713,424440775,NATRIEM 60 TABLET,NATRIEM
1714,420000472,NDS 120 MG TABLET,NDS
1715,420000473,NDS 60 MG TABLET,NDS
1716,423331035,NEBESEL 2.5 TABLETS,NEBESEL
1717,423331036,NEBESEL 5 TABLETS,NEBESEL
1718,423330552,NEOFORTAN  D TABLETS,NEOFORTAN
1719,421110553,NEPHCELOL CAPSULES,NEPHCELOL
1720,421110552,NEPHCELOL INJECTION,NEPHCELOL
1721,420000456,NETIDE TABLET 50 MG,NETIDE
1722,423330826,NETROMAX 10 MG INJECTION,NETROMAX
1723,423330829,NETROMAX 150 MG INJECTION,NETROMAX
1724,423331128,NETROMAX 200 MG INJECTION,NETROMAX
1725,423330827,NETROMAX 25 MG INJECTION,NETROMAX
1726,423330830,NETROMAX 300 MG INJECTION,NETROMAX
1727,423330828,NETROMAX 50 MG INJECTION,NETROMAX
1728,421111223,NEUAL -20 TABLETS,NEUAL
1729,421111228,NEUAL TM 80 TABLETS,NEUAL
1730,421111212,NEUAL TM TABLETS,NEUAL
1731,424441182,NEUAL-10 TABLETS,NEUAL
1732,424440481,NEUAL-5 TABLETS,NEUAL
1733,424440876,NEVIR 200 MG TABLET 60S,NEVIR
1734,424441482,NEVIR ER TBALET 1 X 30,NEVIR
1735,490000025,NEVIR SUSPENSION 100 ML,NEVIR
1736,494440068,NEVIR TABLETS 60 T,NEVIR
1737,423331333,NEW NORMET SUSPENSION,NEW
1738,423331711,NEXDOL - P  TABLETS,NEXDOL
1739,423331585,NEXDOL 100 INJECTION,NEXDOL
1740,423331584,NEXDOL 50 INJECTION,NEXDOL
1741,423330354,NEXDOL-SR TABLETS,NEXDOL
1742,423330108,NEXPAN 20 MG TABLETS,NEXPAN
1743,423331638,NEXPAN 40 MG TABLETS,NEXPAN
1744,423331646,NEXPAN D TABLET,NEXPAN
1745,423331637,NEXPAN DSR CAPSULES,NEXPAN
1746,423330182,NEXPAN IV 20 MG INJECTION,NEXPAN
1747,421112331,NEXT KI 100mg TABLETS 1X30T,NEXT KI
1748,421112329,NEXT KI 50mg TABLETS 1X60T,NEXT KI
1749,421112330,NEXT KI 70mg TABLETS 1X60T,NEXT KI
1750,424440091,NEYTA TABLETS,NEYTA
1751,423331610,NIB XR 11 MG TABLET,NIB XR
1752,421113080,NITOGLOL 2.6 TABLET 30T,NITOGLOL
1753,421113075,NITOGLOL 6.4 TABLET 30T,NITOGLOL
1754,420000793,NORMET R 30 SACHET,NORMET
1755,420000784,NORMET R CAPSULES,NORMET
1756,420000792,NORMET R SACHET,NORMET
1757,421110101,NORMET SUSPENSION 30 ML,NORMET
1758,421110102,NORMET SUSPENSION 60 ML,NORMET
1759,420000271,NORMET TABLET 400 MG 10,NORMET
1760,427770154,NORMET TABLETS,NORMET
1761,421110283,NORMET XT SUSPENSION 30 ML,NORMET
1762,421110799,NORMIGYL DRY SYRUP 30 ML,NORMIGYL
1763,421110798,NORMIGYL TABLETS,NORMIGYL
1764,423331087,NORMOPAR TABLETS,NORMOPAR
1765,421111780,NU ALERT PREGNANCY TEST KIT,NU ALERT
1766,424441611,NUACE TABLETS 1x30 T,NUACE
1767,421110665,NUBIMAX - 250 MG INJECTION,NUBIMAX
1768,424440967,NUCARNIT 500 TABLET,NUCARNIT
1769,421112279,NUCARNIT INJECTION,NUCARNIT
1770,424441223,NUCARNIT M TABLET,NUCARNIT
1771,420000847,NUCARNIT MF TABLET,NUCARNIT
1772,424440964,NUCARNIT TABLET 10,NUCARNIT
1773,424440965,NUCARNIT-F TABLET,NUCARNIT
1774,424441444,NUCORIL - 5 TABLETS 1X10 T,NUCORIL
1775,424440492,NUCORIL - 5 TABLETS 1X30 T,NUCORIL
1776,424440893,NUCORIL 5 MG TAB 20,NUCORIL
1777,421110410,NUCORIL I.V.48 MG INJECTION,NUCORIL
1778,424440669,NUCORIL OD TABLET,NUCORIL
1779,421111009,NUCROVIT TABLETS,NUCROVIT
1780,427770149,NUKAST 10 TABLETS,NUKAST
1781,427770322,NUKAST 4 DT TABLET,NUKAST
1782,423331106,NUKAST 4 SYRUP,NUKAST
1783,427770148,NUKAST 4 TABLETS,NUKAST
1784,423331466,NUKAST AB TABLETS,NUKAST
1785,421110111,NUMLO L TABLET,NUMLO
1786,420000458,NUMLO TABLET 2.5 MG,NUMLO
1787,421112770,NUMLO TMH TABLET 10x10T,NUMLO
1788,424440015,NUMLO-AT TABLET,NUMLO
1789,424441936,NUMLO-AT TABLET 1X15 T,NUMLO
1790,424440017,NUMLO-D 5 TABLET,NUMLO
1791,424441201,NUMLO-D 5 TABLET 1x15 T,NUMLO
1792,421110384,NUMLO-D TABLET,NUMLO
1793,424441202,NUMLO-D TABLET 1X15 T,NUMLO
1794,424441470,NUMLO-M  TABLETS 10X10 T,NUMLO
1795,424441471,NUMLO-M 5 TABLETS 10X10 T,NUMLO
1796,421110823,NUMLOPAR 5 TABLETS,NUMLOPAR
1797,421110822,NUMLOPAR TABLETS,NUMLOPAR
1798,421110615,NUMLO-R TABLETS,NUMLO
1799,421110630,NUMLO-TM 5 TABLETS,NUMLO
1800,421112128,NUMLO-TM 5 TABLETS 1X15 T,NUMLO
1801,421111349,NUMLO-TM TABLETS,NUMLO
1802,421112129,NUMLO-TM TABLETS 1X15 T,NUMLO
1803,424440070,NUMLOTOR - 5 TABLETS,NUMLOTOR
1804,421110386,NUMLOTOR TABLET,NUMLOTOR
1805,421112611,NUNIT TZ TABLET 20x10T,NUNIT
1806,424440553,NUSAR 25 MG TABLET,NUSAR
1807,424440554,NUSAR 50 MG TABLET,NUSAR
1808,421110117,NUSAR AM 5 MG TABLET,NUSAR
1809,424441085,NUSAR AM TABLET,NUSAR
1810,421110764,NUSAR AMH 5 TABLETS,NUSAR
1811,421110763,NUSAR AMH TABLETS,NUSAR
1812,424440065,NUSAR ATN TABLET,NUSAR
1813,424440200,NUSAR H TABLET,NUSAR
1814,420000950,NUSAR R 2.5 TABLET,NUSAR
1815,420000236,NUSAR R 5 TABLET,NUSAR
1816,420000482,NUSPRIN TABLET 100 MG,NUSPRIN
1817,420000483,NUSPRIN TABLET 150 MG,NUSPRIN
1818,420000481,NUSPRIN TABLET 75 MG,NUSPRIN
1819,421111768,NUTIN 100 TABLET,NUTIN
1820,421110698,NUTIN H TABLET,NUTIN
1821,421110119,NUTIN SA TABLET,NUTIN
1822,424440327,NUTIN TABLET 12.5 MG,NUTIN
1823,424440328,NUTIN TABLET 25 MG,NUTIN
1824,420000296,NUTIN TABLET 50 MG,NUTIN
1825,421110507,NUTIN-7 TABLET,NUTIN
1826,421110941,NUTRIRIGHT - G 75 POWDER 75 GM,NUTRIRIGHT
1827,421111053,NUTRIRIGHT FERO TABLETS,NUTRIRIGHT
1828,421110907,NUTRIRIGHT LD POWDER,NUTRIRIGHT
1829,421110906,NUTRIRIGHT MOM POWDER,NUTRIRIGHT
1830,421110904,NUTRIRIGHT TABLET,NUTRIRIGHT
1831,421110905,NUTRIRIGHT W TABLETS,NUTRIRIGHT
1832,421110396,OBECURE 2.5 CAPSULES,OBECURE
1833,421110390,OBECURE CAPSULES,OBECURE
1834,421111076,OBICURE CAPSULE 1X30 C,OBICURE
1835,420002796,OBICURE SLIM CAPSULES 1X30 C,OBICURE
1836,429991115,OBICURE TEA SACHET 30X1GM,OBICURE
1837,423330109,OCEPH CAPSULES 300 MG,OCEPH
1838,423330110,OCEPH DRY SUSPENSION,OCEPH
1839,424441212,OLANEX  F TABLETS,OLANEX
1840,424442062,OLANEX  F TABLETS 1 x 15 T,OLANEX
1841,427770196,OLBET 20 MG TABLETS,OLBET
1842,427770197,OLBET 40 MG TABLETS,OLBET
1843,423331722,OLBET AM 20 TABLETS,OLBET
1844,423331723,OLBET AM 40 TABLETS,OLBET
1845,423330705,OLBET CT 20 MG TABLETS,OLBET
1846,423330706,OLBET CT 40 MG TABLETS,OLBET
1847,423331121,OLBET TRIO 20 TABLETS,OLBET
1848,423331122,OLBET TRIO 40 TABLETS,OLBET
1849,421111129,OLMEGARD 20 TABLET,OLMEGARD
1850,421111130,OLMEGARD 40 TABLET,OLMEGARD
1851,421111132,OLMEGARD AM TABLET,OLMEGARD
1852,421111256,OLMEGARD CT 40 TABLET,OLMEGARD
1853,421111255,OLMEGARD CT TABLET,OLMEGARD
1854,421111241,OLMEGARD H 40 TABLET,OLMEGARD
1855,421111131,OLMEGARD H TABLET,OLMEGARD
1856,423331491,OLWEL CAPSULE,OLWEL
1857,421112841,OMEEPUT 20 CAPSULE,OMEPUT
1858,421112842,OMEEPUT D CAPSULE,OMEPUT
1859,421111247,ONE  24 TABLETS,ONE 24
1860,421110812,OPTICON-MD 10 TABLETS 10X10 T,OPTICON
1861,421110810,OPTICON-MD 2.5 TABLETS 10X10 T,OPTICON
1862,421110811,OPTICON-MD 5 TABLETS 10X10 T,OPTICON
1863,420030178,OPTILAX EYE DROPS 5 ML,OPTILAX
1864,421110659,ORLE-120 CAPSULES,ORLE
1865,421110658,ORLE-60 CAPSULES,ORLE
1866,424440351,OROFER CAPSULES,OROFER
1867,424442021,OROFER D3 TABLETS 1X10 T,OROFER
1868,421110180,OROFER DROPS 15 ML,OROFER
1869,421111805,OROFER FCM  INJECTION 1K,OROFER
1870,421111114,OROFER FCM  INJECTION 500MG/10ML,OROFER
1871,421112705,OROFER FCM INJECTION 750MG/15ML,OROFER
1872,421111537,OROFER S 100 INJECTION,OROFER
1873,421111388,OROFER S 200 INJECTION 10 ML,OROFER
1874,421111536,OROFER S INJECTION 2.5 ML,OROFER
1875,424441435,OROFER SYRUP 150 ML,OROFER
1876,424441446,OROFER SYRUP 300 ML,OROFER
1877,424441225,OROFER XT + SUSPENSION 200 ML,OROFER
1878,424441717,OROFER XT DROPS,OROFER
1879,424440590,OROFER XT SUSPENSION 150 ML,OROFER
1880,424441704,OROFER XT TABLET,OROFER
1881,424442006,OROFER XT TABLET 1x15T,OROFER
1882,424441705,OROFER XT TABLET 1X30 T,OROFER
1883,424441708,OROFER XT TOTAL TABLET,OROFER
1884,424440118,OROFER XT-DHA 7 X 1 KIT,OROFER
1885,420001221,OROFER XTM TABLETS,OROFER
1886,424440112,OROFER XT-Z TABLETS 1X10 T,OROFER
1887,423331285,ORTEZ 2 MG INJECTION,ORTEZ
1888,421112302,OSLOCURE 200 TABLET 20X10T,OSLOCURE
1889,421112567,OSLOCURE IV INFUSION 200MG/100ML,OSLOCURE
1890,421112550,OSLOCURE OZ TABLET 1x10T,OSLOCURE
1891,421112507,OSTERI INJ.600MCG /2.4MLPEN DEVICE,OSTERI
1892,421111655,OSTERI INJECTION 750 MCG PFS,OSTERI
1893,421111705,OSTERI INJECTION NEEDLES,OSTERI
1894,422220254,OXA 100 MG INJ 1 VIAL,OXA
1895,422220253,OXA 50 MG INJ 1 VIAL,OXA
1896,422220237,OXA INJECTION 25 ML,OXA
1897,423330350,OXAPRO TABLETS 10X10 T,OXAPRO
1898,421110185,OXAZ SUSPENSION,OXAZ
1899,420000485,OXAZ TABLET,OXAZ
1900,423331423,OXYPTADIL INJECTION,OXYPTADIL
1901,421112059,OZATEX 10 TABLET,OZATEX
1902,421112060,OZATEX 15 TABLET,OZATEX
1903,421112061,OZATEX 2.5 TABLET,OZATEX
1904,421112062,OZATEX 20 TABLET,OZATEX
1905,421112063,OZATEX 5 TABLET,OZATEX
1906,421112064,OZATEX 7.5 TABLET,OZATEX
1907,423330431,OZOLID 1200 SR TABLETS,OZOLID
1908,421110415,PACENORM 100 TABLET,PACENORM
1909,421110416,PACENORM 200 TABLET,PACENORM
1910,421110414,PACENORM I.V.,PACENORM
1911,421113181,PANPURE DSR CAPSULE 10X15C,PANPURE
1912,424440052,PANPURE DSR CAPSULES,PANPURE
1913,421110004,PANPURE I.V.20 MG INJ 1 VIAL,PANPURE
1914,424440336,PANPURE TABLET,PANPURE
1915,420000574,PANSA  TABLET  20  MG,PANSA
1916,420030073,PANSA  TABLET  40  MG,PANSA
1917,420030074,PANSA D TABLET,PANSA
1918,427770201,PANSA DSR CAPSULES,PANSA
1919,423331714,PANSA I.V. 40 MG INJECTION,PANSA
1920,420000572,PANSA TABLET,PANSA
1921,421110837,PANSALVE 40 MG TABLET 20X10,PANSALVE
1922,421112757,PANSALVE 40 TABLET 20x15T,PANSALVE
1923,421112756,PANSALVE D TABLETS 1 X 15,PANSALVE
1924,421112305,PANSALVE D TABLETS 20X10 T,PANSALVE
1925,421111970,PANSALVE DSR CAPSULES,PANSALVE
1926,421112840,PANSALVE DSR CAPSULES 1 X 15 C,PANSALVE
1927,421111709,PANSALVE I.V. INJECTION,PANSALVE
1928,424440737,PANTANA - 40 TABLET 3X2X10 T,PANTANA
1929,422220086,PANTANA - L CAPSULES 10X10 C,PANTANA
1930,421111358,PANTANA TABLET 10X10 T,PANTANA
1931,424440224,PANZOLE TABLETS,PANZOLE
1932,421112473,PARIDEM IV 40MG,PARIDEM
1933,424442022,PAUSE 1000 MG INJECTION,PAUSE
1934,424442023,PAUSE 1000 TABLETS 10x10T,PAUSE
1935,421111103,PAUSE 250 MG TABLET,PAUSE
1936,491110145,PAUSE D TABLETS,PAUSE
1937,424441951,PAUSE INJECTION,PAUSE
1938,424440092,PAUSE MF TABLET,PAUSE
1939,491110076,PAUSE MOUTHWASH,PAUSE
1940,424441657,PAUSE TABLET 500 MG,PAUSE
1941,491110123,PAUSE-SR TABLETS,PAUSE
1942,491110141,PAUSE-XT TABLETS,PAUSE
1943,421112065,PAXOTUS 12.5 MG TABLET,PAXOTUS
1944,421112066,PAXOTUS 25 MG TABLET,PAXOTUS
1945,421112067,PAXOTUS 37.5 MG TABLET,PAXOTUS
1946,421111451,PAXOTUS CR 25 MG TABLET,PAXOTUS
1947,421112068,PAXOTUS PLUS 12.5 MG CAPSULES,PAXOTUS
1948,421112069,PAXOTUS PLUS 25 CAPSULE,PAXOTUS
1949,421110573,PEBIND - 400 TABLETS,PEBIND
1950,421110574,PEBIND - 800 TABLETS,PEBIND
1951,420000487,PEBIND POWDER 15 GM,PEBIND
1952,423330880,PEDIDOM SUSPENSION,PEDIDOM
1953,423330510,PEDIDOM SUSPENSION 30 ML,PEDIDOM
1954,420000602,PEFOMAX - 50 10X6 T,PEFOMAX
1955,423331617,PEGCLEAR JAR 119 GM POWDER,PEGCLEAR
1956,423331378,PEGCLEAR SYRUP 200 ML,PEGCLEAR
1957,422220252,PEGEX 6 MG INJ 1 PFS,PEGEX
1958,423331286,PEGLAST INJECTION,PEGLAST
1959,423331180,PELVIK GEL 50 GM,PELVIK
1960,421112216,PEMCURE - 100 INJECTION,PEMCURE
1961,421111011,PEMCURE 500 MG INJ 1 VIAL,PEMCURE
1962,421111321,PEPGENE TABLETS,PEPGENE
1963,421112174,PH BAR 75 GM,PH BAR
1964,491110094,PIGLIT INJECTION,PIGLIT
1965,421110488,PIOGLU G 1 TABLET,PIOGLU
1966,421110489,PIOGLU G 2 TABLET,PIOGLU
1967,421110490,PIOGLU-15,PIOGLU
1968,421110491,PIOGLU-30,PIOGLU
1969,421110492,PIOGLU-M 15 TABLET,PIOGLU
1970,421112827,PIONEW 7.5% SURGICAL SCRUB 500 ML,PIONEW
1971,421112734,PIONEW GARGLE (0.5%W/V) 100ML,PIONEW
1972,421111854,PIONEW OINTMENT 15 GM,PIONEW
1973,421111863,PIONEW OINTMENT 250 GM,PIONEW
1974,421112551,PIONEW OZ OINTMENT 15GM,PIONEW
1975,421111792,PIONEW SOLUTION 100 ML,PIONEW
1976,421112322,PIONEW SOLUTION 2 LTR,PIONEW
1977,421111903,PIONEW SOLUTION 500 ML,PIONEW
1978,423331389,PLACEBO FOR GLUTATHIONE INJ 600MG [CT],PLACEBO
1979,423330840,PLATFAST SYRUP 150 ML,PLATFAST
1980,423330841,PLATFAST TABLETS,PLATFAST
1981,421113078,PLATOSPORA SYRUP 200ML,PLATOSPORA
1982,421113077,PLATOSPORA TABLET,PLATOSPORA
1983,421112916,PLAVIX 75 MG TABLET 10x14T,PLAVIX
1984,423331763,PLECASOFT TABLETS,PLECASOFT
1985,427770014,POLARES 100 DRY SYRUP,POLARES
1986,427770586,POLARES 100 DT TABLETS,POLARES
1987,427770011,POLARES 200 TABLETS,POLARES
1988,427770009,POLARES 50 DT TABLETS,POLARES
1989,427770012,POLARES DROPS,POLARES
1990,427770013,POLARES DRY SUSPENSION,POLARES
1991,423331652,POLVOLT CAPSULE,POLVOLT
1992,420008825,POVIZTRA FLXT 0.25MG 1.5ML 1PC COPACK,POVIZTRA
1993,420008826,POVIZTRA FLXT 0.5MG 1.5ML 1PC COPACK,POVIZTRA
1994,420008828,POVIZTRA FLXT 1.7MG 3ML 1PC COPACK,POVIZTRA
1995,420008827,POVIZTRA FLXT 1MG 3ML 1PC COPACK,POVIZTRA
1996,420008829,POVIZTRA FLXT 2.4MG 3ML 1PC COPACK,POVIZTRA
1997,424440105,PRADIL 150 TABLETS,PRADIL
1998,420000327,PRASTATIN TABLET 10MG,PRASTATIN
1999,420000328,PRASTATIN TABLET 20MG,PRASTATIN
2000,429990892,PRASUMAX-10 TABS 1X10 T,PRASUMAX
2001,429990891,PRASUMAX-5 TABS 1X10 T,PRASUMAX
2002,421112070,PREGANZA 150  CAPSULES,PREGANZA
2003,421112071,PREGANZA 50  CAPSULES,PREGANZA
2004,421112072,PREGANZA 75 CAPSULES,PREGANZA
2005,421112726,PREGANZA D 50/20 CAPSULE 1x10C,PREGANZA
2006,421112727,PREGANZA D 75/20 CAPSULE 1x10C,PREGANZA
2007,421112728,PREGANZA D 75/30 CAPSULE 1x10C,PREGANZA
2008,421111987,PREGANZA ME TABLET,PREGANZA
2009,421111353,PREGANZA NT TABLET,PREGANZA
2010,423330686,PREGATUS HCG KIT,PREGATUS
2011,424441855,PREPIXA 2.5 TABLET 1X10T,PREPIXA
2012,424441857,PREPIXA 5 TABLET 1X10T,PREPIXA
2013,423330467,PRESTOL 100 TABLETS,PRESTOL
2014,423330468,PRESTOL 200 TABLETS,PRESTOL
2015,423330824,PRESTOL PLUS 100 CAPSULE,PRESTOL
2016,423330825,PRESTOL PLUS 200 CAPSULE,PRESTOL
2017,421112917,PROCTOSEDYL BD CREAM,PROCTOSEDYL
2018,423331678,PRO-DIOF LIQUID,PRO-DIOF
2019,423331235,PRO-DIOF LIQUID 30 ML,PRO-DIOF
2020,421110134,PROFERIUM POWDER 200 GM,PRO FERIUM
2021,423331393,PROGERMINA SUSPENSION,PROGERMINA
2022,420000329,PROKINASE INJ.15,PROKINASE
2023,421111747,PROLOSIN - D TABLET,PROLOSIN
2024,421111746,PROLOSIN TABLET,PROLOSIN
2025,421112825,PROMOFIC SPAS TABLET,PROMOFIC
2026,421112609,PROMOFIC SUSPENSION 60ML,PROMOFIC
2027,421110733,PROROCAL POWDER 200 GM,PROROCAL
2028,423330601,PROTIBUILD POWDER 200 GM,PROTIBUILD
2029,421111281,PROTOTAL POW.200GM,PROTOTAL
2030,421111245,PROTOTAL WHEY POWDER 200 GM,PROTOTAL
2031,420000491,PROXYC - FT TABLETS 20X10,PROXYC
2032,424440534,PROXYM 200 TABLET,PROXYM
2033,424440535,PROXYM 300 TABLETS,PROXYM
2034,424441016,PROXYM ER  TABLETS,PROXYM
2035,424441015,PROXYM ER 200 TABLETS,PROXYM
2036,424441863,PROXYM ER 200 TABLETS 15 T,PROXYM
2037,424441862,PROXYM ER TABLET 1X15T,PROXYM
2038,421112498,PROXYM GEL 30 GM,PROXYM
2039,424441957,PROXYM TH8 TABLET 1x10T,PROXYM
2040,424441838,PROXYM XT TABLET 1X15T,PROXYM
2041,421110712,PROXYM-MR FORTE TABLET,PROXYM
2042,424441063,PROXYM-MR TABLET,PROXYM
2043,424441021,PROXYM-XT TABLETS,PROXYM
2044,421113103,PRX PLUS 2x4ML,PRX
2045,420000331,PUFAM - 200 TABLETS 10X6 T,PUFAM
2046,423330337,PURON - 25 TABLETS 10X10 T,PURON
2047,423330338,PURON - PLUS TABLETS 10X10 T,PURON
2048,423330770,PURON GEL 30 GM,PURON
2049,423330339,PURON INJECTION 3X2 ML,PURON
2050,421110967,Q - TAX 1.0 GM INJECTION,Q-TAX
2051,421110965,Q - TAX 250 MG INJECTION,Q-TAX
2052,421110966,Q - TAX 500 MG INJECTION,Q-TAX
2053,421112167,Q - TAX CV TABLETS,Q-TAX
2054,421111363,Q - TAX DS 100 SUSPENSION 30 ML,Q-TAX
2055,421111100,Q - TAX O 100 DT TABLETS,Q-TAX
2056,421111097,Q - TAX O DS 100 SUSPENSION 30 ML,Q-TAX
2057,421111015,Q - TAX O TABLETS,Q-TAX
2058,420450002,QCEPH - 200 TABLETS 1X10 T,QCEPH
2059,421111137,QCEPH - CLAV TABLET,QCEPH
2060,421111939,QCEPH 100 DRY SYRUP,QCEPH
2061,421112774,QCEPH 100 DRY SYRUP 30ML WITH SWFI,QCEPH
2062,421111699,QCEPH 200 TABLETS,QCEPH
2063,421112773,QCEPH 50 DRY SYRUP 30ML WITH SWFI,QCEPH
2064,421111141,QCEPH AZ TABLET 10X1X10 T,QCEPH
2065,421112593,QCEPH CLAV TABLET 10T,QCEPH
2066,421112308,QCEPH DT 200 TABLET 20X10T,QCEPH
2067,421112936,QCEPH O DRY SYRUP 30ML WITH SWFI,QCEPH
2068,421111116,QCEPH -O TABLET,QCEPH
2069,421111031,QTAX - DT 100 TABLET,Q-TAX
2070,421111032,QTAX - DT 200 TABLET,Q-TAX
2071,421112721,QTAX 200 TABLET 10X1X10T,Q-TAX
2072,421112600,QTAX DS-50 15GM/30ML WITH SWFI,Q-TAX
2073,420000340,QUZAR IV,QUAZAR
2074,420000499,QUZAR TABLET 200 MG,QUAZAR
2075,420000500,QUZAR TABLET 400 MG,QUAZAR
2076,423330730,RABIFAST 40 TABLETS,RABIFAST
2077,427770150,RABIFAST DSR CAPSULES,RABIFAST
2078,423331410,RABIFAST IV 20 MG INJECTION,RABIFAST
2079,420000577,RABIFAST TABLET 10 MG,RABIFAST
2080,420000578,RABIFAST TABLET 20 MG,RABIFAST
2081,427770315,RABIFAST XL CAPSULES,RABIFAST
2082,421111282,RACIPER -L CAPSULES,RACIPER
2083,423331065,RADIOGEN CREAM 150 GM,RADIOGEN
2084,424441060,RAMIPRO CAPS.2.50,RAMIPRO
2085,424441061,RAMIPRO CAPS.5 MG,RAMIPRO
2086,421110309,RAMIPRO CAPSULES 1.25 MG,RAMIPRO
2087,420000344,RAMIPRO-A TABLET,RAMIPRO
2088,420000345,RAMIPRO-H TABLET,RAMIPRO
2089,421110627,RAPITOIN INJECTION 150MG,RAPITOIN
2090,421110628,RAPITOIN INJECTION 750MG,RAPITOIN
2091,421110767,RASOTAN BETA 25 TABLETS,RASOTAN
2092,421110655,RASOTAN-20 TABLETS,RASOTAN
2093,421110656,RASOTAN-40 TABLETS,RASOTAN
2094,421110940,RASOTAN-AM 5 TABLETS,RASOTAN
2095,421110939,RASOTAN-AM TABLETS,RASOTAN
2096,421110657,RASOTAN-H 20 TABLETS,RASOTAN
2097,421110704,RASOTAN-SA 5 TABLETS,RASOTAN
2098,421110703,RASOTAN-SA TABLETS,RASOTAN
2099,424441792,REATIX KIT  5X6,REATIX
2100,421111343,REBEZ  IV INJECTION,REBEZ
2101,421111224,REBEZ 20 TABLET,REBEZ
2102,421112277,REBEZ D TABLETS 20X10 T,REBEZ
2103,421110874,REBEZ DSR CAPSULES,REBEZ
2104,421113146,REBEZ IT CAPSULE 10C,REBEZ
2105,421111389,REBEZ LS CAPSULES,REBEZ
2106,422220148,REE INJECTION 5 ML,REE
2107,420000502,REE TABLET 500 MG,REE
2108,420001068,REINCAR CAPSULES,REINCAR
2109,421113198,RELUDRO TABLET 10T,RELUDRO
2110,423331754,REPERI GEL 30 GM,REPERI
2111,427770433,RESPILAX CAPSULES,RESPILAX
2112,423331450,RESPIZEN NASAL SPRAY,RESPIZEN
2113,423330123,RETUNE 50 MG TABLETS,RETUNE
2114,423330420,RETUNE LS TABLETS,RETUNE
2115,423330480,RETUNE-LS OD TABLETS 10X10 T,RETUNE
2116,423331171,REVOCAL TABLETS,REVOCAL
2117,423330125,REVOCAL XL TABLET 10X10 T,REVOCAL
2118,423331277,REVOGLIP 20 TABLETS,REVOGLIP
2119,423331279,REVOGLIP M 1000 TABLETS,REVOGLIP
2120,423331278,REVOGLIP M 500 TABLETS,REVOGLIP
2121,427770202,REVOSTAT 10 TABLETS,REVOSTAT
2122,427770203,REVOSTAT 20 TABLETS,REVOSTAT
2123,423331300,REVOSTAT 40 TABLETS,REVOSTAT
2124,423331058,REVOSTAT 5 TABLETS,REVOSTAT
2125,423331302,REVOSTAT FB TABLETS,REVOSTAT
2126,423331185,REVOSTAT GOLD 10 CAPSULES,REVOSTAT
2127,423331186,REVOSTAT GOLD 20 CAPSULES,REVOSTAT
2128,421112439,REZOLE DSR CAPSULES,REZOLE
2129,421112577,RIFACLEAN  200 TABLET,RIFACLEAN
2130,421111827,RIFACLEAN  400 TABLET,RIFACLEAN
2131,421112578,RIFACLEAN  550 TABLET,RIFACLEAN
2132,423331724,RIFAXIMAX SUSPENSION,RIFAXIMAX
2133,423331719,RIFAXIMAX-200 TABLETS,RIFAXIMAX
2134,423331720,RIFAXIMAX-400 TABLETS,RIFAXIMAX
2135,423331721,RIFAXIMAX-550 TABLETS,RIFAXIMAX
2136,421111930,RITUXEM 100MG/10ML,RITUXEM
2137,421111931,RITUXEM 500MG/50ML,RITUXEM
2138,423330742,RIVAPLAST 9 MG PATCHES,RIVAPLAST
2139,424440879,RIVOFONET TABLETS 1X30 T,RIVOFONET
2140,420000352,ROCAS ORAL SOLUTION,ROCAS
2141,422220032,ROCAS TABLET,ROCAS
2142,421112688,ROSUVAS EZ 20 MG TABLET 1x10T,ROSUVAS EZ
2143,421112724,ROSUVAS EZ 40 TABLET 1x10T,ROSUVAS EZ
2144,424441190,ROSUVAS EZ-10 TABLETS,ROSUVAS EZ
2145,423330608,ROXIRESP SUSPENSION 30 ML,ROXIRESP
2146,420500041,R-PURE D CAPSULES,R-PURE
2147,424440057,R-PURE TABLETS,R-PURE
2148,421112610,RTCARB INJ 100 mcg/ml,RTCARB
2149,423331287,RUBILONG INJECTION,RUBILONG
2150,421112604,RUPARIB 200 TABLET 1X60T,RUPARIB
2151,421112603,RUPARIB 300 TABLET 1X60T,RUPARIB
2152,424441903,S(-) METOPROLOL Tab-10X10T-50mg (TNMSC),METOPROLOL
2153,423330687,SANI BEST SANITARY NAPKIN 1X10,SANI
2154,423331346,SANIBEST HAND SANITIZER,SANIBEST
2155,421112930,SANOXABAN 2.5 MG TABLET 10x10T,SANOXABAN
2156,421112931,SANOXABAN 5 MG TABLET 10x10T,SANOXABAN
2157,424441982,SAV HF 100 TABLET 6x10T,SAV-HF
2158,424441983,SAV HF 200 TABLET 6x10T,SAV-HF
2159,424441980,SAV HF 50 TABLET 6x10T,SAV-HF
2160,421111989,SCASIS 150 MG TABLET,SCASIS
2161,421110274,SCASIS 200 MG TABLET,SCASIS
2162,423330127,SCAVISTA  3 DT TABLET,SCAVISTA
2163,423330128,SCAVISTA  6 DT TABLETS,SCAVISTA
2164,427770269,SCAVISTA 12 TABLETS,SCAVISTA
2165,423331172,SCAVISTA 12A  TABLETS,SCAVISTA
2166,420030136,SCAVISTA 1X1 T,SCAVISTA
2167,423330196,SCAVISTA 3A DT TABLETS,SCAVISTA
2168,423331350,SCAVISTA 6 TABLET 10X10T,SCAVISTA
2169,423330197,SCAVISTA 6A TABLETS,SCAVISTA
2170,420500058,SCAVISTA-3 A SUSPENSION 10 ML,SCAVISTA
2171,427770032,SCUD 1 GM INJECTION,SCUD
2172,427770030,SCUD 250 MGINJECTION,SCUD
2173,427770031,SCUD 500 MG INJECTION,SCUD
2174,427770226,SCUD XP 1 GM INJECTION,SCUD
2175,427770228,SCUD XP 250 MG INJECTION,SCUD
2176,427770034,SCUD XP 500 MG INJECTION,SCUD
2177,423330401,SEFSTART CAPSULES,SEFSTART
2178,421111487,SEMI DAONIL TABLETS,DAONIL
2179,421111085,SEMI XILIA MP 1 TABLETS,XILIA
2180,421111086,SEMI XILIA MP 2 TABLETS,XILIA
2181,420030119,SENSICORT - S OINTMENT 10 GM,SENSICORT
2182,423330132,SENSICORT B 5 GM OINT,SENSICORT
2183,423330133,SENSICORT BF OINT,SENSICORT
2184,420030120,SENSICORT CREAM 10 GM,SENSICORT
2185,423330135,SENSICORT F CREAM,SENSICORT
2186,427770174,SERETRA 80 TABLETS,SERETRA
2187,423330195,SERINA CAPSULES 50 MG,SERINA
2188,421111812,SERTIVA TABLET,SERTIVA
2189,421110562,SERTIVE 25 TABLETS,SERTIVA
2190,427770550,SETOLAC 200 ER TABLETS,SETOLAC
2191,427770216,SETOLAC 300 ER TABLETS,SETOLAC
2192,423331749,SETOLAC GEL,SETOLAC
2193,427770466,SETOLAC MR TABLETS,SETOLAC
2194,427770242,SETOLAC P TABLETS,SETOLAC
2195,422220087,SEVCAR-400 SACHET,SEVCAR
2196,422220028,SEVCAR-400 TABLETS,SEVCAR
2197,422220043,SEVCAR-800 SACHET,SEVCAR
2198,422220030,SEVCAR-800 TABLETS,SEVCAR
2199,423330609,SILFORT TABLETS,SILFORT
2200,421110947,SILNAFIL TABLETS,SILNAFIL
2201,421111649,SILURI  4 CAPSULE,SILURI
2202,421111650,SILURI  8 CAPSULE,SILURI
2203,421111658,SILURI - D4 CAPSULE,SILURI
2204,421111659,SILURI - D8 CAPSULE,SILURI
2205,421110138,SIMSTAT 10 MG TAB 10,SIMSTAT
2206,420000362,SIMSTAT 20 MG TAB 10,SIMSTAT
2207,420000363,SIMSTAT 5 MG TAB 10,SIMSTAT
2208,421112075,SKIZOTUS - 100 TABLETS,SKIZOTUS
2209,421111298,SKIZOTUS - 200 TABLETS,SKIZOTUS
2210,421112077,SKIZOTUS - 300 TABLETS,SKIZOTUS
2211,421112078,SKIZOTUS - 50 TABLETS,SKIZOTUS
2212,421111331,SKIZOTUS OD 100 TABLET,SKIZOTUS
2213,421112080,SKIZOTUS OD 200 TABLET,SKIZOTUS
2214,421112081,SKIZOTUS OD 300 TABLET,SKIZOTUS
2215,424440010,S-NUMLO 1.25 MG TABLET,S-NUMLO
2216,424440011,S-NUMLO 2.5 MG TABLET,S-NUMLO
2217,424441203,S-NUMLO 2.5 MG TABLET 1x15 T,S-NUMLO
2218,424440012,S-NUMLO 5 MG TABLET,S-NUMLO
2219,424441204,S-NUMLO 5 MG TABLET 1x15 T,S-NUMLO
2220,421112776,SOFOCURE - V TABLET,SOFOCURE
2221,421111378,SOFOCURE L TABLET,SOFOCURE
2222,421112660,SOFOCURE TABLET,SOFOCURE
2223,420040002,SOFRAMYCIN SKIN CREAM 20 GMS,SOFRAMYCIN
2224,421112718,SOLGLO ADVANCE FACEWASH 100G,SOLGLO
2225,421113100,SOLGLO AZ LIPOSOMAL SERUM 30ML,SOLGLO
2226,421112594,SOLGLO CREAM 30 GM,SOLGLO
2227,421112748,SOLGLO CREAM 30 GM TUBE PACK,SOLGLO
2228,421113087,SOLGLO HYBRID SUNSCREEN 50ML,SOLGLO
2229,421113088,SOLGLO INVISIBLE SUNSCREEN GEL 50ML,SOLGLO
2230,421112856,SOLGLO PRO 50 GM GEL,SOLGLO
2231,421110891,SOLIGUARD 10 TABLETS,SOLIGUARD
2232,421110890,SOLIGUARD 5 TABLETS,SOLIGUARD
2233,423330437,SOLOKAST 10 MG TABLETS,SOLOKAST
2234,423330435,SOLOKAST 4 TABLETS 10X10T,SOLOKAST
2235,423330436,SOLOKAST 5 TABLETS 10X10T,SOLOKAST
2236,421112187,SOLSKREEN SPRAY 100 ML,SOLSKREEN
2237,423330523,SOLVENT FOR DOCEZAP-120,DOCEZAP
2238,423330521,SOLVENT FOR DOCEZAP-20,DOCEZAP
2239,423330522,SOLVENT FOR DOCEZAP-80,DOCEZAP
2240,422220053,SOLVENT FOR DOXAZ-120 INJ 9 ML,DOXAZ
2241,422220049,SOLVENT FOR DOXAZ-20 INJ 1.5 ML,DOXAZ
2242,422220051,SOLVENT FOR DOXAZ-80 INJ 6 ML,DOXAZ
2243,421112807,SOMALINX 30 MG INJECTION,SOMALINX
2244,421113207,SOMALINX LAR INJECTION 20MG,SOMALINX
2245,421113042,SOMALINX LAR INJECTION 30MG,SOMALINX
2246,420030081,SOVENTUS  SYRUP  100 ML,SOVENTUS
2247,423330344,SOVENTUS D SYRUP,SOVENTUS
2248,423331769,SOVENTUS DC ORAL SUSPENSION,SOVENTUS
2249,423331622,SOVENTUS DC SYP 100 ML,SOVENTUS
2250,423331204,SOVENTUS DC SYRUP,SOVENTUS
2251,423331737,SOVENTUS DX 12 ORAL SUSPENSION,SOVENTUS
2252,423330925,SOVENTUS DX SYRUP,SOVENTUS
2253,423331677,SOVENTUS DX SYRUP 100 ML,SOVENTUS
2254,423331105,SOVENTUS JR SYRUP,SOVENTUS
2255,423331616,SOVENTUS LS DROPS 15 ML,SOVENTUS
2256,423331735,SOVENTUS LS JR SYRUP,SOVENTUS
2257,423331222,SOVENTUS LS SYRUP,SOVENTUS
2258,423331223,SOVENTUS SYRUP,SOVENTUS
2259,423331734,SOVENTUS TRIO SYRUP,SOVENTUS
2260,429930805,SOVENTUS-LS SYRUP 60 ML,SOVENTUS
2261,423330143,SPASMOTER INJECTION 2 ML,SPASMOTER
2262,423330469,SPASMOTER-4 CAPSULES,SPASMOTER
2263,423330144,SPASMOTER-M TABLET,SPASMOTER
2264,424441767,SPEGRA TABLETS 1X 90T,SPEGRA
2265,424441766,SPEGRA TABLETS 1X30T,SPEGRA
2266,421112958,SPORAZ 100 CAPSULES 10 C,SPORAZ
2267,424441412,SPORAZ 100 CAPSULES 3X7 C,SPORAZ
2268,421112527,SPORAZ 200 CAPSULES 10 C,SPORAZ
2269,424441034,SPORAZ CAPSULES,SPORAZ
2270,421111582,SPOROTAR INJECTION,SPOROTAR
2271,421112509,STABOSE - 0.2 TABLET,STABOSE
2272,421112510,STABOSE - 0.3 TABLET,STABOSE
2273,421110725,STABOSE INSTA  0.2 TABLET,STABOSE
2274,421110736,STABOSE INSTA  0.3 TABLET,STABOSE
2275,421110651,STABOSE M - 0.2 TABLETS,STABOSE
2276,421112512,STABOSE M - 0.3 TABLETS,STABOSE
2277,421112511,STABOSE M TABLETS,STABOSE
2278,494440111,STADINE - 30 CAPSULES 1X60 C,STADINE
2279,491110247,STADINE 30 CAPSULES,STADINE
2280,491110082,STADINE 40 CAPSULES,STADINE
2281,491110023,STADINE ORAL SOLUTION 4g/60ml,STADINE
2282,420004243,STERILE DILUENT FOR MEGVAL 50 MG,MEGVAL
2283,420006743,STERILE DILUENT FOR MELPHALAN INJE 10 ML,MELPHALAN
2284,421111295,STROCOZ 500 TABLETS,STROCOZ
2285,421112083,STROCOZ PLUS TABLET,STROCOZ
2286,421112084,STROCOZ SYRUP 60 ML,STROCOZ
2287,421112085,STROCOZ-2 INJECTION,STROCOZ
2288,421112086,STROCOZ-4 INJECTION,STROCOZ
2289,424442109,SUCROFERIC OXYHYDROXIDE CHEWABLE TABLET,SUCROFERRIC
2290,423331119,SUPER - FE SYRUP,SUPER
2291,427770591,SUPEXA OD 15 MG TABLET,SUPEXA
2292,427770589,SUPEXA OD 30 MG TABLET,SUPEXA
2293,427770590,SUPEXA OD 60 MG TABLET,SUPEXA
2294,421110894,SUSTIMAX TABLETS,SUSTIMAX
2295,424440235,SUSTINEX-30 TABLETS,SUSTINEX
2296,424440260,SUSTINEX-60 TABLETS,SUSTINEX
2297,421110802,SYLATE CVP TABLETS,SYLATE
2298,421110617,SYLATE INJECTION 2 ML,SYLATE
2299,421110142,SYLATE M TABLET 500 MG,SYLATE
2300,421110143,SYLATE T 500 TABLET,SYLATE
2301,420000603,SYLATE T TABLET,SYLATE
2302,424441083,SYLATE TABLET 500 MG,SYLATE
2303,424441082,SYLATE TABLETS 250 MG 10,SYLATE
2304,421112918,SYNVISC ONE 48 MG/6 ML INJECTION,SYNVISC
2305,424440788,TAMLET 2 CAPSULES,TAMLET
2306,421111289,TAMLET 4 CAPSULES,TAMLET
2307,423330399,TAPENTA - 100 TABLETS 10X10 T,TAPENTA
2308,423330397,TAPENTA - 50 TABLETS 10X10 T,TAPENTA
2309,423330398,TAPENTA  75 TABLETS,TAPENTA
2310,423330426,TAPENTA-P TABLETS,TAPENTA
2311,420000808,TAPIC 2.25 GM INJECTION,TAPIC
2312,421111530,TAPIC EM 1.125 GM INJECTION,TAPIC
2313,420000604,TAPIC INJECTION 4.5 gm,TAPIC
2314,421112494,TAPICEM 2.25GM INJECTION,TAPIC EM
2315,421112178,TAPICEM 4.5 GM INJECTION,TAPIC EM
2316,421112919,TARGOCID 200 MG/3 ML INJECTION,TARGOCID
2317,421112920,TARGOCID 400 MG INJECTION,TARGOCID
2318,491110199,TASPIANCE INJ 135 MCG/0.5ML PFS,TASPIANCE
2319,491110378,TASPIANCE INJ 180 MCG/0.5ML PFS,TASPIANCE
2320,424440878,TAVIN 300 MG TABLET 30s,TAVIN
2321,421113117,TAVIN AF TABLET 30T,TAVIN
2322,424440817,TAVIN EM 300/200 MG TABLET 30s,TAVIN
2323,494440004,TAVIN EM TABLET,TAVIN
2324,424441483,TAVIN LN KIT 5X6 KIT,TAVIN
2325,494440016,TAVIN TABLET,TAVIN
2326,424440874,TAVIN-L TABLETS,TAVIN
2327,421111872,TAXOTERE 20 MG/1ML INJECTION,TAXOTERE
2328,421111873,TAXOTERE 80 MG/4ML INJECTION,TAXOTERE
2329,423331197,TAZOTUM 1.125 GM INJECTION,TAZOTUM
2330,423331198,TAZOTUM 2.25 GM INJECTION,TAZOTUM
2331,423331199,TAZOTUM 4.5 GM INJECTION,TAZOTUM
2332,423331239,TELRIA 40 TABLET,TELRIA
2333,423331764,TELRIA H TABLET,TELRIA
2334,421112921,TELSITE 20 MG TABLET 10x15T,TELSITE
2335,421112922,TELSITE 40 MG TABLET 10x15T,TELSITE
2336,421112923,TELSITE 80 MG TABLET 10x15T,TELSITE
2337,421112924,TELSITE AM TABLET 10x10T,TELSITE
2338,421112926,TELSITE AMH 40 TABLET,TELSITE
2339,421112925,TELSITE H 40 TABLET 10x10T,TELSITE
2340,422220040,TEMCURE 100 CAPSULES,TEMCURE
2341,422220039,TEMCURE 20 CAPSULES,TEMCURE
2342,422220073,TEMCURE 250 CAPSULES,TEMCURE
2343,424441768,TEMNER TABLETS 1X30T,TEMNER
2344,421110677,TEMSAN - 20 CV TABLETS,TEMSAN
2345,421110678,TEMSAN - 40 CV TABLETS,TEMSAN
2346,424440636,TEMSAN  80 H TABLETS,TEMSAN
2347,421110956,TEMSAN - AM 5 TABLETS,TEMSAN
2348,421110955,TEMSAN - AM TABLETS,TEMSAN
2349,424441539,TEMSAN - AM TABLETS 1X15T,TEMSAN
2350,424441698,TEMSAN 20 MG TABLETS 10x15T,TEMSAN
2351,424440932,TEMSAN 20 MG. TABLETS,TEMSAN
2352,424441699,TEMSAN 40 MG TABLETS 10x15T,TEMSAN
2353,424440933,TEMSAN 40 MG. TABLETS,TEMSAN
2354,424441140,TEMSAN 80 CT TABLETS,TEMSAN
2355,424441192,TEMSAN 80 H TABLETS 1X15T,TEMSAN
2356,424441700,TEMSAN 80 MG TABLETS 10x15T,TEMSAN
2357,424440934,TEMSAN 80 MG. TABLETS,TEMSAN
2358,421111794,TEMSAN AM-5 TABLETS 1X15 T,TEMSAN
2359,421112702,TEMSAN BS 2.5/40 TABLET 10x10T,TEMSAN
2360,421112703,TEMSAN BS 5/40 TABLET 10x10T,TEMSAN
2361,424441139,TEMSAN CT 40/12.5 MG TABLET 10X10,TEMSAN
2362,421111094,TEMSAN CT TABLETS,TEMSAN
2363,421111887,TEMSAN CT-6.25 TABLETS,TEMSAN
2364,424440638,TEMSAN H TABLETS,TEMSAN
2365,424441191,TEMSAN H TABLETS 1X15 T,TEMSAN
2366,421112933,TEMSAN LN TABLET 10x15T,TEMSAN
2367,421112983,TEMSAN LNC 12.5 TABLET 10x10T,TEMSAN
2368,421112985,TEMSAN LNC 6.25 TABLET 10x10T,TEMSAN
2369,421112554,TEMSAN TRIO 40 TABLET 1X10T,TEMSAN
2370,423331237,TENDOFIRM CAPSULES,TENDOFIRM
2371,423331753,TENDOFIRM-CG 2 TABLET,TENDOFIRM
2372,422220188,TENECTASE,TENECTASE
2373,421112799,TEPAPRO 100 MG INJECTION,TEPAPRO
2374,421112341,TEPAPRO INJECTION,TEPAPRO
2375,421112469,TERBINAFINE TABLETS IP 250MG,TERBINAFINE
2376,423330149,TERBO CREAM 10 GM,TERBO
2377,423330708,THALORIC 12.5 TABLETS,THALORIC
2378,423330707,THALORIC 6.25 TABLETS,THALORIC
2379,421110961,THIAKLOR - 12.5 TABLETS,THIAKLOR
2380,421110960,THIAKLOR - 6.25 TABLETS,THIAKLOR
2381,423331663,TIBROLIN D TABLETS,TIBROLIN
2382,423331662,TIBROLIN TABLETS,TIBROLIN
2383,423331307,TICABEST TABLETS,TICABEST
2384,421112418,TICAPLAT 60 TABLET,TICAPLAT
2385,421112237,TICAPLAT 90 TABLETS 6X10 T,TICAPLAT
2386,421111973,TICONAZ-P 4.5 INJECTION,TICONAZ
2387,420000628,TIMCIN 200 MG TABLET,TIMCIN
2388,421113148,TIMCIN 250MG/2ML INJECTION,TIMCIN
2389,420000509,TIMCIN 400 1X10,TIMCIN
2390,421113149,TIMCIN 500MG/2ML INJECTION,TIMCIN
2391,421110993,TIMCYN - 3.1 GM INJECTION,TIMCYN
2392,423331567,TIVIBACT INJECTION,TIVIBACT
2393,424441010,TOPERIZONE - 150 TABLETS,TOPERIZONE
2394,424441299,TOPERIZONE - 450 SR TABLETS,TOPERIZONE
2395,421112087,TOPERIZONE D TABLET,TOPERIZONE
2396,423331438,TOPINOVA CREAM,TOPINOVA
2397,421112088,TORPIZA 100 TABLET,TORPIZA
2398,421112089,TORPIZA 25 TABLET,TORPIZA
2399,421112090,TORPIZA 50 TABLET,TORPIZA
2400,423330801,TOSIBAN 37.5 MG INJECTION 5 ML,TOSIBAN
2401,423330800,TOSIBAN 6.75 MG INJECTION 0.9 ML,TOSIBAN
2402,421112486,TRASPOR INJECTION 50MG/VIAL,TRASPOR
2403,421111928,TRAZUMAB  INJECTION 150 MG,TRAZUMAB
2404,421111913,TRAZUMAB INJECTION 440 MG,TRAZUMAB
2405,420000606,TREDICAL FT 10X10,TREDICAL
2406,429990202,TREDICAL SUSPENSION 60 ML,TREDICAL
2407,427770585,TRELAGLIP 100 MG TABLETS,TRELAGLIP
2408,427770593,TRELAGLIP 25 MG TABLET[2 STRIPS X 2 TAB],TRELAGLIP
2409,427770584,TRELAGLIP 50 MG TABLETS,TRELAGLIP
2410,420005096,TREPROSTINIL INJ 200 MG/20ML,TREPROSTINIL
2411,423330712,TRICOHEP SYRUP 200 ML,TRICOHEP
2412,421111283,TRIOLVANCE 20 TABLETS,TRIOLVANCE
2413,421111284,TRIOLVANCE 40 TABLETS,TRIOLVANCE
2414,421112091,TRIOPTAL 150 TABLET,TRIOPTAL
2415,421112092,TRIOPTAL 300 TABLET,TRIOPTAL
2416,421112093,TRIOPTAL 450 TABLET,TRIOPTAL
2417,421112094,TRIOPTAL 600 TABLET,TRIOPTAL
2418,421112095,TRIOPTAL SUSPENSION 60 ML,TRIOPTAL
2419,423330481,TROXIP OD TABLETS,TROXIP
2420,427770164,TROXIP TABLETS,TROXIP
2421,424441359,TROXPRO TABLETS 10X10 T,TROXPRO
2422,427770114,TRUSTEN 1.0 GM INJECTION,TRUSTEN
2423,423331040,TRUSTEN 250 MG INJECTION,TRUSTEN
2424,423330909,TRUSTEN 500 MG INJECTION,TRUSTEN
2425,423330741,TRUSTEN AZ TAB,TRUSTEN
2426,427770177,TRUSTEN O 100 DT TABLET,TRUSTEN
2427,427770117,TRUSTEN O 200 TABLET,TRUSTEN
2428,423331487,TRUSTEN O DS SYRUP,TRUSTEN
2429,423331578,TRUSTEN OF TABLET,TRUSTEN
2430,423331544,TRUSTEN SÂ  INJECTION,TRUSTEN
2431,423330598,TRUSTEN SB INJECTION,TRUSTEN
2432,423330661,TRUSTOCID  D CAPSULE,TRUSTOCID
2433,423331033,TRUSTOCID CAPSULE,TRUSTOCID
2434,423330653,TRUSTZYME SYRUP 200 ML,TRUSTZYME
2435,423331188,TUCANOZOL 150 TABLETS,TUCANOZOL
2436,423330720,TULOPLAST 0.5 MG PATCHES,TULOPLAST
2437,423330721,TULOPLAST 1 MG PATCHES,TULOPLAST
2438,423330722,TULOPLAST 2 MG PATCHES,TULOPLAST
2439,423330769,TUMSUP DROPS 30 ML,TUMSUP
2440,423331305,TUMSUP LIQUID 30 ML,TUMSUP
2441,423330600,TUSFORMIN 1 MG TABLET,TUSFORMIN
2442,423330599,TUSFORMIN 2 TABLET,TUSFORMIN
2443,423330606,TUSFORMIN G TABLET,TUSFORMIN
2444,423330607,TUSFORMIN PLUS TABLET,TUSFORMIN
2445,423331038,TUSIMOX 250 CAPSULES,TUSIMOX
2446,423331030,TUSIMOX 500 CAPSULES,TUSIMOX
2447,423330541,TUSIMOX-DS SUSPENSION,TUSIMOX
2448,424441924,TWINAQT TABLETS 30 T,TWINAQT
2449,424441580,TWINAQT TABLETS 90 T,TWINAQT
2450,421112339,TYBRIVA CAPSULE 1X30C,TYBRIVA
2451,421112236,ULTIMOX 625 DUO TABLETS,ULTIMOX
2452,421112779,ULTIMOX CLAV 375 DUO TABLET 1x10T,ULTIMOX
2453,421112590,ULTIMOX CLAV 375 TABLET,ULTIMOX
2454,421111701,ULTIMOX CLAV 625 TABLET,ULTIMOX
2455,421111707,ULTIMOX CLAV DS SUSPENSION 30 ML,ULTIMOX
2456,421111773,ULTIMOX CLAV I.V.,ULTIMOX
2457,421112184,ULTIMOX CLAV KID DT TAB,ULTIMOX
2458,421112862,ULTIMOX CV 625 TABLETS,ULTIMOX
2459,421111695,ULTIMOX CV INJECTION,ULTIMOX
2460,421112139,ULTIMOX CV WITH SWFI,ULTIMOX
2461,421112271,ULTIMOX DDS SUSPENSION 1X30 ML,ULTIMOX
2462,421110730,ULTIMOX XR TABLETS,ULTIMOX
2463,423331486,UNISIL MPS SUSP. 170 ML MINT.,UNISIL
2464,421113028,UNMET TABLET 10x10T,UNMET
2465,423331525,UPNURON TABLET,UPNURON
2466,423331669,UPNURON-D 50/20 CAPSULES,UPNURON
2467,423331668,UPNURON-D 75/20 CAPSULES,UPNURON
2468,423331667,UPNURON-D 75/30 CAPSULES,UPNURON
2469,421113045,UREADERM MOISTURIZING CREAM 10% 100GM,UREADERM
2470,421113046,UREADERM MOISTURIZING CREAM 20% 100GM,UREADERM
2471,491110282,URICURE 150 TABLETS,URICURE
2472,421112755,URICURE 300 TABLET 20x15T,URICURE
2473,491110283,URICURE 300 TABLETS,URICURE
2474,423330379,URIFIX - 80 TABLETS 10 X 10 T,URIFIX
2475,423330809,URIFIX 40 TABLETS,URIFIX
2476,427770159,URSOMAX 150 MG TABLETS,URSOMAX
2477,427770160,URSOMAX 300 MG TABLETS,URSOMAX
2478,427770211,URSOMAX 450 SR TABLETS,URSOMAX
2479,423331140,VAC-T-VACCINE,VAC-T-VACCINE
2480,421112096,VALPOTEX CR 200 TABLET,VALPOTEX
2481,421112097,VALPOTEX CR 300 TABLET,VALPOTEX
2482,421112098,VALPOTEX CR 500 TABLET,VALPOTEX
2483,491110188,VASCIUM INJECTION,VASCIUM
2484,421110691,VELDIX GEL,VELDIX
2485,424440217,VELDIX P TABLETS,VELDIX
2486,424440306,VELDIX SR TABLETS,VELDIX
2487,424440281,VELDIX TABLETS,VELDIX
2488,421110835,VELDIX XT TABLETS,VELDIX
2489,491110185,VELIX 30,VELIX
2490,491110205,VELIX 40,VELIX
2491,492220052,VELIX 50,VELIX
2492,420430001,VENOFER 100mg/5mL VIAL,VENOFER
2493,493330072,VERORAB 1 VIAL+1 SOD.CHLOR.SOLV.,VERORAB
2494,493330078,VERORAB 5 VIALS+5 SOD.CHLOR.SOLV,VERORAB
2495,493330055,VERORAB PFS+SOD.CHLORIDE SOLVENT,VERORAB
2496,421112307,VIANCA TABLETS 1X30 T,VIANCA
2497,421112319,VIANCA TABLETS 1X90T,VIANCA
2498,421113024,VICARE BLISS TABLET 1x10T,VICARE
2499,421110538,VICARE CAPSULES,VICARE
2500,421113025,VICARE CLEAR CAPSULE 1x10C,VICARE
2501,421113026,VICARE I-CREAM 1x30GM,VICARE
2502,421110892,VICARE LD POWDER 35 GM,VICARE
2503,421113023,VICARE TOTAL CAPSULE 1x10C,VICARE
2504,421110824,VIFAZER SUSPENSION 100 ML,VIFAZER
2505,421110832,VIFAZER TABLETS,VIFAZER
2506,421113174,VIFEX CAPSULE 10C,VIFEX
2507,420000377,VIFEX SYRUP 100 ML,VIFEX
2508,429990187,VIFEX SYRUP 60 ML,VIFEX
2509,427770319,VIL G 50 MG TABLETS,VIL
2510,427770403,VIL GM 1000 MG TABLETS,VIL
2511,427770402,VIL GM 500 MG TABLETS,VIL
2512,422220031,VINCORT 1 MG TABLET,VINCORT
2513,422220027,VINCORT TABLET 30 MG,VINCORT
2514,422220026,VINCORT TABLET 6 MG,VINCORT
2515,422220218,VINGRAF 0.25 MG CAPSULE,VINGRAF
2516,422220140,VINGRAF 0.5 CAPSULES,VINGRAF
2517,422220141,VINGRAF 1 MG CAPSULE 6X10,VINGRAF
2518,422220180,VINGRAF 2 MG CAPSULE 6X10,VINGRAF
2519,420000380,VINGRAF CAPSULE 5 MG,VINGRAF
2520,422220120,VINTOR 10000 IU INJ 1 PFS,VINTOR
2521,422220113,VINTOR 2000 IU INJ 1 PFS,VINTOR
2522,492220008,VINTOR 3000 - PFS,VINTOR
2523,422220108,VINTOR 4000 IU INJ 1 PFS,VINTOR
2524,422220126,VINTOR 40000 IU PFS,VINTOR
2525,422220118,VINTOR 6000 IU INJ 1 PFS,VINTOR
2526,424441219,VIREM - R TABLETS 1X60 T,VIREM
2527,421110631,VIREM TABLETS,VIREM
2528,424441793,VIRO 4 5X6 KIT,VIRO
2529,424441929,VIROPIL TABLET 1X30T,VIROPIL
2530,424441930,VIROPIL TABLET 1X90T,VIROPIL
2531,421110605,VISTAVIT CAPSULES,VISTAVIT
2532,421110716,VITALEM CAPSULES,VITALEM
2533,421110724,VITALEM POWDER 200 GM,VITALEM
2534,421111386,VITALEM TABLET,VITALEM
2535,421112489,VITALEM -Z TABLETS,VITALEM
2536,423331621,VITAMIN D3 DROPS 15 ML [BE STUDY],VITAMIN
2537,423330492,VITANOVA - SG CAPSULES 1X10 C,VITANOVA
2538,423330689,VITANOVA 6L INJECTION,VITANOVA
2539,423330702,VITANOVA D3 6L INJECTION,VITANOVA
2540,423330671,VITANOVA D3 DROPS,VITANOVA
2541,423331750,VITANOVA D3 MG TABLETS,VITANOVA
2542,423331643,VITANOVA D3 NANO SOLUTION,VITANOVA
2543,423331192,VITANOVA D3 SACHET,VITANOVA
2544,423331601,VITANOVA D3 SG CAPSULES,VITANOVA
2545,423330572,VITANOVA DROPS 15 ML,VITANOVA
2546,423330410,VITANOVA SACHET 4X1 GM,VITANOVA
2547,423330557,VITANOVA-1000 DT TABLET10X1X10 T,VITANOVA
2548,429920030,VITASONIC Q 300 CAP.1X10C,VITASONIC
2549,421110931,VITASONIC TABLET 3X10 T,VITASONIC
2550,421112099,VIZATEX 20 TABLET,VIZATEX
2551,421112100,VIZATEX 40 TABLET,VIZATEX
2552,424440875,VONADAY 600/300/300 MG TABLET 30s,VONADAY
2553,421112516,VONARIL INJECTION,VONARIL
2554,421112115,VONARIL MD TABLET,VONARIL
2555,421111791,VONARIL SYRUP 1X30 ML,VONARIL
2556,424440821,VONAVIR 600/200/300 MG TABLET 30s,VONAVIR
2557,420120039,VOVERAN 50MG TABLETS 25X10 T,VOVERAN
2558,420120041,VOVERAN D 10X10 T,VOVERAN
2559,420120044,VOVERAN EMULGEL 30 GMS,VOVERAN
2560,420120045,VOVERAN EMULGEL 50 GMS,VOVERAN
2561,420120046,VOVERAN SR 100MG TABLETS 25X10 T,VOVERAN
2562,420120048,VOVERAN SR 75MG TABLETS 10X10 T,VOVERAN
2563,420120051,VOVERAN THERMAGEL 30 GMS,VOVERAN
2564,423330888,VOWFLAM INJECTION,VOWFLAM
2565,423330603,VOWFLAM TABLET,VOWFLAM
2566,423331540,VOWFLAM-TZ CAPSULES,VOWFLAM
2567,421112886,VYLDA D100/10 TABLET 1X10T,VYLDA
2568,421112572,VYLDA D100/5 TABLET 1X10T,VYLDA
2569,421112889,VYLDA DM 100/10/1000 TABLET 1x10T,VYLDA
2570,421112888,VYLDA DM 100/10/500 TABLET 1x10T,VYLDA
2571,421112639,VYLDA DM 100/5/1000 TABLET 1x10T,VYLDA
2572,421112638,VYLDA DM 100/5/500 TABLET 1x10T,VYLDA
2573,421112452,VYLDA OD 100 TABLETS,VYLDA
2574,421112490,VYLDA OD 50 TABLET 1X15T,VYLDA
2575,421112679,VYLDA P TABLET 1x10T,VYLDA
2576,424442008,VYLDA TABLET,VYLDA
2577,424441803,VYLDA TABLETS 1X15 T,VYLDA
2578,424441911,VYLDA-M 1000 TABLETS 1X10 T,VYLDA
2579,424441909,VYLDA-M 500 TABLETS  1X10 T,VYLDA
2580,424441910,VYLDA-M 850 TABLETS 1X10 T,VYLDA
2581,421111147,VYSOV 50 MG TABLETS,VYSOV
2582,421111145,VYSOV-M 50MG/1000MG TABLETS,VYSOV
2583,421111143,VYSOV-M 50MG/500MG TABLETS,VYSOV
2584,421111144,VYSOV-M 50MG/850MG TABLETS,VYSOV
2585,421111866,WINPERT 10K CAPSULES,WINPERT
2586,421111867,WINPERT 25K CAPSULES,WINPERT
2587,422220290,XGRAST  INJ 300 MCG/0.5 ML PFS,XGRAST
2588,492220092,XGRAST 300 MCG INJ 1 PFS,XGRAST
2589,421111516,XILIA - 1 TABLETS,XILIA
2590,421111517,XILIA - 2 TABLETS,XILIA
2591,421110948,XILIA - M 1 FORTE TABLETS,XILIA
2592,421110645,XILIA - M 1 TABLETS,XILIA
2593,421110949,XILIA - M 2 FORTE TABLETS,XILIA
2594,421110646,XILIA - M 2 TABLETS,XILIA
2595,421111092,XILIA TRIO - 1 TABLETS,XILIA
2596,421111093,XILIA TRIO - 2 TABLETS,XILIA
2597,421110647,XILIA-MP 1 TABLETS,XILIA
2598,421110648,XILIA-MP 2 TABLETS,XILIA
2599,421112197,XONETUM  INJECTION 1.5 GM,XONETUM
2600,421111203,XPLODE - L TABLETS,XPLODE
2601,421110950,XPLODE - RD POWDER 35 GM,XPLODE
2602,421111040,XPLODE - SF TABLETS,XPLODE
2603,421110596,XPLODE ISO POWDER,XPLODE
2604,421110564,XPLODE POWDER 200 GM,XPLODE
2605,421110379,XPLODE SACHET,XPLODE
2606,421110954,XPLODE SYRUP 150 ML,XPLODE
2607,421110845,XPLODE TABLET,XPLODE
2608,421110569,XPLODE-ISO TABLET,XPLODE
2609,423331775,ZAGORE 100 TABLETS,ZAGORE
2610,424441485,ZAPIXA 2.5 TABLETS 1X10 T,ZAPIXA
2611,424441486,ZAPIXA 5 TABLETS 1X10 T,ZAPIXA
2612,421110735,ZEFLOX TABLETS,ZEFLOX
2613,420500002,ZEMCIFER - XT DROPS 15 ML,ZEMCIFER
2614,423331447,ZEMCIFER  XT SUSPENSION,ZEMCIFER
2615,427770324,ZEMCIFER  XT TABLETS,ZEMCIFER
2616,423331000,ZEMCIFER 100 INJECTION,ZEMCIFER
2617,424440089,ZEMCIFER CHEWABLE TABLETS,ZEMCIFER
2618,421110501,ZEMCIFER DROPS,ZEMCIFER
2619,423330920,ZEMCIFER INJECTION 2.5 ML,ZEMCIFER
2620,420001902,ZEMCIFER SUSPENSION 150 ML,ZEMCIFER
2621,420002564,ZEMCIFER SUSPENSION 60 ML,ZEMCIFER
2622,424440020,ZEMCIFER TABLETS,ZEMCIFER
2623,420000519,ZEN - PRAZOLE 10 20X10,ZEN - PRAZOLE
2624,420000520,ZEN - PRAZOLE 20 20X10,ZEN - PRAZOLE
2625,423331499,ZENSITA 100 MG TABLETS,ZENSITA
2626,423331498,ZENSITA 50 MG TABLETS,ZENSITA
2627,423331497,ZENSITA M 1000 TABLETS,ZENSITA
2628,423331496,ZENSITA M 500 TABLETS,ZENSITA
2629,423331636,ZENSITA MP 500 TABLETS,ZENSITA
2630,423331759,ZENSITA TRIO 1000 TABLETS,ZENSITA
2631,423331758,ZENSITA TRIO 500 TABLETS,ZENSITA
2632,423331659,ZENSITA-D 100/10 TABLETS,ZENSITA
2633,423331658,ZENSITA-D 50/5 TABLETS,ZENSITA
2634,420030132,ZENTOR 250 MG TABLET,ZENTOR
2635,423331167,ZENTOR 500 MG TABLET,ZENTOR
2636,423330220,ZENTOR 750 MG TABLETS,ZENTOR
2637,420030247,ZEOF - O SUSPENSION 30 ML,ZEOF
2638,420030093,ZEOF 100 DT TABLET,ZEOF
2639,423330897,ZEOF 200 MG TABLETS,ZEOF
2640,423330527,ZEOF 400 TABLET,ZEOF
2641,420030268,ZEOF EYE / EAR DROPS 5 ML,ZEOF
2642,423330531,ZEOF O TABLET,ZEOF
2643,423330160,ZEOF SUSPENSION 30 ML,ZEOF
2644,420030088,ZEOF-12 TABLET,ZEOF
2645,420030090,ZEOF-24 TABLET,ZEOF
2646,424441073,ZIDINE 300 MG TABLET 60s,ZIDINE
2647,491110063,ZIDINE ORAL SOLUTION,ZIDINE
2648,421112811,ZIDOPLUS CAPSULES 3X10 C,ZIDOPLUS
2649,421111520,ZILARBI 20 TABLET 10X10T,ZILARBI
2650,424441403,ZILARBI 40 TABLET,ZILARBI
2651,424441404,ZILARBI 80 TABLET,ZILARBI
2652,421112321,ZILARBI CN 10 TABLETS 1x15 T,ZILARBI
2653,421112320,ZILARBI CN TABLETS 1x15 T,ZILARBI
2654,421111907,ZILARBI CT 12.5 TABLETS,ZILARBI
2655,421112130,ZILARBI CT 25 TABLETS,ZILARBI
2656,423330161,ZINCONIA 20 DT TABLETS,ZINCONIA
2657,427770132,ZINCONIA 50 TABLETS,ZINCONIA
2658,423331102,ZINCONIA SYRUP 100 ML,ZINCONIA
2659,423330927,ZINCONIA SYRUP 50 ML,ZINCONIA
2660,423330843,ZOFOMUNE 60 TABLETS,ZOFOMUNE
2661,424440034,ZOMITAC - DSR 10 CAPSULES,ZOMITAC
2662,420000521,ZOMITAC - O CAPSULES 10X10,ZOMITAC
2663,424440216,ZOMITAC D CAPSULES,ZOMITAC
2664,424440215,ZOMITAC TABLET 10,ZOMITAC
2665,429990546,ZOPIPURE - 1 TABLETS 10T,ZOPIPURE
2666,429990547,ZOPIPURE - 2 TABLETS 10T,ZOPIPURE
2667,491110055,ZORDIL - 2 DISPERSIBLE TABLETS 10T,ZORDIL
2668,491110056,ZORDIL - 4 DISPERSIBLE TABLETS 10T,ZORDIL
2669,420000831,ZORDIL 2 TABLET,ZORDIL
2670,420000832,ZORDIL 4 TABLET,ZORDIL
2671,491110095,ZORDIL INJECTION,ZORDIL
2672,491110036,ZORDIL ORAL SOLUTION,ZORDIL
2673,421112101,ZORESO D CAPSULE,ZORESO
2674,421112680,ZORESO D SR CAPSULE 20x2x10C,ZORESO
2675,421112264,ZORESO HP-1X 7 KIT,ZORESO
2676,421112515,ZORESO IV.INJECTION,ZORESO
2677,421111850,ZORESO TABLET,ZORESO
2678,421112529,ZORESO-L CAPSULES 10X10 C,ZORESO
2679,427770287,ZOSA DSR CAPSULES,ZOSA
2680,423331768,ZOSA FAST TABLET,ZOSA
2681,423331581,ZOSA HP KIT,ZOSA
2682,423331559,ZOSA JUNIOR SACHET,ZOSA
2683,427770314,ZOSA L CAPSULES,ZOSA
2684,427770303,ZOSA TABLETS,ZOSA
2685,427770486,ZOSA-L CAPSULE 1X15C,ZOSA
2686,423330728,ZOSDEM 100 DT TABLET,ZOSDEM
2687,423331518,ZOSDEM 200 TABLET,ZOSDEM
2688,427770077,ZOSDEM CLAV TABLETS,ZOSDEM
2689,427770362,ZOSDEM DS DRY SUSPENSION,ZOSDEM
2690,420030102,ZOSEC - PRO CAPSULES 10X10 C,ZOSEC
2691,420030103,ZOSEC - PRO KIT 10X10 KIT,ZOSEC
2692,420000404,ZOSEC CAPSULES 10 MG,ZOSEC
2693,424440106,ZOSEC CAPSULES 20 MG,ZOSEC
2694,421111969,ZOSEC D CAPSULES,ZOSEC
2695,420000593,ZOSEC S TABLET 20MG,ZOSEC
2696,420000594,ZOSEC S TABLET 40 MG,ZOSEC
2697,421113167,ZOSECTA DSR CAPSULE 10x15C,ZOSECTA
2698,424440053,ZOSECTA DSR CAPSULES,ZOSECTA
2699,421112230,ZOSECTA IV 20Mg.,ZOSECTA
2700,424440050,ZOSECTA TABLET,ZOSECTA
2701,423331076,ZOSOVIR 400 TABLETS,ZOSOVIR
2702,427770224,ZOSTUM 1 GM INJECTION,ZOSTUM
2703,427770223,ZOSTUM 1.5 GM INJECTION,ZOSTUM
2704,427770222,ZOSTUM 2 GM INJECTION,ZOSTUM
2705,427770221,ZOSTUM 3 GM INJECTION,ZOSTUM
2706,427770225,ZOSTUM 500 MG INJECTION,ZOSTUM
2707,427770041,ZOSTUM 750 MG INJECTION,ZOSTUM
2708,427770071,ZOSTUM O 100 DRY SUSPENSION,ZOSTUM
2709,427770549,ZOSTUM O 200 TABLET 1X10T,ZOSTUM
2710,427770015,ZOSTUM O 50 DT TABLETS,ZOSTUM
2711,427770192,ZOSTUM O TABLETS,ZOSTUM
2712,420000524,ZOTHRA TABLETS 10X10,ZOTHRA
2713,423331550,ZU-C 500 TABLETS,ZU-C
2714,423331425,ZU-C INJECTION 5 ML,ZU-C
2715,423331027,ZUCIPRO 250 TABLETS,ZUCIPRO
2716,423331028,ZUCIPRO 500 TABLETS,ZUCIPRO
2717,420000405,ZUCOX - 2 10X10 CT,ZUCOX
2718,429990162,ZUCOX - 2 1X4 CT PS,ZUCOX
2719,410000001,ZUCOX - 3 1X15 KIT,ZUCOX
2720,410000002,ZUCOX - 4 1X15 KIT,ZUCOX
2721,419990003,ZUCOX - KIT 1X1 PS KIT,ZUCOX
2722,410000003,ZUCOX KIT 1X15 KIT,ZUCOX
2723,423330922,ZUCROM TABLETS,ZUCROM
2724,423330593,ZUDIPINE AT TABLET,ZUDIPINE
2725,423331064,ZUDIPINE TABLETS,ZUDIPINE
2726,423331206,ZUFINIB 250 MG TABLETS,ZUFINIB
2727,423331530,ZUGLIMIN 1000 MG TABLET,ZUGLIMIN
2728,423331560,ZUGLIMIN 500 MG TABLET,ZUGLIMIN
2729,423331288,ZUMUSTIN 100 MG INJECTION,ZUMUSTIN
2730,423331006,ZUPAXEL 100 INJECTION,ZUPAXEL
2731,423330248,ZUPAXEL 260 INJECTION,ZUPAXEL
2732,423331007,ZUPAXEL 30 INJECTION,ZUPAXEL
2733,423330249,ZUPAXEL 300 INJECTION,ZUPAXEL
2734,423331289,ZUPEMED 500 MG INJECTION,ZUPEMED
2735,423331444,ZUSTPEN 300 MG INJECTION,ZUSTPEN
2736,423331459,ZUTIG 50 MG INJECTION,ZUTIG
2737,427770429,ZUVATAN 100 MG TABLET,ZUVATAN
2738,427770430,ZUVATAN 200 MG TABLET,ZUVATAN
2739,427770428,ZUVATAN 50 MG TABLET,ZUVATAN
2740,423331079,ZUVENCAL CAPSULE,ZUVENCAL
2741,423330893,ZUVENDINE OINTMENT,ZUVENDINE
2742,423330679,ZUVENDINE OZ OINTMENT,ZUVENDINE
2743,423330894,ZUVENDINE SOLUTION,ZUVENDINE
2744,423331082,ZUVENDINE SOLUTION 100 ML,ZUVENDINE
2745,423331118,ZUVENDINE SOLUTION 2.0 L,ZUVENDINE
2746,423331117,ZUVENDINE SOLUTION 500 ML,ZUVENDINE
2747,423331107,ZUVENDIUM CAPSULE,ZUVENDIUM
2748,423331282,ZUVENTUS ORS ORANGE 21 GM,ZUVENTUS
2749,423331290,ZUVICIN 10 INJECTION,ZUVICIN
2750,423331292,ZUVICIN 100 INJECTION,ZUVICIN
2751,423331291,ZUVICIN 50 INJECTION,ZUVICIN
2752,423331760,ZUVILIX 150 MG TABLET,ZUVILIX
2753,423331761,ZUVILIX 200 MG TABLET,ZUVILIX
2754,423331178,ZUVIRAB INJECTION,ZUVIRAB
2755,423331408,ZUVISTON TABLETS,ZUVISTON
2756,423331321,ZUVIXA 2.5 MG TABLETS,ZUVIXA
2757,423331322,ZUVIXA 5 MG TABLETS,ZUVIXA
2758,423330717,ZUVOG 0.2 TABLETS,ZUVOG
2759,423330718,ZUVOG 0.3 TABLETS,ZUVOG
2760,423330318,ZUVOG M 0.2 TABLETS,ZUVOG
2761,423330359,ZUVOG M 0.3 TABLETS,ZUVOG
2762,423331085,ZUVOG TRIO 1 TABLETS,ZUVOG
2763,423331086,ZUVOG TRIO 2 TABLETS,ZUVOG
2764,423330591,ZUVOPHEN SUSPENSION 60 ML,ZUVOPHEN
